impact_id,activity_id,user_id,activity_type,impact_date,items_reused,duration_days,estimated_value_saved_inr,estimated_material_reuse_factor,item_category,impact_category
IMP000001,A000001,U0726,BORROW,2026-04-28,1,10,814,0.74,Screwdriver Set,GENERAL_REUSE
IMP000002,A000002,U0790,BORROW,2025-10-07,1,14,780,0.52,Python Programming Book,GENERAL_REUSE
IMP000003,A000003,U0041,GIVEAWAY,2025-10-10,1,0,204,0.37,Breadboard Kit,GENERAL_REUSE
IMP000004,A000004,U0692,SWAP,2026-03-16,1,0,236,0.43,Safety Goggles,GENERAL_REUSE
IMP000005,A000005,U0710,BORROW,2025-10-26,1,3,540,0.9,Screwdriver Set,GENERAL_REUSE
IMP000006,A000006,U0540,BORROW,2026-03-16,1,5,840,0.28,Soldering Iron Kit,GENERAL_REUSE
IMP000007,A000007,U0014,BORROW,2025-10-13,1,7,884,0.61,Scientific Calculator,GENERAL_REUSE
IMP000008,A000008,U0748,BORROW,2026-05-13,1,2,500,0.4,Tripod,GENERAL_REUSE
IMP000009,A000009,U0969,SELL,2026-04-07,1,0,437,0.38,Drawing Board,GENERAL_REUSE
IMP000010,A000010,U0131,GIVEAWAY,2026-05-19,0,0,0,0.0,College Backpack,GENERAL_REUSE
IMP000011,A000011,U0100,BORROW,2026-06-17,1,21,308,0.41,Breadboard Kit,GENERAL_REUSE
IMP000012,A000012,U0554,GIVEAWAY,2025-11-04,1,0,164,0.82,HDMI Cable,GENERAL_REUSE
IMP000013,A000013,U0449,SELL,2026-04-18,1,0,287,0.41,Safety Goggles,GENERAL_REUSE
IMP000014,A000014,U0581,SELL,2025-11-02,1,0,96,0.32,Breadboard Kit,GENERAL_REUSE
IMP000015,A000015,U0770,BORROW,2026-04-07,1,21,1845,0.9,Engineering Drawing Kit,GENERAL_REUSE
IMP000016,A000016,U0691,SELL,2026-04-05,1,0,837,0.54,USB-C Charger,GENERAL_REUSE
IMP000017,A000017,U0447,SWAP,2025-09-16,1,0,768,0.64,Tripod,GENERAL_REUSE
IMP000018,A000018,U0090,SWAP,2026-04-27,1,0,188,0.29,Breadboard Kit,GENERAL_REUSE
IMP000019,A000019,U0469,SELL,2025-11-21,1,0,660,0.44,Calculator,EDUCATIONAL
IMP000020,A000020,U0475,GIVEAWAY,2026-06-10,1,0,1554,0.84,Mechanical Drawing Set,GENERAL_REUSE
IMP000021,A000021,U0203,SELL,2026-04-28,1,0,216,0.48,Safety Goggles,GENERAL_REUSE
IMP000022,A000022,U0749,BORROW,2025-09-14,1,21,588,0.49,Bluetooth Keyboard,GENERAL_REUSE
IMP000023,A000023,U0627,BORROW,2026-05-24,1,7,592,0.79,Digital Multimeter,GENERAL_REUSE
IMP000024,A000024,U0991,BORROW,2026-07-04,1,5,118,0.47,Textbook,GENERAL_REUSE
IMP000025,A000025,U0093,GIVEAWAY,2026-06-23,1,0,63,0.42,Safety Goggles,GENERAL_REUSE
IMP000026,A000026,U0025,BORROW,2026-04-28,1,3,1904,0.68,Webcam,GENERAL_REUSE
IMP000027,A000027,U0622,SWAP,2026-01-25,1,0,528,0.44,Tripod,GENERAL_REUSE
IMP000028,A000028,U0317,BORROW,2026-01-31,1,3,1342,0.61,USB-C Charger,GENERAL_REUSE
IMP000029,A000029,U0754,GIVEAWAY,2026-04-20,1,0,1680,0.8,Engineering Drawing Kit,GENERAL_REUSE
IMP000030,A000030,U0648,SELL,2026-06-20,1,0,441,0.42,Power Bank,GENERAL_REUSE
IMP000031,A000031,U0952,BORROW,2026-07-15,1,5,472,0.41,Textbook,GENERAL_REUSE
IMP000032,A000032,U0788,GIVEAWAY,2026-02-16,1,0,200,0.4,HDMI Cable,GENERAL_REUSE
IMP000033,A000033,U0185,GIVEAWAY,2026-05-10,1,0,1078,0.77,Python Programming Book,GENERAL_REUSE
IMP000034,A000034,U0654,GIVEAWAY,2025-12-16,1,0,216,0.72,HDMI Cable,GENERAL_REUSE
IMP000035,A000035,U0976,BORROW,2025-12-20,0,7,0,0.0,Ethernet Cable,GENERAL_REUSE
IMP000036,A000036,U0188,BORROW,2026-01-23,1,10,705,0.47,Power Bank,GENERAL_REUSE
IMP000037,A000037,U0125,SELL,2026-03-19,1,0,165,0.22,Soldering Iron Kit,GENERAL_REUSE
IMP000038,A000038,U0997,BORROW,2026-03-16,1,21,259,0.74,Calculator,EDUCATIONAL
IMP000039,A000039,U0720,GIVEAWAY,2026-01-29,1,0,140,0.4,Breadboard Kit,GENERAL_REUSE
IMP000040,A000040,U0017,SWAP,2026-06-02,1,0,299,0.46,USB Flash Drive,GENERAL_REUSE
IMP000041,A000041,U0110,BORROW,2026-03-10,1,14,559,0.86,Mechanical Drawing Set,GENERAL_REUSE
IMP000042,A000042,U0649,GIVEAWAY,2025-10-05,1,0,294,0.49,Scientific Calculator,GENERAL_REUSE
IMP000043,A000043,U0335,SWAP,2025-10-10,1,0,525,0.35,College Backpack,GENERAL_REUSE
IMP000044,A000044,U0466,SELL,2025-12-11,1,0,54,0.54,Graph Paper Pack,GENERAL_REUSE
IMP000045,A000045,U0699,GIVEAWAY,2025-12-18,1,0,837,0.54,Bluetooth Keyboard,GENERAL_REUSE
IMP000046,A000046,U0363,GIVEAWAY,2026-06-30,1,0,3071,0.83,Webcam,GENERAL_REUSE
IMP000047,A000047,U0672,GIVEAWAY,2026-05-22,1,0,1456,0.71,Vernier Caliper,GENERAL_REUSE
IMP000048,A000048,U0155,GIVEAWAY,2026-04-08,1,0,846,0.47,Tripod,GENERAL_REUSE
IMP000049,A000049,U0744,SELL,2026-01-28,1,0,378,0.42,Extension Board,GENERAL_REUSE
IMP000050,A000050,U0966,BORROW,2025-10-28,1,10,4080,0.8,Vernier Caliper,GENERAL_REUSE
IMP000051,A000051,U0050,BORROW,2026-07-01,0,21,0,0.0,Headphones,GENERAL_REUSE
IMP000052,A000052,U0730,BORROW,2025-09-03,1,2,38,0.77,Graph Paper Pack,GENERAL_REUSE
IMP000053,A000053,U0666,SWAP,2026-07-26,1,0,912,0.38,USB-C Charger,GENERAL_REUSE
IMP000054,A000054,U0286,GIVEAWAY,2026-02-26,1,0,242,0.44,Screwdriver Set,GENERAL_REUSE
IMP000055,A000055,U0180,BORROW,2025-09-07,1,3,2646,0.79,Arduino Kit,GENERAL_REUSE
IMP000056,A000056,U0486,BORROW,2026-02-21,1,10,580,0.43,Extension Board,GENERAL_REUSE
IMP000057,A000057,U0990,BORROW,2026-07-03,1,21,1112,0.89,Python Programming Book,GENERAL_REUSE
IMP000058,A000058,U0788,BORROW,2026-03-11,1,2,403,0.31,College Backpack,GENERAL_REUSE
IMP000059,A000059,U0525,BORROW,2026-05-08,1,14,1215,0.9,Presentation Clicker,GENERAL_REUSE
IMP000060,A000060,U0938,BORROW,2025-09-10,1,14,540,0.54,Presentation Clicker,GENERAL_REUSE
IMP000061,A000061,U0864,BORROW,2026-05-03,1,7,1464,0.61,Arduino Kit,GENERAL_REUSE
IMP000062,A000062,U0007,BORROW,2026-03-11,1,7,396,0.24,Engineering Drawing Kit,GENERAL_REUSE
IMP000063,A000063,U0453,SELL,2026-06-17,1,0,682,0.39,Webcam,GENERAL_REUSE
IMP000064,A000064,U0560,BORROW,2025-09-03,1,5,1216,0.76,Mechanical Drawing Set,GENERAL_REUSE
IMP000065,A000065,U0960,BORROW,2025-10-04,1,14,630,0.3,Tripod,GENERAL_REUSE
IMP000066,A000066,U0275,SWAP,2025-09-13,1,0,636,0.31,Presentation Clicker,GENERAL_REUSE
IMP000067,A000067,U0604,SWAP,2025-09-08,1,0,160,0.29,Screwdriver Set,GENERAL_REUSE
IMP000068,A000068,U0371,SWAP,2026-04-05,1,0,403,0.31,Engineering Drawing Kit,GENERAL_REUSE
IMP000069,A000069,U0940,SWAP,2026-07-27,1,0,225,0.3,Textbook,GENERAL_REUSE
IMP000070,A000070,U0917,BORROW,2026-07-18,1,3,712,0.75,Scientific Calculator,GENERAL_REUSE
IMP000071,A000071,U0225,BORROW,2026-06-13,1,5,1029,0.42,Vernier Caliper,GENERAL_REUSE
IMP000072,A000072,U0333,SWAP,2026-07-20,1,0,245,0.35,Mechanical Drawing Set,GENERAL_REUSE
IMP000073,A000073,U0890,BORROW,2025-11-29,0,7,0,0.0,HDMI Cable,GENERAL_REUSE
IMP000074,A000074,U0640,SWAP,2026-02-25,1,0,34,0.34,Graph Paper Pack,GENERAL_REUSE
IMP000075,A000075,U0717,BORROW,2026-04-13,1,2,640,0.8,Textbook,GENERAL_REUSE
IMP000076,A000076,U0967,BORROW,2025-12-07,1,3,315,0.63,Engineering Drawing Kit,GENERAL_REUSE
IMP000077,A000077,U0591,SWAP,2025-09-21,1,0,528,0.33,Soldering Iron Kit,GENERAL_REUSE
IMP000078,A000078,U0982,BORROW,2025-12-17,0,3,0,0.0,Digital Multimeter,GENERAL_REUSE
IMP000079,A000079,U0175,SWAP,2025-10-06,1,0,1388,0.37,Webcam,GENERAL_REUSE
IMP000080,A000080,U0284,GIVEAWAY,2026-06-11,1,0,72,0.48,Graph Paper Pack,GENERAL_REUSE
IMP000081,A000081,U0433,SWAP,2026-05-24,1,0,675,0.45,Extension Board,GENERAL_REUSE
IMP000082,A000082,U0210,SELL,2025-12-03,1,0,592,0.32,Arduino Kit,GENERAL_REUSE
IMP000083,A000083,U0357,BORROW,2026-06-01,1,2,1079,0.83,Soldering Iron Kit,GENERAL_REUSE
IMP000084,A000084,U0120,GIVEAWAY,2026-03-18,1,0,1173,0.51,Bluetooth Keyboard,GENERAL_REUSE
IMP000085,A000085,U0585,BORROW,2026-01-17,1,21,315,0.21,Scientific Calculator,GENERAL_REUSE
IMP000086,A000086,U0880,BORROW,2026-06-16,1,10,242,0.44,Engineering Drawing Kit,GENERAL_REUSE
IMP000087,A000087,U0809,SWAP,2026-07-06,1,0,630,0.3,USB-C Charger,GENERAL_REUSE
IMP000088,A000088,U0277,GIVEAWAY,2025-11-17,1,0,1377,0.51,College Backpack,GENERAL_REUSE
IMP000089,A000089,U0109,SWAP,2026-01-29,1,0,357,0.42,Presentation Clicker,GENERAL_REUSE
IMP000090,A000090,U0346,BORROW,2026-06-03,1,10,704,0.22,Arduino Kit,GENERAL_REUSE
IMP000091,A000091,U0664,BORROW,2026-07-27,1,10,816,0.68,Textbook,GENERAL_REUSE
IMP000092,A000092,U0755,BORROW,2025-12-16,0,7,0,0.0,Graph Paper Pack,GENERAL_REUSE
IMP000093,A000093,U0576,BORROW,2025-11-02,1,5,380,0.4,Python Programming Book,GENERAL_REUSE
IMP000094,A000094,U0992,SWAP,2026-03-28,1,0,32,0.32,Graph Paper Pack,GENERAL_REUSE
IMP000095,A000095,U0819,SWAP,2026-03-23,0,0,0,0.0,USB-C Charger,GENERAL_REUSE
IMP000096,A000096,U0408,SELL,2026-06-18,1,0,1620,0.4,Webcam,GENERAL_REUSE
IMP000097,A000097,U0487,BORROW,2025-12-14,1,3,860,0.86,Power Bank,GENERAL_REUSE
IMP000098,A000098,U0047,SWAP,2026-06-30,1,0,392,0.49,Calculator,EDUCATIONAL
IMP000099,A000099,U0148,BORROW,2026-05-21,1,2,525,0.7,Breadboard Kit,GENERAL_REUSE
IMP000100,A000100,U0218,GIVEAWAY,2025-12-29,1,0,2480,0.62,Webcam,GENERAL_REUSE
IMP000101,A000101,U0542,BORROW,2025-10-01,1,3,165,0.22,Calculator,EDUCATIONAL
IMP000102,A000102,U0816,SWAP,2026-05-23,0,0,0,0.0,Textbook,GENERAL_REUSE
IMP000103,A000103,U0738,GIVEAWAY,2026-02-17,1,0,244,0.61,Ethernet Cable,GENERAL_REUSE
IMP000104,A000104,U0049,BORROW,2026-06-14,1,5,1606,0.73,Webcam,GENERAL_REUSE
IMP000105,A000105,U0405,GIVEAWAY,2026-06-30,0,0,0,0.0,Engineering Drawing Kit,GENERAL_REUSE
IMP000106,A000106,U0017,BORROW,2026-07-16,1,5,770,0.55,Extension Board,GENERAL_REUSE
IMP000107,A000107,U0527,SWAP,2025-11-17,1,0,542,0.35,Python Programming Book,GENERAL_REUSE
IMP000108,A000108,U0810,BORROW,2026-03-26,1,3,285,0.38,Webcam,GENERAL_REUSE
IMP000109,A000109,U0411,BORROW,2025-10-03,1,14,595,0.85,Safety Goggles,GENERAL_REUSE
IMP000110,A000110,U0613,BORROW,2026-04-25,1,3,2575,0.5,External Hard Drive,GENERAL_REUSE
IMP000111,A000111,U0781,SWAP,2026-01-07,1,0,250,0.5,Lab Coat,GENERAL_REUSE
IMP000112,A000112,U0216,BORROW,2025-10-01,1,2,1326,0.78,Calculator,EDUCATIONAL
IMP000113,A000113,U0048,BORROW,2026-03-31,1,7,518,0.69,Screwdriver Set,GENERAL_REUSE
IMP000114,A000114,U0725,SELL,2025-10-02,1,0,247,0.38,Drawing Board,GENERAL_REUSE
IMP000115,A000115,U0514,SELL,2026-03-19,1,0,128,0.32,Breadboard Kit,GENERAL_REUSE
IMP000116,A000116,U0328,BORROW,2025-11-16,1,3,872,0.21,Webcam,GENERAL_REUSE
IMP000117,A000117,U0412,BORROW,2026-07-27,0,10,0,0.0,Soldering Iron Kit,GENERAL_REUSE
IMP000118,A000118,U0954,BORROW,2026-01-16,1,5,1034,0.39,Webcam,GENERAL_REUSE
IMP000119,A000119,U0450,SWAP,2026-06-21,1,0,536,0.37,Engineering Drawing Kit,GENERAL_REUSE
IMP000120,A000120,U0673,GIVEAWAY,2026-05-05,1,0,1092,0.78,Presentation Clicker,GENERAL_REUSE
IMP000121,A000121,U0663,GIVEAWAY,2026-01-20,1,0,462,0.71,Screwdriver Set,GENERAL_REUSE
IMP000122,A000122,U0289,SWAP,2026-07-14,1,0,408,0.51,Desk Lamp,GENERAL_REUSE
IMP000123,A000123,U0567,SELL,2026-03-22,1,0,2037,0.42,Vernier Caliper,GENERAL_REUSE
IMP000124,A000124,U0066,BORROW,2026-07-04,1,5,475,0.25,Soldering Iron Kit,GENERAL_REUSE
IMP000125,A000125,U0310,BORROW,2025-09-18,1,7,1428,0.84,Python Programming Book,GENERAL_REUSE
IMP000126,A000126,U0281,GIVEAWAY,2025-09-03,1,0,481,0.37,Soldering Iron Kit,GENERAL_REUSE
IMP000127,A000127,U0709,BORROW,2026-03-30,1,2,604,0.31,Webcam,GENERAL_REUSE
IMP000128,A000128,U0792,BORROW,2025-09-23,1,5,525,0.42,Drawing Board,GENERAL_REUSE
IMP000129,A000129,U0512,BORROW,2026-01-16,1,14,2263,0.73,Headphones,GENERAL_REUSE
IMP000130,A000130,U0089,BORROW,2026-05-23,1,21,186,0.62,Ethernet Cable,GENERAL_REUSE
IMP000131,A000131,U0299,BORROW,2025-12-30,1,21,481,0.74,USB Flash Drive,GENERAL_REUSE
IMP000132,A000132,U0409,BORROW,2026-06-27,1,2,1170,0.65,Engineering Drawing Kit,GENERAL_REUSE
IMP000133,A000133,U0214,BORROW,2026-02-18,1,14,1190,0.7,Presentation Clicker,GENERAL_REUSE
IMP000134,A000134,U0291,BORROW,2026-05-24,1,5,416,0.49,Engineering Drawing Kit,GENERAL_REUSE
IMP000135,A000135,U0977,BORROW,2026-01-14,1,21,224,0.64,Desk Lamp,GENERAL_REUSE
IMP000136,A000136,U0823,BORROW,2025-09-04,1,21,629,0.37,Desk Lamp,GENERAL_REUSE
IMP000137,A000137,U0397,GIVEAWAY,2026-04-09,1,0,1025,0.82,Power Bank,GENERAL_REUSE
IMP000138,A000138,U0848,BORROW,2025-10-28,1,21,1705,0.55,Vernier Caliper,GENERAL_REUSE
IMP000139,A000139,U0491,GIVEAWAY,2025-12-12,1,0,4350,0.75,Vernier Caliper,GENERAL_REUSE
IMP000140,A000140,U0322,BORROW,2025-12-28,1,21,260,0.2,Digital Multimeter,GENERAL_REUSE
IMP000141,A000141,U0681,BORROW,2026-05-14,1,14,816,0.68,Webcam,GENERAL_REUSE
IMP000142,A000142,U0845,BORROW,2026-02-11,1,10,936,0.78,Presentation Clicker,GENERAL_REUSE
IMP000143,A000143,U0235,BORROW,2025-12-21,1,7,996,0.83,Python Programming Book,GENERAL_REUSE
IMP000144,A000144,U0350,BORROW,2025-12-04,1,7,1032,0.86,Power Bank,GENERAL_REUSE
IMP000145,A000145,U0623,SWAP,2025-11-26,1,0,740,0.51,Python Programming Book,GENERAL_REUSE
IMP000146,A000146,U0140,BORROW,2026-03-11,1,3,2136,0.48,External Hard Drive,GENERAL_REUSE
IMP000147,A000147,U0923,GIVEAWAY,2025-10-07,1,0,335,0.67,Safety Goggles,GENERAL_REUSE
IMP000148,A000148,U0746,SWAP,2025-11-27,1,0,420,0.35,Presentation Clicker,GENERAL_REUSE
IMP000149,A000149,U0552,SWAP,2026-02-12,1,0,160,0.4,Calculator,EDUCATIONAL
IMP000150,A000150,U0407,SELL,2026-05-24,1,0,162,0.27,Ethernet Cable,GENERAL_REUSE
IMP000151,A000151,U0693,BORROW,2026-05-02,1,7,1296,0.72,USB-C Charger,GENERAL_REUSE
IMP000152,A000152,U0176,SELL,2025-10-07,1,0,438,0.35,Python Programming Book,GENERAL_REUSE
IMP000153,A000153,U0007,GIVEAWAY,2026-07-24,1,0,288,0.64,Scientific Calculator,GENERAL_REUSE
IMP000154,A000154,U0932,SWAP,2025-09-11,1,0,162,0.27,Lab Coat,GENERAL_REUSE
IMP000155,A000155,U0360,BORROW,2025-09-22,1,10,134,0.89,Graph Paper Pack,GENERAL_REUSE
IMP000156,A000156,U0943,BORROW,2025-12-11,1,14,634,0.47,Tripod,GENERAL_REUSE
IMP000157,A000157,U0607,BORROW,2026-02-23,0,3,0,0.0,Bluetooth Keyboard,GENERAL_REUSE
IMP000158,A000158,U0833,SWAP,2025-10-17,1,0,292,0.45,USB Flash Drive,GENERAL_REUSE
IMP000159,A000159,U0624,BORROW,2026-07-03,1,3,103,0.69,Ethernet Cable,GENERAL_REUSE
IMP000160,A000160,U0952,BORROW,2025-12-19,1,10,426,0.71,Python Programming Book,GENERAL_REUSE
IMP000161,A000161,U0693,SWAP,2025-12-02,1,0,176,0.44,USB Flash Drive,GENERAL_REUSE
IMP000162,A000162,U0469,GIVEAWAY,2025-09-23,1,0,776,0.47,Calculator,EDUCATIONAL
IMP000163,A000163,U0403,BORROW,2026-04-18,1,3,600,0.75,Calculator,EDUCATIONAL
IMP000164,A000164,U0056,GIVEAWAY,2026-06-13,1,0,273,0.42,Presentation Clicker,GENERAL_REUSE
IMP000165,A000165,U0427,BORROW,2026-04-04,1,5,160,0.32,Desk Lamp,GENERAL_REUSE
IMP000166,A000166,U0023,SWAP,2025-11-28,1,0,1134,0.63,Digital Multimeter,GENERAL_REUSE
IMP000167,A000167,U0445,BORROW,2025-10-18,1,21,2125,0.85,Headphones,GENERAL_REUSE
IMP000168,A000168,U0311,BORROW,2026-03-15,1,2,507,0.35,Digital Multimeter,GENERAL_REUSE
IMP000169,A000169,U0572,SELL,2026-02-06,1,0,350,0.2,Soldering Iron Kit,GENERAL_REUSE
IMP000170,A000170,U0359,BORROW,2026-02-07,1,2,418,0.76,Safety Goggles,GENERAL_REUSE
IMP000171,A000171,U0908,BORROW,2026-07-06,0,7,0,0.0,HDMI Cable,GENERAL_REUSE
IMP000172,A000172,U0707,BORROW,2026-05-02,1,2,357,0.21,College Backpack,GENERAL_REUSE
IMP000173,A000173,U0306,GIVEAWAY,2025-09-07,1,0,703,0.38,Mechanical Drawing Set,GENERAL_REUSE
IMP000174,A000174,U0768,BORROW,2026-06-28,1,2,533,0.41,Python Programming Book,GENERAL_REUSE
IMP000175,A000175,U0981,GIVEAWAY,2025-11-11,1,0,752,0.47,Drawing Board,GENERAL_REUSE
IMP000176,A000176,U0777,SWAP,2026-06-30,1,0,1698,0.43,Webcam,GENERAL_REUSE
IMP000177,A000177,U0107,BORROW,2026-05-25,1,7,238,0.28,Desk Lamp,GENERAL_REUSE
IMP000178,A000178,U0862,SWAP,2026-02-05,1,0,662,0.63,Desk Lamp,GENERAL_REUSE
IMP000179,A000179,U0210,SWAP,2025-09-19,1,0,253,0.46,Ethernet Cable,GENERAL_REUSE
IMP000180,A000180,U0261,SWAP,2026-03-02,1,0,264,0.33,Power Bank,GENERAL_REUSE
IMP000181,A000181,U0312,GIVEAWAY,2026-04-07,1,0,774,0.36,Power Bank,GENERAL_REUSE
IMP000182,A000182,U0762,SWAP,2025-09-16,1,0,351,0.27,Headphones,GENERAL_REUSE
IMP000183,A000183,U0243,BORROW,2025-12-06,1,5,992,0.64,Drawing Board,GENERAL_REUSE
IMP000184,A000184,U0569,GIVEAWAY,2026-04-13,1,0,585,0.78,Lab Coat,GENERAL_REUSE
IMP000185,A000185,U0193,BORROW,2025-12-06,1,10,1131,0.87,Mechanical Drawing Set,GENERAL_REUSE
IMP000186,A000186,U0827,SWAP,2026-07-16,1,0,968,0.44,College Backpack,GENERAL_REUSE
IMP000187,A000187,U0827,BORROW,2025-09-09,1,2,238,0.25,Extension Board,GENERAL_REUSE
IMP000188,A000188,U0758,BORROW,2025-10-05,1,7,954,0.83,Mechanical Drawing Set,GENERAL_REUSE
IMP000189,A000189,U0417,GIVEAWAY,2026-06-24,0,0,0,0.0,Mechanical Drawing Set,GENERAL_REUSE
IMP000190,A000190,U0462,GIVEAWAY,2026-02-03,1,0,258,0.43,Python Programming Book,GENERAL_REUSE
IMP000191,A000191,U0628,BORROW,2026-02-19,1,2,1334,0.58,Soldering Iron Kit,GENERAL_REUSE
IMP000192,A000192,U0963,SWAP,2026-05-22,1,0,202,0.45,HDMI Cable,GENERAL_REUSE
IMP000193,A000193,U0880,SWAP,2026-06-04,1,0,4158,0.63,External Hard Drive,GENERAL_REUSE
IMP000194,A000194,U0568,BORROW,2026-02-19,1,3,248,0.45,Drawing Board,GENERAL_REUSE
IMP000195,A000195,U0641,SWAP,2026-06-18,1,0,660,0.33,Bluetooth Keyboard,GENERAL_REUSE
IMP000196,A000196,U0491,BORROW,2026-07-06,1,10,1224,0.51,USB-C Charger,GENERAL_REUSE
IMP000197,A000197,U0109,BORROW,2026-07-26,1,14,2236,0.86,College Backpack,GENERAL_REUSE
IMP000198,A000198,U0436,BORROW,2025-12-20,1,7,294,0.84,HDMI Cable,GENERAL_REUSE
IMP000199,A000199,U0896,BORROW,2025-11-17,1,2,1881,0.33,External Hard Drive,GENERAL_REUSE
IMP000200,A000200,U0174,BORROW,2026-07-12,1,3,132,0.33,Ethernet Cable,GENERAL_REUSE
IMP000201,A000201,U0156,GIVEAWAY,2025-12-24,1,0,735,0.49,Extension Board,GENERAL_REUSE
IMP000202,A000202,U0442,SWAP,2026-06-29,1,0,1012,0.44,Bluetooth Keyboard,GENERAL_REUSE
IMP000203,A000203,U0439,BORROW,2025-10-09,1,2,1462,0.43,Soldering Iron Kit,GENERAL_REUSE
IMP000204,A000204,U0583,BORROW,2025-12-17,1,7,150,0.6,Ethernet Cable,GENERAL_REUSE
IMP000205,A000205,U0465,SWAP,2026-03-03,1,0,708,0.59,USB Flash Drive,GENERAL_REUSE
IMP000206,A000206,U0444,BORROW,2025-10-07,1,2,361,0.38,Mechanical Drawing Set,GENERAL_REUSE
IMP000207,A000207,U0884,SWAP,2025-11-09,1,0,230,0.46,Engineering Drawing Kit,GENERAL_REUSE
IMP000208,A000208,U0511,SWAP,2026-04-18,1,0,199,0.57,Safety Goggles,GENERAL_REUSE
IMP000209,A000209,U0351,BORROW,2025-10-27,1,5,690,0.6,Lab Coat,GENERAL_REUSE
IMP000210,A000210,U0146,BORROW,2026-01-15,1,21,344,0.53,USB-C Charger,GENERAL_REUSE
IMP000211,A000211,U0832,BORROW,2026-01-22,1,3,301,0.86,Screwdriver Set,GENERAL_REUSE
IMP000212,A000212,U0497,BORROW,2026-02-17,1,10,551,0.38,Drawing Board,GENERAL_REUSE
IMP000213,A000213,U0553,BORROW,2025-11-03,1,7,609,0.87,HDMI Cable,GENERAL_REUSE
IMP000214,A000214,U0526,BORROW,2025-11-16,1,7,1098,0.61,Python Programming Book,GENERAL_REUSE
IMP000215,A000215,U0633,SWAP,2026-07-16,1,0,368,0.35,USB Flash Drive,GENERAL_REUSE
IMP000216,A000216,U0521,BORROW,2026-06-17,1,21,494,0.26,Power Bank,GENERAL_REUSE
IMP000217,A000217,U0085,BORROW,2026-07-04,1,3,602,0.86,Textbook,GENERAL_REUSE
IMP000218,A000218,U0258,SWAP,2026-03-04,1,0,416,0.64,Arduino Kit,GENERAL_REUSE
IMP000219,A000219,U0904,SELL,2026-04-21,1,0,91,0.26,Safety Goggles,GENERAL_REUSE
IMP000220,A000220,U0182,SWAP,2026-03-17,1,0,160,0.4,Screwdriver Set,GENERAL_REUSE
IMP000221,A000221,U0740,SELL,2026-06-21,1,0,665,0.35,Soldering Iron Kit,GENERAL_REUSE
IMP000222,A000222,U0092,SWAP,2025-12-29,1,0,611,0.47,Python Programming Book,GENERAL_REUSE
IMP000223,A000223,U0584,BORROW,2026-06-13,1,21,800,0.5,College Backpack,GENERAL_REUSE
IMP000224,A000224,U0521,SWAP,2026-07-17,1,0,620,0.62,Calculator,EDUCATIONAL
IMP000225,A000225,U0443,BORROW,2026-01-10,1,2,292,0.65,Ethernet Cable,GENERAL_REUSE
IMP000226,A000226,U0461,SWAP,2025-11-11,1,0,196,0.28,Tripod,GENERAL_REUSE
IMP000227,A000227,U0376,BORROW,2025-09-20,1,3,325,0.65,Lab Coat,GENERAL_REUSE
IMP000228,A000228,U0435,BORROW,2026-01-13,0,14,0,0.0,HDMI Cable,GENERAL_REUSE
IMP000229,A000229,U0658,SWAP,2025-11-17,1,0,502,0.59,Tripod,GENERAL_REUSE
IMP000230,A000230,U0440,SWAP,2026-07-09,1,0,3274,0.59,Vernier Caliper,GENERAL_REUSE
IMP000231,A000231,U0206,BORROW,2026-05-18,0,2,0,0.0,Mechanical Drawing Set,GENERAL_REUSE
IMP000232,A000232,U0681,SWAP,2025-12-08,1,0,192,0.32,USB-C Charger,GENERAL_REUSE
IMP000233,A000233,U0909,SWAP,2026-02-02,1,0,135,0.27,Safety Goggles,GENERAL_REUSE
IMP000234,A000234,U0562,GIVEAWAY,2025-12-12,1,0,595,0.7,Presentation Clicker,GENERAL_REUSE
IMP000235,A000235,U0174,BORROW,2026-05-11,1,21,368,0.67,Extension Board,GENERAL_REUSE
IMP000236,A000236,U0469,BORROW,2026-06-06,1,3,74,0.37,Graph Paper Pack,GENERAL_REUSE
IMP000237,A000237,U0017,BORROW,2025-10-15,1,14,1174,0.87,Desk Lamp,GENERAL_REUSE
IMP000238,A000238,U0549,BORROW,2026-05-30,1,10,767,0.59,College Backpack,GENERAL_REUSE
IMP000239,A000239,U0061,SELL,2026-04-25,1,0,594,0.33,Digital Multimeter,GENERAL_REUSE
IMP000240,A000240,U0977,SWAP,2026-03-18,1,0,60,0.4,Graph Paper Pack,GENERAL_REUSE
IMP000241,A000241,U0699,SWAP,2026-05-12,1,0,777,0.42,USB-C Charger,GENERAL_REUSE
IMP000242,A000242,U0777,SWAP,2026-04-11,1,0,776,0.33,Engineering Drawing Kit,GENERAL_REUSE
IMP000243,A000243,U0587,BORROW,2026-02-10,1,10,1023,0.66,Soldering Iron Kit,GENERAL_REUSE
IMP000244,A000244,U0539,GIVEAWAY,2026-01-08,1,0,658,0.47,Arduino Kit,GENERAL_REUSE
IMP000245,A000245,U0850,GIVEAWAY,2026-03-27,1,0,972,0.36,Vernier Caliper,GENERAL_REUSE
IMP000246,A000246,U0228,SWAP,2026-01-04,1,0,416,0.26,College Backpack,GENERAL_REUSE
IMP000247,A000247,U0026,SWAP,2025-09-09,1,0,880,0.4,Engineering Drawing Kit,GENERAL_REUSE
IMP000248,A000248,U0598,BORROW,2025-11-14,0,2,0,0.0,Power Bank,GENERAL_REUSE
IMP000249,A000249,U0602,BORROW,2026-03-05,1,21,520,0.26,Bluetooth Keyboard,GENERAL_REUSE
IMP000250,A000250,U0470,SWAP,2026-02-16,1,0,486,0.27,Engineering Drawing Kit,GENERAL_REUSE
IMP000251,A000251,U0524,GIVEAWAY,2026-03-09,1,0,174,0.58,Breadboard Kit,GENERAL_REUSE
IMP000252,A000252,U0800,BORROW,2026-06-15,1,2,341,0.62,Ethernet Cable,GENERAL_REUSE
IMP000253,A000253,U0771,BORROW,2026-01-01,0,7,0,0.0,Presentation Clicker,GENERAL_REUSE
IMP000254,A000254,U0415,GIVEAWAY,2026-04-24,1,0,746,0.71,Calculator,EDUCATIONAL
IMP000255,A000255,U0030,BORROW,2026-04-25,1,3,120,0.8,Graph Paper Pack,GENERAL_REUSE
IMP000256,A000256,U0217,BORROW,2026-07-21,1,21,350,0.5,HDMI Cable,GENERAL_REUSE
IMP000257,A000257,U1000,SELL,2026-03-02,1,0,126,0.42,Breadboard Kit,GENERAL_REUSE
IMP000258,A000258,U0366,GIVEAWAY,2025-10-12,1,0,490,0.49,Screwdriver Set,GENERAL_REUSE
IMP000259,A000259,U0026,BORROW,2026-02-12,1,2,706,0.83,USB-C Charger,GENERAL_REUSE
IMP000260,A000260,U0294,SELL,2026-04-21,1,0,360,0.3,Tripod,GENERAL_REUSE
IMP000261,A000261,U0218,GIVEAWAY,2025-11-21,1,0,354,0.59,College Backpack,GENERAL_REUSE
IMP000262,A000262,U0314,BORROW,2026-02-26,1,2,664,0.83,Mechanical Drawing Set,GENERAL_REUSE
IMP000263,A000263,U0189,BORROW,2026-07-06,1,10,1704,0.71,USB-C Charger,GENERAL_REUSE
IMP000264,A000264,U0804,BORROW,2026-01-23,1,21,1968,0.82,Webcam,GENERAL_REUSE
IMP000265,A000265,U0346,BORROW,2025-12-24,1,21,1092,0.84,Digital Multimeter,GENERAL_REUSE
IMP000266,A000266,U0704,SWAP,2026-04-09,1,0,708,0.59,Bluetooth Keyboard,GENERAL_REUSE
IMP000267,A000267,U0051,GIVEAWAY,2026-02-28,1,0,536,0.63,Extension Board,GENERAL_REUSE
IMP000268,A000268,U0389,BORROW,2026-06-16,1,14,1166,0.53,Webcam,GENERAL_REUSE
IMP000269,A000269,U0486,BORROW,2025-09-12,1,2,108,0.72,Ethernet Cable,GENERAL_REUSE
IMP000270,A000270,U0097,BORROW,2026-03-17,0,21,0,0.0,Arduino Kit,GENERAL_REUSE
IMP000271,A000271,U0896,BORROW,2026-01-19,1,21,1162,0.31,Vernier Caliper,GENERAL_REUSE
IMP000272,A000272,U0245,SWAP,2026-05-08,1,0,202,0.45,Extension Board,GENERAL_REUSE
IMP000273,A000273,U0310,BORROW,2026-01-16,1,21,507,0.35,Drawing Board,GENERAL_REUSE
IMP000274,A000274,U0640,SELL,2026-01-25,1,0,306,0.51,Drawing Board,GENERAL_REUSE
IMP000275,A000275,U0931,BORROW,2025-11-30,1,14,611,0.47,College Backpack,GENERAL_REUSE
IMP000276,A000276,U0592,SELL,2026-04-06,1,0,780,0.4,Webcam,GENERAL_REUSE
IMP000277,A000277,U0921,BORROW,2026-02-07,0,7,0,0.0,Power Bank,GENERAL_REUSE
IMP000278,A000278,U0755,GIVEAWAY,2026-04-11,1,0,1770,0.6,Headphones,GENERAL_REUSE
IMP000279,A000279,U0610,SWAP,2025-12-11,0,0,0,0.0,Presentation Clicker,GENERAL_REUSE
IMP000280,A000280,U0420,SWAP,2026-01-23,1,0,266,0.28,Drawing Board,GENERAL_REUSE
IMP000281,A000281,U0506,BORROW,2026-03-13,1,2,340,0.68,HDMI Cable,GENERAL_REUSE
IMP000282,A000282,U0592,BORROW,2026-07-11,0,7,0,0.0,Calculator,EDUCATIONAL
IMP000283,A000283,U0212,BORROW,2026-06-18,1,2,658,0.47,Screwdriver Set,GENERAL_REUSE
IMP000284,A000284,U0946,BORROW,2026-02-21,1,7,804,0.67,Tripod,GENERAL_REUSE
IMP000285,A000285,U0987,SELL,2026-06-03,1,0,403,0.26,Calculator,EDUCATIONAL
IMP000286,A000286,U0193,BORROW,2025-10-23,1,10,616,0.56,Python Programming Book,GENERAL_REUSE
IMP000287,A000287,U0588,BORROW,2026-01-31,1,2,957,0.66,Digital Multimeter,GENERAL_REUSE
IMP000288,A000288,U0750,SELL,2025-10-13,1,0,228,0.24,Drawing Board,GENERAL_REUSE
IMP000289,A000289,U0135,BORROW,2026-02-19,1,14,1105,0.85,College Backpack,GENERAL_REUSE
IMP000290,A000290,U0671,BORROW,2025-12-06,1,7,1296,0.72,Presentation Clicker,GENERAL_REUSE
IMP000291,A000291,U0901,SWAP,2025-12-11,1,0,459,0.51,Extension Board,GENERAL_REUSE
IMP000292,A000292,U0292,BORROW,2026-04-23,1,10,338,0.26,College Backpack,GENERAL_REUSE
IMP000293,A000293,U0960,BORROW,2025-10-16,1,5,270,0.3,Drawing Board,GENERAL_REUSE
IMP000294,A000294,U0076,BORROW,2026-04-16,0,21,0,0.0,Mechanical Drawing Set,GENERAL_REUSE
IMP000295,A000295,U0012,BORROW,2026-04-17,1,21,1732,0.77,USB-C Charger,GENERAL_REUSE
IMP000296,A000296,U0439,BORROW,2025-11-14,1,3,649,0.59,Desk Lamp,GENERAL_REUSE
IMP000297,A000297,U0773,BORROW,2026-05-23,1,5,280,0.51,Breadboard Kit,GENERAL_REUSE
IMP000298,A000298,U0408,GIVEAWAY,2025-10-12,1,0,884,0.68,Presentation Clicker,GENERAL_REUSE
IMP000299,A000299,U0399,BORROW,2025-11-20,1,21,308,0.56,Python Programming Book,GENERAL_REUSE
IMP000300,A000300,U0673,BORROW,2026-07-17,1,7,5810,0.83,External Hard Drive,GENERAL_REUSE
IMP000301,A000301,U0415,GIVEAWAY,2026-03-30,1,0,1342,0.44,Webcam,GENERAL_REUSE
IMP000302,A000302,U0008,GIVEAWAY,2025-09-22,1,0,1550,0.62,Arduino Kit,GENERAL_REUSE
IMP000303,A000303,U0821,SWAP,2026-06-02,1,0,264,0.33,USB Flash Drive,GENERAL_REUSE
IMP000304,A000304,U0206,GIVEAWAY,2025-12-10,1,0,217,0.62,Breadboard Kit,GENERAL_REUSE
IMP000305,A000305,U0968,BORROW,2026-04-12,1,10,1343,0.79,Desk Lamp,GENERAL_REUSE
IMP000306,A000306,U0652,SELL,2026-01-31,1,0,410,0.41,Textbook,GENERAL_REUSE
IMP000307,A000307,U0357,BORROW,2026-05-25,1,2,200,0.21,Mechanical Drawing Set,GENERAL_REUSE
IMP000308,A000308,U0008,SWAP,2026-01-13,1,0,221,0.26,Extension Board,GENERAL_REUSE
IMP000309,A000309,U0162,GIVEAWAY,2026-02-28,1,0,2184,0.78,Arduino Kit,GENERAL_REUSE
IMP000310,A000310,U0593,SWAP,2025-11-16,1,0,817,0.43,Mechanical Drawing Set,GENERAL_REUSE
IMP000311,A000311,U0109,BORROW,2026-02-20,1,21,441,0.21,Tripod,GENERAL_REUSE
IMP000312,A000312,U0884,BORROW,2026-01-19,1,10,825,0.33,Tripod,GENERAL_REUSE
IMP000313,A000313,U0884,SELL,2025-12-01,1,0,652,0.29,Soldering Iron Kit,GENERAL_REUSE
IMP000314,A000314,U0568,BORROW,2026-02-04,1,10,480,0.8,College Backpack,GENERAL_REUSE
IMP000315,A000315,U0577,GIVEAWAY,2026-07-21,0,0,0,0.0,USB-C Charger,GENERAL_REUSE
IMP000316,A000316,U0503,BORROW,2025-11-02,0,10,0,0.0,HDMI Cable,GENERAL_REUSE
IMP000317,A000317,U0944,GIVEAWAY,2026-02-08,1,0,413,0.59,Calculator,EDUCATIONAL
IMP000318,A000318,U0862,SELL,2025-10-14,1,0,612,0.51,Screwdriver Set,GENERAL_REUSE
IMP000319,A000319,U0196,BORROW,2025-09-12,1,21,870,0.58,College Backpack,GENERAL_REUSE
IMP000320,A000320,U0673,SWAP,2025-11-11,1,0,290,0.29,Webcam,GENERAL_REUSE
IMP000321,A000321,U0352,SELL,2026-07-28,1,0,388,0.31,Python Programming Book,GENERAL_REUSE
IMP000322,A000322,U0840,BORROW,2025-10-13,1,2,1000,0.4,Tripod,GENERAL_REUSE
IMP000323,A000323,U0532,SWAP,2025-11-11,1,0,252,0.63,Textbook,GENERAL_REUSE
IMP000324,A000324,U0788,SELL,2026-04-16,1,0,561,0.51,Textbook,GENERAL_REUSE
IMP000325,A000325,U0257,GIVEAWAY,2026-03-28,1,0,2691,0.69,Webcam,GENERAL_REUSE
IMP000326,A000326,U0954,BORROW,2026-03-26,1,5,770,0.81,Mechanical Drawing Set,GENERAL_REUSE
IMP000327,A000327,U0025,BORROW,2026-05-15,1,10,1810,0.71,Headphones,GENERAL_REUSE
IMP000328,A000328,U0334,SELL,2025-12-03,1,0,258,0.43,Extension Board,GENERAL_REUSE
IMP000329,A000329,U0463,GIVEAWAY,2026-04-15,1,0,1402,0.85,Desk Lamp,GENERAL_REUSE
IMP000330,A000330,U0738,GIVEAWAY,2026-01-10,1,0,364,0.52,Desk Lamp,GENERAL_REUSE
IMP000331,A000331,U0048,SWAP,2025-10-05,1,0,667,0.29,Vernier Caliper,GENERAL_REUSE
IMP000332,A000332,U0165,BORROW,2026-05-10,0,21,0,0.0,Python Programming Book,GENERAL_REUSE
IMP000333,A000333,U0983,BORROW,2026-06-24,1,3,870,0.47,Presentation Clicker,GENERAL_REUSE
IMP000334,A000334,U0368,SELL,2026-02-17,1,0,70,0.47,HDMI Cable,GENERAL_REUSE
IMP000335,A000335,U0864,BORROW,2026-04-15,1,2,120,0.24,Drawing Board,GENERAL_REUSE
IMP000336,A000336,U0126,BORROW,2026-06-02,1,5,1022,0.73,Extension Board,GENERAL_REUSE
IMP000337,A000337,U0143,BORROW,2026-07-18,1,10,638,0.58,Digital Multimeter,GENERAL_REUSE
IMP000338,A000338,U0243,SELL,2025-10-12,1,0,1615,0.34,Vernier Caliper,GENERAL_REUSE
IMP000339,A000339,U0005,BORROW,2025-11-21,1,5,2294,0.74,Headphones,GENERAL_REUSE
IMP000340,A000340,U0641,SELL,2025-11-09,1,0,214,0.33,USB Flash Drive,GENERAL_REUSE
IMP000341,A000341,U0648,SWAP,2026-05-20,1,0,832,0.52,Calculator,EDUCATIONAL
IMP000342,A000342,U0020,SWAP,2025-12-24,1,0,1556,0.61,Headphones,GENERAL_REUSE
IMP000343,A000343,U0294,SWAP,2026-04-25,1,0,558,0.31,Tripod,GENERAL_REUSE
IMP000344,A000344,U0348,SWAP,2025-10-13,1,0,270,0.49,Ethernet Cable,GENERAL_REUSE
IMP000345,A000345,U0433,GIVEAWAY,2026-04-23,1,0,672,0.48,Headphones,GENERAL_REUSE
IMP000346,A000346,U0134,SWAP,2026-04-16,1,0,686,0.49,Tripod,GENERAL_REUSE
IMP000347,A000347,U0200,BORROW,2026-07-22,1,3,399,0.38,Drawing Board,GENERAL_REUSE
IMP000348,A000348,U0698,SWAP,2026-01-27,1,0,225,0.45,Drawing Board,GENERAL_REUSE
IMP000349,A000349,U0648,SELL,2026-07-24,1,0,45,0.3,Graph Paper Pack,GENERAL_REUSE
IMP000350,A000350,U0802,BORROW,2026-03-30,1,5,572,0.52,Mechanical Drawing Set,GENERAL_REUSE
IMP000351,A000351,U0834,BORROW,2026-02-17,1,2,634,0.47,Python Programming Book,GENERAL_REUSE
IMP000352,A000352,U0542,GIVEAWAY,2025-10-20,1,0,483,0.69,Mechanical Drawing Set,GENERAL_REUSE
IMP000353,A000353,U0075,BORROW,2025-11-12,1,10,3232,0.64,External Hard Drive,GENERAL_REUSE
IMP000354,A000354,U0349,BORROW,2026-03-31,1,21,1470,0.84,Drawing Board,GENERAL_REUSE
IMP000355,A000355,U0095,BORROW,2025-11-07,1,3,242,0.44,USB-C Charger,GENERAL_REUSE
IMP000356,A000356,U0107,BORROW,2026-04-09,1,3,1500,0.75,Vernier Caliper,GENERAL_REUSE
IMP000357,A000357,U0845,GIVEAWAY,2026-07-10,0,0,0,0.0,HDMI Cable,GENERAL_REUSE
IMP000358,A000358,U0404,SELL,2025-10-09,1,0,105,0.3,Ethernet Cable,GENERAL_REUSE
IMP000359,A000359,U0637,SWAP,2026-03-30,1,0,878,0.45,Mechanical Drawing Set,GENERAL_REUSE
IMP000360,A000360,U0586,BORROW,2026-04-08,1,7,160,0.2,Extension Board,GENERAL_REUSE
IMP000361,A000361,U0329,SWAP,2026-04-11,1,0,314,0.33,USB-C Charger,GENERAL_REUSE
IMP000362,A000362,U0263,BORROW,2025-09-02,1,21,675,0.75,Screwdriver Set,GENERAL_REUSE
IMP000363,A000363,U0155,GIVEAWAY,2025-12-10,1,0,216,0.48,Safety Goggles,GENERAL_REUSE
IMP000364,A000364,U0795,SELL,2026-06-03,1,0,612,0.34,College Backpack,GENERAL_REUSE
IMP000365,A000365,U0080,BORROW,2025-10-30,1,2,2001,0.58,Headphones,GENERAL_REUSE
IMP000366,A000366,U0494,BORROW,2025-11-28,1,7,84,0.42,Graph Paper Pack,GENERAL_REUSE
IMP000367,A000367,U0262,SWAP,2025-10-02,1,0,108,0.43,Safety Goggles,GENERAL_REUSE
IMP000368,A000368,U0547,GIVEAWAY,2025-12-16,1,0,1034,0.44,Soldering Iron Kit,GENERAL_REUSE
IMP000369,A000369,U0079,BORROW,2025-09-17,1,21,720,0.48,Drawing Board,GENERAL_REUSE
IMP000370,A000370,U0807,BORROW,2026-01-20,1,7,693,0.33,Soldering Iron Kit,GENERAL_REUSE
IMP000371,A000371,U0145,GIVEAWAY,2026-06-07,1,0,1574,0.67,Engineering Drawing Kit,GENERAL_REUSE
IMP000372,A000372,U0450,BORROW,2026-06-02,1,2,1268,0.43,Bluetooth Keyboard,GENERAL_REUSE
IMP000373,A000373,U0824,GIVEAWAY,2026-03-06,0,0,0,0.0,External Hard Drive,GENERAL_REUSE
IMP000374,A000374,U0401,BORROW,2026-07-20,1,21,1023,0.62,USB-C Charger,GENERAL_REUSE
IMP000375,A000375,U0036,GIVEAWAY,2026-01-28,1,0,1209,0.62,Engineering Drawing Kit,GENERAL_REUSE
IMP000376,A000376,U0868,GIVEAWAY,2026-01-04,1,0,480,0.48,Calculator,EDUCATIONAL
IMP000377,A000377,U0820,BORROW,2025-11-17,1,5,688,0.81,Calculator,EDUCATIONAL
IMP000378,A000378,U0403,GIVEAWAY,2026-07-24,1,0,1029,0.49,Digital Multimeter,GENERAL_REUSE
IMP000379,A000379,U0850,GIVEAWAY,2026-04-21,1,0,378,0.84,Python Programming Book,GENERAL_REUSE
IMP000380,A000380,U0145,BORROW,2026-07-17,0,14,0,0.0,Extension Board,GENERAL_REUSE
IMP000381,A000381,U0064,GIVEAWAY,2026-01-04,1,0,4346,0.82,External Hard Drive,GENERAL_REUSE
IMP000382,A000382,U0747,SELL,2026-06-20,1,0,250,0.5,Extension Board,GENERAL_REUSE
IMP000383,A000383,U0588,SWAP,2026-07-08,1,0,536,0.51,Drawing Board,GENERAL_REUSE
IMP000384,A000384,U0693,BORROW,2025-12-17,1,21,115,0.23,Scientific Calculator,GENERAL_REUSE
IMP000385,A000385,U0552,BORROW,2025-09-24,1,5,1376,0.86,Python Programming Book,GENERAL_REUSE
IMP000386,A000386,U0952,BORROW,2025-11-04,1,5,670,0.67,Soldering Iron Kit,GENERAL_REUSE
IMP000387,A000387,U0124,GIVEAWAY,2026-07-26,1,0,402,0.67,Mechanical Drawing Set,GENERAL_REUSE
IMP000388,A000388,U0863,GIVEAWAY,2025-11-02,1,0,855,0.38,Arduino Kit,GENERAL_REUSE
IMP000389,A000389,U0512,SELL,2026-05-07,1,0,589,0.38,Python Programming Book,GENERAL_REUSE
IMP000390,A000390,U0140,SELL,2026-06-15,1,0,648,0.35,Mechanical Drawing Set,GENERAL_REUSE
IMP000391,A000391,U0839,SELL,2026-01-29,1,0,420,0.28,College Backpack,GENERAL_REUSE
IMP000392,A000392,U0828,GIVEAWAY,2026-06-27,1,0,472,0.59,Digital Multimeter,GENERAL_REUSE
IMP000393,A000393,U0056,SELL,2025-09-06,1,0,1350,0.45,External Hard Drive,GENERAL_REUSE
IMP000394,A000394,U0365,BORROW,2025-09-27,1,7,329,0.47,Desk Lamp,GENERAL_REUSE
IMP000395,A000395,U0531,SWAP,2025-10-22,1,0,1398,0.65,Scientific Calculator,GENERAL_REUSE
IMP000396,A000396,U0261,BORROW,2026-01-01,1,21,308,0.56,Safety Goggles,GENERAL_REUSE
IMP000397,A000397,U0256,GIVEAWAY,2026-02-09,1,0,670,0.67,Presentation Clicker,GENERAL_REUSE
IMP000398,A000398,U0482,BORROW,2026-04-14,1,5,364,0.27,Screwdriver Set,GENERAL_REUSE
IMP000399,A000399,U0097,SWAP,2026-06-28,1,0,193,0.55,Ethernet Cable,GENERAL_REUSE
IMP000400,A000400,U0390,BORROW,2026-07-22,1,21,266,0.76,Breadboard Kit,GENERAL_REUSE
IMP000401,A000401,U0894,SWAP,2026-02-04,1,0,410,0.63,Engineering Drawing Kit,GENERAL_REUSE
IMP000402,A000402,U0734,SELL,2026-05-04,1,0,374,0.44,USB Flash Drive,GENERAL_REUSE
IMP000403,A000403,U0323,BORROW,2025-09-25,1,21,472,0.45,Drawing Board,GENERAL_REUSE
IMP000404,A000404,U0447,SWAP,2026-04-12,1,0,122,0.49,Breadboard Kit,GENERAL_REUSE
IMP000405,A000405,U0262,BORROW,2026-05-11,1,3,646,0.38,Power Bank,GENERAL_REUSE
IMP000406,A000406,U0848,BORROW,2026-05-10,1,2,2366,0.83,Soldering Iron Kit,GENERAL_REUSE
IMP000407,A000407,U0340,BORROW,2026-05-09,1,10,298,0.35,Lab Coat,GENERAL_REUSE
IMP000408,A000408,U0110,BORROW,2026-06-26,0,21,0,0.0,Python Programming Book,GENERAL_REUSE
IMP000409,A000409,U0555,SWAP,2025-11-23,1,0,193,0.55,Ethernet Cable,GENERAL_REUSE
IMP000410,A000410,U0972,SELL,2026-06-25,1,0,1086,0.53,Presentation Clicker,GENERAL_REUSE
IMP000411,A000411,U0003,GIVEAWAY,2025-11-12,1,0,798,0.38,Presentation Clicker,GENERAL_REUSE
IMP000412,A000412,U0204,SWAP,2025-12-31,1,0,176,0.27,Screwdriver Set,GENERAL_REUSE
IMP000413,A000413,U0205,GIVEAWAY,2026-03-11,1,0,1463,0.77,Bluetooth Keyboard,GENERAL_REUSE
IMP000414,A000414,U0795,SELL,2026-02-02,1,0,169,0.26,HDMI Cable,GENERAL_REUSE
IMP000415,A000415,U0891,BORROW,2026-04-08,1,2,378,0.42,Calculator,EDUCATIONAL
IMP000416,A000416,U0424,GIVEAWAY,2026-07-26,1,0,1643,0.53,Soldering Iron Kit,GENERAL_REUSE
IMP000417,A000417,U0208,GIVEAWAY,2026-03-25,1,0,660,0.4,Headphones,GENERAL_REUSE
IMP000418,A000418,U0164,GIVEAWAY,2026-01-04,1,0,2275,0.7,Arduino Kit,GENERAL_REUSE
IMP000419,A000419,U0294,BORROW,2025-12-27,1,2,936,0.72,Screwdriver Set,GENERAL_REUSE
IMP000420,A000420,U0265,BORROW,2025-09-04,1,3,580,0.4,Calculator,EDUCATIONAL
IMP000421,A000421,U0792,BORROW,2026-01-06,1,7,1978,0.86,Bluetooth Keyboard,GENERAL_REUSE
IMP000422,A000422,U0059,SELL,2026-03-19,1,0,752,0.47,College Backpack,GENERAL_REUSE
IMP000423,A000423,U0544,GIVEAWAY,2026-05-26,1,0,287,0.82,Extension Board,GENERAL_REUSE
IMP000424,A000424,U0217,BORROW,2025-11-05,1,3,790,0.79,Mechanical Drawing Set,GENERAL_REUSE
IMP000425,A000425,U0878,BORROW,2026-04-25,1,3,77,0.22,Ethernet Cable,GENERAL_REUSE
IMP000426,A000426,U0826,GIVEAWAY,2025-12-30,1,0,280,0.43,HDMI Cable,GENERAL_REUSE
IMP000427,A000427,U0825,SWAP,2026-02-04,1,0,560,0.35,Bluetooth Keyboard,GENERAL_REUSE
IMP000428,A000428,U0532,BORROW,2025-09-07,0,21,0,0.0,Graph Paper Pack,GENERAL_REUSE
IMP000429,A000429,U0908,SWAP,2026-07-03,1,0,546,0.42,Extension Board,GENERAL_REUSE
IMP000430,A000430,U0463,GIVEAWAY,2026-06-13,1,0,390,0.65,Textbook,GENERAL_REUSE
IMP000431,A000431,U0187,SELL,2025-10-24,1,0,160,0.29,USB Flash Drive,GENERAL_REUSE
IMP000432,A000432,U0030,GIVEAWAY,2026-04-11,1,0,1190,0.7,Webcam,GENERAL_REUSE
IMP000433,A000433,U0808,BORROW,2026-01-29,1,3,182,0.33,Breadboard Kit,GENERAL_REUSE
IMP000434,A000434,U0455,BORROW,2026-07-19,1,14,1080,0.6,Bluetooth Keyboard,GENERAL_REUSE
IMP000435,A000435,U0713,BORROW,2026-07-15,1,21,793,0.69,College Backpack,GENERAL_REUSE
IMP000436,A000436,U0028,GIVEAWAY,2026-07-18,1,0,568,0.71,Mechanical Drawing Set,GENERAL_REUSE
IMP000437,A000437,U0196,BORROW,2025-12-20,1,14,195,0.3,USB Flash Drive,GENERAL_REUSE
IMP000438,A000438,U0859,BORROW,2026-05-15,1,5,1024,0.64,Drawing Board,GENERAL_REUSE
IMP000439,A000439,U0264,BORROW,2025-12-29,1,3,1452,0.88,Calculator,EDUCATIONAL
IMP000440,A000440,U0176,BORROW,2026-02-10,1,3,325,0.25,Screwdriver Set,GENERAL_REUSE
IMP000441,A000441,U0103,BORROW,2026-01-31,1,21,2379,0.78,Arduino Kit,GENERAL_REUSE
IMP000442,A000442,U0795,BORROW,2026-02-11,1,21,1591,0.86,Engineering Drawing Kit,GENERAL_REUSE
IMP000443,A000443,U0877,SWAP,2025-09-09,0,0,0,0.0,Breadboard Kit,GENERAL_REUSE
IMP000444,A000444,U0522,GIVEAWAY,2025-12-21,1,0,405,0.54,Arduino Kit,GENERAL_REUSE
IMP000445,A000445,U0337,SELL,2025-10-18,1,0,273,0.42,Scientific Calculator,GENERAL_REUSE
IMP000446,A000446,U0444,BORROW,2025-09-24,1,3,145,0.29,Lab Coat,GENERAL_REUSE
IMP000447,A000447,U0987,GIVEAWAY,2026-02-02,1,0,1858,0.63,Soldering Iron Kit,GENERAL_REUSE
IMP000448,A000448,U0827,GIVEAWAY,2026-01-20,1,0,770,0.7,Webcam,GENERAL_REUSE
IMP000449,A000449,U0631,BORROW,2026-03-09,0,7,0,0.0,Headphones,GENERAL_REUSE
IMP000450,A000450,U0873,BORROW,2025-11-07,1,21,132,0.44,HDMI Cable,GENERAL_REUSE
IMP000451,A000451,U0698,BORROW,2026-03-13,1,14,288,0.72,Scientific Calculator,GENERAL_REUSE
IMP000452,A000452,U0780,SWAP,2026-06-09,1,0,567,0.54,Power Bank,GENERAL_REUSE
IMP000453,A000453,U0782,SWAP,2025-10-13,1,0,280,0.35,Lab Coat,GENERAL_REUSE
IMP000454,A000454,U0246,BORROW,2026-07-21,1,14,4158,0.63,External Hard Drive,GENERAL_REUSE
IMP000455,A000455,U0524,GIVEAWAY,2025-12-04,1,0,219,0.73,Lab Coat,GENERAL_REUSE
IMP000456,A000456,U0227,BORROW,2026-06-05,1,3,69,0.69,Graph Paper Pack,GENERAL_REUSE
IMP000457,A000457,U0639,BORROW,2026-05-07,1,2,450,0.75,Textbook,GENERAL_REUSE
IMP000458,A000458,U0612,BORROW,2026-01-08,1,7,162,0.65,Breadboard Kit,GENERAL_REUSE
IMP000459,A000459,U0093,BORROW,2025-11-26,1,21,650,0.5,Drawing Board,GENERAL_REUSE
IMP000460,A000460,U0568,BORROW,2026-05-21,1,14,145,0.29,Desk Lamp,GENERAL_REUSE
IMP000461,A000461,U0154,SELL,2025-11-13,1,0,88,0.35,Ethernet Cable,GENERAL_REUSE
IMP000462,A000462,U0734,GIVEAWAY,2026-05-23,1,0,1208,0.69,Mechanical Drawing Set,GENERAL_REUSE
IMP000463,A000463,U0587,BORROW,2026-03-06,1,5,81,0.27,Ethernet Cable,GENERAL_REUSE
IMP000464,A000464,U0949,BORROW,2025-11-08,1,21,357,0.21,Screwdriver Set,GENERAL_REUSE
IMP000465,A000465,U0381,BORROW,2026-03-21,1,5,1314,0.71,Digital Multimeter,GENERAL_REUSE
IMP000466,A000466,U0555,BORROW,2026-06-11,1,3,458,0.61,Drawing Board,GENERAL_REUSE
IMP000467,A000467,U0144,SELL,2025-12-11,1,0,245,0.49,Presentation Clicker,GENERAL_REUSE
IMP000468,A000468,U0561,BORROW,2026-01-27,0,10,0,0.0,Webcam,GENERAL_REUSE
IMP000469,A000469,U0568,BORROW,2025-12-08,1,3,483,0.42,Desk Lamp,GENERAL_REUSE
IMP000470,A000470,U0617,BORROW,2026-05-03,1,10,208,0.26,Extension Board,GENERAL_REUSE
IMP000471,A000471,U0626,GIVEAWAY,2026-06-21,1,0,272,0.68,Screwdriver Set,GENERAL_REUSE
IMP000472,A000472,U0905,GIVEAWAY,2026-07-22,1,0,255,0.51,Textbook,GENERAL_REUSE
IMP000473,A000473,U0818,BORROW,2026-07-23,1,7,123,0.41,Ethernet Cable,GENERAL_REUSE
IMP000474,A000474,U0692,SWAP,2025-10-16,1,0,1174,0.27,Vernier Caliper,GENERAL_REUSE
IMP000475,A000475,U0232,BORROW,2025-09-15,1,3,40,0.27,Graph Paper Pack,GENERAL_REUSE
IMP000476,A000476,U0185,SWAP,2026-03-30,1,0,330,0.6,Desk Lamp,GENERAL_REUSE
IMP000477,A000477,U0093,SELL,2026-02-20,1,0,468,0.55,Python Programming Book,GENERAL_REUSE
IMP000478,A000478,U0888,SWAP,2026-01-08,1,0,148,0.37,Lab Coat,GENERAL_REUSE
IMP000479,A000479,U0208,GIVEAWAY,2026-07-19,1,0,468,0.72,Presentation Clicker,GENERAL_REUSE
IMP000480,A000480,U0779,SWAP,2026-03-23,1,0,960,0.4,USB-C Charger,GENERAL_REUSE
IMP000481,A000481,U0562,SWAP,2026-07-10,1,0,202,0.45,USB Flash Drive,GENERAL_REUSE
IMP000482,A000482,U0765,SWAP,2026-06-19,0,0,0,0.0,USB Flash Drive,GENERAL_REUSE
IMP000483,A000483,U0149,BORROW,2026-02-24,1,5,445,0.89,Safety Goggles,GENERAL_REUSE
IMP000484,A000484,U0660,GIVEAWAY,2026-03-18,1,0,242,0.44,Breadboard Kit,GENERAL_REUSE
IMP000485,A000485,U0734,BORROW,2025-09-23,1,5,882,0.36,Soldering Iron Kit,GENERAL_REUSE
IMP000486,A000486,U0197,BORROW,2026-05-22,1,7,208,0.26,Breadboard Kit,GENERAL_REUSE
IMP000487,A000487,U0314,SELL,2025-12-15,1,0,264,0.22,Drawing Board,GENERAL_REUSE
IMP000488,A000488,U0137,BORROW,2026-07-07,1,7,240,0.4,Safety Goggles,GENERAL_REUSE
IMP000489,A000489,U0796,SELL,2025-12-22,1,0,648,0.36,Python Programming Book,GENERAL_REUSE
IMP000490,A000490,U0674,SWAP,2026-02-17,1,0,588,0.47,Python Programming Book,GENERAL_REUSE
IMP000491,A000491,U0076,BORROW,2025-10-06,1,10,341,0.31,Drawing Board,GENERAL_REUSE
IMP000492,A000492,U0359,SWAP,2025-12-03,1,0,882,0.41,Digital Multimeter,GENERAL_REUSE
IMP000493,A000493,U0701,SELL,2026-01-06,1,0,188,0.47,Python Programming Book,GENERAL_REUSE
IMP000494,A000494,U0766,BORROW,2026-07-20,1,14,200,0.4,Safety Goggles,GENERAL_REUSE
IMP000495,A000495,U0704,SWAP,2025-10-23,1,0,76,0.38,Breadboard Kit,GENERAL_REUSE
IMP000496,A000496,U0360,BORROW,2026-05-13,1,7,945,0.3,Arduino Kit,GENERAL_REUSE
IMP000497,A000497,U0038,BORROW,2026-06-18,1,10,1536,0.83,Presentation Clicker,GENERAL_REUSE
IMP000498,A000498,U0077,BORROW,2025-10-09,1,5,98,0.49,Graph Paper Pack,GENERAL_REUSE
IMP000499,A000499,U0881,BORROW,2026-05-18,1,21,344,0.53,HDMI Cable,GENERAL_REUSE
IMP000500,A000500,U0402,BORROW,2026-03-21,1,5,145,0.29,Ethernet Cable,GENERAL_REUSE
IMP000501,A000501,U0598,SWAP,2026-04-28,1,0,1073,0.58,Headphones,GENERAL_REUSE
IMP000502,A000502,U0026,SELL,2025-12-22,1,0,222,0.37,Drawing Board,GENERAL_REUSE
IMP000503,A000503,U0235,SWAP,2025-11-18,1,0,1068,0.35,Headphones,GENERAL_REUSE
IMP000504,A000504,U0922,SWAP,2026-01-02,1,0,914,0.31,Soldering Iron Kit,GENERAL_REUSE
IMP000505,A000505,U0599,BORROW,2026-01-16,0,10,0,0.0,Mechanical Drawing Set,GENERAL_REUSE
IMP000506,A000506,U0579,SWAP,2026-06-14,1,0,384,0.59,Power Bank,GENERAL_REUSE
IMP000507,A000507,U0685,SELL,2026-05-23,1,0,240,0.2,Bluetooth Keyboard,GENERAL_REUSE
IMP000508,A000508,U0162,GIVEAWAY,2026-04-07,1,0,518,0.45,Scientific Calculator,GENERAL_REUSE
IMP000509,A000509,U0847,GIVEAWAY,2026-03-29,1,0,310,0.69,Ethernet Cable,GENERAL_REUSE
IMP000510,A000510,U0586,SELL,2025-12-30,1,0,660,0.55,USB-C Charger,GENERAL_REUSE
IMP000511,A000511,U0248,BORROW,2026-02-28,1,3,2040,0.8,Headphones,GENERAL_REUSE
IMP000512,A000512,U0330,GIVEAWAY,2025-10-29,1,0,420,0.56,Engineering Drawing Kit,GENERAL_REUSE
IMP000513,A000513,U0902,BORROW,2026-04-24,1,21,513,0.38,Calculator,EDUCATIONAL
IMP000514,A000514,U0081,BORROW,2026-03-24,1,10,960,0.64,Bluetooth Keyboard,GENERAL_REUSE
IMP000515,A000515,U0273,SELL,2026-03-18,1,0,1425,0.5,Soldering Iron Kit,GENERAL_REUSE
IMP000516,A000516,U0016,BORROW,2026-06-28,1,5,722,0.39,Engineering Drawing Kit,GENERAL_REUSE
IMP000517,A000517,U0078,GIVEAWAY,2025-09-12,1,0,539,0.49,Screwdriver Set,GENERAL_REUSE
IMP000518,A000518,U0176,SELL,2026-05-06,1,0,780,0.52,Mechanical Drawing Set,GENERAL_REUSE
IMP000519,A000519,U0455,BORROW,2026-07-19,1,7,492,0.82,Safety Goggles,GENERAL_REUSE
IMP000520,A000520,U0909,GIVEAWAY,2025-10-03,1,0,638,0.51,Power Bank,GENERAL_REUSE
IMP000521,A000521,U0659,BORROW,2026-06-04,1,21,550,0.44,Desk Lamp,GENERAL_REUSE
IMP000522,A000522,U0337,SWAP,2025-12-29,1,0,368,0.35,Arduino Kit,GENERAL_REUSE
IMP000523,A000523,U0612,BORROW,2026-03-15,1,7,578,0.77,Engineering Drawing Kit,GENERAL_REUSE
IMP000524,A000524,U0361,GIVEAWAY,2026-05-06,0,0,0,0.0,Screwdriver Set,GENERAL_REUSE
IMP000525,A000525,U0101,BORROW,2025-09-11,1,7,570,0.57,Scientific Calculator,GENERAL_REUSE
IMP000526,A000526,U0284,BORROW,2026-03-14,1,10,840,0.6,Drawing Board,GENERAL_REUSE
IMP000527,A000527,U0695,BORROW,2025-12-02,1,7,1452,0.83,Drawing Board,GENERAL_REUSE
IMP000528,A000528,U0576,SWAP,2025-12-07,1,0,605,0.55,USB-C Charger,GENERAL_REUSE
IMP000529,A000529,U0287,SWAP,2025-09-22,1,0,510,0.6,Digital Multimeter,GENERAL_REUSE
IMP000530,A000530,U0258,GIVEAWAY,2026-05-30,1,0,1226,0.57,College Backpack,GENERAL_REUSE
IMP000531,A000531,U0289,BORROW,2026-07-05,1,7,534,0.89,Power Bank,GENERAL_REUSE
IMP000532,A000532,U0809,GIVEAWAY,2025-12-29,1,0,320,0.71,Python Programming Book,GENERAL_REUSE
IMP000533,A000533,U0015,BORROW,2025-10-14,1,10,900,0.9,Scientific Calculator,GENERAL_REUSE
IMP000534,A000534,U0504,BORROW,2026-07-05,1,21,546,0.78,Calculator,EDUCATIONAL
IMP000535,A000535,U0500,BORROW,2026-03-05,1,3,116,0.29,Safety Goggles,GENERAL_REUSE
IMP000536,A000536,U0259,BORROW,2025-10-04,1,10,897,0.78,Drawing Board,GENERAL_REUSE
IMP000537,A000537,U0191,GIVEAWAY,2026-07-27,1,0,540,0.83,Power Bank,GENERAL_REUSE
IMP000538,A000538,U0699,BORROW,2025-09-02,1,5,376,0.47,HDMI Cable,GENERAL_REUSE
IMP000539,A000539,U0579,BORROW,2026-07-01,1,7,360,0.6,Power Bank,GENERAL_REUSE
IMP000540,A000540,U0399,GIVEAWAY,2025-09-24,1,0,637,0.49,Drawing Board,GENERAL_REUSE
IMP000541,A000541,U0477,BORROW,2025-11-16,1,7,54,0.36,Graph Paper Pack,GENERAL_REUSE
IMP000542,A000542,U0541,SWAP,2026-04-25,1,0,819,0.42,Mechanical Drawing Set,GENERAL_REUSE
IMP000543,A000543,U0039,BORROW,2026-07-14,1,14,4154,0.71,Vernier Caliper,GENERAL_REUSE
IMP000544,A000544,U0702,SELL,2026-06-09,1,0,731,0.43,Power Bank,GENERAL_REUSE
IMP000545,A000545,U0509,BORROW,2026-04-13,1,7,718,0.41,Screwdriver Set,GENERAL_REUSE
IMP000546,A000546,U0110,SELL,2025-11-22,0,0,0,0.0,Scientific Calculator,GENERAL_REUSE
IMP000547,A000547,U0302,BORROW,2026-06-21,1,7,99,0.66,HDMI Cable,GENERAL_REUSE
IMP000548,A000548,U0245,BORROW,2025-11-04,1,21,2394,0.84,Webcam,GENERAL_REUSE
IMP000549,A000549,U0837,BORROW,2026-04-25,1,7,2308,0.57,Vernier Caliper,GENERAL_REUSE
IMP000550,A000550,U0309,BORROW,2025-11-27,1,7,160,0.32,Engineering Drawing Kit,GENERAL_REUSE
IMP000551,A000551,U0139,GIVEAWAY,2026-06-12,1,0,1008,0.84,Desk Lamp,GENERAL_REUSE
IMP000552,A000552,U0007,BORROW,2025-12-31,1,14,2784,0.87,Arduino Kit,GENERAL_REUSE
IMP000553,A000553,U0674,SWAP,2025-12-23,1,0,156,0.52,Textbook,GENERAL_REUSE
IMP000554,A000554,U0409,GIVEAWAY,2026-05-20,1,0,590,0.59,Scientific Calculator,GENERAL_REUSE
IMP000555,A000555,U0829,BORROW,2025-10-22,1,2,160,0.29,Lab Coat,GENERAL_REUSE
IMP000556,A000556,U0309,BORROW,2025-12-19,1,21,1155,0.66,Tripod,GENERAL_REUSE
IMP000557,A000557,U0331,SWAP,2025-09-06,1,0,609,0.42,Screwdriver Set,GENERAL_REUSE
IMP000558,A000558,U0514,SELL,2025-12-30,1,0,52,0.35,Graph Paper Pack,GENERAL_REUSE
IMP000559,A000559,U0845,BORROW,2026-05-10,1,5,396,0.22,Scientific Calculator,GENERAL_REUSE
IMP000560,A000560,U0674,SELL,2026-02-28,1,0,838,0.39,Digital Multimeter,GENERAL_REUSE
IMP000561,A000561,U0660,SELL,2026-01-05,1,0,576,0.32,Arduino Kit,GENERAL_REUSE
IMP000562,A000562,U0855,SELL,2025-09-20,1,0,319,0.29,Desk Lamp,GENERAL_REUSE
IMP000563,A000563,U0591,BORROW,2026-06-10,1,14,125,0.25,HDMI Cable,GENERAL_REUSE
IMP000564,A000564,U0196,SELL,2025-12-05,1,0,368,0.35,Digital Multimeter,GENERAL_REUSE
IMP000565,A000565,U0210,BORROW,2026-06-12,1,5,1005,0.67,Soldering Iron Kit,GENERAL_REUSE
IMP000566,A000566,U0050,BORROW,2025-11-18,1,7,1150,0.59,Digital Multimeter,GENERAL_REUSE
IMP000567,A000567,U0678,BORROW,2026-02-09,1,7,160,0.8,Graph Paper Pack,GENERAL_REUSE
IMP000568,A000568,U0618,BORROW,2025-11-30,1,3,783,0.87,Textbook,GENERAL_REUSE
IMP000569,A000569,U0009,BORROW,2025-10-12,1,10,1215,0.9,Desk Lamp,GENERAL_REUSE
IMP000570,A000570,U0821,BORROW,2026-05-23,1,5,918,0.54,Drawing Board,GENERAL_REUSE
IMP000571,A000571,U0217,BORROW,2025-09-07,1,7,1035,0.69,Mechanical Drawing Set,GENERAL_REUSE
IMP000572,A000572,U0965,GIVEAWAY,2025-09-01,1,0,336,0.84,Ethernet Cable,GENERAL_REUSE
IMP000573,A000573,U0608,BORROW,2025-09-09,1,10,249,0.83,HDMI Cable,GENERAL_REUSE
IMP000574,A000574,U0776,SELL,2025-12-13,1,0,38,0.25,Ethernet Cable,GENERAL_REUSE
IMP000575,A000575,U0889,SWAP,2025-11-02,1,0,452,0.43,Extension Board,GENERAL_REUSE
IMP000576,A000576,U0888,BORROW,2026-07-24,1,21,618,0.65,USB-C Charger,GENERAL_REUSE
IMP000577,A000577,U0998,BORROW,2026-07-10,1,7,989,0.46,Bluetooth Keyboard,GENERAL_REUSE
IMP000578,A000578,U0438,BORROW,2025-09-18,0,2,0,0.0,Engineering Drawing Kit,GENERAL_REUSE
IMP000579,A000579,U0727,SWAP,2026-05-10,1,0,258,0.47,Textbook,GENERAL_REUSE
IMP000580,A000580,U0660,BORROW,2025-10-04,1,7,2068,0.88,Scientific Calculator,GENERAL_REUSE
IMP000581,A000581,U0503,GIVEAWAY,2025-09-16,1,0,418,0.76,Drawing Board,GENERAL_REUSE
IMP000582,A000582,U0432,BORROW,2026-05-05,1,10,562,0.25,Soldering Iron Kit,GENERAL_REUSE
IMP000583,A000583,U0838,SWAP,2025-12-03,1,0,800,0.41,Presentation Clicker,GENERAL_REUSE
IMP000584,A000584,U0944,BORROW,2026-02-04,1,5,1085,0.62,Presentation Clicker,GENERAL_REUSE
IMP000585,A000585,U0567,SWAP,2025-12-26,1,0,392,0.56,Screwdriver Set,GENERAL_REUSE
IMP000586,A000586,U0070,SELL,2026-03-12,1,0,629,0.34,Digital Multimeter,GENERAL_REUSE
IMP000587,A000587,U0945,SWAP,2025-11-17,1,0,931,0.38,Scientific Calculator,GENERAL_REUSE
IMP000588,A000588,U0782,GIVEAWAY,2025-09-13,1,0,2541,0.77,Vernier Caliper,GENERAL_REUSE
IMP000589,A000589,U0614,SWAP,2026-04-25,1,0,102,0.34,Safety Goggles,GENERAL_REUSE
IMP000590,A000590,U0668,BORROW,2026-03-08,1,5,369,0.82,Calculator,EDUCATIONAL
IMP000591,A000591,U0448,SELL,2026-06-03,1,0,125,0.25,Ethernet Cable,GENERAL_REUSE
IMP000592,A000592,U0882,BORROW,2026-06-05,1,21,400,0.32,Headphones,GENERAL_REUSE
IMP000593,A000593,U0824,BORROW,2026-04-05,1,21,222,0.89,Safety Goggles,GENERAL_REUSE
IMP000594,A000594,U0091,BORROW,2026-05-07,1,5,3783,0.78,Vernier Caliper,GENERAL_REUSE
IMP000595,A000595,U0401,GIVEAWAY,2025-12-13,1,0,1806,0.84,Tripod,GENERAL_REUSE
IMP000596,A000596,U0586,BORROW,2025-11-11,1,5,990,0.6,Presentation Clicker,GENERAL_REUSE
IMP000597,A000597,U0824,SWAP,2026-06-23,1,0,320,0.64,Desk Lamp,GENERAL_REUSE
IMP000598,A000598,U0735,SWAP,2026-01-04,1,0,943,0.46,Presentation Clicker,GENERAL_REUSE
IMP000599,A000599,U0095,BORROW,2026-02-05,0,5,0,0.0,Power Bank,GENERAL_REUSE
IMP000600,A000600,U0129,SWAP,2025-09-01,1,0,100,0.5,Graph Paper Pack,GENERAL_REUSE
IMP000601,A000601,U0811,BORROW,2026-04-17,1,10,529,0.46,Calculator,EDUCATIONAL
IMP000602,A000602,U0839,BORROW,2026-04-07,1,2,1118,0.86,Bluetooth Keyboard,GENERAL_REUSE
IMP000603,A000603,U0269,BORROW,2025-09-22,1,21,710,0.71,Lab Coat,GENERAL_REUSE
IMP000604,A000604,U0332,GIVEAWAY,2026-04-28,1,0,474,0.73,Breadboard Kit,GENERAL_REUSE
IMP000605,A000605,U0031,GIVEAWAY,2025-09-22,1,0,336,0.48,Presentation Clicker,GENERAL_REUSE
IMP000606,A000606,U0791,BORROW,2026-05-20,1,21,84,0.24,Ethernet Cable,GENERAL_REUSE
IMP000607,A000607,U0236,SELL,2026-03-28,1,0,432,0.48,Tripod,GENERAL_REUSE
IMP000608,A000608,U0311,GIVEAWAY,2026-06-13,1,0,494,0.38,Screwdriver Set,GENERAL_REUSE
IMP000609,A000609,U0820,BORROW,2026-05-17,1,5,196,0.49,HDMI Cable,GENERAL_REUSE
IMP000610,A000610,U0055,BORROW,2026-07-23,1,10,71,0.71,Ethernet Cable,GENERAL_REUSE
IMP000611,A000611,U0080,SELL,2026-07-26,1,0,68,0.34,Ethernet Cable,GENERAL_REUSE
IMP000612,A000612,U0381,BORROW,2026-04-20,1,3,1023,0.62,Bluetooth Keyboard,GENERAL_REUSE
IMP000613,A000613,U0541,GIVEAWAY,2026-01-25,0,0,0,0.0,Engineering Drawing Kit,GENERAL_REUSE
IMP000614,A000614,U0894,SWAP,2026-01-05,1,0,705,0.3,Headphones,GENERAL_REUSE
IMP000615,A000615,U0823,SWAP,2025-10-30,1,0,58,0.58,Graph Paper Pack,GENERAL_REUSE
IMP000616,A000616,U0381,BORROW,2026-07-25,1,5,150,0.23,Tripod,GENERAL_REUSE
IMP000617,A000617,U0791,BORROW,2026-01-13,1,2,332,0.83,Breadboard Kit,GENERAL_REUSE
IMP000618,A000618,U0224,BORROW,2026-05-31,1,3,1095,0.73,Python Programming Book,GENERAL_REUSE
IMP000619,A000619,U0673,SWAP,2026-06-03,1,0,392,0.29,Tripod,GENERAL_REUSE
IMP000620,A000620,U0277,BORROW,2026-07-07,1,2,69,0.46,Graph Paper Pack,GENERAL_REUSE
IMP000621,A000621,U0866,BORROW,2025-12-05,1,10,756,0.63,Engineering Drawing Kit,GENERAL_REUSE
IMP000622,A000622,U0472,BORROW,2026-04-27,1,5,25,0.25,Graph Paper Pack,GENERAL_REUSE
IMP000623,A000623,U0160,BORROW,2026-04-26,1,2,536,0.51,USB Flash Drive,GENERAL_REUSE
IMP000624,A000624,U0968,SWAP,2026-03-06,1,0,243,0.27,Engineering Drawing Kit,GENERAL_REUSE
IMP000625,A000625,U0007,BORROW,2025-11-12,1,2,120,0.8,Graph Paper Pack,GENERAL_REUSE
IMP000626,A000626,U0855,SELL,2026-01-23,1,0,161,0.46,Safety Goggles,GENERAL_REUSE
IMP000627,A000627,U0046,BORROW,2026-01-23,1,5,240,0.24,Mechanical Drawing Set,GENERAL_REUSE
IMP000628,A000628,U0081,SWAP,2025-12-07,1,0,756,0.56,Calculator,EDUCATIONAL
IMP000629,A000629,U0208,BORROW,2025-12-26,1,5,702,0.61,Scientific Calculator,GENERAL_REUSE
IMP000630,A000630,U0432,BORROW,2026-04-01,1,2,210,0.21,Screwdriver Set,GENERAL_REUSE
IMP000631,A000631,U0126,SWAP,2025-09-15,1,0,53,0.53,Graph Paper Pack,GENERAL_REUSE
IMP000632,A000632,U0167,GIVEAWAY,2026-06-01,1,0,612,0.68,Power Bank,GENERAL_REUSE
IMP000633,A000633,U0180,BORROW,2025-09-09,1,14,1128,0.41,Arduino Kit,GENERAL_REUSE
IMP000634,A000634,U0330,SELL,2025-10-06,1,0,574,0.41,Webcam,GENERAL_REUSE
IMP000635,A000635,U0472,SWAP,2025-10-31,1,0,396,0.36,USB Flash Drive,GENERAL_REUSE
IMP000636,A000636,U0308,SELL,2026-04-30,1,0,752,0.43,USB-C Charger,GENERAL_REUSE
IMP000637,A000637,U0932,SWAP,2026-02-27,1,0,198,0.44,USB Flash Drive,GENERAL_REUSE
IMP000638,A000638,U0863,GIVEAWAY,2026-06-04,1,0,627,0.66,College Backpack,GENERAL_REUSE
IMP000639,A000639,U0534,GIVEAWAY,2025-12-31,1,0,123,0.82,Safety Goggles,GENERAL_REUSE
IMP000640,A000640,U0763,BORROW,2026-02-07,1,2,1254,0.66,Arduino Kit,GENERAL_REUSE
IMP000641,A000641,U0293,SELL,2025-09-03,1,0,338,0.52,Safety Goggles,GENERAL_REUSE
IMP000642,A000642,U0172,BORROW,2025-12-12,1,5,391,0.46,Calculator,EDUCATIONAL
IMP000643,A000643,U0787,BORROW,2025-09-22,1,21,420,0.29,Mechanical Drawing Set,GENERAL_REUSE
IMP000644,A000644,U0484,SELL,2025-09-13,0,0,0,0.0,Engineering Drawing Kit,GENERAL_REUSE
IMP000645,A000645,U0123,BORROW,2025-10-25,1,14,1232,0.85,Drawing Board,GENERAL_REUSE
IMP000646,A000646,U0683,SWAP,2025-12-03,1,0,697,0.34,Digital Multimeter,GENERAL_REUSE
IMP000647,A000647,U0291,BORROW,2026-06-29,1,7,574,0.82,Arduino Kit,GENERAL_REUSE
IMP000648,A000648,U0766,GIVEAWAY,2025-12-28,1,0,456,0.83,Breadboard Kit,GENERAL_REUSE
IMP000649,A000649,U0457,BORROW,2026-04-21,1,14,171,0.57,Safety Goggles,GENERAL_REUSE
IMP000650,A000650,U0709,SWAP,2025-09-29,1,0,63,0.42,Graph Paper Pack,GENERAL_REUSE
IMP000651,A000651,U0516,BORROW,2025-10-26,1,5,300,0.4,Tripod,GENERAL_REUSE
IMP000652,A000652,U0435,SELL,2026-07-04,1,0,796,0.27,Bluetooth Keyboard,GENERAL_REUSE
IMP000653,A000653,U0488,BORROW,2025-09-10,1,7,770,0.28,External Hard Drive,GENERAL_REUSE
IMP000654,A000654,U0675,SELL,2025-09-23,1,0,446,0.33,Engineering Drawing Kit,GENERAL_REUSE
IMP000655,A000655,U0892,SWAP,2025-09-15,0,0,0,0.0,Extension Board,GENERAL_REUSE
IMP000656,A000656,U0692,BORROW,2026-07-05,1,3,776,0.47,Presentation Clicker,GENERAL_REUSE
IMP000657,A000657,U0419,BORROW,2026-02-07,1,2,819,0.63,Drawing Board,GENERAL_REUSE
IMP000658,A000658,U0556,BORROW,2026-01-03,1,21,238,0.28,Scientific Calculator,GENERAL_REUSE
IMP000659,A000659,U0723,SWAP,2026-01-08,1,0,138,0.55,Ethernet Cable,GENERAL_REUSE
IMP000660,A000660,U0784,BORROW,2026-06-13,1,5,1015,0.58,Power Bank,GENERAL_REUSE
IMP000661,A000661,U0176,BORROW,2026-04-17,1,10,1406,0.76,USB-C Charger,GENERAL_REUSE
IMP000662,A000662,U0985,BORROW,2026-01-26,1,7,1328,0.83,USB-C Charger,GENERAL_REUSE
IMP000663,A000663,U0234,SWAP,2026-02-04,1,0,1378,0.53,Headphones,GENERAL_REUSE
IMP000664,A000664,U0257,SELL,2025-09-30,1,0,462,0.44,Webcam,GENERAL_REUSE
IMP000665,A000665,U0248,BORROW,2025-10-25,1,3,1886,0.46,Vernier Caliper,GENERAL_REUSE
IMP000666,A000666,U0231,SELL,2025-12-09,1,0,595,0.34,Mechanical Drawing Set,GENERAL_REUSE
IMP000667,A000667,U0438,GIVEAWAY,2025-09-02,1,0,2697,0.62,External Hard Drive,GENERAL_REUSE
IMP000668,A000668,U0368,BORROW,2026-02-22,1,5,1734,0.68,Webcam,GENERAL_REUSE
IMP000669,A000669,U0909,BORROW,2026-06-01,1,21,975,0.78,Calculator,EDUCATIONAL
IMP000670,A000670,U0536,BORROW,2025-10-25,1,3,136,0.39,Desk Lamp,GENERAL_REUSE
IMP000671,A000671,U0551,BORROW,2026-06-25,1,3,840,0.84,Presentation Clicker,GENERAL_REUSE
IMP000672,A000672,U0466,BORROW,2026-06-04,1,21,189,0.27,Tripod,GENERAL_REUSE
IMP000673,A000673,U0563,SWAP,2026-03-30,1,0,1220,0.4,Headphones,GENERAL_REUSE
IMP000674,A000674,U0461,GIVEAWAY,2025-09-21,1,0,68,0.45,HDMI Cable,GENERAL_REUSE
IMP000675,A000675,U0680,BORROW,2026-05-13,1,14,162,0.27,Breadboard Kit,GENERAL_REUSE
IMP000676,A000676,U0837,SWAP,2025-10-02,1,0,546,0.39,Presentation Clicker,GENERAL_REUSE
IMP000677,A000677,U0202,SELL,2025-10-07,1,0,962,0.35,Arduino Kit,GENERAL_REUSE
IMP000678,A000678,U0323,GIVEAWAY,2026-07-07,1,0,399,0.38,Calculator,EDUCATIONAL
IMP000679,A000679,U0139,BORROW,2025-10-22,1,10,1591,0.74,Engineering Drawing Kit,GENERAL_REUSE
IMP000680,A000680,U0529,BORROW,2026-02-08,1,3,492,0.82,Ethernet Cable,GENERAL_REUSE
IMP000681,A000681,U0935,SWAP,2025-12-01,1,0,507,0.29,Drawing Board,GENERAL_REUSE
IMP000682,A000682,U0544,BORROW,2026-07-28,1,10,696,0.87,Mechanical Drawing Set,GENERAL_REUSE
IMP000683,A000683,U0834,BORROW,2025-09-01,1,14,516,0.86,USB-C Charger,GENERAL_REUSE
IMP000684,A000684,U0466,BORROW,2025-10-08,1,10,1392,0.29,Vernier Caliper,GENERAL_REUSE
IMP000685,A000685,U0844,GIVEAWAY,2026-05-21,1,0,260,0.4,Mechanical Drawing Set,GENERAL_REUSE
IMP000686,A000686,U0334,SWAP,2025-12-26,1,0,240,0.3,Mechanical Drawing Set,GENERAL_REUSE
IMP000687,A000687,U0394,BORROW,2026-05-02,1,14,230,0.46,Lab Coat,GENERAL_REUSE
IMP000688,A000688,U0990,SELL,2025-11-18,1,0,1836,0.54,External Hard Drive,GENERAL_REUSE
IMP000689,A000689,U0342,BORROW,2026-01-09,1,10,455,0.65,USB Flash Drive,GENERAL_REUSE
IMP000690,A000690,U0817,SWAP,2026-04-04,1,0,473,0.27,Arduino Kit,GENERAL_REUSE
IMP000691,A000691,U0577,SWAP,2025-11-15,1,0,855,0.38,Tripod,GENERAL_REUSE
IMP000692,A000692,U0111,BORROW,2026-04-01,1,21,1404,0.72,Digital Multimeter,GENERAL_REUSE
IMP000693,A000693,U0983,SWAP,2026-03-25,0,0,0,0.0,Lab Coat,GENERAL_REUSE
IMP000694,A000694,U0590,BORROW,2026-06-14,1,7,368,0.49,Breadboard Kit,GENERAL_REUSE
IMP000695,A000695,U0287,BORROW,2025-09-19,1,14,812,0.65,Power Bank,GENERAL_REUSE
IMP000696,A000696,U0776,BORROW,2026-01-25,1,14,520,0.4,College Backpack,GENERAL_REUSE
IMP000697,A000697,U0086,BORROW,2026-03-17,1,10,1410,0.47,Webcam,GENERAL_REUSE
IMP000698,A000698,U0570,BORROW,2026-04-19,1,2,1300,0.4,Soldering Iron Kit,GENERAL_REUSE
IMP000699,A000699,U0697,SWAP,2025-09-01,1,0,280,0.43,HDMI Cable,GENERAL_REUSE
IMP000700,A000700,U0528,BORROW,2025-09-09,1,5,480,0.6,Breadboard Kit,GENERAL_REUSE
IMP000701,A000701,U0245,BORROW,2026-02-19,1,5,272,0.68,Extension Board,GENERAL_REUSE
IMP000702,A000702,U0490,SWAP,2026-06-03,1,0,66,0.33,Graph Paper Pack,GENERAL_REUSE
IMP000703,A000703,U0470,SWAP,2026-04-10,1,0,1938,0.57,Headphones,GENERAL_REUSE
IMP000704,A000704,U0467,BORROW,2025-10-03,1,21,130,0.65,Graph Paper Pack,GENERAL_REUSE
IMP000705,A000705,U0618,GIVEAWAY,2026-03-04,0,0,0,0.0,Desk Lamp,GENERAL_REUSE
IMP000706,A000706,U0956,SELL,2026-03-18,1,0,116,0.29,Textbook,GENERAL_REUSE
IMP000707,A000707,U0301,BORROW,2026-02-02,1,2,90,0.9,Graph Paper Pack,GENERAL_REUSE
IMP000708,A000708,U0942,SWAP,2026-03-28,1,0,506,0.46,Desk Lamp,GENERAL_REUSE
IMP000709,A000709,U0951,SWAP,2026-02-07,1,0,434,0.51,Lab Coat,GENERAL_REUSE
IMP000710,A000710,U0393,GIVEAWAY,2025-12-15,1,0,135,0.54,Ethernet Cable,GENERAL_REUSE
IMP000711,A000711,U0232,BORROW,2026-01-25,1,5,256,0.27,Extension Board,GENERAL_REUSE
IMP000712,A000712,U0792,SWAP,2025-09-26,1,0,638,0.51,Headphones,GENERAL_REUSE
IMP000713,A000713,U0082,SWAP,2026-05-26,1,0,567,0.42,USB-C Charger,GENERAL_REUSE
IMP000714,A000714,U0294,SWAP,2025-09-29,1,0,279,0.62,Calculator,EDUCATIONAL
IMP000715,A000715,U0705,BORROW,2026-04-28,1,7,600,0.3,Scientific Calculator,GENERAL_REUSE
IMP000716,A000716,U0529,BORROW,2025-10-10,1,10,351,0.39,USB-C Charger,GENERAL_REUSE
IMP000717,A000717,U0607,SWAP,2026-04-16,1,0,1120,0.56,Engineering Drawing Kit,GENERAL_REUSE
IMP000718,A000718,U0551,BORROW,2026-04-03,1,21,210,0.28,Breadboard Kit,GENERAL_REUSE
IMP000719,A000719,U0897,SWAP,2026-05-21,1,0,1155,0.55,Tripod,GENERAL_REUSE
IMP000720,A000720,U0160,BORROW,2025-09-01,1,21,860,0.86,Presentation Clicker,GENERAL_REUSE
IMP000721,A000721,U0615,BORROW,2026-06-15,1,5,496,0.31,Python Programming Book,GENERAL_REUSE
IMP000722,A000722,U0586,GIVEAWAY,2026-07-03,1,0,442,0.52,Lab Coat,GENERAL_REUSE
IMP000723,A000723,U0748,SELL,2026-07-17,1,0,556,0.53,Extension Board,GENERAL_REUSE
IMP000724,A000724,U0855,BORROW,2026-02-10,1,21,840,0.48,Drawing Board,GENERAL_REUSE
IMP000725,A000725,U0651,SWAP,2026-03-31,1,0,235,0.47,HDMI Cable,GENERAL_REUSE
IMP000726,A000726,U0314,SWAP,2026-01-03,1,0,391,0.46,Digital Multimeter,GENERAL_REUSE
IMP000727,A000727,U0020,SELL,2025-12-11,1,0,936,0.52,Soldering Iron Kit,GENERAL_REUSE
IMP000728,A000728,U0069,SELL,2026-01-04,1,0,230,0.2,Mechanical Drawing Set,GENERAL_REUSE
IMP000729,A000729,U0336,BORROW,2026-01-04,1,14,346,0.63,USB Flash Drive,GENERAL_REUSE
IMP000730,A000730,U0958,BORROW,2026-07-12,1,3,652,0.87,Mechanical Drawing Set,GENERAL_REUSE
IMP000731,A000731,U0711,SWAP,2025-11-03,1,0,200,0.4,Mechanical Drawing Set,GENERAL_REUSE
IMP000732,A000732,U0654,BORROW,2025-10-22,1,14,86,0.86,Graph Paper Pack,GENERAL_REUSE
IMP000733,A000733,U0428,BORROW,2025-09-12,1,10,556,0.53,Calculator,EDUCATIONAL
IMP000734,A000734,U0232,SELL,2026-01-27,0,0,0,0.0,Textbook,GENERAL_REUSE
IMP000735,A000735,U0403,SWAP,2025-12-20,1,0,116,0.29,Textbook,GENERAL_REUSE
IMP000736,A000736,U0422,BORROW,2025-09-16,1,7,248,0.45,Lab Coat,GENERAL_REUSE
IMP000737,A000737,U0758,BORROW,2025-11-15,1,2,456,0.83,Desk Lamp,GENERAL_REUSE
IMP000738,A000738,U0015,BORROW,2026-06-16,1,7,166,0.83,Graph Paper Pack,GENERAL_REUSE
IMP000739,A000739,U0307,SWAP,2025-12-15,1,0,104,0.52,Ethernet Cable,GENERAL_REUSE
IMP000740,A000740,U0875,BORROW,2026-01-31,1,21,525,0.75,Digital Multimeter,GENERAL_REUSE
IMP000741,A000741,U0041,SELL,2025-12-15,1,0,278,0.37,Breadboard Kit,GENERAL_REUSE
IMP000742,A000742,U0900,GIVEAWAY,2026-03-04,0,0,0,0.0,Breadboard Kit,GENERAL_REUSE
IMP000743,A000743,U0566,SWAP,2026-07-13,1,0,662,0.27,Soldering Iron Kit,GENERAL_REUSE
IMP000744,A000744,U0615,BORROW,2025-11-09,1,10,422,0.65,Textbook,GENERAL_REUSE
IMP000745,A000745,U0921,BORROW,2026-01-12,0,14,0,0.0,Lab Coat,GENERAL_REUSE
IMP000746,A000746,U0712,SWAP,2026-05-19,0,0,0,0.0,Power Bank,GENERAL_REUSE
IMP000747,A000747,U0270,BORROW,2025-11-11,1,21,390,0.52,Headphones,GENERAL_REUSE
IMP000748,A000748,U0831,BORROW,2025-12-15,1,5,396,0.88,Ethernet Cable,GENERAL_REUSE
IMP000749,A000749,U0150,BORROW,2026-05-18,1,5,1672,0.88,Tripod,GENERAL_REUSE
IMP000750,A000750,U0305,GIVEAWAY,2026-07-15,1,0,567,0.81,Screwdriver Set,GENERAL_REUSE
IMP000751,A000751,U0962,SWAP,2026-01-07,0,0,0,0.0,Digital Multimeter,GENERAL_REUSE
IMP000752,A000752,U0021,BORROW,2025-09-03,1,14,175,0.35,Ethernet Cable,GENERAL_REUSE
IMP000753,A000753,U0289,GIVEAWAY,2026-03-18,1,0,684,0.57,Webcam,GENERAL_REUSE
IMP000754,A000754,U0907,BORROW,2026-06-28,1,10,234,0.78,Ethernet Cable,GENERAL_REUSE
IMP000755,A000755,U0099,GIVEAWAY,2026-02-24,1,0,158,0.63,Breadboard Kit,GENERAL_REUSE
IMP000756,A000756,U0548,BORROW,2025-09-28,1,7,720,0.8,Scientific Calculator,GENERAL_REUSE
IMP000757,A000757,U0226,SWAP,2025-11-21,0,0,0,0.0,Breadboard Kit,GENERAL_REUSE
IMP000758,A000758,U0409,SWAP,2026-06-17,1,0,16,0.33,Graph Paper Pack,GENERAL_REUSE
IMP000759,A000759,U0369,SELL,2025-12-15,1,0,540,0.3,Bluetooth Keyboard,GENERAL_REUSE
IMP000760,A000760,U0977,BORROW,2025-11-02,1,5,314,0.57,Textbook,GENERAL_REUSE
IMP000761,A000761,U0944,BORROW,2026-05-16,1,21,486,0.27,Engineering Drawing Kit,GENERAL_REUSE
IMP000762,A000762,U0974,BORROW,2026-02-24,1,2,3320,0.83,Webcam,GENERAL_REUSE
IMP000763,A000763,U0515,BORROW,2025-11-30,0,3,0,0.0,College Backpack,GENERAL_REUSE
IMP000764,A000764,U0575,SELL,2025-12-29,1,0,798,0.38,Mechanical Drawing Set,GENERAL_REUSE
IMP000765,A000765,U0296,GIVEAWAY,2025-12-31,1,0,656,0.41,Mechanical Drawing Set,GENERAL_REUSE
IMP000766,A000766,U0173,BORROW,2025-10-04,1,21,1335,0.89,Extension Board,GENERAL_REUSE
IMP000767,A000767,U0156,BORROW,2025-11-27,1,2,578,0.89,HDMI Cable,GENERAL_REUSE
IMP000768,A000768,U0622,GIVEAWAY,2026-01-11,0,0,0,0.0,USB Flash Drive,GENERAL_REUSE
IMP000769,A000769,U0627,BORROW,2026-07-17,0,2,0,0.0,Webcam,GENERAL_REUSE
IMP000770,A000770,U0203,BORROW,2025-12-11,1,10,708,0.59,Tripod,GENERAL_REUSE
IMP000771,A000771,U0899,BORROW,2026-02-01,1,14,680,0.8,Digital Multimeter,GENERAL_REUSE
IMP000772,A000772,U0672,BORROW,2026-05-22,1,2,199,0.57,Breadboard Kit,GENERAL_REUSE
IMP000773,A000773,U0726,SWAP,2026-01-14,1,0,252,0.36,Breadboard Kit,GENERAL_REUSE
IMP000774,A000774,U0735,SWAP,2025-09-26,1,0,133,0.38,HDMI Cable,GENERAL_REUSE
IMP000775,A000775,U0200,SELL,2026-05-23,1,0,728,0.52,USB-C Charger,GENERAL_REUSE
IMP000776,A000776,U0664,GIVEAWAY,2025-10-14,1,0,840,0.42,Tripod,GENERAL_REUSE
IMP000777,A000777,U0867,SWAP,2026-07-26,1,0,700,0.4,Desk Lamp,GENERAL_REUSE
IMP000778,A000778,U0584,BORROW,2026-07-10,1,21,1536,0.83,Presentation Clicker,GENERAL_REUSE
IMP000779,A000779,U0525,BORROW,2026-06-30,1,3,2024,0.88,USB-C Charger,GENERAL_REUSE
IMP000780,A000780,U0008,BORROW,2026-05-08,1,5,465,0.31,Extension Board,GENERAL_REUSE
IMP000781,A000781,U0947,SWAP,2026-01-13,1,0,315,0.42,Breadboard Kit,GENERAL_REUSE
IMP000782,A000782,U0953,SELL,2026-03-17,1,0,195,0.26,Extension Board,GENERAL_REUSE
IMP000783,A000783,U0988,SWAP,2025-11-06,1,0,824,0.61,USB-C Charger,GENERAL_REUSE
IMP000784,A000784,U0697,GIVEAWAY,2026-07-11,1,0,486,0.36,Python Programming Book,GENERAL_REUSE
IMP000785,A000785,U0416,BORROW,2025-11-16,1,10,351,0.78,USB Flash Drive,GENERAL_REUSE
IMP000786,A000786,U0835,GIVEAWAY,2025-10-05,1,0,765,0.85,Tripod,GENERAL_REUSE
IMP000787,A000787,U0097,GIVEAWAY,2026-01-11,1,0,994,0.71,Screwdriver Set,GENERAL_REUSE
IMP000788,A000788,U0413,BORROW,2026-06-29,1,10,539,0.49,USB-C Charger,GENERAL_REUSE
IMP000789,A000789,U0417,BORROW,2025-10-03,1,10,2848,0.85,Arduino Kit,GENERAL_REUSE
IMP000790,A000790,U0197,BORROW,2026-04-25,1,2,1914,0.89,Digital Multimeter,GENERAL_REUSE
IMP000791,A000791,U0505,BORROW,2026-05-06,0,21,0,0.0,Scientific Calculator,GENERAL_REUSE
IMP000792,A000792,U0231,BORROW,2025-09-27,1,2,216,0.54,Screwdriver Set,GENERAL_REUSE
IMP000793,A000793,U0809,BORROW,2026-07-21,1,5,435,0.87,Safety Goggles,GENERAL_REUSE
IMP000794,A000794,U0866,GIVEAWAY,2025-11-05,1,0,184,0.41,Ethernet Cable,GENERAL_REUSE
IMP000795,A000795,U0122,SWAP,2025-11-18,1,0,76,0.51,Graph Paper Pack,GENERAL_REUSE
IMP000796,A000796,U0238,BORROW,2026-06-08,1,2,502,0.59,Presentation Clicker,GENERAL_REUSE
IMP000797,A000797,U0628,SWAP,2025-12-28,1,0,826,0.28,Vernier Caliper,GENERAL_REUSE
IMP000798,A000798,U0133,SWAP,2026-04-02,1,0,528,0.48,Drawing Board,GENERAL_REUSE
IMP000799,A000799,U0103,SELL,2025-11-10,1,0,238,0.25,USB Flash Drive,GENERAL_REUSE
IMP000800,A000800,U0835,GIVEAWAY,2025-12-30,1,0,1054,0.62,Presentation Clicker,GENERAL_REUSE
IMP000801,A000801,U0921,BORROW,2026-06-24,1,10,2950,0.5,Vernier Caliper,GENERAL_REUSE
IMP000802,A000802,U0482,SWAP,2026-01-25,1,0,312,0.26,Arduino Kit,GENERAL_REUSE
IMP000803,A000803,U0653,SWAP,2026-03-17,1,0,609,0.42,Power Bank,GENERAL_REUSE
IMP000804,A000804,U0637,SWAP,2025-11-16,1,0,488,0.61,Python Programming Book,GENERAL_REUSE
IMP000805,A000805,U0027,BORROW,2026-06-08,0,21,0,0.0,Tripod,GENERAL_REUSE
IMP000806,A000806,U0939,SELL,2026-05-30,1,0,924,0.43,Mechanical Drawing Set,GENERAL_REUSE
IMP000807,A000807,U0146,GIVEAWAY,2026-04-14,1,0,275,0.5,Breadboard Kit,GENERAL_REUSE
IMP000808,A000808,U0029,BORROW,2026-07-28,1,10,1886,0.77,Headphones,GENERAL_REUSE
IMP000809,A000809,U0261,BORROW,2026-07-08,1,2,1152,0.36,Soldering Iron Kit,GENERAL_REUSE
IMP000810,A000810,U0558,SELL,2025-12-07,1,0,346,0.21,Screwdriver Set,GENERAL_REUSE
IMP000811,A000811,U0980,SELL,2025-12-31,1,0,155,0.31,HDMI Cable,GENERAL_REUSE
IMP000812,A000812,U0098,SELL,2025-09-09,1,0,322,0.23,Extension Board,GENERAL_REUSE
IMP000813,A000813,U0089,SWAP,2026-06-06,1,0,1323,0.54,USB-C Charger,GENERAL_REUSE
IMP000814,A000814,U0008,GIVEAWAY,2026-05-06,1,0,61,0.41,Ethernet Cable,GENERAL_REUSE
IMP000815,A000815,U0262,SWAP,2025-11-04,1,0,1175,0.5,Tripod,GENERAL_REUSE
IMP000816,A000816,U0354,GIVEAWAY,2026-01-03,1,0,710,0.71,Arduino Kit,GENERAL_REUSE
IMP000817,A000817,U0708,SELL,2025-09-27,1,0,470,0.2,College Backpack,GENERAL_REUSE
IMP000818,A000818,U0276,SWAP,2025-12-28,1,0,536,0.37,Drawing Board,GENERAL_REUSE
IMP000819,A000819,U0674,SWAP,2025-11-16,1,0,472,0.59,USB Flash Drive,GENERAL_REUSE
IMP000820,A000820,U0047,SWAP,2025-11-18,1,0,51,0.34,Graph Paper Pack,GENERAL_REUSE
IMP000821,A000821,U0519,BORROW,2026-01-09,1,2,1276,0.69,Engineering Drawing Kit,GENERAL_REUSE
IMP000822,A000822,U0729,BORROW,2026-05-15,1,7,740,0.74,Presentation Clicker,GENERAL_REUSE
IMP000823,A000823,U0920,GIVEAWAY,2026-02-11,0,0,0,0.0,Engineering Drawing Kit,GENERAL_REUSE
IMP000824,A000824,U0437,BORROW,2026-04-05,1,7,1013,0.81,Python Programming Book,GENERAL_REUSE
IMP000825,A000825,U0858,SWAP,2026-04-11,1,0,472,0.59,Lab Coat,GENERAL_REUSE
IMP000826,A000826,U0332,SWAP,2026-05-22,1,0,325,0.5,Calculator,EDUCATIONAL
IMP000827,A000827,U0961,SWAP,2026-01-16,0,0,0,0.0,Safety Goggles,GENERAL_REUSE
IMP000828,A000828,U0905,BORROW,2026-05-30,1,2,240,0.3,Textbook,GENERAL_REUSE
IMP000829,A000829,U0301,SELL,2025-12-23,1,0,64,0.32,Breadboard Kit,GENERAL_REUSE
IMP000830,A000830,U0097,BORROW,2026-02-21,1,21,1204,0.33,External Hard Drive,GENERAL_REUSE
IMP000831,A000831,U0074,SELL,2026-06-19,1,0,561,0.33,Tripod,GENERAL_REUSE
IMP000832,A000832,U0873,BORROW,2026-05-11,1,21,33,0.33,Graph Paper Pack,GENERAL_REUSE
IMP000833,A000833,U0230,BORROW,2026-01-31,0,10,0,0.0,USB Flash Drive,GENERAL_REUSE
IMP000834,A000834,U0324,SELL,2026-01-23,1,0,108,0.54,Graph Paper Pack,GENERAL_REUSE
IMP000835,A000835,U0909,SELL,2025-09-22,1,0,161,0.46,Breadboard Kit,GENERAL_REUSE
IMP000836,A000836,U0858,SWAP,2026-01-05,1,0,594,0.54,Drawing Board,GENERAL_REUSE
IMP000837,A000837,U0874,SWAP,2026-06-27,1,0,378,0.63,Extension Board,GENERAL_REUSE
IMP000838,A000838,U0928,SELL,2026-05-26,1,0,1625,0.5,External Hard Drive,GENERAL_REUSE
IMP000839,A000839,U0299,GIVEAWAY,2025-12-06,0,0,0,0.0,Extension Board,GENERAL_REUSE
IMP000840,A000840,U0951,SELL,2026-04-29,0,0,0,0.0,Safety Goggles,GENERAL_REUSE
IMP000841,A000841,U0828,SWAP,2026-02-28,1,0,230,0.51,Safety Goggles,GENERAL_REUSE
IMP000842,A000842,U0257,BORROW,2026-03-06,1,3,1003,0.59,Python Programming Book,GENERAL_REUSE
IMP000843,A000843,U0793,GIVEAWAY,2026-04-24,1,0,488,0.75,Drawing Board,GENERAL_REUSE
IMP000844,A000844,U0222,BORROW,2025-11-08,1,14,1102,0.63,Presentation Clicker,GENERAL_REUSE
IMP000845,A000845,U0250,GIVEAWAY,2026-03-09,1,0,114,0.38,Safety Goggles,GENERAL_REUSE
IMP000846,A000846,U0748,SWAP,2026-07-10,1,0,660,0.55,Webcam,GENERAL_REUSE
IMP000847,A000847,U0777,SWAP,2026-04-27,1,0,392,0.27,Engineering Drawing Kit,GENERAL_REUSE
IMP000848,A000848,U0013,SWAP,2026-03-09,0,0,0,0.0,Bluetooth Keyboard,GENERAL_REUSE
IMP000849,A000849,U0541,BORROW,2026-04-14,1,2,2460,0.37,External Hard Drive,GENERAL_REUSE
IMP000850,A000850,U0382,BORROW,2025-10-26,1,10,275,0.22,Tripod,GENERAL_REUSE
IMP000851,A000851,U0718,BORROW,2025-10-21,1,2,497,0.71,Screwdriver Set,GENERAL_REUSE
IMP000852,A000852,U0441,SWAP,2025-09-08,1,0,130,0.26,HDMI Cable,GENERAL_REUSE
IMP000853,A000853,U0525,BORROW,2026-07-05,1,21,200,0.25,Digital Multimeter,GENERAL_REUSE
IMP000854,A000854,U0585,GIVEAWAY,2025-11-12,1,0,1287,0.78,Mechanical Drawing Set,GENERAL_REUSE
IMP000855,A000855,U0614,BORROW,2026-03-05,1,21,924,0.84,Drawing Board,GENERAL_REUSE
IMP000856,A000856,U0247,GIVEAWAY,2025-11-05,1,0,124,0.62,Breadboard Kit,GENERAL_REUSE
IMP000857,A000857,U0764,GIVEAWAY,2026-05-16,1,0,462,0.84,Mechanical Drawing Set,GENERAL_REUSE
IMP000858,A000858,U0386,SWAP,2026-07-20,1,0,560,0.59,Power Bank,GENERAL_REUSE
IMP000859,A000859,U0204,SELL,2025-09-08,1,0,214,0.39,Textbook,GENERAL_REUSE
IMP000860,A000860,U0622,BORROW,2026-04-03,1,5,468,0.55,Extension Board,GENERAL_REUSE
IMP000861,A000861,U0965,SWAP,2025-09-09,1,0,945,0.45,Digital Multimeter,GENERAL_REUSE
IMP000862,A000862,U0615,BORROW,2026-06-08,0,3,0,0.0,College Backpack,GENERAL_REUSE
IMP000863,A000863,U0245,SWAP,2026-03-02,1,0,138,0.25,Calculator,EDUCATIONAL
IMP000864,A000864,U0689,GIVEAWAY,2026-03-17,1,0,546,0.78,Tripod,GENERAL_REUSE
IMP000865,A000865,U0265,BORROW,2026-04-24,1,14,1278,0.73,Webcam,GENERAL_REUSE
IMP000866,A000866,U0620,GIVEAWAY,2026-06-01,1,0,1365,0.7,USB-C Charger,GENERAL_REUSE
IMP000867,A000867,U0314,SWAP,2026-07-28,1,0,182,0.28,HDMI Cable,GENERAL_REUSE
IMP000868,A000868,U0456,BORROW,2026-01-31,1,3,627,0.38,Mechanical Drawing Set,GENERAL_REUSE
IMP000869,A000869,U0985,BORROW,2026-05-24,1,7,378,0.63,Textbook,GENERAL_REUSE
IMP000870,A000870,U0804,SWAP,2026-05-27,1,0,2337,0.41,External Hard Drive,GENERAL_REUSE
IMP000871,A000871,U0251,BORROW,2025-12-08,1,21,366,0.43,Bluetooth Keyboard,GENERAL_REUSE
IMP000872,A000872,U0253,BORROW,2026-02-21,1,3,216,0.48,Safety Goggles,GENERAL_REUSE
IMP000873,A000873,U0370,SELL,2025-09-02,1,0,366,0.43,Bluetooth Keyboard,GENERAL_REUSE
IMP000874,A000874,U0952,GIVEAWAY,2025-12-05,1,0,395,0.79,Textbook,GENERAL_REUSE
IMP000875,A000875,U0984,BORROW,2025-11-13,1,5,1202,0.65,Power Bank,GENERAL_REUSE
IMP000876,A000876,U0480,SWAP,2025-10-17,1,0,462,0.37,Desk Lamp,GENERAL_REUSE
IMP000877,A000877,U0222,BORROW,2026-02-07,1,14,286,0.26,Lab Coat,GENERAL_REUSE
IMP000878,A000878,U0364,SELL,2026-01-13,1,0,975,0.39,Webcam,GENERAL_REUSE
IMP000879,A000879,U0642,BORROW,2026-05-30,1,5,1092,0.78,Soldering Iron Kit,GENERAL_REUSE
IMP000880,A000880,U0158,BORROW,2026-04-25,1,5,1053,0.78,Engineering Drawing Kit,GENERAL_REUSE
IMP000881,A000881,U0195,SWAP,2026-04-21,1,0,312,0.52,Drawing Board,GENERAL_REUSE
IMP000882,A000882,U0820,BORROW,2026-06-21,1,10,488,0.25,Power Bank,GENERAL_REUSE
IMP000883,A000883,U0926,SWAP,2025-12-17,1,0,480,0.64,Digital Multimeter,GENERAL_REUSE
IMP000884,A000884,U0428,BORROW,2026-05-08,1,7,390,0.78,Digital Multimeter,GENERAL_REUSE
IMP000885,A000885,U0037,SWAP,2026-03-01,1,0,743,0.55,Power Bank,GENERAL_REUSE
IMP000886,A000886,U0389,GIVEAWAY,2025-10-24,1,0,195,0.39,Breadboard Kit,GENERAL_REUSE
IMP000887,A000887,U0806,GIVEAWAY,2026-05-21,1,0,280,0.35,Scientific Calculator,GENERAL_REUSE
IMP000888,A000888,U0332,BORROW,2026-02-27,1,21,770,0.7,Desk Lamp,GENERAL_REUSE
IMP000889,A000889,U0751,BORROW,2025-12-19,1,10,559,0.86,Drawing Board,GENERAL_REUSE
IMP000890,A000890,U0969,SELL,2026-01-18,0,0,0,0.0,Scientific Calculator,GENERAL_REUSE
IMP000891,A000891,U0014,BORROW,2026-05-22,1,14,117,0.78,Breadboard Kit,GENERAL_REUSE
IMP000892,A000892,U0241,BORROW,2026-07-06,1,7,200,0.21,Calculator,EDUCATIONAL
IMP000893,A000893,U0928,BORROW,2026-01-25,1,2,462,0.28,Screwdriver Set,GENERAL_REUSE
IMP000894,A000894,U0972,SWAP,2026-06-23,1,0,242,0.44,Calculator,EDUCATIONAL
IMP000895,A000895,U0671,BORROW,2026-07-08,1,7,400,0.4,Textbook,GENERAL_REUSE
IMP000896,A000896,U0987,GIVEAWAY,2025-09-30,1,0,1435,0.7,Presentation Clicker,GENERAL_REUSE
IMP000897,A000897,U0106,SELL,2026-04-02,1,0,1914,0.29,External Hard Drive,GENERAL_REUSE
IMP000898,A000898,U0235,BORROW,2025-12-16,1,14,1032,0.48,Digital Multimeter,GENERAL_REUSE
IMP000899,A000899,U0558,SWAP,2025-09-13,1,0,232,0.29,Digital Multimeter,GENERAL_REUSE
IMP000900,A000900,U0578,BORROW,2026-06-18,1,14,864,0.54,Digital Multimeter,GENERAL_REUSE
IMP000901,A000901,U0046,GIVEAWAY,2026-05-23,1,0,456,0.76,Calculator,EDUCATIONAL
IMP000902,A000902,U0300,SWAP,2026-06-09,0,0,0,0.0,Drawing Board,GENERAL_REUSE
IMP000903,A000903,U0730,SELL,2025-11-25,1,0,1083,0.38,Soldering Iron Kit,GENERAL_REUSE
IMP000904,A000904,U0645,BORROW,2026-02-20,1,2,1270,0.77,Calculator,EDUCATIONAL
IMP000905,A000905,U0268,BORROW,2026-04-24,1,21,1738,0.44,Webcam,GENERAL_REUSE
IMP000906,A000906,U0716,BORROW,2026-03-13,1,21,657,0.73,Python Programming Book,GENERAL_REUSE
IMP000907,A000907,U0443,GIVEAWAY,2026-03-06,0,0,0,0.0,Desk Lamp,GENERAL_REUSE
IMP000908,A000908,U0412,BORROW,2026-01-10,1,14,1824,0.89,Mechanical Drawing Set,GENERAL_REUSE
IMP000909,A000909,U0160,SWAP,2026-07-25,1,0,1462,0.65,Tripod,GENERAL_REUSE
IMP000910,A000910,U0818,BORROW,2026-05-18,0,14,0,0.0,Python Programming Book,GENERAL_REUSE
IMP000911,A000911,U0668,BORROW,2026-01-25,1,14,1170,0.65,Desk Lamp,GENERAL_REUSE
IMP000912,A000912,U0420,GIVEAWAY,2025-10-30,1,0,788,0.63,Screwdriver Set,GENERAL_REUSE
IMP000913,A000913,U0563,BORROW,2026-07-26,1,5,1125,0.75,Mechanical Drawing Set,GENERAL_REUSE
IMP000914,A000914,U0849,BORROW,2026-02-13,1,3,46,0.46,Graph Paper Pack,GENERAL_REUSE
IMP000915,A000915,U0697,GIVEAWAY,2025-10-11,1,0,494,0.76,HDMI Cable,GENERAL_REUSE
IMP000916,A000916,U0256,BORROW,2025-09-16,1,10,600,0.75,Textbook,GENERAL_REUSE
IMP000917,A000917,U0473,GIVEAWAY,2025-10-07,1,0,800,0.8,Arduino Kit,GENERAL_REUSE
IMP000918,A000918,U0275,SWAP,2026-03-05,1,0,3445,0.65,External Hard Drive,GENERAL_REUSE
IMP000919,A000919,U0009,SWAP,2025-09-17,1,0,1148,0.56,Vernier Caliper,GENERAL_REUSE
IMP000920,A000920,U0406,SWAP,2026-02-15,1,0,185,0.37,Safety Goggles,GENERAL_REUSE
IMP000921,A000921,U0614,BORROW,2026-03-14,1,2,288,0.25,Arduino Kit,GENERAL_REUSE
IMP000922,A000922,U0207,BORROW,2025-09-27,1,10,710,0.49,Digital Multimeter,GENERAL_REUSE
IMP000923,A000923,U0942,SWAP,2026-03-31,1,0,120,0.3,Ethernet Cable,GENERAL_REUSE
IMP000924,A000924,U0547,BORROW,2025-11-09,1,10,846,0.89,Headphones,GENERAL_REUSE
IMP000925,A000925,U0035,BORROW,2026-03-29,1,14,646,0.34,Tripod,GENERAL_REUSE
IMP000926,A000926,U0613,BORROW,2026-06-06,1,3,290,0.83,Safety Goggles,GENERAL_REUSE
IMP000927,A000927,U0197,BORROW,2026-05-31,1,2,2064,0.86,Headphones,GENERAL_REUSE
IMP000928,A000928,U0195,SWAP,2026-03-09,1,0,37,0.37,Ethernet Cable,GENERAL_REUSE
IMP000929,A000929,U0475,GIVEAWAY,2026-01-21,1,0,2337,0.38,External Hard Drive,GENERAL_REUSE
IMP000930,A000930,U0702,BORROW,2025-09-26,1,3,660,0.66,Tripod,GENERAL_REUSE
IMP000931,A000931,U0035,GIVEAWAY,2026-02-19,1,0,621,0.54,Scientific Calculator,GENERAL_REUSE
IMP000932,A000932,U0779,SWAP,2026-06-11,1,0,713,0.62,USB Flash Drive,GENERAL_REUSE
IMP000933,A000933,U0585,SELL,2026-05-13,1,0,133,0.38,Ethernet Cable,GENERAL_REUSE
IMP000934,A000934,U0076,SWAP,2026-03-28,1,0,388,0.25,Desk Lamp,GENERAL_REUSE
IMP000935,A000935,U0886,BORROW,2026-01-28,1,14,480,0.8,Safety Goggles,GENERAL_REUSE
IMP000936,A000936,U0251,BORROW,2026-06-11,1,5,1400,0.8,Arduino Kit,GENERAL_REUSE
IMP000937,A000937,U0392,BORROW,2026-06-10,1,5,473,0.43,Textbook,GENERAL_REUSE
IMP000938,A000938,U0061,BORROW,2025-09-30,1,2,432,0.32,Tripod,GENERAL_REUSE
IMP000939,A000939,U0148,GIVEAWAY,2026-02-22,1,0,330,0.6,Ethernet Cable,GENERAL_REUSE
IMP000940,A000940,U0940,BORROW,2025-09-16,1,5,184,0.23,Calculator,EDUCATIONAL
IMP000941,A000941,U0202,SELL,2026-07-18,1,0,357,0.51,Extension Board,GENERAL_REUSE
IMP000942,A000942,U0634,BORROW,2026-01-17,1,10,825,0.3,External Hard Drive,GENERAL_REUSE
IMP000943,A000943,U0280,BORROW,2026-07-10,1,7,442,0.59,Engineering Drawing Kit,GENERAL_REUSE
IMP000944,A000944,U0487,GIVEAWAY,2026-03-09,1,0,1170,0.65,Drawing Board,GENERAL_REUSE
IMP000945,A000945,U0321,BORROW,2026-04-24,0,7,0,0.0,College Backpack,GENERAL_REUSE
IMP000946,A000946,U0497,SWAP,2026-03-12,1,0,2144,0.64,Headphones,GENERAL_REUSE
IMP000947,A000947,U0710,BORROW,2025-12-01,1,5,1312,0.82,Webcam,GENERAL_REUSE
IMP000948,A000948,U0336,BORROW,2026-06-09,1,14,370,0.2,Arduino Kit,GENERAL_REUSE
IMP000949,A000949,U0235,BORROW,2026-02-02,1,21,432,0.54,Textbook,GENERAL_REUSE
IMP000950,A000950,U0851,SELL,2025-11-02,1,0,1056,0.48,College Backpack,GENERAL_REUSE
IMP000951,A000951,U0954,SWAP,2025-09-12,1,0,416,0.52,Mechanical Drawing Set,GENERAL_REUSE
IMP000952,A000952,U0719,BORROW,2025-12-02,0,10,0,0.0,Safety Goggles,GENERAL_REUSE
IMP000953,A000953,U0416,SELL,2025-12-10,1,0,910,0.35,Headphones,GENERAL_REUSE
IMP000954,A000954,U0569,SWAP,2026-04-30,1,0,144,0.32,USB Flash Drive,GENERAL_REUSE
IMP000955,A000955,U0735,SELL,2025-12-01,0,0,0,0.0,Bluetooth Keyboard,GENERAL_REUSE
IMP000956,A000956,U0746,SWAP,2025-09-29,1,0,1064,0.56,Digital Multimeter,GENERAL_REUSE
IMP000957,A000957,U0542,BORROW,2025-10-25,1,10,1298,0.53,USB-C Charger,GENERAL_REUSE
IMP000958,A000958,U0794,GIVEAWAY,2026-07-19,1,0,1725,0.46,External Hard Drive,GENERAL_REUSE
IMP000959,A000959,U0297,SWAP,2026-03-22,1,0,532,0.56,Python Programming Book,GENERAL_REUSE
IMP000960,A000960,U0677,GIVEAWAY,2026-04-29,1,0,348,0.58,Extension Board,GENERAL_REUSE
IMP000961,A000961,U0397,BORROW,2026-01-30,1,5,231,0.42,Safety Goggles,GENERAL_REUSE
IMP000962,A000962,U0461,BORROW,2025-10-03,1,10,1053,0.81,Extension Board,GENERAL_REUSE
IMP000963,A000963,U0354,BORROW,2025-10-20,1,14,585,0.78,Drawing Board,GENERAL_REUSE
IMP000964,A000964,U0499,GIVEAWAY,2026-06-24,1,0,1018,0.55,Engineering Drawing Kit,GENERAL_REUSE
IMP000965,A000965,U0001,GIVEAWAY,2026-03-01,1,0,1162,0.75,Python Programming Book,GENERAL_REUSE
IMP000966,A000966,U0702,BORROW,2026-03-20,1,21,225,0.75,Safety Goggles,GENERAL_REUSE
IMP000967,A000967,U0432,SWAP,2025-11-29,1,0,75,0.3,Safety Goggles,GENERAL_REUSE
IMP000968,A000968,U0600,GIVEAWAY,2026-07-12,1,0,384,0.48,Extension Board,GENERAL_REUSE
IMP000969,A000969,U0283,BORROW,2026-07-06,1,5,952,0.68,Scientific Calculator,GENERAL_REUSE
IMP000970,A000970,U0730,SWAP,2025-09-12,1,0,138,0.46,HDMI Cable,GENERAL_REUSE
IMP000971,A000971,U0704,SWAP,2026-04-29,1,0,989,0.43,Soldering Iron Kit,GENERAL_REUSE
IMP000972,A000972,U0178,BORROW,2026-05-06,1,5,364,0.81,Ethernet Cable,GENERAL_REUSE
IMP000973,A000973,U0466,SWAP,2026-04-08,1,0,152,0.38,HDMI Cable,GENERAL_REUSE
IMP000974,A000974,U0758,SWAP,2026-02-28,1,0,315,0.45,Mechanical Drawing Set,GENERAL_REUSE
IMP000975,A000975,U0041,SELL,2025-11-25,1,0,324,0.24,Desk Lamp,GENERAL_REUSE
IMP000976,A000976,U0845,SWAP,2025-10-11,1,0,700,0.5,Tripod,GENERAL_REUSE
IMP000977,A000977,U0079,BORROW,2025-10-19,1,7,1690,0.49,Soldering Iron Kit,GENERAL_REUSE
IMP000978,A000978,U0590,GIVEAWAY,2026-02-09,1,0,319,0.58,USB Flash Drive,GENERAL_REUSE
IMP000979,A000979,U0309,SWAP,2025-09-26,1,0,1716,0.52,External Hard Drive,GENERAL_REUSE
IMP000980,A000980,U0275,BORROW,2026-07-27,1,10,2420,0.47,External Hard Drive,GENERAL_REUSE
IMP000981,A000981,U0859,GIVEAWAY,2026-05-17,1,0,216,0.54,Scientific Calculator,GENERAL_REUSE
IMP000982,A000982,U0261,BORROW,2025-10-09,1,7,814,0.74,Digital Multimeter,GENERAL_REUSE
IMP000983,A000983,U0755,SWAP,2025-09-17,1,0,70,0.28,USB Flash Drive,GENERAL_REUSE
IMP000984,A000984,U0504,GIVEAWAY,2026-05-27,1,0,420,0.7,Power Bank,GENERAL_REUSE
IMP000985,A000985,U0982,SWAP,2026-06-25,1,0,684,0.57,Screwdriver Set,GENERAL_REUSE
IMP000986,A000986,U0773,BORROW,2026-02-10,1,2,360,0.36,Lab Coat,GENERAL_REUSE
IMP000987,A000987,U0260,SWAP,2026-02-15,1,0,423,0.47,Drawing Board,GENERAL_REUSE
IMP000988,A000988,U0177,SWAP,2026-05-25,1,0,504,0.28,Presentation Clicker,GENERAL_REUSE
IMP000989,A000989,U0135,BORROW,2026-07-17,1,5,136,0.21,Power Bank,GENERAL_REUSE
IMP000990,A000990,U0016,SWAP,2025-09-25,1,0,45,0.45,Ethernet Cable,GENERAL_REUSE
IMP000991,A000991,U0959,BORROW,2025-09-19,1,21,2277,0.69,Headphones,GENERAL_REUSE
IMP000992,A000992,U0875,BORROW,2026-04-04,1,10,468,0.72,USB-C Charger,GENERAL_REUSE
IMP000993,A000993,U0921,BORROW,2025-11-26,1,7,88,0.25,Safety Goggles,GENERAL_REUSE
IMP000994,A000994,U0233,BORROW,2026-04-27,1,10,636,0.41,Power Bank,GENERAL_REUSE
IMP000995,A000995,U0838,BORROW,2026-03-29,1,14,520,0.2,Arduino Kit,GENERAL_REUSE
IMP000996,A000996,U0050,SELL,2026-06-29,1,0,1539,0.54,Soldering Iron Kit,GENERAL_REUSE
IMP000997,A000997,U0344,BORROW,2026-05-13,1,14,1554,0.28,Vernier Caliper,GENERAL_REUSE
IMP000998,A000998,U0305,BORROW,2025-10-26,1,3,299,0.23,Digital Multimeter,GENERAL_REUSE
IMP000999,A000999,U0032,BORROW,2026-07-10,1,14,864,0.27,Bluetooth Keyboard,GENERAL_REUSE
IMP001000,A001000,U0333,BORROW,2025-09-06,1,5,221,0.34,Calculator,EDUCATIONAL
IMP001001,A001001,U0311,BORROW,2025-10-05,1,3,693,0.33,Presentation Clicker,GENERAL_REUSE
IMP001002,A001002,U0527,BORROW,2026-02-01,1,14,1170,0.65,Scientific Calculator,GENERAL_REUSE
IMP001003,A001003,U0457,BORROW,2025-10-07,1,3,672,0.42,Digital Multimeter,GENERAL_REUSE
IMP001004,A001004,U0363,SWAP,2026-05-23,1,0,100,0.5,Ethernet Cable,GENERAL_REUSE
IMP001005,A001005,U0920,GIVEAWAY,2025-10-03,1,0,1215,0.81,Calculator,EDUCATIONAL
IMP001006,A001006,U0956,SELL,2025-11-03,0,0,0,0.0,Lab Coat,GENERAL_REUSE
IMP001007,A001007,U0381,SELL,2025-10-24,1,0,315,0.35,Python Programming Book,GENERAL_REUSE
IMP001008,A001008,U0685,BORROW,2026-05-02,1,14,729,0.81,Textbook,GENERAL_REUSE
IMP001009,A001009,U0130,SWAP,2026-04-15,1,0,252,0.28,Python Programming Book,GENERAL_REUSE
IMP001010,A001010,U0360,BORROW,2025-11-30,1,3,608,0.45,Tripod,GENERAL_REUSE
IMP001011,A001011,U0042,BORROW,2026-05-26,1,7,730,0.73,Textbook,GENERAL_REUSE
IMP001012,A001012,U0008,GIVEAWAY,2025-10-28,1,0,550,0.44,Power Bank,GENERAL_REUSE
IMP001013,A001013,U0091,BORROW,2026-03-01,1,21,75,0.25,Safety Goggles,GENERAL_REUSE
IMP001014,A001014,U0673,BORROW,2026-02-19,1,7,1896,0.79,USB-C Charger,GENERAL_REUSE
IMP001015,A001015,U0056,BORROW,2025-09-05,0,5,0,0.0,USB Flash Drive,GENERAL_REUSE
IMP001016,A001016,U0993,BORROW,2026-07-25,1,3,1131,0.78,Screwdriver Set,GENERAL_REUSE
IMP001017,A001017,U0237,SWAP,2026-07-14,1,0,336,0.32,Python Programming Book,GENERAL_REUSE
IMP001018,A001018,U0032,GIVEAWAY,2026-06-03,1,0,126,0.63,Safety Goggles,GENERAL_REUSE
IMP001019,A001019,U0294,SWAP,2025-11-19,1,0,472,0.35,Engineering Drawing Kit,GENERAL_REUSE
IMP001020,A001020,U0612,SWAP,2025-10-15,1,0,1360,0.32,Webcam,GENERAL_REUSE
IMP001021,A001021,U0833,GIVEAWAY,2026-06-29,1,0,589,0.62,Digital Multimeter,GENERAL_REUSE
IMP001022,A001022,U0484,GIVEAWAY,2026-04-03,1,0,914,0.63,Tripod,GENERAL_REUSE
IMP001023,A001023,U0144,BORROW,2026-05-09,1,2,375,0.75,Desk Lamp,GENERAL_REUSE
IMP001024,A001024,U0082,BORROW,2026-02-11,1,5,14,0.29,Graph Paper Pack,GENERAL_REUSE
IMP001025,A001025,U0722,SELL,2026-03-04,1,0,214,0.33,Arduino Kit,GENERAL_REUSE
IMP001026,A001026,U0094,BORROW,2026-01-03,1,2,493,0.34,Scientific Calculator,GENERAL_REUSE
IMP001027,A001027,U0072,BORROW,2025-09-19,1,2,450,0.75,Safety Goggles,GENERAL_REUSE
IMP001028,A001028,U0909,BORROW,2026-04-22,1,3,594,0.36,Screwdriver Set,GENERAL_REUSE
IMP001029,A001029,U0244,BORROW,2026-07-09,1,3,2166,0.57,Vernier Caliper,GENERAL_REUSE
IMP001030,A001030,U0623,BORROW,2026-06-01,1,5,882,0.42,USB-C Charger,GENERAL_REUSE
IMP001031,A001031,U0523,BORROW,2026-01-11,1,7,297,0.54,Python Programming Book,GENERAL_REUSE
IMP001032,A001032,U0938,BORROW,2026-01-02,1,5,396,0.33,Drawing Board,GENERAL_REUSE
IMP001033,A001033,U0118,SWAP,2026-06-17,1,0,192,0.64,Breadboard Kit,GENERAL_REUSE
IMP001034,A001034,U0180,GIVEAWAY,2026-01-14,1,0,756,0.63,Webcam,GENERAL_REUSE
IMP001035,A001035,U0641,GIVEAWAY,2025-10-02,1,0,962,0.77,Digital Multimeter,GENERAL_REUSE
IMP001036,A001036,U0918,SWAP,2025-09-28,0,0,0,0.0,Headphones,GENERAL_REUSE
IMP001037,A001037,U0167,SWAP,2025-12-18,1,0,1904,0.56,Bluetooth Keyboard,GENERAL_REUSE
IMP001038,A001038,U0827,BORROW,2026-06-11,1,21,150,0.3,Scientific Calculator,GENERAL_REUSE
IMP001039,A001039,U0322,BORROW,2026-03-31,1,7,274,0.61,Python Programming Book,GENERAL_REUSE
IMP001040,A001040,U0290,BORROW,2026-03-09,1,7,3200,0.8,Vernier Caliper,GENERAL_REUSE
IMP001041,A001041,U0908,BORROW,2025-11-17,1,2,2058,0.49,Webcam,GENERAL_REUSE
IMP001042,A001042,U0336,BORROW,2025-11-09,1,21,1452,0.83,Power Bank,GENERAL_REUSE
IMP001043,A001043,U0366,SELL,2025-12-25,1,0,250,0.5,Safety Goggles,GENERAL_REUSE
IMP001044,A001044,U0853,BORROW,2026-04-02,1,5,2132,0.87,Arduino Kit,GENERAL_REUSE
IMP001045,A001045,U0504,BORROW,2026-05-18,1,7,1435,0.7,Vernier Caliper,GENERAL_REUSE
IMP001046,A001046,U0380,SWAP,2026-03-29,1,0,39,0.26,HDMI Cable,GENERAL_REUSE
IMP001047,A001047,U0264,BORROW,2025-09-06,0,2,0,0.0,Vernier Caliper,GENERAL_REUSE
IMP001048,A001048,U0818,BORROW,2026-07-15,0,7,0,0.0,Drawing Board,GENERAL_REUSE
IMP001049,A001049,U0034,SWAP,2025-12-06,1,0,210,0.3,Desk Lamp,GENERAL_REUSE
IMP001050,A001050,U0677,GIVEAWAY,2025-09-30,1,0,1353,0.41,Arduino Kit,GENERAL_REUSE
IMP001051,A001051,U0024,BORROW,2025-11-24,1,14,336,0.84,USB Flash Drive,GENERAL_REUSE
IMP001052,A001052,U0874,BORROW,2026-06-30,1,10,285,0.38,Lab Coat,GENERAL_REUSE
IMP001053,A001053,U0374,SWAP,2025-10-15,1,0,472,0.41,Presentation Clicker,GENERAL_REUSE
IMP001054,A001054,U0756,BORROW,2025-11-01,1,7,620,0.73,Lab Coat,GENERAL_REUSE
IMP001055,A001055,U0855,SWAP,2025-11-28,1,0,638,0.29,Headphones,GENERAL_REUSE
IMP001056,A001056,U0569,BORROW,2026-01-17,1,3,1230,0.82,Headphones,GENERAL_REUSE
IMP001057,A001057,U0547,BORROW,2026-07-28,1,10,1634,0.76,Mechanical Drawing Set,GENERAL_REUSE
IMP001058,A001058,U0457,BORROW,2026-01-01,1,14,1230,0.82,Power Bank,GENERAL_REUSE
IMP001059,A001059,U0429,BORROW,2025-12-23,1,5,1912,0.75,College Backpack,GENERAL_REUSE
IMP001060,A001060,U0658,BORROW,2025-11-22,1,3,722,0.38,College Backpack,GENERAL_REUSE
IMP001061,A001061,U0929,GIVEAWAY,2026-07-24,1,0,561,0.66,Python Programming Book,GENERAL_REUSE
IMP001062,A001062,U0324,SWAP,2026-07-24,1,0,25,0.25,Graph Paper Pack,GENERAL_REUSE
IMP001063,A001063,U0122,BORROW,2026-04-23,1,5,1040,0.8,Screwdriver Set,GENERAL_REUSE
IMP001064,A001064,U0787,BORROW,2026-01-12,0,21,0,0.0,USB-C Charger,GENERAL_REUSE
IMP001065,A001065,U0033,BORROW,2026-01-08,1,21,1032,0.35,Soldering Iron Kit,GENERAL_REUSE
IMP001066,A001066,U0614,SELL,2026-02-05,1,0,700,0.4,Bluetooth Keyboard,GENERAL_REUSE
IMP001067,A001067,U0932,SWAP,2025-12-09,0,0,0,0.0,Breadboard Kit,GENERAL_REUSE
IMP001068,A001068,U0953,SELL,2025-09-19,1,0,91,0.26,Ethernet Cable,GENERAL_REUSE
IMP001069,A001069,U0197,BORROW,2025-10-20,1,7,666,0.43,Arduino Kit,GENERAL_REUSE
IMP001070,A001070,U0925,SELL,2026-07-14,1,0,989,0.46,USB-C Charger,GENERAL_REUSE
IMP001071,A001071,U0332,SWAP,2026-05-24,1,0,322,0.28,Extension Board,GENERAL_REUSE
IMP001072,A001072,U0231,BORROW,2026-02-02,1,2,2330,0.59,Webcam,GENERAL_REUSE
IMP001073,A001073,U0397,GIVEAWAY,2025-12-16,1,0,154,0.77,Graph Paper Pack,GENERAL_REUSE
IMP001074,A001074,U0741,BORROW,2026-02-09,1,5,598,0.52,Drawing Board,GENERAL_REUSE
IMP001075,A001075,U0570,BORROW,2025-11-25,1,2,754,0.58,Extension Board,GENERAL_REUSE
IMP001076,A001076,U0353,SWAP,2026-02-07,1,0,481,0.26,College Backpack,GENERAL_REUSE
IMP001077,A001077,U0115,BORROW,2026-03-15,1,7,348,0.29,Drawing Board,GENERAL_REUSE
IMP001078,A001078,U0900,SELL,2026-07-01,1,0,538,0.43,Headphones,GENERAL_REUSE
IMP001079,A001079,U0790,BORROW,2025-11-14,1,7,420,0.6,Extension Board,GENERAL_REUSE
IMP001080,A001080,U0631,BORROW,2025-09-28,1,5,336,0.48,Safety Goggles,GENERAL_REUSE
IMP001081,A001081,U0237,SWAP,2026-02-21,1,0,120,0.48,Breadboard Kit,GENERAL_REUSE
IMP001082,A001082,U0421,SELL,2026-07-16,1,0,459,0.51,Textbook,GENERAL_REUSE
IMP001083,A001083,U0798,BORROW,2026-01-28,1,5,121,0.22,Screwdriver Set,GENERAL_REUSE
IMP001084,A001084,U0196,SWAP,2025-09-16,1,0,200,0.5,USB Flash Drive,GENERAL_REUSE
IMP001085,A001085,U0708,SWAP,2026-04-29,1,0,902,0.41,Tripod,GENERAL_REUSE
IMP001086,A001086,U0496,BORROW,2025-09-10,1,3,110,0.73,Ethernet Cable,GENERAL_REUSE
IMP001087,A001087,U0243,GIVEAWAY,2026-05-10,1,0,226,0.41,Desk Lamp,GENERAL_REUSE
IMP001088,A001088,U0606,SWAP,2026-03-30,1,0,693,0.63,Drawing Board,GENERAL_REUSE
IMP001089,A001089,U0586,GIVEAWAY,2026-05-18,0,0,0,0.0,Screwdriver Set,GENERAL_REUSE
IMP001090,A001090,U0331,BORROW,2026-05-13,0,14,0,0.0,Headphones,GENERAL_REUSE
IMP001091,A001091,U0641,GIVEAWAY,2026-04-12,1,0,252,0.42,Extension Board,GENERAL_REUSE
IMP001092,A001092,U0744,SELL,2026-01-05,1,0,449,0.29,Presentation Clicker,GENERAL_REUSE
IMP001093,A001093,U0066,BORROW,2025-09-13,1,2,1085,0.7,Screwdriver Set,GENERAL_REUSE
IMP001094,A001094,U0868,BORROW,2026-07-02,1,14,3655,0.85,Vernier Caliper,GENERAL_REUSE
IMP001095,A001095,U0902,BORROW,2026-07-12,1,21,164,0.41,Ethernet Cable,GENERAL_REUSE
IMP001096,A001096,U0863,SWAP,2025-12-31,1,0,1081,0.47,Arduino Kit,GENERAL_REUSE
IMP001097,A001097,U0554,BORROW,2026-02-10,1,2,438,0.73,College Backpack,GENERAL_REUSE
IMP001098,A001098,U0037,BORROW,2026-06-27,1,2,578,0.68,Digital Multimeter,GENERAL_REUSE
IMP001099,A001099,U0699,BORROW,2025-09-07,1,3,935,0.85,Textbook,GENERAL_REUSE
IMP001100,A001100,U0747,SWAP,2026-03-13,1,0,899,0.31,Soldering Iron Kit,GENERAL_REUSE
IMP001101,A001101,U0752,BORROW,2025-10-02,1,2,330,0.3,Webcam,GENERAL_REUSE
IMP001102,A001102,U0773,SELL,2026-06-06,1,0,360,0.36,USB Flash Drive,GENERAL_REUSE
IMP001103,A001103,U0177,BORROW,2026-05-19,1,10,588,0.56,Power Bank,GENERAL_REUSE
IMP001104,A001104,U0574,SELL,2025-11-25,1,0,656,0.41,Drawing Board,GENERAL_REUSE
IMP001105,A001105,U0294,SWAP,2026-02-14,1,0,864,0.32,College Backpack,GENERAL_REUSE
IMP001106,A001106,U0525,SWAP,2025-09-20,0,0,0,0.0,Webcam,GENERAL_REUSE
IMP001107,A001107,U0712,SWAP,2025-12-03,1,0,456,0.57,Lab Coat,GENERAL_REUSE
IMP001108,A001108,U0328,SELL,2026-07-28,1,0,780,0.4,USB-C Charger,GENERAL_REUSE
IMP001109,A001109,U0939,BORROW,2025-12-25,1,10,1001,0.77,Engineering Drawing Kit,GENERAL_REUSE
IMP001110,A001110,U0814,BORROW,2026-01-09,1,2,174,0.87,Graph Paper Pack,GENERAL_REUSE
IMP001111,A001111,U0446,BORROW,2026-01-31,1,2,767,0.26,College Backpack,GENERAL_REUSE
IMP001112,A001112,U0921,GIVEAWAY,2026-03-26,1,0,1188,0.66,Bluetooth Keyboard,GENERAL_REUSE
IMP001113,A001113,U0701,BORROW,2026-02-01,1,3,667,0.46,Drawing Board,GENERAL_REUSE
IMP001114,A001114,U0267,BORROW,2026-05-14,1,3,1056,0.88,Screwdriver Set,GENERAL_REUSE
IMP001115,A001115,U0628,BORROW,2026-01-16,0,3,0,0.0,Vernier Caliper,GENERAL_REUSE
IMP001116,A001116,U0602,SWAP,2026-04-20,1,0,512,0.32,Engineering Drawing Kit,GENERAL_REUSE
IMP001117,A001117,U0058,BORROW,2025-10-14,1,5,784,0.32,Vernier Caliper,GENERAL_REUSE
IMP001118,A001118,U0906,SELL,2025-10-07,1,0,540,0.54,Presentation Clicker,GENERAL_REUSE
IMP001119,A001119,U0150,BORROW,2026-05-13,1,3,4358,0.83,Vernier Caliper,GENERAL_REUSE
IMP001120,A001120,U0388,GIVEAWAY,2026-04-22,1,0,194,0.43,Extension Board,GENERAL_REUSE
IMP001121,A001121,U0803,SWAP,2026-06-19,1,0,255,0.3,Mechanical Drawing Set,GENERAL_REUSE
IMP001122,A001122,U0846,SWAP,2026-04-30,1,0,549,0.61,Lab Coat,GENERAL_REUSE
IMP001123,A001123,U0678,SELL,2025-11-30,1,0,561,0.51,Drawing Board,GENERAL_REUSE
IMP001124,A001124,U0944,BORROW,2026-07-21,0,5,0,0.0,Tripod,GENERAL_REUSE
IMP001125,A001125,U0661,SWAP,2026-07-11,1,0,370,0.39,USB Flash Drive,GENERAL_REUSE
IMP001126,A001126,U0992,BORROW,2026-05-31,1,7,264,0.23,USB Flash Drive,GENERAL_REUSE
IMP001127,A001127,U0652,BORROW,2026-03-17,1,10,494,0.52,USB Flash Drive,GENERAL_REUSE
IMP001128,A001128,U0748,BORROW,2025-10-26,1,3,380,0.76,Presentation Clicker,GENERAL_REUSE
IMP001129,A001129,U0034,BORROW,2026-04-21,1,3,1372,0.45,Soldering Iron Kit,GENERAL_REUSE
IMP001130,A001130,U0574,GIVEAWAY,2026-07-09,1,0,290,0.58,Engineering Drawing Kit,GENERAL_REUSE
IMP001131,A001131,U0386,BORROW,2026-06-20,1,3,125,0.25,Scientific Calculator,GENERAL_REUSE
IMP001132,A001132,U0896,BORROW,2025-11-04,1,21,1190,0.35,Soldering Iron Kit,GENERAL_REUSE
IMP001133,A001133,U0721,SELL,2026-02-11,1,0,144,0.32,Lab Coat,GENERAL_REUSE
IMP001134,A001134,U0805,SELL,2026-03-25,1,0,88,0.35,HDMI Cable,GENERAL_REUSE
IMP001135,A001135,U0011,SWAP,2026-01-23,1,0,260,0.52,Extension Board,GENERAL_REUSE
IMP001136,A001136,U0544,BORROW,2025-10-07,1,2,242,0.23,Extension Board,GENERAL_REUSE
IMP001137,A001137,U0141,SWAP,2025-11-23,0,0,0,0.0,Headphones,GENERAL_REUSE
IMP001138,A001138,U0065,BORROW,2025-11-17,1,5,476,0.68,Engineering Drawing Kit,GENERAL_REUSE
IMP001139,A001139,U0584,SWAP,2026-01-05,1,0,559,0.43,Digital Multimeter,GENERAL_REUSE
IMP001140,A001140,U0503,GIVEAWAY,2025-11-15,0,0,0,0.0,Calculator,EDUCATIONAL
IMP001141,A001141,U0499,BORROW,2026-02-10,1,7,570,0.38,Presentation Clicker,GENERAL_REUSE
IMP001142,A001142,U0594,BORROW,2026-06-02,1,7,2112,0.66,Headphones,GENERAL_REUSE
IMP001143,A001143,U0196,BORROW,2025-12-03,1,7,1073,0.74,Soldering Iron Kit,GENERAL_REUSE
IMP001144,A001144,U0033,SELL,2025-12-22,1,0,324,0.54,Presentation Clicker,GENERAL_REUSE
IMP001145,A001145,U0609,BORROW,2025-12-17,1,3,305,0.61,Safety Goggles,GENERAL_REUSE
IMP001146,A001146,U0203,BORROW,2026-07-20,1,3,612,0.68,College Backpack,GENERAL_REUSE
IMP001147,A001147,U0382,BORROW,2025-10-22,1,3,351,0.26,Python Programming Book,GENERAL_REUSE
IMP001148,A001148,U0147,BORROW,2026-03-08,1,3,838,0.39,Digital Multimeter,GENERAL_REUSE
IMP001149,A001149,U0491,BORROW,2025-10-27,0,21,0,0.0,Desk Lamp,GENERAL_REUSE
IMP001150,A001150,U0093,SELL,2026-01-02,1,0,80,0.32,HDMI Cable,GENERAL_REUSE
IMP001151,A001151,U0277,BORROW,2025-12-06,1,14,112,0.28,Screwdriver Set,GENERAL_REUSE
IMP001152,A001152,U0960,BORROW,2025-12-10,0,7,0,0.0,USB Flash Drive,GENERAL_REUSE
IMP001153,A001153,U0062,BORROW,2025-12-11,1,10,1575,0.42,Webcam,GENERAL_REUSE
IMP001154,A001154,U0707,BORROW,2026-06-28,1,21,456,0.24,Digital Multimeter,GENERAL_REUSE
IMP001155,A001155,U0756,SWAP,2026-04-30,1,0,154,0.44,HDMI Cable,GENERAL_REUSE
IMP001156,A001156,U0943,SELL,2026-05-08,1,0,125,0.25,Safety Goggles,GENERAL_REUSE
IMP001157,A001157,U0327,BORROW,2026-01-22,1,5,355,0.71,Safety Goggles,GENERAL_REUSE
IMP001158,A001158,U0325,BORROW,2025-11-06,1,2,374,0.44,Desk Lamp,GENERAL_REUSE
IMP001159,A001159,U0841,SELL,2025-09-12,0,0,0,0.0,Arduino Kit,GENERAL_REUSE
IMP001160,A001160,U0497,GIVEAWAY,2026-07-17,1,0,363,0.66,HDMI Cable,GENERAL_REUSE
IMP001161,A001161,U0041,BORROW,2026-03-02,1,14,1168,0.73,Webcam,GENERAL_REUSE
IMP001162,A001162,U0156,BORROW,2026-04-11,1,21,2512,0.75,Headphones,GENERAL_REUSE
IMP001163,A001163,U0797,BORROW,2026-01-20,1,7,561,0.34,Soldering Iron Kit,GENERAL_REUSE
IMP001164,A001164,U0546,GIVEAWAY,2025-09-07,1,0,423,0.47,Lab Coat,GENERAL_REUSE
IMP001165,A001165,U0822,SWAP,2026-02-20,1,0,371,0.53,Screwdriver Set,GENERAL_REUSE
IMP001166,A001166,U0015,BORROW,2026-01-13,1,5,910,0.65,Engineering Drawing Kit,GENERAL_REUSE
IMP001167,A001167,U0636,BORROW,2025-12-29,1,21,738,0.41,Vernier Caliper,GENERAL_REUSE
IMP001168,A001168,U0084,BORROW,2026-01-24,1,14,552,0.85,USB Flash Drive,GENERAL_REUSE
IMP001169,A001169,U0938,BORROW,2025-10-31,1,10,1072,0.39,Arduino Kit,GENERAL_REUSE
IMP001170,A001170,U0344,BORROW,2026-04-28,1,5,176,0.88,Ethernet Cable,GENERAL_REUSE
IMP001171,A001171,U0651,SWAP,2026-04-01,1,0,188,0.29,Calculator,EDUCATIONAL
IMP001172,A001172,U0063,SWAP,2026-03-21,1,0,1425,0.57,Scientific Calculator,GENERAL_REUSE
IMP001173,A001173,U0517,GIVEAWAY,2026-04-18,1,0,5544,0.84,External Hard Drive,GENERAL_REUSE
IMP001174,A001174,U0587,BORROW,2025-10-04,1,2,1824,0.48,External Hard Drive,GENERAL_REUSE
IMP001175,A001175,U0065,BORROW,2026-03-10,1,2,518,0.28,Bluetooth Keyboard,GENERAL_REUSE
IMP001176,A001176,U0629,GIVEAWAY,2026-07-21,1,0,750,0.5,Extension Board,GENERAL_REUSE
IMP001177,A001177,U0467,SELL,2026-06-09,1,0,120,0.3,Extension Board,GENERAL_REUSE
IMP001178,A001178,U0179,SELL,2026-06-04,0,0,0,0.0,Soldering Iron Kit,GENERAL_REUSE
IMP001179,A001179,U0455,GIVEAWAY,2026-05-24,1,0,930,0.62,Power Bank,GENERAL_REUSE
IMP001180,A001180,U0989,SWAP,2025-09-26,1,0,176,0.44,Python Programming Book,GENERAL_REUSE
IMP001181,A001181,U0649,BORROW,2025-11-13,1,10,690,0.69,Power Bank,GENERAL_REUSE
IMP001182,A001182,U0129,GIVEAWAY,2026-05-02,1,0,1037,0.61,Scientific Calculator,GENERAL_REUSE
IMP001183,A001183,U0378,BORROW,2026-07-17,1,21,1220,0.4,Headphones,GENERAL_REUSE
IMP001184,A001184,U0010,GIVEAWAY,2026-03-13,1,0,212,0.53,HDMI Cable,GENERAL_REUSE
IMP001185,A001185,U0906,GIVEAWAY,2026-02-18,1,0,1470,0.84,Screwdriver Set,GENERAL_REUSE
IMP001186,A001186,U0883,GIVEAWAY,2026-04-07,1,0,1782,0.81,Power Bank,GENERAL_REUSE
IMP001187,A001187,U0727,BORROW,2026-06-26,1,7,493,0.58,Lab Coat,GENERAL_REUSE
IMP001188,A001188,U0859,BORROW,2025-10-26,0,10,0,0.0,HDMI Cable,GENERAL_REUSE
IMP001189,A001189,U0290,SELL,2026-01-01,1,0,264,0.31,Bluetooth Keyboard,GENERAL_REUSE
IMP001190,A001190,U0769,SELL,2026-01-17,1,0,140,0.35,Ethernet Cable,GENERAL_REUSE
IMP001191,A001191,U0528,SWAP,2025-10-13,1,0,1863,0.46,External Hard Drive,GENERAL_REUSE
IMP001192,A001192,U0890,SELL,2025-11-01,1,0,696,0.48,Drawing Board,GENERAL_REUSE
IMP001193,A001193,U0751,SELL,2025-10-25,1,0,312,0.39,HDMI Cable,GENERAL_REUSE
IMP001194,A001194,U0012,SELL,2026-05-06,1,0,133,0.38,HDMI Cable,GENERAL_REUSE
IMP001195,A001195,U0362,BORROW,2026-05-22,1,7,870,0.6,Desk Lamp,GENERAL_REUSE
IMP001196,A001196,U0764,BORROW,2025-10-17,1,14,1056,0.64,Engineering Drawing Kit,GENERAL_REUSE
IMP001197,A001197,U0507,BORROW,2026-02-07,1,2,984,0.41,College Backpack,GENERAL_REUSE
IMP001198,A001198,U0132,GIVEAWAY,2026-05-13,1,0,1368,0.76,Vernier Caliper,GENERAL_REUSE
IMP001199,A001199,U0771,BORROW,2026-05-22,1,10,256,0.64,Ethernet Cable,GENERAL_REUSE
IMP001200,A001200,U0273,BORROW,2026-02-21,1,7,1479,0.87,Presentation Clicker,GENERAL_REUSE
IMP001201,A001201,U0778,BORROW,2026-07-11,1,5,425,0.85,HDMI Cable,GENERAL_REUSE
IMP001202,A001202,U0418,BORROW,2026-06-02,1,3,660,0.4,Desk Lamp,GENERAL_REUSE
IMP001203,A001203,U0400,BORROW,2026-04-03,1,3,462,0.71,Arduino Kit,GENERAL_REUSE
IMP001204,A001204,U0233,SELL,2026-06-08,1,0,792,0.44,Engineering Drawing Kit,GENERAL_REUSE
IMP001205,A001205,U0989,GIVEAWAY,2026-03-10,1,0,513,0.54,Textbook,GENERAL_REUSE
IMP001206,A001206,U0192,GIVEAWAY,2026-01-03,1,0,222,0.74,Ethernet Cable,GENERAL_REUSE
IMP001207,A001207,U0167,SWAP,2026-03-11,1,0,1403,0.61,Bluetooth Keyboard,GENERAL_REUSE
IMP001208,A001208,U0505,BORROW,2025-12-21,1,2,198,0.66,Lab Coat,GENERAL_REUSE
IMP001209,A001209,U0485,SWAP,2026-01-14,1,0,446,0.33,Extension Board,GENERAL_REUSE
IMP001210,A001210,U0793,SWAP,2025-09-04,1,0,294,0.31,Power Bank,GENERAL_REUSE
IMP001211,A001211,U0160,SWAP,2026-04-19,1,0,455,0.35,Presentation Clicker,GENERAL_REUSE
IMP001212,A001212,U0204,BORROW,2026-05-24,1,5,770,0.28,Soldering Iron Kit,GENERAL_REUSE
IMP001213,A001213,U0239,GIVEAWAY,2025-11-20,1,0,336,0.56,Lab Coat,GENERAL_REUSE
IMP001214,A001214,U0433,GIVEAWAY,2025-09-03,1,0,854,0.61,Desk Lamp,GENERAL_REUSE
IMP001215,A001215,U0544,GIVEAWAY,2026-02-03,1,0,666,0.36,Presentation Clicker,GENERAL_REUSE
IMP001216,A001216,U0406,SELL,2026-05-15,1,0,448,0.39,Lab Coat,GENERAL_REUSE
IMP001217,A001217,U0979,BORROW,2025-12-09,1,10,245,0.49,Extension Board,GENERAL_REUSE
IMP001218,A001218,U0214,BORROW,2026-06-19,1,7,132,0.24,Tripod,GENERAL_REUSE
IMP001219,A001219,U0759,GIVEAWAY,2026-05-19,1,0,2945,0.62,Vernier Caliper,GENERAL_REUSE
IMP001220,A001220,U0471,BORROW,2026-06-16,0,3,0,0.0,Desk Lamp,GENERAL_REUSE
IMP001221,A001221,U0441,BORROW,2025-10-16,1,3,1360,0.68,Power Bank,GENERAL_REUSE
IMP001222,A001222,U0256,SELL,2026-02-27,1,0,324,0.27,Textbook,GENERAL_REUSE
IMP001223,A001223,U0056,BORROW,2025-10-24,1,2,1050,0.7,Drawing Board,GENERAL_REUSE
IMP001224,A001224,U0426,SELL,2026-05-11,1,0,860,0.43,Digital Multimeter,GENERAL_REUSE
IMP001225,A001225,U0044,BORROW,2026-06-26,1,21,310,0.23,Screwdriver Set,GENERAL_REUSE
IMP001226,A001226,U0707,SELL,2026-01-01,1,0,1846,0.52,Vernier Caliper,GENERAL_REUSE
IMP001227,A001227,U0612,BORROW,2026-07-16,1,21,304,0.29,Textbook,GENERAL_REUSE
IMP001228,A001228,U0167,BORROW,2026-05-11,1,21,196,0.49,Desk Lamp,GENERAL_REUSE
IMP001229,A001229,U0396,BORROW,2026-04-14,1,7,266,0.41,USB Flash Drive,GENERAL_REUSE
IMP001230,A001230,U0887,BORROW,2025-09-02,0,14,0,0.0,Drawing Board,GENERAL_REUSE
IMP001231,A001231,U0666,GIVEAWAY,2025-12-16,1,0,837,0.54,Python Programming Book,GENERAL_REUSE
IMP001232,A001232,U0519,BORROW,2025-12-05,1,5,119,0.34,Ethernet Cable,GENERAL_REUSE
IMP001233,A001233,U0278,SWAP,2026-04-10,1,0,836,0.38,Bluetooth Keyboard,GENERAL_REUSE
IMP001234,A001234,U0369,GIVEAWAY,2025-11-21,1,0,667,0.58,Drawing Board,GENERAL_REUSE
IMP001235,A001235,U0151,GIVEAWAY,2026-06-17,1,0,207,0.46,Safety Goggles,GENERAL_REUSE
IMP001236,A001236,U0776,BORROW,2026-04-14,1,2,575,0.25,USB-C Charger,GENERAL_REUSE
IMP001237,A001237,U0435,BORROW,2026-03-31,1,3,1350,0.73,Mechanical Drawing Set,GENERAL_REUSE
IMP001238,A001238,U0766,SWAP,2026-02-25,1,0,494,0.26,Arduino Kit,GENERAL_REUSE
IMP001239,A001239,U0272,GIVEAWAY,2025-11-10,1,0,702,0.39,Screwdriver Set,GENERAL_REUSE
IMP001240,A001240,U0905,SWAP,2026-06-23,1,0,246,0.29,Presentation Clicker,GENERAL_REUSE
IMP001241,A001241,U0744,GIVEAWAY,2026-01-27,1,0,480,0.8,Textbook,GENERAL_REUSE
IMP001242,A001242,U0071,BORROW,2025-10-21,1,5,44,0.44,Graph Paper Pack,GENERAL_REUSE
IMP001243,A001243,U0915,BORROW,2026-02-13,1,7,1178,0.76,Calculator,EDUCATIONAL
IMP001244,A001244,U0536,BORROW,2026-07-18,0,10,0,0.0,Python Programming Book,GENERAL_REUSE
IMP001245,A001245,U0286,SWAP,2026-04-08,1,0,202,0.27,Engineering Drawing Kit,GENERAL_REUSE
IMP001246,A001246,U0338,SWAP,2026-04-23,1,0,354,0.59,Safety Goggles,GENERAL_REUSE
IMP001247,A001247,U0767,BORROW,2025-09-08,1,2,480,0.31,Scientific Calculator,GENERAL_REUSE
IMP001248,A001248,U0615,GIVEAWAY,2026-03-05,1,0,1462,0.79,Mechanical Drawing Set,GENERAL_REUSE
IMP001249,A001249,U0790,GIVEAWAY,2026-01-12,1,0,636,0.41,Python Programming Book,GENERAL_REUSE
IMP001250,A001250,U1000,SELL,2026-05-09,1,0,578,0.55,Tripod,GENERAL_REUSE
IMP001251,A001251,U0788,BORROW,2026-01-03,1,2,328,0.73,Desk Lamp,GENERAL_REUSE
IMP001252,A001252,U0423,SELL,2026-06-27,1,0,405,0.45,Lab Coat,GENERAL_REUSE
IMP001253,A001253,U0334,SWAP,2026-01-05,1,0,728,0.47,Headphones,GENERAL_REUSE
IMP001254,A001254,U0176,BORROW,2025-09-30,1,3,318,0.53,Digital Multimeter,GENERAL_REUSE
IMP001255,A001255,U0342,SELL,2026-05-23,1,0,470,0.47,Textbook,GENERAL_REUSE
IMP001256,A001256,U0087,GIVEAWAY,2025-09-24,1,0,1633,0.71,Soldering Iron Kit,GENERAL_REUSE
IMP001257,A001257,U0018,GIVEAWAY,2026-06-18,1,0,456,0.38,Textbook,GENERAL_REUSE
IMP001258,A001258,U0760,BORROW,2026-05-14,1,21,292,0.39,Engineering Drawing Kit,GENERAL_REUSE
IMP001259,A001259,U0665,SELL,2026-05-25,1,0,104,0.26,Ethernet Cable,GENERAL_REUSE
IMP001260,A001260,U0234,SELL,2026-03-26,1,0,2565,0.54,External Hard Drive,GENERAL_REUSE
IMP001261,A001261,U0806,SELL,2026-05-23,1,0,566,0.29,Webcam,GENERAL_REUSE
IMP001262,A001262,U0764,BORROW,2026-03-21,1,21,1280,0.8,College Backpack,GENERAL_REUSE
IMP001263,A001263,U0767,GIVEAWAY,2026-05-29,1,0,1040,0.77,Vernier Caliper,GENERAL_REUSE
IMP001264,A001264,U0303,GIVEAWAY,2026-02-06,1,0,29,0.58,Graph Paper Pack,GENERAL_REUSE
IMP001265,A001265,U0131,SELL,2026-04-20,1,0,416,0.26,Digital Multimeter,GENERAL_REUSE
IMP001266,A001266,U0991,BORROW,2026-01-23,1,3,540,0.83,Lab Coat,GENERAL_REUSE
IMP001267,A001267,U0082,BORROW,2025-11-15,0,5,0,0.0,Ethernet Cable,GENERAL_REUSE
IMP001268,A001268,U0982,SELL,2026-04-25,0,0,0,0.0,Safety Goggles,GENERAL_REUSE
IMP001269,A001269,U0967,BORROW,2026-02-26,1,10,1034,0.44,Arduino Kit,GENERAL_REUSE
IMP001270,A001270,U0538,BORROW,2026-04-09,1,5,1260,0.45,Bluetooth Keyboard,GENERAL_REUSE
IMP001271,A001271,U0504,BORROW,2026-05-17,1,2,160,0.4,Screwdriver Set,GENERAL_REUSE
IMP001272,A001272,U0656,BORROW,2026-04-26,1,3,1247,0.86,Soldering Iron Kit,GENERAL_REUSE
IMP001273,A001273,U0914,SWAP,2026-04-14,1,0,832,0.64,Python Programming Book,GENERAL_REUSE
IMP001274,A001274,U0028,BORROW,2025-10-19,1,7,480,0.48,Digital Multimeter,GENERAL_REUSE
IMP001275,A001275,U0866,BORROW,2026-05-05,0,14,0,0.0,Python Programming Book,GENERAL_REUSE
IMP001276,A001276,U0343,GIVEAWAY,2026-05-30,1,0,2054,0.79,Headphones,GENERAL_REUSE
IMP001277,A001277,U0247,BORROW,2025-12-07,1,21,552,0.46,Lab Coat,GENERAL_REUSE
IMP001278,A001278,U0144,GIVEAWAY,2026-04-27,1,0,20,0.41,Graph Paper Pack,GENERAL_REUSE
IMP001279,A001279,U0278,BORROW,2026-04-13,1,21,1402,0.85,Power Bank,GENERAL_REUSE
IMP001280,A001280,U0030,BORROW,2026-05-28,1,2,1368,0.72,Scientific Calculator,GENERAL_REUSE
IMP001281,A001281,U0085,BORROW,2026-06-01,1,10,612,0.34,Mechanical Drawing Set,GENERAL_REUSE
IMP001282,A001282,U0177,BORROW,2025-11-15,1,3,1073,0.58,Headphones,GENERAL_REUSE
IMP001283,A001283,U0300,GIVEAWAY,2025-11-07,1,0,420,0.4,Drawing Board,GENERAL_REUSE
IMP001284,A001284,U0501,BORROW,2026-02-05,1,3,234,0.39,Breadboard Kit,GENERAL_REUSE
IMP001285,A001285,U0958,SWAP,2026-07-27,1,0,610,0.37,Soldering Iron Kit,GENERAL_REUSE
IMP001286,A001286,U0402,GIVEAWAY,2025-09-07,1,0,1185,0.79,Calculator,EDUCATIONAL
IMP001287,A001287,U0878,BORROW,2025-10-23,1,5,1320,0.8,Calculator,EDUCATIONAL
IMP001288,A001288,U0923,GIVEAWAY,2025-11-28,1,0,899,0.58,Drawing Board,GENERAL_REUSE
IMP001289,A001289,U0213,GIVEAWAY,2025-09-21,0,0,0,0.0,Power Bank,GENERAL_REUSE
IMP001290,A001290,U0262,GIVEAWAY,2025-10-09,1,0,1458,0.53,Arduino Kit,GENERAL_REUSE
IMP001291,A001291,U0618,SWAP,2025-12-08,1,0,580,0.43,Calculator,EDUCATIONAL
IMP001292,A001292,U0344,BORROW,2026-04-02,1,5,292,0.65,Python Programming Book,GENERAL_REUSE
IMP001293,A001293,U0107,GIVEAWAY,2026-06-08,1,0,1245,0.83,Extension Board,GENERAL_REUSE
IMP001294,A001294,U0013,BORROW,2025-12-08,1,14,102,0.41,HDMI Cable,GENERAL_REUSE
IMP001295,A001295,U0899,SWAP,2025-12-23,1,0,38,0.38,Graph Paper Pack,GENERAL_REUSE
IMP001296,A001296,U0443,SELL,2025-12-18,1,0,1798,0.33,Vernier Caliper,GENERAL_REUSE
IMP001297,A001297,U0246,BORROW,2025-11-02,1,21,1463,0.77,Engineering Drawing Kit,GENERAL_REUSE
IMP001298,A001298,U0527,BORROW,2025-10-31,1,7,407,0.37,Python Programming Book,GENERAL_REUSE
IMP001299,A001299,U0071,GIVEAWAY,2026-03-04,1,0,302,0.55,Breadboard Kit,GENERAL_REUSE
IMP001300,A001300,U0028,BORROW,2026-07-07,1,5,1800,0.75,Arduino Kit,GENERAL_REUSE
IMP001301,A001301,U0741,BORROW,2025-10-17,1,14,204,0.34,College Backpack,GENERAL_REUSE
IMP001302,A001302,U0059,SELL,2025-11-15,1,0,243,0.54,Ethernet Cable,GENERAL_REUSE
IMP001303,A001303,U0529,BORROW,2026-05-28,1,10,238,0.53,Breadboard Kit,GENERAL_REUSE
IMP001304,A001304,U0096,BORROW,2026-04-26,1,3,207,0.23,Power Bank,GENERAL_REUSE
IMP001305,A001305,U0841,GIVEAWAY,2026-07-08,1,0,960,0.48,Engineering Drawing Kit,GENERAL_REUSE
IMP001306,A001306,U0575,GIVEAWAY,2025-11-24,0,0,0,0.0,Headphones,GENERAL_REUSE
IMP001307,A001307,U0500,BORROW,2025-10-04,1,3,792,0.48,Presentation Clicker,GENERAL_REUSE
IMP001308,A001308,U0847,SWAP,2025-09-22,1,0,1804,0.44,External Hard Drive,GENERAL_REUSE
IMP001309,A001309,U0019,SELL,2026-01-11,1,0,1892,0.44,External Hard Drive,GENERAL_REUSE
IMP001310,A001310,U0968,SWAP,2026-04-10,1,0,481,0.26,Tripod,GENERAL_REUSE
IMP001311,A001311,U0825,BORROW,2026-01-27,1,3,116,0.29,Breadboard Kit,GENERAL_REUSE
IMP001312,A001312,U0078,SELL,2026-07-19,1,0,504,0.48,Power Bank,GENERAL_REUSE
IMP001313,A001313,U0468,SWAP,2026-06-04,1,0,1408,0.44,Bluetooth Keyboard,GENERAL_REUSE
IMP001314,A001314,U0957,BORROW,2025-11-24,1,5,504,0.53,Screwdriver Set,GENERAL_REUSE
IMP001315,A001315,U0102,GIVEAWAY,2026-03-21,1,0,468,0.39,College Backpack,GENERAL_REUSE
IMP001316,A001316,U0868,BORROW,2025-12-08,1,21,1870,0.85,USB-C Charger,GENERAL_REUSE
IMP001317,A001317,U0475,BORROW,2025-11-01,1,21,182,0.28,Safety Goggles,GENERAL_REUSE
IMP001318,A001318,U0764,GIVEAWAY,2025-12-02,1,0,852,0.71,Textbook,GENERAL_REUSE
IMP001319,A001319,U0325,BORROW,2026-02-05,1,7,70,0.28,HDMI Cable,GENERAL_REUSE
IMP001320,A001320,U0761,SELL,2026-01-31,1,0,192,0.32,USB Flash Drive,GENERAL_REUSE
IMP001321,A001321,U0226,SELL,2025-10-18,1,0,1656,0.48,Headphones,GENERAL_REUSE
IMP001322,A001322,U0344,BORROW,2026-07-22,1,21,405,0.45,Power Bank,GENERAL_REUSE
IMP001323,A001323,U0187,BORROW,2025-12-31,1,2,345,0.69,HDMI Cable,GENERAL_REUSE
IMP001324,A001324,U0432,SWAP,2025-12-01,1,0,600,0.6,Mechanical Drawing Set,GENERAL_REUSE
IMP001325,A001325,U0761,BORROW,2026-05-17,1,14,426,0.71,HDMI Cable,GENERAL_REUSE
IMP001326,A001326,U0412,SWAP,2026-04-20,1,0,186,0.62,Ethernet Cable,GENERAL_REUSE
IMP001327,A001327,U0432,BORROW,2026-01-27,1,5,1628,0.88,Mechanical Drawing Set,GENERAL_REUSE
IMP001328,A001328,U0096,BORROW,2025-11-24,1,3,34,0.69,Graph Paper Pack,GENERAL_REUSE
IMP001329,A001329,U0952,SELL,2026-06-17,1,0,3136,0.49,External Hard Drive,GENERAL_REUSE
IMP001330,A001330,U0698,BORROW,2026-03-28,1,3,253,0.46,Lab Coat,GENERAL_REUSE
IMP001331,A001331,U0435,GIVEAWAY,2026-02-19,1,0,2380,0.68,External Hard Drive,GENERAL_REUSE
IMP001332,A001332,U0458,GIVEAWAY,2026-02-20,1,0,495,0.55,Textbook,GENERAL_REUSE
IMP001333,A001333,U0352,SWAP,2026-03-06,1,0,232,0.58,HDMI Cable,GENERAL_REUSE
IMP001334,A001334,U0128,GIVEAWAY,2026-01-28,1,0,88,0.44,Breadboard Kit,GENERAL_REUSE
IMP001335,A001335,U0051,BORROW,2026-01-20,1,3,1320,0.88,Engineering Drawing Kit,GENERAL_REUSE
IMP001336,A001336,U0690,SWAP,2026-05-08,1,0,450,0.36,Tripod,GENERAL_REUSE
IMP001337,A001337,U0174,SWAP,2026-05-17,1,0,322,0.43,Breadboard Kit,GENERAL_REUSE
IMP001338,A001338,U0848,SWAP,2026-03-01,1,0,658,0.47,Digital Multimeter,GENERAL_REUSE
IMP001339,A001339,U0062,GIVEAWAY,2026-02-14,0,0,0,0.0,Presentation Clicker,GENERAL_REUSE
IMP001340,A001340,U0585,GIVEAWAY,2025-11-03,1,0,182,0.52,USB Flash Drive,GENERAL_REUSE
IMP001341,A001341,U0229,BORROW,2025-11-25,1,3,731,0.34,Mechanical Drawing Set,GENERAL_REUSE
IMP001342,A001342,U0630,BORROW,2026-03-13,1,2,78,0.26,Breadboard Kit,GENERAL_REUSE
IMP001343,A001343,U0787,BORROW,2026-05-03,1,7,819,0.21,External Hard Drive,GENERAL_REUSE
IMP001344,A001344,U0130,SWAP,2025-11-13,1,0,588,0.56,Mechanical Drawing Set,GENERAL_REUSE
IMP001345,A001345,U0192,BORROW,2026-02-18,1,2,297,0.54,Python Programming Book,GENERAL_REUSE
IMP001346,A001346,U0789,BORROW,2026-04-09,1,21,208,0.83,USB Flash Drive,GENERAL_REUSE
IMP001347,A001347,U0689,BORROW,2026-07-10,1,3,546,0.42,Mechanical Drawing Set,GENERAL_REUSE
IMP001348,A001348,U0808,BORROW,2026-05-19,1,5,371,0.53,HDMI Cable,GENERAL_REUSE
IMP001349,A001349,U0859,GIVEAWAY,2026-02-22,1,0,399,0.38,College Backpack,GENERAL_REUSE
IMP001350,A001350,U0008,SWAP,2026-01-26,1,0,354,0.59,College Backpack,GENERAL_REUSE
IMP001351,A001351,U0197,BORROW,2026-04-05,1,14,368,0.35,Tripod,GENERAL_REUSE
IMP001352,A001352,U0871,BORROW,2026-06-28,1,14,1325,0.53,Headphones,GENERAL_REUSE
IMP001353,A001353,U0453,BORROW,2026-06-06,0,3,0,0.0,Desk Lamp,GENERAL_REUSE
IMP001354,A001354,U0046,GIVEAWAY,2026-01-05,1,0,1728,0.64,Soldering Iron Kit,GENERAL_REUSE
IMP001355,A001355,U0171,BORROW,2026-06-30,1,14,522,0.87,Python Programming Book,GENERAL_REUSE
IMP001356,A001356,U0670,SWAP,2026-03-11,1,0,495,0.55,Arduino Kit,GENERAL_REUSE
IMP001357,A001357,U0031,BORROW,2025-09-07,1,10,168,0.24,Desk Lamp,GENERAL_REUSE
IMP001358,A001358,U0740,SELL,2026-06-07,1,0,238,0.25,USB Flash Drive,GENERAL_REUSE
IMP001359,A001359,U0623,GIVEAWAY,2026-03-21,1,0,780,0.78,Textbook,GENERAL_REUSE
IMP001360,A001360,U0406,BORROW,2026-05-28,1,7,2448,0.89,External Hard Drive,GENERAL_REUSE
IMP001361,A001361,U0041,BORROW,2025-09-26,0,3,0,0.0,College Backpack,GENERAL_REUSE
IMP001362,A001362,U0285,BORROW,2025-10-26,1,3,756,0.89,Desk Lamp,GENERAL_REUSE
IMP001363,A001363,U0015,BORROW,2026-07-21,1,5,792,0.36,Headphones,GENERAL_REUSE
IMP001364,A001364,U0560,BORROW,2025-10-07,1,7,355,0.71,Python Programming Book,GENERAL_REUSE
IMP001365,A001365,U0421,SELL,2025-11-20,1,0,264,0.33,Presentation Clicker,GENERAL_REUSE
IMP001366,A001366,U0512,BORROW,2026-01-03,1,2,1348,0.87,Python Programming Book,GENERAL_REUSE
IMP001367,A001367,U0654,BORROW,2025-11-11,1,3,147,0.49,Breadboard Kit,GENERAL_REUSE
IMP001368,A001368,U0582,SWAP,2026-05-02,1,0,51,0.51,Graph Paper Pack,GENERAL_REUSE
IMP001369,A001369,U0071,SELL,2026-05-16,1,0,310,0.27,Power Bank,GENERAL_REUSE
IMP001370,A001370,U0678,BORROW,2026-07-25,1,7,1050,0.35,Webcam,GENERAL_REUSE
IMP001371,A001371,U0954,GIVEAWAY,2025-09-05,1,0,2856,0.48,External Hard Drive,GENERAL_REUSE
IMP001372,A001372,U0172,GIVEAWAY,2026-01-14,1,0,549,0.61,USB-C Charger,GENERAL_REUSE
IMP001373,A001373,U0989,BORROW,2026-07-13,1,3,528,0.88,Scientific Calculator,GENERAL_REUSE
IMP001374,A001374,U0924,SWAP,2026-02-21,1,0,780,0.52,Drawing Board,GENERAL_REUSE
IMP001375,A001375,U0700,GIVEAWAY,2025-11-18,1,0,1749,0.53,Webcam,GENERAL_REUSE
IMP001376,A001376,U0799,BORROW,2026-03-08,1,10,33,0.33,Graph Paper Pack,GENERAL_REUSE
IMP001377,A001377,U0463,SWAP,2025-10-11,1,0,814,0.44,Headphones,GENERAL_REUSE
IMP001378,A001378,U0295,GIVEAWAY,2025-09-16,1,0,594,0.44,Digital Multimeter,GENERAL_REUSE
IMP001379,A001379,U0179,SWAP,2025-11-30,1,0,50,0.33,Graph Paper Pack,GENERAL_REUSE
IMP001380,A001380,U0517,BORROW,2025-10-31,1,21,2066,0.81,Headphones,GENERAL_REUSE
IMP001381,A001381,U0143,BORROW,2026-04-26,1,10,638,0.85,HDMI Cable,GENERAL_REUSE
IMP001382,A001382,U0932,SELL,2025-11-16,1,0,352,0.37,Python Programming Book,GENERAL_REUSE
IMP001383,A001383,U0117,SELL,2026-05-15,1,0,621,0.46,Python Programming Book,GENERAL_REUSE
IMP001384,A001384,U0332,BORROW,2026-01-27,1,3,1434,0.47,Headphones,GENERAL_REUSE
IMP001385,A001385,U0978,SELL,2026-06-12,0,0,0,0.0,College Backpack,GENERAL_REUSE
IMP001386,A001386,U0024,BORROW,2026-07-13,1,14,1189,0.29,External Hard Drive,GENERAL_REUSE
IMP001387,A001387,U0471,SWAP,2026-01-31,1,0,621,0.54,Soldering Iron Kit,GENERAL_REUSE
IMP001388,A001388,U0493,GIVEAWAY,2026-02-25,1,0,141,0.47,Ethernet Cable,GENERAL_REUSE
IMP001389,A001389,U0306,BORROW,2026-02-02,1,5,974,0.59,Drawing Board,GENERAL_REUSE
IMP001390,A001390,U0518,BORROW,2025-09-20,1,14,1206,0.67,Mechanical Drawing Set,GENERAL_REUSE
IMP001391,A001391,U0210,GIVEAWAY,2026-05-30,1,0,252,0.36,HDMI Cable,GENERAL_REUSE
IMP001392,A001392,U0170,SWAP,2025-11-27,1,0,370,0.39,Scientific Calculator,GENERAL_REUSE
IMP001393,A001393,U0678,BORROW,2025-12-27,1,10,1938,0.57,Soldering Iron Kit,GENERAL_REUSE
IMP001394,A001394,U0384,BORROW,2026-05-14,1,3,270,0.49,Extension Board,GENERAL_REUSE
IMP001395,A001395,U0737,BORROW,2026-07-22,1,7,1276,0.69,Mechanical Drawing Set,GENERAL_REUSE
IMP001396,A001396,U0270,SWAP,2026-06-02,1,0,540,0.27,Vernier Caliper,GENERAL_REUSE
IMP001397,A001397,U0821,SWAP,2025-11-27,1,0,224,0.32,Safety Goggles,GENERAL_REUSE
IMP001398,A001398,U0207,SWAP,2026-05-16,1,0,588,0.56,Textbook,GENERAL_REUSE
IMP001399,A001399,U0064,BORROW,2026-03-22,1,7,390,0.6,USB Flash Drive,GENERAL_REUSE
IMP001400,A001400,U0579,GIVEAWAY,2025-10-31,0,0,0,0.0,Ethernet Cable,GENERAL_REUSE
IMP001401,A001401,U0471,SELL,2025-11-28,1,0,198,0.44,Breadboard Kit,GENERAL_REUSE
IMP001402,A001402,U0601,SELL,2026-02-04,0,0,0,0.0,USB Flash Drive,GENERAL_REUSE
IMP001403,A001403,U0968,BORROW,2025-09-27,1,7,952,0.56,Drawing Board,GENERAL_REUSE
IMP001404,A001404,U0921,GIVEAWAY,2026-06-02,1,0,258,0.43,USB-C Charger,GENERAL_REUSE
IMP001405,A001405,U0539,BORROW,2026-07-15,1,21,1000,0.69,Scientific Calculator,GENERAL_REUSE
IMP001406,A001406,U0131,BORROW,2025-09-01,1,7,2100,0.56,Webcam,GENERAL_REUSE
IMP001407,A001407,U0073,BORROW,2026-06-11,1,10,621,0.27,Bluetooth Keyboard,GENERAL_REUSE
IMP001408,A001408,U0059,GIVEAWAY,2025-09-08,1,0,2652,0.68,External Hard Drive,GENERAL_REUSE
IMP001409,A001409,U0194,BORROW,2025-09-10,1,10,962,0.74,Webcam,GENERAL_REUSE
IMP001410,A001410,U0788,BORROW,2026-02-28,1,7,580,0.2,Headphones,GENERAL_REUSE
IMP001411,A001411,U0085,SELL,2026-07-08,1,0,1287,0.39,Arduino Kit,GENERAL_REUSE
IMP001412,A001412,U0638,SWAP,2026-06-02,1,0,435,0.58,Lab Coat,GENERAL_REUSE
IMP001413,A001413,U0471,BORROW,2026-01-03,1,3,160,0.8,Ethernet Cable,GENERAL_REUSE
IMP001414,A001414,U0277,SWAP,2026-04-05,1,0,140,0.28,Ethernet Cable,GENERAL_REUSE
IMP001415,A001415,U0476,BORROW,2026-05-03,1,10,148,0.33,Safety Goggles,GENERAL_REUSE
IMP001416,A001416,U0597,SWAP,2026-07-22,1,0,574,0.28,Presentation Clicker,GENERAL_REUSE
IMP001417,A001417,U0868,SELL,2026-04-23,1,0,465,0.3,Scientific Calculator,GENERAL_REUSE
IMP001418,A001418,U0646,BORROW,2026-04-08,1,5,184,0.46,Desk Lamp,GENERAL_REUSE
IMP001419,A001419,U0094,SELL,2025-11-08,1,0,1058,0.46,Vernier Caliper,GENERAL_REUSE
IMP001420,A001420,U0199,SWAP,2025-11-07,1,0,1088,0.64,Desk Lamp,GENERAL_REUSE
IMP001421,A001421,U0482,BORROW,2026-03-22,0,7,0,0.0,Engineering Drawing Kit,GENERAL_REUSE
IMP001422,A001422,U0714,SELL,2026-03-01,1,0,861,0.42,Webcam,GENERAL_REUSE
IMP001423,A001423,U0773,BORROW,2026-04-01,1,10,341,0.31,Bluetooth Keyboard,GENERAL_REUSE
IMP001424,A001424,U0961,BORROW,2026-03-12,1,21,994,0.51,Digital Multimeter,GENERAL_REUSE
IMP001425,A001425,U0841,SWAP,2026-06-29,1,0,640,0.4,Calculator,EDUCATIONAL
IMP001426,A001426,U0481,BORROW,2026-06-28,1,21,1414,0.69,USB-C Charger,GENERAL_REUSE
IMP001427,A001427,U0135,BORROW,2026-01-27,1,21,220,0.63,Lab Coat,GENERAL_REUSE
IMP001428,A001428,U0361,SELL,2026-03-22,1,0,576,0.48,Presentation Clicker,GENERAL_REUSE
IMP001429,A001429,U0943,BORROW,2025-09-06,1,14,987,0.47,Digital Multimeter,GENERAL_REUSE
IMP001430,A001430,U0597,BORROW,2026-03-27,1,5,3200,0.8,External Hard Drive,GENERAL_REUSE
IMP001431,A001431,U0407,SELL,2025-11-16,1,0,788,0.45,Drawing Board,GENERAL_REUSE
IMP001432,A001432,U0265,SWAP,2026-03-15,1,0,4032,0.64,External Hard Drive,GENERAL_REUSE
IMP001433,A001433,U0407,BORROW,2026-07-02,1,7,308,0.22,Bluetooth Keyboard,GENERAL_REUSE
IMP001434,A001434,U0352,BORROW,2025-11-27,1,21,442,0.59,Power Bank,GENERAL_REUSE
IMP001435,A001435,U0945,BORROW,2025-11-16,1,5,378,0.36,Presentation Clicker,GENERAL_REUSE
IMP001436,A001436,U0208,SWAP,2026-07-05,1,0,620,0.4,USB-C Charger,GENERAL_REUSE
IMP001437,A001437,U0097,SELL,2025-09-10,1,0,61,0.41,Breadboard Kit,GENERAL_REUSE
IMP001438,A001438,U0851,GIVEAWAY,2026-07-21,1,0,810,0.81,Lab Coat,GENERAL_REUSE
IMP001439,A001439,U0397,SELL,2026-01-04,1,0,28,0.28,Graph Paper Pack,GENERAL_REUSE
IMP001440,A001440,U0304,SELL,2026-02-12,1,0,102,0.41,HDMI Cable,GENERAL_REUSE
IMP001441,A001441,U0222,BORROW,2026-05-27,1,7,1054,0.57,College Backpack,GENERAL_REUSE
IMP001442,A001442,U0257,SELL,2026-04-24,1,0,1140,0.38,Arduino Kit,GENERAL_REUSE
IMP001443,A001443,U0087,BORROW,2025-11-22,1,10,54,0.36,Breadboard Kit,GENERAL_REUSE
IMP001444,A001444,U0153,SWAP,2026-02-20,1,0,412,0.25,Screwdriver Set,GENERAL_REUSE
IMP001445,A001445,U0834,BORROW,2025-10-04,1,10,1335,0.89,Arduino Kit,GENERAL_REUSE
IMP001446,A001446,U0418,GIVEAWAY,2026-07-01,0,0,0,0.0,Ethernet Cable,GENERAL_REUSE
IMP001447,A001447,U0629,GIVEAWAY,2025-10-26,1,0,1081,0.47,USB-C Charger,GENERAL_REUSE
IMP001448,A001448,U0341,GIVEAWAY,2025-12-21,1,0,1095,0.73,Tripod,GENERAL_REUSE
IMP001449,A001449,U0682,SWAP,2025-12-20,1,0,710,0.49,Headphones,GENERAL_REUSE
IMP001450,A001450,U0601,BORROW,2026-03-21,1,14,108,0.27,Safety Goggles,GENERAL_REUSE
IMP001451,A001451,U0488,BORROW,2026-03-29,1,2,552,0.85,Engineering Drawing Kit,GENERAL_REUSE
IMP001452,A001452,U0579,BORROW,2026-06-10,1,2,42,0.85,Graph Paper Pack,GENERAL_REUSE
IMP001453,A001453,U0562,BORROW,2026-03-09,1,7,696,0.87,Textbook,GENERAL_REUSE
IMP001454,A001454,U0754,BORROW,2026-04-04,1,7,819,0.42,Digital Multimeter,GENERAL_REUSE
IMP001455,A001455,U0565,GIVEAWAY,2026-05-23,1,0,292,0.45,Breadboard Kit,GENERAL_REUSE
IMP001456,A001456,U0324,GIVEAWAY,2025-10-28,1,0,2166,0.76,College Backpack,GENERAL_REUSE
IMP001457,A001457,U0423,SWAP,2025-11-06,1,0,1159,0.61,Bluetooth Keyboard,GENERAL_REUSE
IMP001458,A001458,U0875,BORROW,2026-02-22,1,21,432,0.72,Drawing Board,GENERAL_REUSE
IMP001459,A001459,U0430,BORROW,2026-03-24,1,14,172,0.23,Breadboard Kit,GENERAL_REUSE
IMP001460,A001460,U0280,SELL,2025-12-03,1,0,780,0.52,Screwdriver Set,GENERAL_REUSE
IMP001461,A001461,U0608,BORROW,2026-01-09,1,5,118,0.59,Graph Paper Pack,GENERAL_REUSE
IMP001462,A001462,U0588,GIVEAWAY,2026-05-19,1,0,3051,0.54,Vernier Caliper,GENERAL_REUSE
IMP001463,A001463,U0372,SWAP,2025-09-02,0,0,0,0.0,HDMI Cable,GENERAL_REUSE
IMP001464,A001464,U0312,GIVEAWAY,2025-11-12,1,0,700,0.4,Power Bank,GENERAL_REUSE
IMP001465,A001465,U0926,GIVEAWAY,2026-05-10,1,0,2446,0.73,Headphones,GENERAL_REUSE
IMP001466,A001466,U0427,SWAP,2026-02-27,1,0,212,0.47,Ethernet Cable,GENERAL_REUSE
IMP001467,A001467,U0269,SWAP,2026-05-07,1,0,1200,0.49,College Backpack,GENERAL_REUSE
IMP001468,A001468,U0090,BORROW,2025-11-29,1,10,480,0.8,Breadboard Kit,GENERAL_REUSE
IMP001469,A001469,U0783,BORROW,2025-12-30,1,3,1029,0.49,Bluetooth Keyboard,GENERAL_REUSE
IMP001470,A001470,U0727,BORROW,2025-11-18,1,3,1218,0.58,Digital Multimeter,GENERAL_REUSE
IMP001471,A001471,U0294,BORROW,2026-03-17,1,2,759,0.69,Headphones,GENERAL_REUSE
IMP001472,A001472,U0184,GIVEAWAY,2026-02-22,1,0,368,0.67,Ethernet Cable,GENERAL_REUSE
IMP001473,A001473,U0046,SWAP,2026-01-20,1,0,940,0.57,Calculator,EDUCATIONAL
IMP001474,A001474,U0628,GIVEAWAY,2025-10-26,1,0,224,0.56,Ethernet Cable,GENERAL_REUSE
IMP001475,A001475,U0197,SWAP,2026-02-19,1,0,220,0.63,Desk Lamp,GENERAL_REUSE
IMP001476,A001476,U0059,BORROW,2026-06-10,1,10,300,0.4,Power Bank,GENERAL_REUSE
IMP001477,A001477,U0037,GIVEAWAY,2026-01-04,1,0,770,0.7,Drawing Board,GENERAL_REUSE
IMP001478,A001478,U0373,SWAP,2025-09-26,1,0,1802,0.53,Bluetooth Keyboard,GENERAL_REUSE
IMP001479,A001479,U0101,SELL,2026-07-01,1,0,392,0.29,Engineering Drawing Kit,GENERAL_REUSE
IMP001480,A001480,U0203,BORROW,2026-04-18,1,14,760,0.4,Headphones,GENERAL_REUSE
IMP001481,A001481,U0433,BORROW,2026-02-22,1,3,1620,0.79,College Backpack,GENERAL_REUSE
IMP001482,A001482,U0497,GIVEAWAY,2026-01-01,1,0,928,0.64,Engineering Drawing Kit,GENERAL_REUSE
IMP001483,A001483,U0204,SWAP,2026-04-25,1,0,999,0.54,Webcam,GENERAL_REUSE
IMP001484,A001484,U0798,SELL,2026-02-11,1,0,2112,0.33,External Hard Drive,GENERAL_REUSE
IMP001485,A001485,U0834,BORROW,2026-03-05,1,7,135,0.27,HDMI Cable,GENERAL_REUSE
IMP001486,A001486,U0044,BORROW,2025-11-01,1,10,1349,0.71,Arduino Kit,GENERAL_REUSE
IMP001487,A001487,U0739,BORROW,2026-02-20,1,10,356,0.89,Ethernet Cable,GENERAL_REUSE
IMP001488,A001488,U0998,SWAP,2025-10-18,1,0,2802,0.59,Vernier Caliper,GENERAL_REUSE
IMP001489,A001489,U0544,BORROW,2025-11-30,1,14,688,0.81,Textbook,GENERAL_REUSE
IMP001490,A001490,U0647,GIVEAWAY,2026-04-12,1,0,2472,0.48,Vernier Caliper,GENERAL_REUSE
IMP001491,A001491,U0217,SWAP,2025-11-23,1,0,627,0.33,Bluetooth Keyboard,GENERAL_REUSE
IMP001492,A001492,U0711,BORROW,2025-11-27,1,21,609,0.29,Tripod,GENERAL_REUSE
IMP001493,A001493,U0509,GIVEAWAY,2026-01-28,1,0,468,0.36,Extension Board,GENERAL_REUSE
IMP001494,A001494,U0305,BORROW,2026-02-03,1,2,1382,0.79,College Backpack,GENERAL_REUSE
IMP001495,A001495,U0066,BORROW,2025-09-13,1,21,896,0.28,Headphones,GENERAL_REUSE
IMP001496,A001496,U0716,SWAP,2025-10-19,0,0,0,0.0,Python Programming Book,GENERAL_REUSE
IMP001497,A001497,U0899,GIVEAWAY,2026-01-09,1,0,560,0.56,Power Bank,GENERAL_REUSE
IMP001498,A001498,U0397,GIVEAWAY,2026-01-08,1,0,1330,0.76,Calculator,EDUCATIONAL
IMP001499,A001499,U0997,BORROW,2026-02-03,1,21,484,0.44,Lab Coat,GENERAL_REUSE
IMP001500,A001500,U0191,BORROW,2025-09-21,1,14,168,0.56,Ethernet Cable,GENERAL_REUSE
IMP001501,A001501,U0215,GIVEAWAY,2026-05-10,1,0,1446,0.49,College Backpack,GENERAL_REUSE
IMP001502,A001502,U0779,BORROW,2026-03-13,1,7,368,0.49,USB Flash Drive,GENERAL_REUSE
IMP001503,A001503,U0937,SWAP,2025-10-04,1,0,832,0.64,Digital Multimeter,GENERAL_REUSE
IMP001504,A001504,U0665,BORROW,2026-03-11,1,14,930,0.62,Soldering Iron Kit,GENERAL_REUSE
IMP001505,A001505,U0506,SELL,2025-11-06,1,0,441,0.42,Bluetooth Keyboard,GENERAL_REUSE
IMP001506,A001506,U0764,SWAP,2026-03-30,1,0,225,0.3,Textbook,GENERAL_REUSE
IMP001507,A001507,U0289,BORROW,2026-04-02,1,3,528,0.24,Bluetooth Keyboard,GENERAL_REUSE
IMP001508,A001508,U0390,BORROW,2025-09-16,1,7,1856,0.79,Bluetooth Keyboard,GENERAL_REUSE
IMP001509,A001509,U0160,BORROW,2025-11-16,1,10,530,0.53,Extension Board,GENERAL_REUSE
IMP001510,A001510,U0680,BORROW,2026-05-26,1,14,504,0.24,Webcam,GENERAL_REUSE
IMP001511,A001511,U0711,SELL,2026-01-13,1,0,602,0.43,Mechanical Drawing Set,GENERAL_REUSE
IMP001512,A001512,U0156,BORROW,2025-12-03,1,3,416,0.26,Soldering Iron Kit,GENERAL_REUSE
IMP001513,A001513,U0008,BORROW,2025-11-04,1,21,427,0.57,Arduino Kit,GENERAL_REUSE
IMP001514,A001514,U0423,SWAP,2026-07-10,1,0,819,0.63,Soldering Iron Kit,GENERAL_REUSE
IMP001515,A001515,U0107,BORROW,2026-07-06,1,2,110,0.22,USB Flash Drive,GENERAL_REUSE
IMP001516,A001516,U0676,BORROW,2026-02-19,1,3,612,0.68,Power Bank,GENERAL_REUSE
IMP001517,A001517,U0568,GIVEAWAY,2025-09-19,1,0,208,0.52,Ethernet Cable,GENERAL_REUSE
IMP001518,A001518,U0253,BORROW,2025-09-20,1,3,348,0.58,Tripod,GENERAL_REUSE
IMP001519,A001519,U0911,SELL,2026-02-09,1,0,644,0.39,Calculator,EDUCATIONAL
IMP001520,A001520,U0318,SWAP,2026-02-26,1,0,1152,0.47,Engineering Drawing Kit,GENERAL_REUSE
IMP001521,A001521,U0485,SWAP,2026-06-22,1,0,517,0.47,Webcam,GENERAL_REUSE
IMP001522,A001522,U0878,SWAP,2026-02-12,1,0,987,0.42,Scientific Calculator,GENERAL_REUSE
IMP001523,A001523,U0166,GIVEAWAY,2025-10-26,1,0,468,0.52,Presentation Clicker,GENERAL_REUSE
IMP001524,A001524,U0932,SWAP,2026-06-13,1,0,299,0.26,Mechanical Drawing Set,GENERAL_REUSE
IMP001525,A001525,U0907,BORROW,2026-06-17,1,2,403,0.62,HDMI Cable,GENERAL_REUSE
IMP001526,A001526,U0218,BORROW,2026-03-12,1,2,5421,0.78,External Hard Drive,GENERAL_REUSE
IMP001527,A001527,U0750,SWAP,2025-10-26,1,0,116,0.33,Breadboard Kit,GENERAL_REUSE
IMP001528,A001528,U0854,BORROW,2026-04-23,1,5,964,0.47,Engineering Drawing Kit,GENERAL_REUSE
IMP001529,A001529,U0711,BORROW,2025-10-06,1,7,33,0.66,Graph Paper Pack,GENERAL_REUSE
IMP001530,A001530,U0477,GIVEAWAY,2025-09-16,1,0,2275,0.7,Soldering Iron Kit,GENERAL_REUSE
IMP001531,A001531,U0732,SELL,2026-01-26,1,0,94,0.21,HDMI Cable,GENERAL_REUSE
IMP001532,A001532,U0427,SWAP,2025-10-30,1,0,420,0.6,HDMI Cable,GENERAL_REUSE
IMP001533,A001533,U0037,BORROW,2026-07-23,1,2,318,0.49,Desk Lamp,GENERAL_REUSE
IMP001534,A001534,U0518,BORROW,2026-03-08,1,14,903,0.43,College Backpack,GENERAL_REUSE
IMP001535,A001535,U0262,BORROW,2025-11-02,1,5,1377,0.81,Drawing Board,GENERAL_REUSE
IMP001536,A001536,U0835,BORROW,2025-09-21,1,10,351,0.39,Webcam,GENERAL_REUSE
IMP001537,A001537,U0693,GIVEAWAY,2026-01-07,1,0,172,0.43,HDMI Cable,GENERAL_REUSE
IMP001538,A001538,U0161,SWAP,2025-11-23,1,0,304,0.32,Presentation Clicker,GENERAL_REUSE
IMP001539,A001539,U0268,BORROW,2025-11-08,1,14,416,0.64,Lab Coat,GENERAL_REUSE
IMP001540,A001540,U0572,BORROW,2025-11-01,1,5,220,0.22,Bluetooth Keyboard,GENERAL_REUSE
IMP001541,A001541,U0185,BORROW,2026-06-24,1,21,94,0.63,Graph Paper Pack,GENERAL_REUSE
IMP001542,A001542,U0975,GIVEAWAY,2025-10-05,1,0,572,0.44,Presentation Clicker,GENERAL_REUSE
IMP001543,A001543,U0914,SWAP,2026-06-24,1,0,208,0.32,Desk Lamp,GENERAL_REUSE
IMP001544,A001544,U0481,BORROW,2025-10-14,1,3,525,0.42,Calculator,EDUCATIONAL
IMP001545,A001545,U0414,SELL,2026-04-26,1,0,336,0.24,Webcam,GENERAL_REUSE
IMP001546,A001546,U0222,BORROW,2026-04-16,1,21,222,0.89,Safety Goggles,GENERAL_REUSE
IMP001547,A001547,U0589,SELL,2026-01-10,1,0,234,0.36,HDMI Cable,GENERAL_REUSE
IMP001548,A001548,U0602,SELL,2025-09-24,1,0,31,0.31,Graph Paper Pack,GENERAL_REUSE
IMP001549,A001549,U0311,BORROW,2025-10-13,1,10,255,0.3,Scientific Calculator,GENERAL_REUSE
IMP001550,A001550,U0303,GIVEAWAY,2026-02-25,1,0,680,0.68,Headphones,GENERAL_REUSE
IMP001551,A001551,U0530,GIVEAWAY,2026-05-16,1,0,3132,0.58,Vernier Caliper,GENERAL_REUSE
IMP001552,A001552,U0171,SWAP,2026-04-20,1,0,286,0.44,Safety Goggles,GENERAL_REUSE
IMP001553,A001553,U0599,GIVEAWAY,2025-09-04,1,0,322,0.43,Power Bank,GENERAL_REUSE
IMP001554,A001554,U0468,SWAP,2025-11-27,1,0,298,0.35,Extension Board,GENERAL_REUSE
IMP001555,A001555,U0276,SELL,2026-04-02,1,0,300,0.3,Presentation Clicker,GENERAL_REUSE
IMP001556,A001556,U0732,GIVEAWAY,2026-01-27,1,0,1240,0.62,Engineering Drawing Kit,GENERAL_REUSE
IMP001557,A001557,U0720,SWAP,2026-03-01,1,0,140,0.31,Extension Board,GENERAL_REUSE
IMP001558,A001558,U0368,SWAP,2026-06-15,1,0,855,0.57,Drawing Board,GENERAL_REUSE
IMP001559,A001559,U0108,SWAP,2026-01-23,1,0,1738,0.57,Webcam,GENERAL_REUSE
IMP001560,A001560,U0820,SWAP,2026-01-29,1,0,135,0.45,Lab Coat,GENERAL_REUSE
IMP001561,A001561,U0041,SWAP,2026-03-12,1,0,1226,0.57,Soldering Iron Kit,GENERAL_REUSE
IMP001562,A001562,U0067,SELL,2025-12-12,1,0,2474,0.51,Vernier Caliper,GENERAL_REUSE
IMP001563,A001563,U0266,SWAP,2025-12-11,1,0,1072,0.33,Arduino Kit,GENERAL_REUSE
IMP001564,A001564,U0493,BORROW,2026-04-03,1,10,800,0.5,Drawing Board,GENERAL_REUSE
IMP001565,A001565,U0105,SELL,2026-06-18,1,0,748,0.44,Python Programming Book,GENERAL_REUSE
IMP001566,A001566,U0523,GIVEAWAY,2026-03-24,1,0,976,0.63,USB-C Charger,GENERAL_REUSE
IMP001567,A001567,U0634,BORROW,2026-04-29,1,2,118,0.59,Graph Paper Pack,GENERAL_REUSE
IMP001568,A001568,U0253,GIVEAWAY,2025-10-05,1,0,418,0.44,Textbook,GENERAL_REUSE
IMP001569,A001569,U0463,BORROW,2026-04-03,1,10,808,0.77,Screwdriver Set,GENERAL_REUSE
IMP001570,A001570,U0996,GIVEAWAY,2025-12-26,1,0,564,0.47,College Backpack,GENERAL_REUSE
IMP001571,A001571,U0640,BORROW,2026-07-17,1,10,265,0.53,Safety Goggles,GENERAL_REUSE
IMP001572,A001572,U0372,BORROW,2026-02-02,1,7,1485,0.9,Drawing Board,GENERAL_REUSE
IMP001573,A001573,U0833,BORROW,2025-09-23,1,10,916,0.47,Power Bank,GENERAL_REUSE
IMP001574,A001574,U0746,BORROW,2026-06-29,1,3,1062,0.85,Vernier Caliper,GENERAL_REUSE
IMP001575,A001575,U0187,GIVEAWAY,2025-11-16,1,0,1828,0.53,Headphones,GENERAL_REUSE
IMP001576,A001576,U0985,SWAP,2025-10-20,1,0,561,0.33,Python Programming Book,GENERAL_REUSE
IMP001577,A001577,U0897,SELL,2026-01-21,1,0,808,0.49,Desk Lamp,GENERAL_REUSE
IMP001578,A001578,U0677,BORROW,2026-07-20,1,2,472,0.45,Screwdriver Set,GENERAL_REUSE
IMP001579,A001579,U0328,GIVEAWAY,2026-06-25,1,0,837,0.54,Desk Lamp,GENERAL_REUSE
IMP001580,A001580,U0581,BORROW,2025-11-15,1,5,310,0.62,Calculator,EDUCATIONAL
IMP001581,A001581,U0697,SWAP,2026-01-26,0,0,0,0.0,Power Bank,GENERAL_REUSE
IMP001582,A001582,U0199,BORROW,2025-10-09,1,5,969,0.34,Bluetooth Keyboard,GENERAL_REUSE
IMP001583,A001583,U0527,BORROW,2025-09-03,1,3,1020,0.85,Tripod,GENERAL_REUSE
IMP001584,A001584,U0479,SELL,2026-06-13,1,0,292,0.45,Breadboard Kit,GENERAL_REUSE
IMP001585,A001585,U0556,SELL,2026-07-28,1,0,112,0.32,HDMI Cable,GENERAL_REUSE
IMP001586,A001586,U0052,SWAP,2026-06-02,1,0,2062,0.55,Webcam,GENERAL_REUSE
IMP001587,A001587,U0184,SWAP,2026-03-11,1,0,660,0.6,Textbook,GENERAL_REUSE
IMP001588,A001588,U0881,BORROW,2026-05-23,1,21,172,0.69,Safety Goggles,GENERAL_REUSE
IMP001589,A001589,U0050,SWAP,2026-05-08,1,0,480,0.32,Bluetooth Keyboard,GENERAL_REUSE
IMP001590,A001590,U0127,BORROW,2026-04-06,1,3,783,0.27,Headphones,GENERAL_REUSE
IMP001591,A001591,U0389,GIVEAWAY,2026-02-15,1,0,144,0.48,Safety Goggles,GENERAL_REUSE
IMP001592,A001592,U0215,SWAP,2026-05-24,1,0,119,0.34,Ethernet Cable,GENERAL_REUSE
IMP001593,A001593,U0602,SELL,2026-04-27,1,0,710,0.43,Desk Lamp,GENERAL_REUSE
IMP001594,A001594,U0669,BORROW,2026-04-03,1,5,396,0.88,HDMI Cable,GENERAL_REUSE
IMP001595,A001595,U0193,SWAP,2026-04-06,1,0,225,0.45,Textbook,GENERAL_REUSE
IMP001596,A001596,U0374,BORROW,2026-07-23,1,2,2829,0.82,Bluetooth Keyboard,GENERAL_REUSE
IMP001597,A001597,U0415,BORROW,2025-12-02,1,10,22,0.22,Graph Paper Pack,GENERAL_REUSE
IMP001598,A001598,U0812,GIVEAWAY,2026-07-05,1,0,1560,0.65,Webcam,GENERAL_REUSE
IMP001599,A001599,U0814,GIVEAWAY,2026-04-23,1,0,816,0.71,Extension Board,GENERAL_REUSE
IMP001600,A001600,U0400,GIVEAWAY,2025-10-21,1,0,128,0.51,Ethernet Cable,GENERAL_REUSE
IMP001601,A001601,U0230,BORROW,2026-07-18,1,5,308,0.56,Drawing Board,GENERAL_REUSE
IMP001602,A001602,U0015,GIVEAWAY,2025-09-12,1,0,126,0.63,Graph Paper Pack,GENERAL_REUSE
IMP001603,A001603,U0222,BORROW,2025-11-16,1,7,270,0.45,Drawing Board,GENERAL_REUSE
IMP001604,A001604,U0340,BORROW,2026-01-12,1,7,725,0.58,Power Bank,GENERAL_REUSE
IMP001605,A001605,U0782,SELL,2026-04-15,1,0,594,0.36,Desk Lamp,GENERAL_REUSE
IMP001606,A001606,U0990,BORROW,2025-10-14,1,3,986,0.58,College Backpack,GENERAL_REUSE
IMP001607,A001607,U0178,BORROW,2026-05-12,1,21,492,0.24,Bluetooth Keyboard,GENERAL_REUSE
IMP001608,A001608,U0539,BORROW,2025-12-19,1,21,1008,0.28,Webcam,GENERAL_REUSE
IMP001609,A001609,U0834,BORROW,2025-12-09,1,3,225,0.25,Scientific Calculator,GENERAL_REUSE
IMP001610,A001610,U0182,SWAP,2025-11-07,1,0,298,0.35,Bluetooth Keyboard,GENERAL_REUSE
IMP001611,A001611,U0527,BORROW,2026-03-20,1,5,1254,0.38,Headphones,GENERAL_REUSE
IMP001612,A001612,U0740,BORROW,2026-01-17,1,5,1517,0.74,Tripod,GENERAL_REUSE
IMP001613,A001613,U0507,BORROW,2026-03-20,1,14,1292,0.68,Presentation Clicker,GENERAL_REUSE
IMP001614,A001614,U0321,GIVEAWAY,2025-12-23,1,0,262,0.35,Engineering Drawing Kit,GENERAL_REUSE
IMP001615,A001615,U0626,GIVEAWAY,2025-11-03,1,0,136,0.68,Breadboard Kit,GENERAL_REUSE
IMP001616,A001616,U0093,SWAP,2026-07-23,1,0,217,0.31,Power Bank,GENERAL_REUSE
IMP001617,A001617,U0989,BORROW,2025-09-26,1,3,1278,0.71,Mechanical Drawing Set,GENERAL_REUSE
IMP001618,A001618,U0173,BORROW,2025-12-01,1,21,210,0.42,Extension Board,GENERAL_REUSE
IMP001619,A001619,U0369,BORROW,2025-11-10,1,5,446,0.47,Scientific Calculator,GENERAL_REUSE
IMP001620,A001620,U0983,GIVEAWAY,2025-11-08,1,0,357,0.51,Extension Board,GENERAL_REUSE
IMP001621,A001621,U0577,BORROW,2026-05-24,1,10,480,0.8,Engineering Drawing Kit,GENERAL_REUSE
IMP001622,A001622,U0031,SWAP,2026-07-03,1,0,147,0.42,Screwdriver Set,GENERAL_REUSE
IMP001623,A001623,U0789,GIVEAWAY,2026-05-11,1,0,216,0.72,Breadboard Kit,GENERAL_REUSE
IMP001624,A001624,U0260,BORROW,2025-10-23,1,14,624,0.78,Extension Board,GENERAL_REUSE
IMP001625,A001625,U0948,BORROW,2025-12-27,1,2,738,0.36,Engineering Drawing Kit,GENERAL_REUSE
IMP001626,A001626,U0612,SWAP,2025-11-13,1,0,144,0.32,Safety Goggles,GENERAL_REUSE
IMP001627,A001627,U0428,BORROW,2026-05-06,1,3,928,0.29,Vernier Caliper,GENERAL_REUSE
IMP001628,A001628,U0503,BORROW,2026-01-06,1,21,592,0.79,Digital Multimeter,GENERAL_REUSE
IMP001629,A001629,U0009,SELL,2026-01-09,1,0,370,0.39,Power Bank,GENERAL_REUSE
IMP001630,A001630,U0861,GIVEAWAY,2025-12-03,1,0,1004,0.41,Soldering Iron Kit,GENERAL_REUSE
IMP001631,A001631,U0826,BORROW,2026-03-22,1,5,248,0.55,Ethernet Cable,GENERAL_REUSE
IMP001632,A001632,U0357,SWAP,2025-12-09,1,0,174,0.29,Breadboard Kit,GENERAL_REUSE
IMP001633,A001633,U0650,SWAP,2026-02-25,1,0,956,0.49,Presentation Clicker,GENERAL_REUSE
IMP001634,A001634,U0563,BORROW,2025-11-30,0,3,0,0.0,Arduino Kit,GENERAL_REUSE
IMP001635,A001635,U0763,SWAP,2026-06-28,1,0,232,0.29,Extension Board,GENERAL_REUSE
IMP001636,A001636,U0835,GIVEAWAY,2025-12-24,1,0,438,0.35,Python Programming Book,GENERAL_REUSE
IMP001637,A001637,U0105,SWAP,2026-04-17,1,0,910,0.52,Vernier Caliper,GENERAL_REUSE
IMP001638,A001638,U0681,BORROW,2026-03-16,1,7,5248,0.82,External Hard Drive,GENERAL_REUSE
IMP001639,A001639,U0530,GIVEAWAY,2025-11-07,1,0,1185,0.79,Headphones,GENERAL_REUSE
IMP001640,A001640,U0701,SWAP,2025-11-17,1,0,480,0.4,Mechanical Drawing Set,GENERAL_REUSE
IMP001641,A001641,U0579,BORROW,2026-03-24,1,7,190,0.38,HDMI Cable,GENERAL_REUSE
IMP001642,A001642,U0916,BORROW,2026-02-13,1,14,897,0.78,Power Bank,GENERAL_REUSE
IMP001643,A001643,U0309,BORROW,2026-03-09,1,2,438,0.73,USB-C Charger,GENERAL_REUSE
IMP001644,A001644,U0919,BORROW,2026-05-01,1,7,570,0.67,Headphones,GENERAL_REUSE
IMP001645,A001645,U0819,BORROW,2025-09-13,1,21,140,0.35,Lab Coat,GENERAL_REUSE
IMP001646,A001646,U0061,BORROW,2026-01-24,1,2,355,0.71,Safety Goggles,GENERAL_REUSE
IMP001647,A001647,U0025,GIVEAWAY,2026-05-06,1,0,2071,0.38,Vernier Caliper,GENERAL_REUSE
IMP001648,A001648,U0784,GIVEAWAY,2025-10-24,1,0,231,0.77,Safety Goggles,GENERAL_REUSE
IMP001649,A001649,U0728,BORROW,2026-05-17,1,14,344,0.43,Lab Coat,GENERAL_REUSE
IMP001650,A001650,U0873,GIVEAWAY,2026-06-07,1,0,1380,0.46,Headphones,GENERAL_REUSE
IMP001651,A001651,U0363,BORROW,2025-10-14,1,14,81,0.54,Ethernet Cable,GENERAL_REUSE
IMP001652,A001652,U0333,SELL,2025-10-24,1,0,319,0.29,Webcam,GENERAL_REUSE
IMP001653,A001653,U0828,GIVEAWAY,2026-02-14,1,0,2054,0.52,External Hard Drive,GENERAL_REUSE
IMP001654,A001654,U0545,BORROW,2026-01-31,1,5,360,0.24,Power Bank,GENERAL_REUSE
IMP001655,A001655,U0614,BORROW,2025-11-24,1,14,351,0.39,Tripod,GENERAL_REUSE
IMP001656,A001656,U0365,SELL,2026-01-03,1,0,195,0.26,Digital Multimeter,GENERAL_REUSE
IMP001657,A001657,U0627,GIVEAWAY,2026-03-18,1,0,738,0.41,Webcam,GENERAL_REUSE
IMP001658,A001658,U0246,SWAP,2026-04-30,1,0,1375,0.55,Headphones,GENERAL_REUSE
IMP001659,A001659,U0020,BORROW,2026-04-29,1,5,432,0.72,Breadboard Kit,GENERAL_REUSE
IMP001660,A001660,U0431,GIVEAWAY,2025-11-23,1,0,891,0.54,Presentation Clicker,GENERAL_REUSE
IMP001661,A001661,U0631,BORROW,2026-03-20,1,14,63,0.63,Graph Paper Pack,GENERAL_REUSE
IMP001662,A001662,U0757,GIVEAWAY,2025-11-10,1,0,1556,0.61,Arduino Kit,GENERAL_REUSE
IMP001663,A001663,U0094,BORROW,2026-05-08,1,10,640,0.61,Power Bank,GENERAL_REUSE
IMP001664,A001664,U0623,SELL,2025-12-17,1,0,784,0.32,Headphones,GENERAL_REUSE
IMP001665,A001665,U0124,SWAP,2026-02-19,1,0,820,0.41,Engineering Drawing Kit,GENERAL_REUSE
IMP001666,A001666,U0866,SWAP,2025-11-14,1,0,2128,0.33,External Hard Drive,GENERAL_REUSE
IMP001667,A001667,U0583,GIVEAWAY,2025-10-13,1,0,825,0.5,Mechanical Drawing Set,GENERAL_REUSE
IMP001668,A001668,U0864,BORROW,2026-05-06,1,3,729,0.81,Drawing Board,GENERAL_REUSE
IMP001669,A001669,U0218,BORROW,2025-12-03,1,5,314,0.37,Textbook,GENERAL_REUSE
IMP001670,A001670,U0198,SWAP,2026-05-28,1,0,580,0.43,Calculator,EDUCATIONAL
IMP001671,A001671,U0922,BORROW,2025-11-28,1,5,903,0.42,Webcam,GENERAL_REUSE
IMP001672,A001672,U0050,BORROW,2026-03-27,1,3,1690,0.69,Bluetooth Keyboard,GENERAL_REUSE
IMP001673,A001673,U0661,GIVEAWAY,2026-01-28,1,0,282,0.47,Python Programming Book,GENERAL_REUSE
IMP001674,A001674,U0935,SELL,2026-04-23,1,0,518,0.37,College Backpack,GENERAL_REUSE
IMP001675,A001675,U0835,BORROW,2026-04-14,1,21,418,0.38,Presentation Clicker,GENERAL_REUSE
IMP001676,A001676,U0188,GIVEAWAY,2026-05-05,1,0,759,0.66,Textbook,GENERAL_REUSE
IMP001677,A001677,U0640,SWAP,2026-05-06,1,0,630,0.42,Extension Board,GENERAL_REUSE
IMP001678,A001678,U0261,SWAP,2026-06-11,1,0,2218,0.51,External Hard Drive,GENERAL_REUSE
IMP001679,A001679,U0348,GIVEAWAY,2026-01-30,1,0,452,0.43,Desk Lamp,GENERAL_REUSE
IMP001680,A001680,U0573,BORROW,2025-10-09,1,10,875,0.5,USB-C Charger,GENERAL_REUSE
IMP001681,A001681,U0721,BORROW,2025-09-06,1,5,328,0.82,HDMI Cable,GENERAL_REUSE
IMP001682,A001682,U0358,BORROW,2025-09-08,1,2,3940,0.71,Vernier Caliper,GENERAL_REUSE
IMP001683,A001683,U0476,BORROW,2026-03-11,1,3,143,0.26,Digital Multimeter,GENERAL_REUSE
IMP001684,A001684,U0736,SELL,2026-04-09,1,0,837,0.54,Python Programming Book,GENERAL_REUSE
IMP001685,A001685,U0954,GIVEAWAY,2026-03-21,1,0,1242,0.69,Headphones,GENERAL_REUSE
IMP001686,A001686,U0321,GIVEAWAY,2026-03-12,1,0,880,0.8,College Backpack,GENERAL_REUSE
IMP001687,A001687,U0457,BORROW,2025-09-01,1,7,875,0.7,Drawing Board,GENERAL_REUSE
IMP001688,A001688,U0873,GIVEAWAY,2026-03-15,1,0,750,0.79,Extension Board,GENERAL_REUSE
IMP001689,A001689,U0351,SWAP,2026-02-10,1,0,270,0.36,Lab Coat,GENERAL_REUSE
IMP001690,A001690,U0422,GIVEAWAY,2025-12-13,1,0,26,0.52,Graph Paper Pack,GENERAL_REUSE
IMP001691,A001691,U0676,GIVEAWAY,2026-02-02,1,0,800,0.64,Screwdriver Set,GENERAL_REUSE
IMP001692,A001692,U0147,GIVEAWAY,2026-06-19,1,0,318,0.53,Breadboard Kit,GENERAL_REUSE
IMP001693,A001693,U0436,BORROW,2026-06-08,1,14,984,0.82,College Backpack,GENERAL_REUSE
IMP001694,A001694,U0809,BORROW,2026-07-25,1,21,902,0.82,Presentation Clicker,GENERAL_REUSE
IMP001695,A001695,U0516,BORROW,2025-10-30,0,7,0,0.0,Presentation Clicker,GENERAL_REUSE
IMP001696,A001696,U0179,BORROW,2026-02-07,1,5,294,0.28,Digital Multimeter,GENERAL_REUSE
IMP001697,A001697,U0602,SWAP,2025-12-12,1,0,1410,0.6,Bluetooth Keyboard,GENERAL_REUSE
IMP001698,A001698,U0389,BORROW,2026-01-27,0,21,0,0.0,Headphones,GENERAL_REUSE
IMP001699,A001699,U0347,SELL,2026-01-31,1,0,217,0.29,Breadboard Kit,GENERAL_REUSE
IMP001700,A001700,U0076,SELL,2026-05-24,1,0,180,0.3,Python Programming Book,GENERAL_REUSE
IMP001701,A001701,U0627,BORROW,2026-01-06,1,2,1170,0.9,Arduino Kit,GENERAL_REUSE
IMP001702,A001702,U0295,BORROW,2026-02-28,1,3,75,0.5,Graph Paper Pack,GENERAL_REUSE
IMP001703,A001703,U0594,SELL,2026-05-28,1,0,162,0.54,Calculator,EDUCATIONAL
IMP001704,A001704,U0382,SELL,2025-11-06,1,0,64,0.43,Graph Paper Pack,GENERAL_REUSE
IMP001705,A001705,U0458,SWAP,2025-10-14,1,0,646,0.38,Python Programming Book,GENERAL_REUSE
IMP001706,A001706,U0331,BORROW,2026-02-27,0,14,0,0.0,Digital Multimeter,GENERAL_REUSE
IMP001707,A001707,U0231,SWAP,2026-03-19,1,0,595,0.34,Engineering Drawing Kit,GENERAL_REUSE
IMP001708,A001708,U0194,BORROW,2026-06-21,0,5,0,0.0,Textbook,GENERAL_REUSE
IMP001709,A001709,U0686,GIVEAWAY,2026-06-02,1,0,222,0.37,Extension Board,GENERAL_REUSE
IMP001710,A001710,U0172,SWAP,2026-02-21,1,0,214,0.39,Engineering Drawing Kit,GENERAL_REUSE
IMP001711,A001711,U0386,SWAP,2025-11-28,1,0,2560,0.4,External Hard Drive,GENERAL_REUSE
IMP001712,A001712,U0977,BORROW,2025-11-01,1,7,726,0.66,Lab Coat,GENERAL_REUSE
IMP001713,A001713,U0612,BORROW,2025-12-19,1,14,620,0.62,Textbook,GENERAL_REUSE
IMP001714,A001714,U0422,SWAP,2026-07-19,1,0,720,0.6,Desk Lamp,GENERAL_REUSE
IMP001715,A001715,U0938,GIVEAWAY,2026-07-14,1,0,732,0.77,Calculator,EDUCATIONAL
IMP001716,A001716,U0732,SWAP,2025-11-26,1,0,542,0.57,Screwdriver Set,GENERAL_REUSE
IMP001717,A001717,U0424,BORROW,2025-12-01,1,21,95,0.38,Breadboard Kit,GENERAL_REUSE
IMP001718,A001718,U0159,BORROW,2025-11-03,0,3,0,0.0,Python Programming Book,GENERAL_REUSE
IMP001719,A001719,U0841,BORROW,2026-05-10,1,5,126,0.28,USB Flash Drive,GENERAL_REUSE
IMP001720,A001720,U0890,SWAP,2026-03-03,1,0,35,0.35,Graph Paper Pack,GENERAL_REUSE
IMP001721,A001721,U0275,BORROW,2026-02-20,1,5,1250,0.51,Arduino Kit,GENERAL_REUSE
IMP001722,A001722,U0117,SWAP,2025-12-28,1,0,1550,0.5,External Hard Drive,GENERAL_REUSE
IMP001723,A001723,U0454,SELL,2026-06-06,1,0,315,0.21,Vernier Caliper,GENERAL_REUSE
IMP001724,A001724,U0769,BORROW,2025-10-26,1,3,425,0.34,Bluetooth Keyboard,GENERAL_REUSE
IMP001725,A001725,U0265,GIVEAWAY,2026-02-16,1,0,744,0.48,Screwdriver Set,GENERAL_REUSE
IMP001726,A001726,U0352,SELL,2025-11-13,1,0,330,0.3,Headphones,GENERAL_REUSE
IMP001727,A001727,U0220,BORROW,2026-04-28,1,3,1296,0.72,Headphones,GENERAL_REUSE
IMP001728,A001728,U0758,SWAP,2026-04-11,0,0,0,0.0,Ethernet Cable,GENERAL_REUSE
IMP001729,A001729,U0506,SELL,2025-09-12,1,0,375,0.5,College Backpack,GENERAL_REUSE
IMP001730,A001730,U0152,SWAP,2025-11-14,1,0,312,0.52,Lab Coat,GENERAL_REUSE
IMP001731,A001731,U0675,BORROW,2025-09-28,1,7,960,0.3,Headphones,GENERAL_REUSE
IMP001732,A001732,U0078,GIVEAWAY,2025-12-03,1,0,1204,0.56,Bluetooth Keyboard,GENERAL_REUSE
IMP001733,A001733,U0884,BORROW,2026-05-04,1,21,416,0.32,Presentation Clicker,GENERAL_REUSE
IMP001734,A001734,U0014,BORROW,2026-05-14,1,5,18,0.35,Graph Paper Pack,GENERAL_REUSE
IMP001735,A001735,U0218,SWAP,2025-11-16,1,0,756,0.36,Engineering Drawing Kit,GENERAL_REUSE
IMP001736,A001736,U0865,GIVEAWAY,2026-07-04,1,0,286,0.52,Engineering Drawing Kit,GENERAL_REUSE
IMP001737,A001737,U0372,SWAP,2026-06-17,1,0,54,0.36,Graph Paper Pack,GENERAL_REUSE
IMP001738,A001738,U0037,BORROW,2026-03-03,1,3,254,0.39,HDMI Cable,GENERAL_REUSE
IMP001739,A001739,U0017,SELL,2025-09-09,1,0,94,0.47,Graph Paper Pack,GENERAL_REUSE
IMP001740,A001740,U0834,BORROW,2026-06-12,1,14,430,0.43,Extension Board,GENERAL_REUSE
IMP001741,A001741,U0954,SWAP,2026-04-11,1,0,450,0.5,Textbook,GENERAL_REUSE
IMP001742,A001742,U0067,BORROW,2025-12-31,1,10,874,0.53,Desk Lamp,GENERAL_REUSE
IMP001743,A001743,U0335,SWAP,2026-03-15,1,0,298,0.35,Textbook,GENERAL_REUSE
IMP001744,A001744,U0546,BORROW,2025-11-22,1,2,116,0.77,Graph Paper Pack,GENERAL_REUSE
IMP001745,A001745,U0542,SELL,2026-04-24,1,0,358,0.55,Drawing Board,GENERAL_REUSE
IMP001746,A001746,U0705,GIVEAWAY,2026-05-17,1,0,644,0.56,Desk Lamp,GENERAL_REUSE
IMP001747,A001747,U0528,BORROW,2026-02-07,1,3,492,0.82,HDMI Cable,GENERAL_REUSE
IMP001748,A001748,U0949,BORROW,2025-10-28,1,3,483,0.23,Power Bank,GENERAL_REUSE
IMP001749,A001749,U0765,GIVEAWAY,2025-12-22,1,0,408,0.48,Lab Coat,GENERAL_REUSE
IMP001750,A001750,U0215,GIVEAWAY,2026-07-13,1,0,256,0.73,Ethernet Cable,GENERAL_REUSE
IMP001751,A001751,U0461,SELL,2025-11-05,1,0,742,0.45,Headphones,GENERAL_REUSE
IMP001752,A001752,U0287,SWAP,2025-09-21,1,0,342,0.57,HDMI Cable,GENERAL_REUSE
IMP001753,A001753,U0849,GIVEAWAY,2026-07-05,1,0,822,0.35,Headphones,GENERAL_REUSE
IMP001754,A001754,U0260,SWAP,2025-12-18,1,0,484,0.51,Soldering Iron Kit,GENERAL_REUSE
IMP001755,A001755,U0924,SWAP,2026-01-23,1,0,147,0.42,Extension Board,GENERAL_REUSE
IMP001756,A001756,U0878,SELL,2026-07-01,1,0,72,0.24,HDMI Cable,GENERAL_REUSE
IMP001757,A001757,U0485,BORROW,2026-03-06,1,10,180,0.24,Mechanical Drawing Set,GENERAL_REUSE
IMP001758,A001758,U0046,BORROW,2025-11-11,1,5,272,0.68,Screwdriver Set,GENERAL_REUSE
IMP001759,A001759,U0413,SWAP,2026-05-19,1,0,817,0.43,Bluetooth Keyboard,GENERAL_REUSE
IMP001760,A001760,U0367,SELL,2026-01-27,1,0,738,0.36,Mechanical Drawing Set,GENERAL_REUSE
IMP001761,A001761,U0276,SWAP,2026-01-08,1,0,464,0.58,Lab Coat,GENERAL_REUSE
IMP001762,A001762,U0392,SWAP,2026-03-03,1,0,156,0.52,Breadboard Kit,GENERAL_REUSE
IMP001763,A001763,U0560,BORROW,2025-09-04,1,5,264,0.66,Calculator,EDUCATIONAL
IMP001764,A001764,U0482,BORROW,2026-07-12,1,7,2784,0.87,Headphones,GENERAL_REUSE
IMP001765,A001765,U0041,BORROW,2025-10-26,1,3,171,0.57,HDMI Cable,GENERAL_REUSE
IMP001766,A001766,U0889,BORROW,2026-03-17,1,2,623,0.89,USB Flash Drive,GENERAL_REUSE
IMP001767,A001767,U0091,BORROW,2026-06-28,1,14,3548,0.55,External Hard Drive,GENERAL_REUSE
IMP001768,A001768,U0599,BORROW,2026-04-06,1,14,620,0.59,Drawing Board,GENERAL_REUSE
IMP001769,A001769,U0995,BORROW,2026-04-19,1,10,682,0.39,Vernier Caliper,GENERAL_REUSE
IMP001770,A001770,U0500,GIVEAWAY,2025-11-08,1,0,627,0.57,Desk Lamp,GENERAL_REUSE
IMP001771,A001771,U0621,BORROW,2026-02-12,1,7,288,0.72,Screwdriver Set,GENERAL_REUSE
IMP001772,A001772,U0365,BORROW,2026-02-04,1,5,282,0.47,Presentation Clicker,GENERAL_REUSE
IMP001773,A001773,U0416,SWAP,2025-11-25,1,0,122,0.27,Lab Coat,GENERAL_REUSE
IMP001774,A001774,U0606,SELL,2025-09-15,1,0,405,0.3,USB-C Charger,GENERAL_REUSE
IMP001775,A001775,U0156,BORROW,2026-01-24,1,3,42,0.21,Graph Paper Pack,GENERAL_REUSE
IMP001776,A001776,U0704,SELL,2026-02-18,1,0,462,0.25,USB-C Charger,GENERAL_REUSE
IMP001777,A001777,U0302,BORROW,2026-04-05,1,10,1295,0.7,Soldering Iron Kit,GENERAL_REUSE
IMP001778,A001778,U0525,SWAP,2026-07-09,1,0,738,0.36,Headphones,GENERAL_REUSE
IMP001779,A001779,U0386,SWAP,2026-07-21,1,0,738,0.25,Arduino Kit,GENERAL_REUSE
IMP001780,A001780,U0048,BORROW,2025-10-05,1,21,688,0.81,Extension Board,GENERAL_REUSE
IMP001781,A001781,U0516,SWAP,2026-01-26,1,0,70,0.47,Graph Paper Pack,GENERAL_REUSE
IMP001782,A001782,U0363,BORROW,2025-10-22,1,21,289,0.34,Python Programming Book,GENERAL_REUSE
IMP001783,A001783,U0119,BORROW,2026-07-24,1,2,135,0.45,HDMI Cable,GENERAL_REUSE
IMP001784,A001784,U0875,GIVEAWAY,2025-12-18,1,0,1462,0.79,Presentation Clicker,GENERAL_REUSE
IMP001785,A001785,U0840,BORROW,2026-03-22,1,2,966,0.46,Arduino Kit,GENERAL_REUSE
IMP001786,A001786,U0366,BORROW,2026-07-09,1,10,123,0.41,Safety Goggles,GENERAL_REUSE
IMP001787,A001787,U0504,SWAP,2025-11-24,1,0,759,0.46,Presentation Clicker,GENERAL_REUSE
IMP001788,A001788,U0839,BORROW,2026-05-07,1,2,285,0.38,Engineering Drawing Kit,GENERAL_REUSE
IMP001789,A001789,U0206,BORROW,2026-04-17,1,3,820,0.82,Tripod,GENERAL_REUSE
IMP001790,A001790,U0356,SELL,2026-03-17,1,0,168,0.28,Breadboard Kit,GENERAL_REUSE
IMP001791,A001791,U0952,GIVEAWAY,2026-01-23,1,0,340,0.4,Digital Multimeter,GENERAL_REUSE
IMP001792,A001792,U0414,BORROW,2026-06-29,1,3,204,0.68,Breadboard Kit,GENERAL_REUSE
IMP001793,A001793,U0828,BORROW,2026-01-19,1,5,218,0.87,Ethernet Cable,GENERAL_REUSE
IMP001794,A001794,U0616,BORROW,2026-06-10,1,21,585,0.78,Scientific Calculator,GENERAL_REUSE
IMP001795,A001795,U0417,BORROW,2026-04-15,1,2,770,0.44,Calculator,EDUCATIONAL
IMP001796,A001796,U0402,BORROW,2026-07-27,1,3,562,0.45,College Backpack,GENERAL_REUSE
IMP001797,A001797,U0869,BORROW,2026-04-24,1,10,450,0.5,Screwdriver Set,GENERAL_REUSE
IMP001798,A001798,U0211,GIVEAWAY,2025-09-15,0,0,0,0.0,Ethernet Cable,GENERAL_REUSE
IMP001799,A001799,U0248,SELL,2025-12-08,1,0,1122,0.51,Mechanical Drawing Set,GENERAL_REUSE
IMP001800,A001800,U0227,BORROW,2026-07-25,1,10,161,0.46,Lab Coat,GENERAL_REUSE
IMP001801,A001801,U0813,BORROW,2025-11-22,1,5,729,0.54,Engineering Drawing Kit,GENERAL_REUSE
IMP001802,A001802,U0738,BORROW,2026-01-27,1,14,770,0.81,Tripod,GENERAL_REUSE
IMP001803,A001803,U0735,BORROW,2026-06-14,1,2,2166,0.71,Vernier Caliper,GENERAL_REUSE
IMP001804,A001804,U0615,GIVEAWAY,2026-07-10,1,0,908,0.55,Drawing Board,GENERAL_REUSE
IMP001805,A001805,U0815,SWAP,2026-04-19,1,0,196,0.49,Screwdriver Set,GENERAL_REUSE
IMP001806,A001806,U0188,BORROW,2025-09-27,1,10,352,0.22,Presentation Clicker,GENERAL_REUSE
IMP001807,A001807,U0989,SWAP,2025-12-04,1,0,244,0.61,Ethernet Cable,GENERAL_REUSE
IMP001808,A001808,U0738,SELL,2025-09-04,1,0,143,0.26,Calculator,EDUCATIONAL
IMP001809,A001809,U0819,BORROW,2026-03-18,1,10,230,0.27,Textbook,GENERAL_REUSE
IMP001810,A001810,U0296,GIVEAWAY,2026-01-22,1,0,840,0.73,Calculator,EDUCATIONAL
IMP001811,A001811,U0850,BORROW,2025-09-07,1,2,1079,0.83,Screwdriver Set,GENERAL_REUSE
IMP001812,A001812,U0442,BORROW,2026-07-17,1,10,585,0.3,Headphones,GENERAL_REUSE
IMP001813,A001813,U0807,SWAP,2026-05-10,1,0,31,0.62,Graph Paper Pack,GENERAL_REUSE
IMP001814,A001814,U0763,SELL,2025-11-04,1,0,330,0.44,Digital Multimeter,GENERAL_REUSE
IMP001815,A001815,U0548,SWAP,2025-09-21,0,0,0,0.0,Webcam,GENERAL_REUSE
IMP001816,A001816,U0050,BORROW,2025-12-19,1,3,676,0.41,Calculator,EDUCATIONAL
IMP001817,A001817,U0885,SELL,2026-05-24,0,0,0,0.0,Graph Paper Pack,GENERAL_REUSE
IMP001818,A001818,U0990,BORROW,2025-10-01,1,14,247,0.38,USB Flash Drive,GENERAL_REUSE
IMP001819,A001819,U0849,BORROW,2025-12-22,1,21,1316,0.56,Tripod,GENERAL_REUSE
IMP001820,A001820,U0773,BORROW,2026-04-15,1,5,2257,0.74,Webcam,GENERAL_REUSE
IMP001821,A001821,U0190,GIVEAWAY,2025-11-16,1,0,306,0.47,Extension Board,GENERAL_REUSE
IMP001822,A001822,U0788,SWAP,2025-11-14,1,0,728,0.26,Arduino Kit,GENERAL_REUSE
IMP001823,A001823,U0309,SWAP,2026-01-03,1,0,30,0.3,Graph Paper Pack,GENERAL_REUSE
IMP001824,A001824,U0528,BORROW,2026-04-12,1,2,1188,0.66,College Backpack,GENERAL_REUSE
IMP001825,A001825,U0821,BORROW,2026-06-01,1,14,472,0.23,Mechanical Drawing Set,GENERAL_REUSE
IMP001826,A001826,U0332,SELL,2025-09-26,1,0,240,0.32,College Backpack,GENERAL_REUSE
IMP001827,A001827,U0724,BORROW,2025-12-31,1,21,392,0.27,Desk Lamp,GENERAL_REUSE
IMP001828,A001828,U0535,BORROW,2025-11-12,1,7,728,0.47,Webcam,GENERAL_REUSE
IMP001829,A001829,U0090,BORROW,2026-04-30,1,10,369,0.82,Breadboard Kit,GENERAL_REUSE
IMP001830,A001830,U0699,BORROW,2025-10-13,1,7,2898,0.69,External Hard Drive,GENERAL_REUSE
IMP001831,A001831,U0909,SWAP,2025-11-13,0,0,0,0.0,Arduino Kit,GENERAL_REUSE
IMP001832,A001832,U0642,GIVEAWAY,2025-10-05,1,0,1140,0.76,College Backpack,GENERAL_REUSE
IMP001833,A001833,U0197,GIVEAWAY,2025-10-09,1,0,82,0.55,Breadboard Kit,GENERAL_REUSE
IMP001834,A001834,U0729,BORROW,2025-10-24,1,2,220,0.49,Calculator,EDUCATIONAL
IMP001835,A001835,U0341,SWAP,2026-04-04,1,0,384,0.32,College Backpack,GENERAL_REUSE
IMP001836,A001836,U0300,SWAP,2025-09-08,1,0,420,0.3,Desk Lamp,GENERAL_REUSE
IMP001837,A001837,U0524,BORROW,2026-03-01,1,3,750,0.79,Headphones,GENERAL_REUSE
IMP001838,A001838,U0898,GIVEAWAY,2026-05-09,1,0,654,0.77,Digital Multimeter,GENERAL_REUSE
IMP001839,A001839,U0574,BORROW,2026-04-14,0,14,0,0.0,External Hard Drive,GENERAL_REUSE
IMP001840,A001840,U0691,GIVEAWAY,2026-03-22,1,0,2726,0.79,Headphones,GENERAL_REUSE
IMP001841,A001841,U0646,SWAP,2026-06-12,1,0,868,0.56,Screwdriver Set,GENERAL_REUSE
IMP001842,A001842,U0204,GIVEAWAY,2025-11-28,1,0,900,0.72,Tripod,GENERAL_REUSE
IMP001843,A001843,U0475,GIVEAWAY,2026-04-10,1,0,600,0.5,Tripod,GENERAL_REUSE
IMP001844,A001844,U0439,GIVEAWAY,2025-11-13,1,0,200,0.8,HDMI Cable,GENERAL_REUSE
IMP001845,A001845,U0914,BORROW,2025-11-12,1,14,546,0.84,Drawing Board,GENERAL_REUSE
IMP001846,A001846,U0995,GIVEAWAY,2026-01-11,1,0,105,0.42,Ethernet Cable,GENERAL_REUSE
IMP001847,A001847,U0097,BORROW,2025-11-29,1,7,14,0.27,Graph Paper Pack,GENERAL_REUSE
IMP001848,A001848,U0680,SWAP,2026-07-06,1,0,285,0.38,Desk Lamp,GENERAL_REUSE
IMP001849,A001849,U0598,GIVEAWAY,2025-11-01,1,0,1072,0.55,College Backpack,GENERAL_REUSE
IMP001850,A001850,U0345,GIVEAWAY,2025-11-11,1,0,882,0.49,USB-C Charger,GENERAL_REUSE
IMP001851,A001851,U0670,BORROW,2025-09-06,1,14,846,0.89,Extension Board,GENERAL_REUSE
IMP001852,A001852,U0089,BORROW,2026-02-20,1,14,770,0.77,USB Flash Drive,GENERAL_REUSE
IMP001853,A001853,U0365,GIVEAWAY,2025-12-31,1,0,322,0.43,USB Flash Drive,GENERAL_REUSE
IMP001854,A001854,U0968,SWAP,2026-05-19,1,0,341,0.31,Scientific Calculator,GENERAL_REUSE
IMP001855,A001855,U0716,BORROW,2026-06-13,0,7,0,0.0,Graph Paper Pack,GENERAL_REUSE
IMP001856,A001856,U0480,BORROW,2025-10-24,0,3,0,0.0,HDMI Cable,GENERAL_REUSE
IMP001857,A001857,U0566,GIVEAWAY,2026-06-10,1,0,460,0.46,College Backpack,GENERAL_REUSE
IMP001858,A001858,U0335,SELL,2025-10-29,1,0,1066,0.41,Headphones,GENERAL_REUSE
IMP001859,A001859,U0088,BORROW,2026-05-28,1,7,922,0.45,Mechanical Drawing Set,GENERAL_REUSE
IMP001860,A001860,U0821,BORROW,2025-12-27,1,7,442,0.59,Lab Coat,GENERAL_REUSE
IMP001861,A001861,U0706,BORROW,2026-06-03,1,14,301,0.43,Calculator,EDUCATIONAL
IMP001862,A001862,U0882,BORROW,2025-12-31,1,10,345,0.69,Safety Goggles,GENERAL_REUSE
IMP001863,A001863,U0568,GIVEAWAY,2026-07-26,1,0,441,0.63,HDMI Cable,GENERAL_REUSE
IMP001864,A001864,U0913,BORROW,2026-06-10,1,10,1560,0.6,Headphones,GENERAL_REUSE
IMP001865,A001865,U0300,BORROW,2026-05-25,1,5,338,0.45,Headphones,GENERAL_REUSE
IMP001866,A001866,U0434,SELL,2026-05-11,1,0,441,0.49,Calculator,EDUCATIONAL
IMP001867,A001867,U0717,SWAP,2026-03-17,1,0,128,0.32,Python Programming Book,GENERAL_REUSE
IMP001868,A001868,U0853,BORROW,2026-03-17,1,3,645,0.43,Extension Board,GENERAL_REUSE
IMP001869,A001869,U0756,BORROW,2026-07-23,1,10,377,0.58,Extension Board,GENERAL_REUSE
IMP001870,A001870,U0524,BORROW,2026-03-11,1,5,1890,0.9,Webcam,GENERAL_REUSE
IMP001871,A001871,U0996,BORROW,2025-11-27,1,10,622,0.83,USB Flash Drive,GENERAL_REUSE
IMP001872,A001872,U0415,SWAP,2025-09-05,1,0,522,0.29,Engineering Drawing Kit,GENERAL_REUSE
IMP001873,A001873,U0768,BORROW,2025-09-12,1,7,1943,0.58,Vernier Caliper,GENERAL_REUSE
IMP001874,A001874,U0018,BORROW,2026-07-15,1,2,756,0.63,Python Programming Book,GENERAL_REUSE
IMP001875,A001875,U0520,BORROW,2025-11-15,1,21,268,0.67,Desk Lamp,GENERAL_REUSE
IMP001876,A001876,U0934,GIVEAWAY,2026-07-07,1,0,492,0.41,Python Programming Book,GENERAL_REUSE
IMP001877,A001877,U0824,BORROW,2026-06-17,1,10,1290,0.6,Bluetooth Keyboard,GENERAL_REUSE
IMP001878,A001878,U0303,SELL,2025-12-03,1,0,960,0.48,Tripod,GENERAL_REUSE
IMP001879,A001879,U0771,BORROW,2025-12-11,1,3,1323,0.49,Headphones,GENERAL_REUSE
IMP001880,A001880,U0464,BORROW,2025-10-09,1,2,214,0.33,Tripod,GENERAL_REUSE
IMP001881,A001881,U0829,SELL,2026-04-28,1,0,697,0.41,Digital Multimeter,GENERAL_REUSE
IMP001882,A001882,U0963,BORROW,2025-12-31,1,2,279,0.62,Textbook,GENERAL_REUSE
IMP001883,A001883,U0618,SWAP,2025-12-17,1,0,648,0.37,Screwdriver Set,GENERAL_REUSE
IMP001884,A001884,U0966,SWAP,2026-04-01,1,0,714,0.42,Mechanical Drawing Set,GENERAL_REUSE
IMP001885,A001885,U0478,BORROW,2026-03-15,1,21,215,0.43,Extension Board,GENERAL_REUSE
IMP001886,A001886,U0060,SWAP,2025-09-26,1,0,901,0.53,Headphones,GENERAL_REUSE
IMP001887,A001887,U0612,SWAP,2025-11-08,1,0,248,0.33,Breadboard Kit,GENERAL_REUSE
IMP001888,A001888,U0403,GIVEAWAY,2025-11-05,1,0,175,0.5,Breadboard Kit,GENERAL_REUSE
IMP001889,A001889,U0212,BORROW,2025-12-23,1,10,4340,0.7,External Hard Drive,GENERAL_REUSE
IMP001890,A001890,U0787,BORROW,2025-12-19,1,10,76,0.51,Ethernet Cable,GENERAL_REUSE
IMP001891,A001891,U0083,BORROW,2026-03-04,1,10,542,0.35,Drawing Board,GENERAL_REUSE
IMP001892,A001892,U0864,SELL,2026-03-10,1,0,351,0.39,Scientific Calculator,GENERAL_REUSE
IMP001893,A001893,U0713,SWAP,2026-04-18,1,0,396,0.33,Digital Multimeter,GENERAL_REUSE
IMP001894,A001894,U0135,SELL,2026-02-12,1,0,1276,0.37,Webcam,GENERAL_REUSE
IMP001895,A001895,U0225,SWAP,2025-09-18,1,0,666,0.31,Tripod,GENERAL_REUSE
IMP001896,A001896,U0565,BORROW,2026-07-15,1,7,714,0.28,Bluetooth Keyboard,GENERAL_REUSE
IMP001897,A001897,U0157,BORROW,2026-05-04,1,5,1140,0.38,Webcam,GENERAL_REUSE
IMP001898,A001898,U0545,GIVEAWAY,2026-03-26,1,0,338,0.75,Safety Goggles,GENERAL_REUSE
IMP001899,A001899,U0433,BORROW,2025-09-14,1,10,920,0.23,External Hard Drive,GENERAL_REUSE
IMP001900,A001900,U0466,GIVEAWAY,2026-01-05,1,0,638,0.58,Desk Lamp,GENERAL_REUSE
IMP001901,A001901,U0299,BORROW,2026-04-08,1,10,657,0.73,Tripod,GENERAL_REUSE
IMP001902,A001902,U0132,BORROW,2025-11-23,1,14,1552,0.69,Soldering Iron Kit,GENERAL_REUSE
IMP001903,A001903,U0439,SELL,2026-02-12,1,0,589,0.31,Soldering Iron Kit,GENERAL_REUSE
IMP001904,A001904,U0048,BORROW,2026-04-09,1,21,539,0.77,HDMI Cable,GENERAL_REUSE
IMP001905,A001905,U0311,BORROW,2026-03-02,1,10,1462,0.65,USB-C Charger,GENERAL_REUSE
IMP001906,A001906,U0623,SELL,2025-11-26,1,0,136,0.39,HDMI Cable,GENERAL_REUSE
IMP001907,A001907,U0301,SWAP,2025-11-18,1,0,826,0.57,Webcam,GENERAL_REUSE
IMP001908,A001908,U0362,BORROW,2026-02-07,1,2,1320,0.66,Digital Multimeter,GENERAL_REUSE
IMP001909,A001909,U0510,SELL,2026-02-06,1,0,1496,0.41,Webcam,GENERAL_REUSE
IMP001910,A001910,U0907,SWAP,2025-09-20,1,0,59,0.59,Graph Paper Pack,GENERAL_REUSE
IMP001911,A001911,U0097,SWAP,2025-09-27,0,0,0,0.0,HDMI Cable,GENERAL_REUSE
IMP001912,A001912,U0478,SWAP,2026-02-05,0,0,0,0.0,Calculator,EDUCATIONAL
IMP001913,A001913,U0032,BORROW,2026-01-02,1,21,258,0.43,Desk Lamp,GENERAL_REUSE
IMP001914,A001914,U0101,SWAP,2026-07-09,1,0,1325,0.5,Headphones,GENERAL_REUSE
IMP001915,A001915,U0019,GIVEAWAY,2026-04-27,1,0,84,0.42,HDMI Cable,GENERAL_REUSE
IMP001916,A001916,U0784,BORROW,2026-04-04,1,21,87,0.29,HDMI Cable,GENERAL_REUSE
IMP001917,A001917,U0815,SWAP,2026-05-29,1,0,621,0.54,Scientific Calculator,GENERAL_REUSE
IMP001918,A001918,U0519,BORROW,2025-09-18,1,5,438,0.35,Power Bank,GENERAL_REUSE
IMP001919,A001919,U0841,BORROW,2025-12-18,1,10,42,0.84,Graph Paper Pack,GENERAL_REUSE
IMP001920,A001920,U0963,BORROW,2026-03-08,0,2,0,0.0,Ethernet Cable,GENERAL_REUSE
IMP001921,A001921,U0708,BORROW,2026-03-06,1,21,341,0.22,Screwdriver Set,GENERAL_REUSE
IMP001922,A001922,U0925,BORROW,2026-02-07,1,10,138,0.25,Drawing Board,GENERAL_REUSE
IMP001923,A001923,U0516,BORROW,2025-11-15,1,5,1496,0.88,Screwdriver Set,GENERAL_REUSE
IMP001924,A001924,U0726,GIVEAWAY,2025-09-07,1,0,240,0.4,Calculator,EDUCATIONAL
IMP001925,A001925,U0871,SWAP,2026-01-19,1,0,1776,0.37,External Hard Drive,GENERAL_REUSE
IMP001926,A001926,U0133,BORROW,2026-07-17,1,14,399,0.21,Mechanical Drawing Set,GENERAL_REUSE
IMP001927,A001927,U0537,BORROW,2026-02-25,1,14,584,0.73,HDMI Cable,GENERAL_REUSE
IMP001928,A001928,U0709,GIVEAWAY,2025-10-31,1,0,3176,0.73,External Hard Drive,GENERAL_REUSE
IMP001929,A001929,U0408,SWAP,2026-02-06,1,0,336,0.32,Drawing Board,GENERAL_REUSE
IMP001930,A001930,U0202,BORROW,2026-01-10,1,5,1326,0.51,Headphones,GENERAL_REUSE
IMP001931,A001931,U0698,BORROW,2026-05-06,1,5,1204,0.86,Soldering Iron Kit,GENERAL_REUSE
IMP001932,A001932,U0010,BORROW,2025-10-07,0,3,0,0.0,Headphones,GENERAL_REUSE
IMP001933,A001933,U0117,SWAP,2026-05-20,1,0,126,0.63,HDMI Cable,GENERAL_REUSE
IMP001934,A001934,U0850,GIVEAWAY,2026-02-09,1,0,841,0.58,Power Bank,GENERAL_REUSE
IMP001935,A001935,U0839,SWAP,2026-01-26,1,0,588,0.28,Soldering Iron Kit,GENERAL_REUSE
IMP001936,A001936,U0728,SWAP,2025-09-11,1,0,783,0.58,Vernier Caliper,GENERAL_REUSE
IMP001937,A001937,U0848,BORROW,2026-02-22,1,2,561,0.51,Tripod,GENERAL_REUSE
IMP001938,A001938,U0041,BORROW,2025-10-05,1,2,68,0.27,Ethernet Cable,GENERAL_REUSE
IMP001939,A001939,U0816,GIVEAWAY,2026-02-27,1,0,1038,0.67,Screwdriver Set,GENERAL_REUSE
IMP001940,A001940,U0513,BORROW,2025-12-27,1,21,639,0.71,Presentation Clicker,GENERAL_REUSE
IMP001941,A001941,U0606,BORROW,2026-06-19,1,7,480,0.8,Textbook,GENERAL_REUSE
IMP001942,A001942,U0141,SWAP,2026-02-12,1,0,37,0.37,Graph Paper Pack,GENERAL_REUSE
IMP001943,A001943,U0847,SELL,2026-01-07,1,0,442,0.52,Python Programming Book,GENERAL_REUSE
IMP001944,A001944,U0103,BORROW,2025-11-05,1,7,630,0.35,Tripod,GENERAL_REUSE
IMP001945,A001945,U0029,GIVEAWAY,2026-01-20,1,0,196,0.49,Safety Goggles,GENERAL_REUSE
IMP001946,A001946,U0496,BORROW,2025-09-03,1,14,756,0.84,Scientific Calculator,GENERAL_REUSE
IMP001947,A001947,U0630,BORROW,2025-12-25,1,14,1170,0.6,Arduino Kit,GENERAL_REUSE
IMP001948,A001948,U0890,SELL,2026-03-15,1,0,164,0.41,Breadboard Kit,GENERAL_REUSE
IMP001949,A001949,U0217,BORROW,2026-05-28,1,3,375,0.75,Safety Goggles,GENERAL_REUSE
IMP001950,A001950,U0855,BORROW,2026-02-17,1,21,92,0.61,Graph Paper Pack,GENERAL_REUSE
IMP001951,A001951,U0308,BORROW,2026-04-14,1,2,665,0.38,Headphones,GENERAL_REUSE
IMP001952,A001952,U0993,GIVEAWAY,2026-01-25,1,0,2108,0.68,Bluetooth Keyboard,GENERAL_REUSE
IMP001953,A001953,U0084,GIVEAWAY,2025-12-07,0,0,0,0.0,Calculator,EDUCATIONAL
IMP001954,A001954,U0178,BORROW,2025-10-21,1,3,847,0.77,Desk Lamp,GENERAL_REUSE
IMP001955,A001955,U0579,BORROW,2026-07-23,1,10,848,0.32,Soldering Iron Kit,GENERAL_REUSE
IMP001956,A001956,U0087,BORROW,2026-02-28,1,5,4746,0.84,External Hard Drive,GENERAL_REUSE
IMP001957,A001957,U0354,BORROW,2026-05-04,1,21,650,0.25,Soldering Iron Kit,GENERAL_REUSE
IMP001958,A001958,U0012,SWAP,2026-07-25,1,0,360,0.45,Python Programming Book,GENERAL_REUSE
IMP001959,A001959,U0142,SELL,2025-09-11,1,0,536,0.21,Webcam,GENERAL_REUSE
IMP001960,A001960,U0778,BORROW,2026-01-04,1,5,225,0.75,USB Flash Drive,GENERAL_REUSE
IMP001961,A001961,U0769,SELL,2025-09-01,1,0,817,0.38,Presentation Clicker,GENERAL_REUSE
IMP001962,A001962,U0313,GIVEAWAY,2026-04-21,1,0,1978,0.46,Vernier Caliper,GENERAL_REUSE
IMP001963,A001963,U0141,BORROW,2026-07-02,1,10,428,0.45,Calculator,EDUCATIONAL
IMP001964,A001964,U0402,BORROW,2026-03-05,1,14,435,0.29,Arduino Kit,GENERAL_REUSE
IMP001965,A001965,U0473,BORROW,2025-11-09,1,3,1696,0.87,Headphones,GENERAL_REUSE
IMP001966,A001966,U0805,BORROW,2026-03-15,1,14,1079,0.83,Calculator,EDUCATIONAL
IMP001967,A001967,U0559,BORROW,2026-03-08,1,7,710,0.2,Webcam,GENERAL_REUSE
IMP001968,A001968,U0730,SELL,2025-11-19,1,0,446,0.27,Python Programming Book,GENERAL_REUSE
IMP001969,A001969,U0968,BORROW,2026-06-26,1,7,748,0.68,Desk Lamp,GENERAL_REUSE
IMP001970,A001970,U0815,SELL,2026-06-16,1,0,684,0.38,Scientific Calculator,GENERAL_REUSE
IMP001971,A001971,U0390,GIVEAWAY,2025-11-23,1,0,648,0.36,Tripod,GENERAL_REUSE
IMP001972,A001972,U0111,BORROW,2025-09-02,1,3,222,0.37,Textbook,GENERAL_REUSE
IMP001973,A001973,U0892,BORROW,2026-03-26,1,3,437,0.23,Digital Multimeter,GENERAL_REUSE
IMP001974,A001974,U0520,SWAP,2026-04-24,1,0,2867,0.47,External Hard Drive,GENERAL_REUSE
IMP001975,A001975,U0706,BORROW,2026-06-24,1,10,42,0.28,Graph Paper Pack,GENERAL_REUSE
IMP001976,A001976,U0121,GIVEAWAY,2026-03-23,1,0,488,0.65,Textbook,GENERAL_REUSE
IMP001977,A001977,U0518,BORROW,2026-04-08,1,3,618,0.65,Drawing Board,GENERAL_REUSE
IMP001978,A001978,U0111,GIVEAWAY,2025-11-22,1,0,581,0.83,Breadboard Kit,GENERAL_REUSE
IMP001979,A001979,U0794,SWAP,2026-06-07,1,0,1330,0.28,Vernier Caliper,GENERAL_REUSE
IMP001980,A001980,U0493,SWAP,2026-06-23,1,0,1320,0.4,Vernier Caliper,GENERAL_REUSE
IMP001981,A001981,U0036,SWAP,2025-12-14,1,0,297,0.27,Python Programming Book,GENERAL_REUSE
IMP001982,A001982,U0779,GIVEAWAY,2025-11-12,1,0,972,0.72,Python Programming Book,GENERAL_REUSE
IMP001983,A001983,U0958,SWAP,2025-11-26,1,0,615,0.41,Mechanical Drawing Set,GENERAL_REUSE
IMP001984,A001984,U0670,SELL,2025-10-21,1,0,2048,0.32,External Hard Drive,GENERAL_REUSE
IMP001985,A001985,U0285,SWAP,2025-12-27,1,0,227,0.35,Digital Multimeter,GENERAL_REUSE
IMP001986,A001986,U0317,GIVEAWAY,2026-02-13,0,0,0,0.0,Safety Goggles,GENERAL_REUSE
IMP001987,A001987,U0724,BORROW,2025-12-23,1,10,1440,0.64,Bluetooth Keyboard,GENERAL_REUSE
IMP001988,A001988,U0613,BORROW,2026-01-17,1,2,456,0.83,Safety Goggles,GENERAL_REUSE
IMP001989,A001989,U0154,BORROW,2025-09-14,1,10,462,0.71,Digital Multimeter,GENERAL_REUSE
IMP001990,A001990,U0801,SELL,2026-01-07,1,0,403,0.26,Python Programming Book,GENERAL_REUSE
IMP001991,A001991,U0289,GIVEAWAY,2026-05-30,1,0,1012,0.75,Digital Multimeter,GENERAL_REUSE
IMP001992,A001992,U0986,SELL,2026-04-25,1,0,388,0.25,Arduino Kit,GENERAL_REUSE
IMP001993,A001993,U0722,BORROW,2026-06-21,1,10,928,0.58,Calculator,EDUCATIONAL
IMP001994,A001994,U0309,BORROW,2026-01-25,1,2,934,0.89,Webcam,GENERAL_REUSE
IMP001995,A001995,U0566,SWAP,2026-06-30,1,0,351,0.39,Lab Coat,GENERAL_REUSE
IMP001996,A001996,U0087,SWAP,2026-06-13,1,0,270,0.36,Power Bank,GENERAL_REUSE
IMP001997,A001997,U0624,SWAP,2026-07-21,1,0,550,0.44,Vernier Caliper,GENERAL_REUSE
IMP001998,A001998,U0160,BORROW,2026-06-28,1,7,464,0.32,Screwdriver Set,GENERAL_REUSE
IMP001999,A001999,U0031,BORROW,2025-12-22,1,3,460,0.23,Webcam,GENERAL_REUSE
IMP002000,A002000,U0950,BORROW,2025-11-20,0,3,0,0.0,Ethernet Cable,GENERAL_REUSE
IMP002001,A002001,U0044,BORROW,2026-07-21,1,21,737,0.67,Presentation Clicker,GENERAL_REUSE
IMP002002,A002002,U0127,SWAP,2026-07-04,1,0,650,0.65,Scientific Calculator,GENERAL_REUSE
IMP002003,A002003,U0962,SWAP,2026-01-18,1,0,696,0.48,Mechanical Drawing Set,GENERAL_REUSE
IMP002004,A002004,U0662,SELL,2025-10-21,1,0,175,0.25,Presentation Clicker,GENERAL_REUSE
IMP002005,A002005,U0490,GIVEAWAY,2026-06-21,1,0,312,0.52,USB-C Charger,GENERAL_REUSE
IMP002006,A002006,U0781,BORROW,2026-06-13,1,2,966,0.84,Textbook,GENERAL_REUSE
IMP002007,A002007,U0265,BORROW,2026-02-07,1,10,522,0.87,Presentation Clicker,GENERAL_REUSE
IMP002008,A002008,U0886,BORROW,2026-05-03,1,5,105,0.21,Textbook,GENERAL_REUSE
IMP002009,A002009,U0569,BORROW,2025-09-05,1,21,812,0.25,Webcam,GENERAL_REUSE
IMP002010,A002010,U0556,BORROW,2025-10-17,0,14,0,0.0,College Backpack,GENERAL_REUSE
IMP002011,A002011,U0961,GIVEAWAY,2026-06-09,1,0,1256,0.81,Headphones,GENERAL_REUSE
IMP002012,A002012,U0908,BORROW,2025-11-15,1,10,189,0.54,Desk Lamp,GENERAL_REUSE
IMP002013,A002013,U0207,BORROW,2026-06-07,1,7,1602,0.89,Scientific Calculator,GENERAL_REUSE
IMP002014,A002014,U0613,BORROW,2026-01-02,1,14,604,0.71,Scientific Calculator,GENERAL_REUSE
IMP002015,A002015,U0779,BORROW,2026-07-20,1,2,486,0.36,Power Bank,GENERAL_REUSE
IMP002016,A002016,U0571,BORROW,2026-05-29,1,14,410,0.63,Breadboard Kit,GENERAL_REUSE
IMP002017,A002017,U0590,SELL,2026-06-05,1,0,125,0.25,Python Programming Book,GENERAL_REUSE
IMP002018,A002018,U0672,BORROW,2025-10-03,1,14,1030,0.71,Power Bank,GENERAL_REUSE
IMP002019,A002019,U0588,BORROW,2026-03-28,1,21,88,0.59,Safety Goggles,GENERAL_REUSE
IMP002020,A002020,U0352,BORROW,2026-03-10,1,21,507,0.35,Power Bank,GENERAL_REUSE
IMP002021,A002021,U0298,SELL,2026-06-14,1,0,382,0.51,Digital Multimeter,GENERAL_REUSE
IMP002022,A002022,U0314,BORROW,2026-03-28,1,3,115,0.23,Digital Multimeter,GENERAL_REUSE
IMP002023,A002023,U0030,BORROW,2026-03-19,0,21,0,0.0,Headphones,GENERAL_REUSE
IMP002024,A002024,U0104,BORROW,2025-12-29,0,5,0,0.0,Breadboard Kit,GENERAL_REUSE
IMP002025,A002025,U0783,SWAP,2025-12-10,1,0,728,0.47,Python Programming Book,GENERAL_REUSE
IMP002026,A002026,U0535,BORROW,2026-03-14,1,10,1998,0.85,Engineering Drawing Kit,GENERAL_REUSE
IMP002027,A002027,U0967,GIVEAWAY,2025-12-06,1,0,264,0.48,USB-C Charger,GENERAL_REUSE
IMP002028,A002028,U0243,BORROW,2026-03-18,0,3,0,0.0,External Hard Drive,GENERAL_REUSE
IMP002029,A002029,U0054,SWAP,2026-02-16,1,0,578,0.34,Digital Multimeter,GENERAL_REUSE
IMP002030,A002030,U0043,BORROW,2026-07-14,1,21,4212,0.78,Vernier Caliper,GENERAL_REUSE
IMP002031,A002031,U0538,BORROW,2025-10-20,1,2,903,0.86,Digital Multimeter,GENERAL_REUSE
IMP002032,A002032,U0461,BORROW,2026-06-26,1,21,158,0.21,Arduino Kit,GENERAL_REUSE
IMP002033,A002033,U0866,SWAP,2025-09-05,1,0,897,0.26,Bluetooth Keyboard,GENERAL_REUSE
IMP002034,A002034,U0449,SELL,2026-06-30,1,0,322,0.28,Scientific Calculator,GENERAL_REUSE
IMP002035,A002035,U0446,BORROW,2026-04-21,1,21,874,0.53,Headphones,GENERAL_REUSE
IMP002036,A002036,U0187,BORROW,2025-11-17,1,14,2697,0.62,External Hard Drive,GENERAL_REUSE
IMP002037,A002037,U0558,SELL,2025-10-05,1,0,175,0.5,Ethernet Cable,GENERAL_REUSE
IMP002038,A002038,U0191,BORROW,2026-04-30,1,3,720,0.48,Calculator,EDUCATIONAL
IMP002039,A002039,U0333,BORROW,2026-06-27,1,21,468,0.78,Drawing Board,GENERAL_REUSE
IMP002040,A002040,U0026,SELL,2026-03-10,1,0,1170,0.52,Arduino Kit,GENERAL_REUSE
IMP002041,A002041,U0094,BORROW,2026-01-25,1,21,178,0.89,Graph Paper Pack,GENERAL_REUSE
IMP002042,A002042,U0844,GIVEAWAY,2026-05-03,1,0,1922,0.62,Soldering Iron Kit,GENERAL_REUSE
IMP002043,A002043,U0085,BORROW,2025-11-27,1,3,280,0.4,College Backpack,GENERAL_REUSE
IMP002044,A002044,U0869,SELL,2026-07-21,1,0,156,0.39,USB Flash Drive,GENERAL_REUSE
IMP002045,A002045,U0522,BORROW,2025-09-28,1,5,928,0.32,College Backpack,GENERAL_REUSE
IMP002046,A002046,U0960,BORROW,2025-10-19,1,14,1624,0.58,Bluetooth Keyboard,GENERAL_REUSE
IMP002047,A002047,U0960,GIVEAWAY,2025-10-25,1,0,184,0.46,HDMI Cable,GENERAL_REUSE
IMP002048,A002048,U0573,SELL,2026-03-18,1,0,61,0.41,Graph Paper Pack,GENERAL_REUSE
IMP002049,A002049,U0927,BORROW,2026-07-13,1,3,300,0.6,Python Programming Book,GENERAL_REUSE
IMP002050,A002050,U0659,BORROW,2025-11-26,1,14,1914,0.58,Vernier Caliper,GENERAL_REUSE
IMP002051,A002051,U0352,BORROW,2026-01-17,1,5,912,0.57,Python Programming Book,GENERAL_REUSE
IMP002052,A002052,U0066,BORROW,2025-10-14,1,14,108,0.72,Safety Goggles,GENERAL_REUSE
IMP002053,A002053,U0019,BORROW,2026-01-18,1,7,297,0.54,Extension Board,GENERAL_REUSE
IMP002054,A002054,U0803,SELL,2026-01-09,1,0,184,0.46,Safety Goggles,GENERAL_REUSE
IMP002055,A002055,U0465,BORROW,2025-12-03,1,2,110,0.22,HDMI Cable,GENERAL_REUSE
IMP002056,A002056,U0944,BORROW,2025-11-09,1,21,2832,0.48,Vernier Caliper,GENERAL_REUSE
IMP002057,A002057,U0397,GIVEAWAY,2026-01-12,1,0,2398,0.39,External Hard Drive,GENERAL_REUSE
IMP002058,A002058,U0223,BORROW,2026-02-11,1,10,170,0.34,USB Flash Drive,GENERAL_REUSE
IMP002059,A002059,U0340,GIVEAWAY,2026-03-19,1,0,1480,0.63,Engineering Drawing Kit,GENERAL_REUSE
IMP002060,A002060,U0453,BORROW,2026-01-01,0,2,0,0.0,USB-C Charger,GENERAL_REUSE
IMP002061,A002061,U0491,BORROW,2026-06-20,1,2,550,0.44,Desk Lamp,GENERAL_REUSE
IMP002062,A002062,U0431,BORROW,2025-12-10,1,10,171,0.38,Breadboard Kit,GENERAL_REUSE
IMP002063,A002063,U0618,SWAP,2026-03-05,1,0,758,0.37,Mechanical Drawing Set,GENERAL_REUSE
IMP002064,A002064,U0341,BORROW,2026-02-04,1,10,399,0.57,Screwdriver Set,GENERAL_REUSE
IMP002065,A002065,U0758,SWAP,2026-04-24,1,0,437,0.46,USB Flash Drive,GENERAL_REUSE
IMP002066,A002066,U0388,BORROW,2026-05-18,1,14,924,0.84,Desk Lamp,GENERAL_REUSE
IMP002067,A002067,U0471,BORROW,2025-12-03,0,10,0,0.0,Digital Multimeter,GENERAL_REUSE
IMP002068,A002068,U0341,SWAP,2025-10-30,1,0,140,0.56,HDMI Cable,GENERAL_REUSE
IMP002069,A002069,U0681,GIVEAWAY,2025-09-14,1,0,960,0.48,Bluetooth Keyboard,GENERAL_REUSE
IMP002070,A002070,U0399,GIVEAWAY,2025-11-16,1,0,1728,0.72,Headphones,GENERAL_REUSE
IMP002071,A002071,U0959,SWAP,2025-11-01,1,0,85,0.34,USB Flash Drive,GENERAL_REUSE
IMP002072,A002072,U0780,BORROW,2025-11-20,1,5,1482,0.78,Digital Multimeter,GENERAL_REUSE
IMP002073,A002073,U0053,SELL,2026-05-01,1,0,336,0.28,Python Programming Book,GENERAL_REUSE
IMP002074,A002074,U0282,BORROW,2026-02-06,1,14,1053,0.78,Headphones,GENERAL_REUSE
IMP002075,A002075,U0874,BORROW,2026-01-09,1,7,675,0.9,Breadboard Kit,GENERAL_REUSE
IMP002076,A002076,U0895,BORROW,2025-10-13,1,3,1403,0.61,Soldering Iron Kit,GENERAL_REUSE
IMP002077,A002077,U0040,BORROW,2026-07-03,1,2,792,0.72,Digital Multimeter,GENERAL_REUSE
IMP002078,A002078,U0192,BORROW,2026-03-23,1,3,459,0.34,Screwdriver Set,GENERAL_REUSE
IMP002079,A002079,U0400,SELL,2025-11-13,1,0,92,0.23,Safety Goggles,GENERAL_REUSE
IMP002080,A002080,U0863,SWAP,2025-09-21,1,0,1378,0.53,External Hard Drive,GENERAL_REUSE
IMP002081,A002081,U0311,GIVEAWAY,2025-12-06,1,0,322,0.46,Engineering Drawing Kit,GENERAL_REUSE
IMP002082,A002082,U0114,SWAP,2026-04-26,1,0,315,0.42,HDMI Cable,GENERAL_REUSE
IMP002083,A002083,U0745,GIVEAWAY,2025-12-13,1,0,1562,0.71,Scientific Calculator,GENERAL_REUSE
IMP002084,A002084,U0571,BORROW,2026-05-22,1,10,1147,0.37,Soldering Iron Kit,GENERAL_REUSE
IMP002085,A002085,U0008,BORROW,2025-12-04,1,21,1020,0.68,Extension Board,GENERAL_REUSE
IMP002086,A002086,U0271,BORROW,2025-10-20,1,5,561,0.34,Screwdriver Set,GENERAL_REUSE
IMP002087,A002087,U0421,GIVEAWAY,2025-09-24,1,0,358,0.55,Screwdriver Set,GENERAL_REUSE
IMP002088,A002088,U0588,SWAP,2026-04-07,1,0,570,0.38,Python Programming Book,GENERAL_REUSE
IMP002089,A002089,U0853,GIVEAWAY,2025-10-09,1,0,2912,0.56,Vernier Caliper,GENERAL_REUSE
IMP002090,A002090,U0169,BORROW,2025-09-01,1,21,660,0.66,Extension Board,GENERAL_REUSE
IMP002091,A002091,U0839,SWAP,2025-11-12,1,0,1134,0.63,Webcam,GENERAL_REUSE
IMP002092,A002092,U0082,BORROW,2025-11-18,1,7,559,0.86,Breadboard Kit,GENERAL_REUSE
IMP002093,A002093,U0784,BORROW,2026-07-21,1,5,800,0.5,College Backpack,GENERAL_REUSE
IMP002094,A002094,U0758,BORROW,2026-02-09,1,21,788,0.75,Extension Board,GENERAL_REUSE
IMP002095,A002095,U0546,GIVEAWAY,2025-10-21,0,0,0,0.0,Drawing Board,GENERAL_REUSE
IMP002096,A002096,U0203,GIVEAWAY,2026-07-07,1,0,418,0.38,Drawing Board,GENERAL_REUSE
IMP002097,A002097,U0034,BORROW,2025-12-10,1,3,144,0.41,Textbook,GENERAL_REUSE
IMP002098,A002098,U0759,BORROW,2025-12-13,1,3,2610,0.9,Headphones,GENERAL_REUSE
IMP002099,A002099,U0690,SWAP,2025-09-28,1,0,1751,0.34,External Hard Drive,GENERAL_REUSE
IMP002100,A002100,U0037,BORROW,2026-01-05,1,14,279,0.62,Screwdriver Set,GENERAL_REUSE
IMP002101,A002101,U0561,SWAP,2026-05-01,1,0,315,0.42,Tripod,GENERAL_REUSE
IMP002102,A002102,U0092,GIVEAWAY,2026-03-13,0,0,0,0.0,Engineering Drawing Kit,GENERAL_REUSE
IMP002103,A002103,U0088,GIVEAWAY,2026-04-17,1,0,240,0.48,College Backpack,GENERAL_REUSE
IMP002104,A002104,U0551,BORROW,2026-05-13,1,2,402,0.23,Power Bank,GENERAL_REUSE
IMP002105,A002105,U0117,GIVEAWAY,2025-09-15,1,0,1025,0.82,Screwdriver Set,GENERAL_REUSE
IMP002106,A002106,U0836,BORROW,2026-05-20,1,21,1072,0.39,External Hard Drive,GENERAL_REUSE
IMP002107,A002107,U0383,SELL,2026-01-02,1,0,595,0.35,Digital Multimeter,GENERAL_REUSE
IMP002108,A002108,U0695,SWAP,2025-11-29,1,0,532,0.56,Textbook,GENERAL_REUSE
IMP002109,A002109,U0266,SWAP,2025-11-02,1,0,228,0.38,Lab Coat,GENERAL_REUSE
IMP002110,A002110,U0475,BORROW,2025-10-14,1,7,936,0.48,Scientific Calculator,GENERAL_REUSE
IMP002111,A002111,U0033,SELL,2025-11-08,1,0,368,0.49,Screwdriver Set,GENERAL_REUSE
IMP002112,A002112,U0342,GIVEAWAY,2025-11-27,1,0,630,0.63,Presentation Clicker,GENERAL_REUSE
IMP002113,A002113,U0019,BORROW,2026-01-24,1,14,808,0.33,Soldering Iron Kit,GENERAL_REUSE
IMP002114,A002114,U0473,GIVEAWAY,2025-09-17,1,0,504,0.72,HDMI Cable,GENERAL_REUSE
IMP002115,A002115,U0574,BORROW,2026-01-24,1,3,330,0.3,Calculator,EDUCATIONAL
IMP002116,A002116,U0241,BORROW,2026-06-27,1,21,240,0.4,Lab Coat,GENERAL_REUSE
IMP002117,A002117,U0371,SELL,2026-05-11,1,0,478,0.33,College Backpack,GENERAL_REUSE
IMP002118,A002118,U0264,GIVEAWAY,2026-03-24,1,0,1088,0.75,Power Bank,GENERAL_REUSE
IMP002119,A002119,U0214,SWAP,2026-04-23,1,0,243,0.27,Lab Coat,GENERAL_REUSE
IMP002120,A002120,U0976,GIVEAWAY,2025-12-10,1,0,704,0.44,Tripod,GENERAL_REUSE
IMP002121,A002121,U0922,BORROW,2026-04-08,1,7,1800,0.75,USB-C Charger,GENERAL_REUSE
IMP002122,A002122,U0561,SELL,2025-09-25,1,0,1085,0.35,Vernier Caliper,GENERAL_REUSE
IMP002123,A002123,U0497,BORROW,2026-01-21,1,2,1280,0.8,Python Programming Book,GENERAL_REUSE
IMP002124,A002124,U0810,BORROW,2026-06-30,1,2,58,0.58,Graph Paper Pack,GENERAL_REUSE
IMP002125,A002125,U0365,SWAP,2026-03-15,1,0,399,0.42,Drawing Board,GENERAL_REUSE
IMP002126,A002126,U0890,BORROW,2026-01-22,1,3,1920,0.8,Tripod,GENERAL_REUSE
IMP002127,A002127,U0171,SWAP,2026-01-28,1,0,486,0.36,Calculator,EDUCATIONAL
IMP002128,A002128,U0830,SELL,2025-10-31,1,0,46,0.31,Graph Paper Pack,GENERAL_REUSE
IMP002129,A002129,U0610,BORROW,2026-03-20,0,7,0,0.0,Arduino Kit,GENERAL_REUSE
IMP002130,A002130,U0361,BORROW,2026-02-02,0,2,0,0.0,Power Bank,GENERAL_REUSE
IMP002131,A002131,U0340,SELL,2025-11-26,1,0,300,0.5,Breadboard Kit,GENERAL_REUSE
IMP002132,A002132,U0717,GIVEAWAY,2026-01-02,1,0,1102,0.76,Power Bank,GENERAL_REUSE
IMP002133,A002133,U0961,BORROW,2025-09-17,1,14,455,0.65,Textbook,GENERAL_REUSE
IMP002134,A002134,U0841,SWAP,2026-03-17,1,0,976,0.63,Power Bank,GENERAL_REUSE
IMP002135,A002135,U0021,BORROW,2025-10-20,1,3,396,0.72,Breadboard Kit,GENERAL_REUSE
IMP002136,A002136,U0140,BORROW,2025-09-02,1,10,365,0.73,Screwdriver Set,GENERAL_REUSE
IMP002137,A002137,U0361,SELL,2026-01-31,1,0,525,0.5,Calculator,EDUCATIONAL
IMP002138,A002138,U0510,BORROW,2025-10-07,1,2,4180,0.76,Vernier Caliper,GENERAL_REUSE
IMP002139,A002139,U0165,BORROW,2026-05-15,1,5,120,0.6,Ethernet Cable,GENERAL_REUSE
IMP002140,A002140,U0155,BORROW,2025-12-06,1,21,520,0.65,Power Bank,GENERAL_REUSE
IMP002141,A002141,U0659,BORROW,2025-09-09,1,2,1556,0.61,Bluetooth Keyboard,GENERAL_REUSE
IMP002142,A002142,U0947,SWAP,2026-02-13,1,0,575,0.25,Arduino Kit,GENERAL_REUSE
IMP002143,A002143,U0331,BORROW,2025-12-22,1,3,276,0.46,Desk Lamp,GENERAL_REUSE
IMP002144,A002144,U0289,SWAP,2026-07-01,1,0,328,0.41,Scientific Calculator,GENERAL_REUSE
IMP002145,A002145,U0034,BORROW,2026-03-29,1,7,645,0.86,Webcam,GENERAL_REUSE
IMP002146,A002146,U0448,SWAP,2025-09-21,1,0,1690,0.65,Bluetooth Keyboard,GENERAL_REUSE
IMP002147,A002147,U0160,SELL,2026-06-17,1,0,644,0.33,Power Bank,GENERAL_REUSE
IMP002148,A002148,U0525,BORROW,2026-02-03,1,14,48,0.32,Graph Paper Pack,GENERAL_REUSE
IMP002149,A002149,U0521,SELL,2026-07-12,1,0,528,0.24,Digital Multimeter,GENERAL_REUSE
IMP002150,A002150,U0177,GIVEAWAY,2026-05-02,1,0,1548,0.36,Webcam,GENERAL_REUSE
IMP002151,A002151,U0919,BORROW,2025-11-08,1,7,756,0.63,Screwdriver Set,GENERAL_REUSE
IMP002152,A002152,U0385,SWAP,2025-12-08,1,0,961,0.31,Soldering Iron Kit,GENERAL_REUSE
IMP002153,A002153,U0329,GIVEAWAY,2025-10-28,1,0,1599,0.78,College Backpack,GENERAL_REUSE
IMP002154,A002154,U0171,SELL,2026-01-23,1,0,792,0.33,Arduino Kit,GENERAL_REUSE
IMP002155,A002155,U0159,BORROW,2026-01-01,0,21,0,0.0,Desk Lamp,GENERAL_REUSE
IMP002156,A002156,U0651,BORROW,2025-11-15,1,7,864,0.48,Bluetooth Keyboard,GENERAL_REUSE
IMP002157,A002157,U0708,BORROW,2025-12-23,1,2,779,0.82,Calculator,EDUCATIONAL
IMP002158,A002158,U0128,BORROW,2025-09-07,1,10,765,0.9,Tripod,GENERAL_REUSE
IMP002159,A002159,U0636,GIVEAWAY,2026-06-07,1,0,684,0.36,Soldering Iron Kit,GENERAL_REUSE
IMP002160,A002160,U0572,SELL,2025-11-02,1,0,152,0.38,Ethernet Cable,GENERAL_REUSE
IMP002161,A002161,U0303,SWAP,2025-12-08,1,0,624,0.48,College Backpack,GENERAL_REUSE
IMP002162,A002162,U0581,GIVEAWAY,2026-06-02,1,0,783,0.58,Desk Lamp,GENERAL_REUSE
IMP002163,A002163,U0489,GIVEAWAY,2026-07-13,1,0,3038,0.49,External Hard Drive,GENERAL_REUSE
IMP002164,A002164,U0476,BORROW,2026-06-17,1,14,688,0.25,Bluetooth Keyboard,GENERAL_REUSE
IMP002165,A002165,U0251,BORROW,2025-10-19,1,5,616,0.88,Screwdriver Set,GENERAL_REUSE
IMP002166,A002166,U0985,SWAP,2026-05-04,1,0,414,0.36,Lab Coat,GENERAL_REUSE
IMP002167,A002167,U0201,BORROW,2026-05-03,1,10,780,0.39,Bluetooth Keyboard,GENERAL_REUSE
IMP002168,A002168,U0439,BORROW,2026-03-25,1,21,585,0.45,Presentation Clicker,GENERAL_REUSE
IMP002169,A002169,U0222,BORROW,2026-01-08,1,7,732,0.61,USB-C Charger,GENERAL_REUSE
IMP002170,A002170,U0679,BORROW,2025-10-26,1,3,578,0.34,Digital Multimeter,GENERAL_REUSE
IMP002171,A002171,U0220,GIVEAWAY,2026-03-19,1,0,358,0.65,Calculator,EDUCATIONAL
IMP002172,A002172,U0141,GIVEAWAY,2026-03-23,1,0,1977,0.67,Soldering Iron Kit,GENERAL_REUSE
IMP002173,A002173,U0160,BORROW,2026-04-20,1,5,414,0.23,Mechanical Drawing Set,GENERAL_REUSE
IMP002174,A002174,U0742,SWAP,2026-05-19,1,0,504,0.36,Screwdriver Set,GENERAL_REUSE
IMP002175,A002175,U0142,BORROW,2026-03-25,1,5,246,0.41,USB Flash Drive,GENERAL_REUSE
IMP002176,A002176,U0923,BORROW,2025-12-17,1,2,225,0.3,Scientific Calculator,GENERAL_REUSE
IMP002177,A002177,U0399,SWAP,2026-07-10,1,0,264,0.44,Breadboard Kit,GENERAL_REUSE
IMP002178,A002178,U0041,SWAP,2025-11-22,1,0,1953,0.42,Vernier Caliper,GENERAL_REUSE
IMP002179,A002179,U0977,SWAP,2026-06-23,1,0,330,0.55,Textbook,GENERAL_REUSE
IMP002180,A002180,U0212,BORROW,2026-04-10,1,3,320,0.8,Ethernet Cable,GENERAL_REUSE
IMP002181,A002181,U0645,BORROW,2025-09-12,1,14,172,0.23,Webcam,GENERAL_REUSE
IMP002182,A002182,U0626,SWAP,2025-09-18,1,0,992,0.64,Soldering Iron Kit,GENERAL_REUSE
IMP002183,A002183,U0280,GIVEAWAY,2025-12-18,1,0,56,0.37,Safety Goggles,GENERAL_REUSE
IMP002184,A002184,U0152,SELL,2026-01-25,1,0,814,0.37,Vernier Caliper,GENERAL_REUSE
IMP002185,A002185,U0264,SWAP,2026-06-25,1,0,186,0.31,Safety Goggles,GENERAL_REUSE
IMP002186,A002186,U0870,GIVEAWAY,2026-03-17,1,0,424,0.53,Lab Coat,GENERAL_REUSE
IMP002187,A002187,U0319,BORROW,2026-01-07,1,14,555,0.74,Scientific Calculator,GENERAL_REUSE
IMP002188,A002188,U0555,SWAP,2026-07-18,1,0,822,0.47,Presentation Clicker,GENERAL_REUSE
IMP002189,A002189,U0741,GIVEAWAY,2026-06-13,1,0,1330,0.76,Bluetooth Keyboard,GENERAL_REUSE
IMP002190,A002190,U0280,SELL,2025-09-27,1,0,286,0.52,Safety Goggles,GENERAL_REUSE
IMP002191,A002191,U0271,BORROW,2025-09-10,1,2,675,0.9,Power Bank,GENERAL_REUSE
IMP002192,A002192,U0991,BORROW,2026-03-01,1,10,1140,0.76,Arduino Kit,GENERAL_REUSE
IMP002193,A002193,U0167,GIVEAWAY,2025-09-06,1,0,735,0.49,Screwdriver Set,GENERAL_REUSE
IMP002194,A002194,U0575,BORROW,2026-02-07,1,2,825,0.66,Power Bank,GENERAL_REUSE
IMP002195,A002195,U0535,BORROW,2025-11-21,1,21,4622,0.79,Vernier Caliper,GENERAL_REUSE
IMP002196,A002196,U0416,BORROW,2026-07-16,1,2,766,0.73,Calculator,EDUCATIONAL
IMP002197,A002197,U0108,GIVEAWAY,2025-10-02,1,0,80,0.53,Graph Paper Pack,GENERAL_REUSE
IMP002198,A002198,U0995,SWAP,2026-06-03,1,0,525,0.42,Bluetooth Keyboard,GENERAL_REUSE
IMP002199,A002199,U0237,BORROW,2026-06-25,1,7,135,0.27,HDMI Cable,GENERAL_REUSE
IMP002200,A002200,U0577,BORROW,2026-06-27,1,7,688,0.43,Drawing Board,GENERAL_REUSE
IMP002201,A002201,U0305,BORROW,2025-11-08,1,10,1056,0.48,Vernier Caliper,GENERAL_REUSE
IMP002202,A002202,U0110,GIVEAWAY,2026-03-24,1,0,826,0.59,USB-C Charger,GENERAL_REUSE
IMP002203,A002203,U0523,GIVEAWAY,2026-04-20,1,0,426,0.71,Ethernet Cable,GENERAL_REUSE
IMP002204,A002204,U0937,BORROW,2025-12-11,1,10,1080,0.45,USB-C Charger,GENERAL_REUSE
IMP002205,A002205,U0140,SWAP,2026-03-13,1,0,710,0.33,Presentation Clicker,GENERAL_REUSE
IMP002206,A002206,U0246,BORROW,2026-07-14,1,5,816,0.24,Vernier Caliper,GENERAL_REUSE
IMP002207,A002207,U0485,SWAP,2026-05-10,1,0,238,0.28,Scientific Calculator,GENERAL_REUSE
IMP002208,A002208,U0131,GIVEAWAY,2025-12-12,1,0,330,0.6,Safety Goggles,GENERAL_REUSE
IMP002209,A002209,U0402,SWAP,2025-11-10,1,0,135,0.27,Desk Lamp,GENERAL_REUSE
IMP002210,A002210,U0460,SELL,2026-07-17,1,0,392,0.27,Drawing Board,GENERAL_REUSE
IMP002211,A002211,U0281,GIVEAWAY,2026-05-22,1,0,1326,0.78,Scientific Calculator,GENERAL_REUSE
IMP002212,A002212,U0082,GIVEAWAY,2025-11-09,1,0,513,0.54,Screwdriver Set,GENERAL_REUSE
IMP002213,A002213,U0668,BORROW,2026-03-22,1,21,496,0.32,Desk Lamp,GENERAL_REUSE
IMP002214,A002214,U0345,SELL,2026-07-06,1,0,68,0.27,Breadboard Kit,GENERAL_REUSE
IMP002215,A002215,U0031,SELL,2026-04-29,1,0,842,0.33,College Backpack,GENERAL_REUSE
IMP002216,A002216,U0117,SELL,2026-03-26,1,0,141,0.47,Extension Board,GENERAL_REUSE
IMP002217,A002217,U0792,SWAP,2026-02-15,1,0,1026,0.57,Headphones,GENERAL_REUSE
IMP002218,A002218,U0154,BORROW,2025-09-21,1,14,578,0.34,Headphones,GENERAL_REUSE
IMP002219,A002219,U0255,GIVEAWAY,2026-04-06,1,0,150,0.75,HDMI Cable,GENERAL_REUSE
IMP002220,A002220,U0894,SELL,2026-01-30,1,0,868,0.31,College Backpack,GENERAL_REUSE
IMP002221,A002221,U0852,GIVEAWAY,2025-09-16,1,0,682,0.44,Bluetooth Keyboard,GENERAL_REUSE
IMP002222,A002222,U0839,BORROW,2026-05-01,1,21,504,0.72,Lab Coat,GENERAL_REUSE
IMP002223,A002223,U0436,BORROW,2025-10-09,1,14,392,0.29,Extension Board,GENERAL_REUSE
IMP002224,A002224,U0967,SELL,2026-02-01,1,0,663,0.26,Arduino Kit,GENERAL_REUSE
IMP002225,A002225,U0180,GIVEAWAY,2026-05-11,1,0,693,0.66,College Backpack,GENERAL_REUSE
IMP002226,A002226,U0107,SWAP,2026-03-27,1,0,202,0.45,Calculator,EDUCATIONAL
IMP002227,A002227,U0799,SWAP,2025-12-26,0,0,0,0.0,Arduino Kit,GENERAL_REUSE
IMP002228,A002228,U0796,SELL,2026-06-10,1,0,92,0.23,Screwdriver Set,GENERAL_REUSE
IMP002229,A002229,U0473,BORROW,2026-05-24,1,21,1836,0.68,Vernier Caliper,GENERAL_REUSE
IMP002230,A002230,U0864,BORROW,2025-10-20,1,7,432,0.72,Lab Coat,GENERAL_REUSE
IMP002231,A002231,U0871,GIVEAWAY,2025-12-06,1,0,638,0.58,Python Programming Book,GENERAL_REUSE
IMP002232,A002232,U0371,BORROW,2026-07-13,1,5,500,0.2,Soldering Iron Kit,GENERAL_REUSE
IMP002233,A002233,U0317,SWAP,2026-03-17,1,0,819,0.42,Digital Multimeter,GENERAL_REUSE
IMP002234,A002234,U0849,SWAP,2026-03-11,1,0,62,0.31,Ethernet Cable,GENERAL_REUSE
IMP002235,A002235,U0976,GIVEAWAY,2025-12-02,1,0,799,0.47,Presentation Clicker,GENERAL_REUSE
IMP002236,A002236,U0416,GIVEAWAY,2026-02-06,1,0,156,0.39,Ethernet Cable,GENERAL_REUSE
IMP002237,A002237,U0509,BORROW,2026-04-19,0,5,0,0.0,Arduino Kit,GENERAL_REUSE
IMP002238,A002238,U0942,SWAP,2026-02-13,1,0,997,0.57,Power Bank,GENERAL_REUSE
IMP002239,A002239,U0077,BORROW,2026-05-30,0,5,0,0.0,Drawing Board,GENERAL_REUSE
IMP002240,A002240,U0907,GIVEAWAY,2025-11-25,1,0,715,0.65,Textbook,GENERAL_REUSE
IMP002241,A002241,U0697,BORROW,2025-11-16,1,21,968,0.45,Scientific Calculator,GENERAL_REUSE
IMP002242,A002242,U0931,GIVEAWAY,2026-02-01,1,0,455,0.7,Safety Goggles,GENERAL_REUSE
IMP002243,A002243,U0413,BORROW,2026-02-11,0,5,0,0.0,Power Bank,GENERAL_REUSE
IMP002244,A002244,U0634,SWAP,2026-07-07,1,0,450,0.6,Engineering Drawing Kit,GENERAL_REUSE
IMP002245,A002245,U0676,BORROW,2026-06-16,1,10,1701,0.42,Vernier Caliper,GENERAL_REUSE
IMP002246,A002246,U0974,BORROW,2025-11-15,1,3,202,0.27,Power Bank,GENERAL_REUSE
IMP002247,A002247,U0681,BORROW,2025-12-15,1,10,551,0.38,Bluetooth Keyboard,GENERAL_REUSE
IMP002248,A002248,U0345,SWAP,2025-11-13,1,0,740,0.51,Python Programming Book,GENERAL_REUSE
IMP002249,A002249,U0635,BORROW,2025-10-05,1,2,532,0.71,Extension Board,GENERAL_REUSE
IMP002250,A002250,U0236,BORROW,2026-07-27,1,3,477,0.53,Webcam,GENERAL_REUSE
IMP002251,A002251,U0738,BORROW,2026-05-10,0,21,0,0.0,Webcam,GENERAL_REUSE
IMP002252,A002252,U0499,BORROW,2026-03-10,0,21,0,0.0,Screwdriver Set,GENERAL_REUSE
IMP002253,A002253,U0526,SELL,2025-09-09,1,0,388,0.25,Python Programming Book,GENERAL_REUSE
IMP002254,A002254,U0016,SWAP,2025-10-02,1,0,190,0.38,Python Programming Book,GENERAL_REUSE
IMP002255,A002255,U0889,BORROW,2026-03-29,1,14,1340,0.67,Engineering Drawing Kit,GENERAL_REUSE
IMP002256,A002256,U0196,GIVEAWAY,2026-01-01,1,0,2236,0.63,Webcam,GENERAL_REUSE
IMP002257,A002257,U0567,SWAP,2026-02-24,1,0,918,0.54,Mechanical Drawing Set,GENERAL_REUSE
IMP002258,A002258,U0799,BORROW,2026-05-08,1,10,228,0.24,Digital Multimeter,GENERAL_REUSE
IMP002259,A002259,U0256,BORROW,2026-04-06,1,2,750,0.75,Python Programming Book,GENERAL_REUSE
IMP002260,A002260,U0987,SELL,2026-06-28,1,0,1827,0.42,Webcam,GENERAL_REUSE
IMP002261,A002261,U0711,SWAP,2025-09-27,1,0,788,0.45,Screwdriver Set,GENERAL_REUSE
IMP002262,A002262,U0004,GIVEAWAY,2025-10-03,1,0,1932,0.46,Webcam,GENERAL_REUSE
IMP002263,A002263,U0708,BORROW,2026-06-04,1,14,46,0.46,Graph Paper Pack,GENERAL_REUSE
IMP002264,A002264,U0405,BORROW,2026-03-19,1,10,286,0.52,Textbook,GENERAL_REUSE
IMP002265,A002265,U0551,BORROW,2026-07-03,0,3,0,0.0,Bluetooth Keyboard,GENERAL_REUSE
IMP002266,A002266,U0755,BORROW,2026-01-17,1,3,1596,0.84,Engineering Drawing Kit,GENERAL_REUSE
IMP002267,A002267,U0613,SELL,2025-09-03,1,0,55,0.22,HDMI Cable,GENERAL_REUSE
IMP002268,A002268,U0567,BORROW,2025-12-01,1,7,1085,0.7,Drawing Board,GENERAL_REUSE
IMP002269,A002269,U0975,BORROW,2026-01-09,1,2,1530,0.6,Bluetooth Keyboard,GENERAL_REUSE
IMP002270,A002270,U0941,GIVEAWAY,2026-04-27,1,0,1288,0.46,Bluetooth Keyboard,GENERAL_REUSE
IMP002271,A002271,U0803,BORROW,2025-10-21,0,3,0,0.0,Screwdriver Set,GENERAL_REUSE
IMP002272,A002272,U0664,BORROW,2026-07-06,0,5,0,0.0,Textbook,GENERAL_REUSE
IMP002273,A002273,U0361,BORROW,2026-04-15,1,10,585,0.39,Engineering Drawing Kit,GENERAL_REUSE
IMP002274,A002274,U0685,SWAP,2025-09-16,1,0,976,0.61,Screwdriver Set,GENERAL_REUSE
IMP002275,A002275,U0482,GIVEAWAY,2026-05-11,1,0,500,0.37,Scientific Calculator,GENERAL_REUSE
IMP002276,A002276,U0593,SELL,2025-10-18,1,0,218,0.23,Textbook,GENERAL_REUSE
IMP002277,A002277,U0631,BORROW,2026-07-21,1,21,1364,0.62,Scientific Calculator,GENERAL_REUSE
IMP002278,A002278,U0819,BORROW,2025-09-05,1,10,238,0.25,Bluetooth Keyboard,GENERAL_REUSE
IMP002279,A002279,U0107,GIVEAWAY,2026-04-24,1,0,1296,0.54,Vernier Caliper,GENERAL_REUSE
IMP002280,A002280,U0704,BORROW,2026-04-25,1,5,48,0.32,Ethernet Cable,GENERAL_REUSE
IMP002281,A002281,U0204,SWAP,2026-05-28,1,0,243,0.54,USB Flash Drive,GENERAL_REUSE
IMP002282,A002282,U0700,GIVEAWAY,2026-01-18,1,0,804,0.67,Tripod,GENERAL_REUSE
IMP002283,A002283,U0551,SWAP,2026-02-07,1,0,346,0.33,Lab Coat,GENERAL_REUSE
IMP002284,A002284,U0942,SWAP,2026-05-29,0,0,0,0.0,Lab Coat,GENERAL_REUSE
IMP002285,A002285,U0603,BORROW,2026-07-21,1,21,680,0.8,Headphones,GENERAL_REUSE
IMP002286,A002286,U0398,BORROW,2026-05-03,1,14,1326,0.51,Bluetooth Keyboard,GENERAL_REUSE
IMP002287,A002287,U0363,SWAP,2026-06-24,1,0,1755,0.39,Vernier Caliper,GENERAL_REUSE
IMP002288,A002288,U0489,BORROW,2025-11-08,1,7,125,0.5,Ethernet Cable,GENERAL_REUSE
IMP002289,A002289,U0585,BORROW,2026-03-11,1,7,572,0.88,USB Flash Drive,GENERAL_REUSE
IMP002290,A002290,U0142,SWAP,2026-05-07,1,0,518,0.45,Drawing Board,GENERAL_REUSE
IMP002291,A002291,U0027,BORROW,2026-07-23,1,14,390,0.39,Arduino Kit,GENERAL_REUSE
IMP002292,A002292,U0580,SWAP,2025-11-14,1,0,697,0.34,Presentation Clicker,GENERAL_REUSE
IMP002293,A002293,U0698,GIVEAWAY,2026-03-22,1,0,748,0.68,Desk Lamp,GENERAL_REUSE
IMP002294,A002294,U0811,SELL,2025-09-25,1,0,494,0.43,Scientific Calculator,GENERAL_REUSE
IMP002295,A002295,U0917,SWAP,2026-03-02,1,0,438,0.35,Headphones,GENERAL_REUSE
IMP002296,A002296,U0228,BORROW,2026-07-28,1,3,280,0.51,Drawing Board,GENERAL_REUSE
IMP002297,A002297,U0421,GIVEAWAY,2026-02-10,1,0,1462,0.43,Bluetooth Keyboard,GENERAL_REUSE
IMP002298,A002298,U0419,SWAP,2025-12-30,1,0,1200,0.3,Webcam,GENERAL_REUSE
IMP002299,A002299,U0795,GIVEAWAY,2026-03-12,1,0,248,0.45,Ethernet Cable,GENERAL_REUSE
IMP002300,A002300,U0098,SWAP,2026-04-30,1,0,588,0.47,Desk Lamp,GENERAL_REUSE
IMP002301,A002301,U0303,GIVEAWAY,2026-05-08,1,0,1026,0.57,Bluetooth Keyboard,GENERAL_REUSE
IMP002302,A002302,U0557,GIVEAWAY,2026-07-04,1,0,320,0.71,Safety Goggles,GENERAL_REUSE
IMP002303,A002303,U0596,SWAP,2026-03-28,1,0,918,0.54,Webcam,GENERAL_REUSE
IMP002304,A002304,U0716,SWAP,2026-05-04,1,0,100,0.5,Breadboard Kit,GENERAL_REUSE
IMP002305,A002305,U0598,BORROW,2025-09-25,1,5,372,0.24,Digital Multimeter,GENERAL_REUSE
IMP002306,A002306,U0730,GIVEAWAY,2025-11-10,1,0,2520,0.56,Vernier Caliper,GENERAL_REUSE
IMP002307,A002307,U0530,BORROW,2026-02-07,1,5,2898,0.84,Bluetooth Keyboard,GENERAL_REUSE
IMP002308,A002308,U0498,BORROW,2026-04-26,1,14,1760,0.44,Webcam,GENERAL_REUSE
IMP002309,A002309,U0130,SELL,2026-06-25,1,0,196,0.28,Lab Coat,GENERAL_REUSE
IMP002310,A002310,U0131,GIVEAWAY,2026-07-17,1,0,718,0.41,Screwdriver Set,GENERAL_REUSE
IMP002311,A002311,U0191,BORROW,2026-03-14,1,7,182,0.33,Ethernet Cable,GENERAL_REUSE
IMP002312,A002312,U0047,GIVEAWAY,2025-10-20,1,0,759,0.46,Desk Lamp,GENERAL_REUSE
IMP002313,A002313,U0070,BORROW,2025-11-11,1,7,1849,0.86,Scientific Calculator,GENERAL_REUSE
IMP002314,A002314,U0412,SWAP,2026-07-23,1,0,1200,0.49,Headphones,GENERAL_REUSE
IMP002315,A002315,U0366,BORROW,2025-11-26,1,14,760,0.8,Tripod,GENERAL_REUSE
IMP002316,A002316,U0641,SELL,2025-12-02,1,0,2375,0.5,Vernier Caliper,GENERAL_REUSE
IMP002317,A002317,U0145,SWAP,2025-10-23,1,0,375,0.5,USB Flash Drive,GENERAL_REUSE
IMP002318,A002318,U0594,BORROW,2026-06-25,1,21,700,0.7,Headphones,GENERAL_REUSE
IMP002319,A002319,U0259,BORROW,2026-07-28,1,14,144,0.32,Ethernet Cable,GENERAL_REUSE
IMP002320,A002320,U0846,GIVEAWAY,2026-01-03,1,0,1750,0.7,Scientific Calculator,GENERAL_REUSE
IMP002321,A002321,U0929,SELL,2026-05-05,1,0,3588,0.52,External Hard Drive,GENERAL_REUSE
IMP002322,A002322,U0680,BORROW,2025-10-07,1,2,249,0.83,Lab Coat,GENERAL_REUSE
IMP002323,A002323,U0356,SWAP,2026-04-04,1,0,861,0.41,Vernier Caliper,GENERAL_REUSE
IMP002324,A002324,U0602,SELL,2025-11-10,1,0,1716,0.33,External Hard Drive,GENERAL_REUSE
IMP002325,A002325,U0546,BORROW,2026-06-01,1,5,1024,0.64,Soldering Iron Kit,GENERAL_REUSE
IMP002326,A002326,U0390,SELL,2026-02-10,1,0,216,0.48,Extension Board,GENERAL_REUSE
IMP002327,A002327,U1000,BORROW,2026-03-25,1,2,448,0.69,Power Bank,GENERAL_REUSE
IMP002328,A002328,U0289,SELL,2025-11-25,1,0,176,0.32,USB Flash Drive,GENERAL_REUSE
IMP002329,A002329,U0008,SELL,2025-11-09,1,0,180,0.4,Lab Coat,GENERAL_REUSE
IMP002330,A002330,U0688,SELL,2026-02-11,1,0,637,0.26,USB-C Charger,GENERAL_REUSE
IMP002331,A002331,U0320,SWAP,2026-06-23,1,0,496,0.32,College Backpack,GENERAL_REUSE
IMP002332,A002332,U0205,SWAP,2025-12-03,1,0,180,0.6,Safety Goggles,GENERAL_REUSE
IMP002333,A002333,U0597,SWAP,2026-01-01,1,0,430,0.43,Textbook,GENERAL_REUSE
IMP002334,A002334,U0666,BORROW,2026-01-19,1,5,66,0.44,Graph Paper Pack,GENERAL_REUSE
IMP002335,A002335,U0820,GIVEAWAY,2025-10-28,1,0,72,0.36,Graph Paper Pack,GENERAL_REUSE
IMP002336,A002336,U0722,BORROW,2026-03-04,1,14,522,0.36,Digital Multimeter,GENERAL_REUSE
IMP002337,A002337,U0124,GIVEAWAY,2025-11-05,1,0,250,0.5,College Backpack,GENERAL_REUSE
IMP002338,A002338,U0482,GIVEAWAY,2025-09-20,1,0,714,0.68,Scientific Calculator,GENERAL_REUSE
IMP002339,A002339,U0435,BORROW,2026-04-08,1,10,312,0.78,HDMI Cable,GENERAL_REUSE
IMP002340,A002340,U0031,BORROW,2025-10-16,1,14,1560,0.48,Webcam,GENERAL_REUSE
IMP002341,A002341,U0298,BORROW,2026-06-05,1,3,567,0.81,Textbook,GENERAL_REUSE
IMP002342,A002342,U0010,SWAP,2026-01-02,1,0,212,0.47,Safety Goggles,GENERAL_REUSE
IMP002343,A002343,U0690,SELL,2025-11-07,1,0,369,0.41,Screwdriver Set,GENERAL_REUSE
IMP002344,A002344,U0534,GIVEAWAY,2025-12-25,1,0,342,0.36,Lab Coat,GENERAL_REUSE
IMP002345,A002345,U0822,GIVEAWAY,2026-06-19,1,0,858,0.49,Drawing Board,GENERAL_REUSE
IMP002346,A002346,U0747,BORROW,2025-11-19,0,21,0,0.0,Vernier Caliper,GENERAL_REUSE
IMP002347,A002347,U0623,BORROW,2025-10-23,1,7,1776,0.32,External Hard Drive,GENERAL_REUSE
IMP002348,A002348,U0798,SWAP,2025-12-13,1,0,147,0.49,USB Flash Drive,GENERAL_REUSE
IMP002349,A002349,U0497,GIVEAWAY,2026-06-21,1,0,90,0.36,HDMI Cable,GENERAL_REUSE
IMP002350,A002350,U0577,GIVEAWAY,2025-10-23,1,0,567,0.63,Screwdriver Set,GENERAL_REUSE
IMP002351,A002351,U0950,BORROW,2025-12-04,1,3,504,0.42,Desk Lamp,GENERAL_REUSE
IMP002352,A002352,U0433,BORROW,2025-12-29,1,10,1275,0.5,Headphones,GENERAL_REUSE
IMP002353,A002353,U0764,BORROW,2026-07-28,1,5,552,0.85,USB Flash Drive,GENERAL_REUSE
IMP002354,A002354,U0124,BORROW,2026-02-21,1,2,720,0.6,Tripod,GENERAL_REUSE
IMP002355,A002355,U0308,SWAP,2026-06-01,1,0,50,0.5,Graph Paper Pack,GENERAL_REUSE
IMP002356,A002356,U0638,GIVEAWAY,2025-11-12,1,0,312,0.78,Screwdriver Set,GENERAL_REUSE
IMP002357,A002357,U0762,BORROW,2026-06-26,1,7,1947,0.59,External Hard Drive,GENERAL_REUSE
IMP002358,A002358,U0702,BORROW,2025-09-27,1,3,284,0.71,HDMI Cable,GENERAL_REUSE
IMP002359,A002359,U0036,SWAP,2025-12-18,0,0,0,0.0,Safety Goggles,GENERAL_REUSE
IMP002360,A002360,U0694,BORROW,2025-09-03,1,21,520,0.8,Safety Goggles,GENERAL_REUSE
IMP002361,A002361,U0616,SWAP,2026-02-10,1,0,440,0.55,USB Flash Drive,GENERAL_REUSE
IMP002362,A002362,U0500,BORROW,2025-09-09,1,14,182,0.33,Lab Coat,GENERAL_REUSE
IMP002363,A002363,U0008,GIVEAWAY,2026-05-27,1,0,222,0.37,USB-C Charger,GENERAL_REUSE
IMP002364,A002364,U0061,SWAP,2026-07-08,1,0,1570,0.43,External Hard Drive,GENERAL_REUSE
IMP002365,A002365,U0927,BORROW,2026-04-11,1,3,800,0.4,Power Bank,GENERAL_REUSE
IMP002366,A002366,U0993,BORROW,2026-03-24,1,2,116,0.58,Ethernet Cable,GENERAL_REUSE
IMP002367,A002367,U0410,SWAP,2025-10-15,1,0,165,0.33,Breadboard Kit,GENERAL_REUSE
IMP002368,A002368,U0426,BORROW,2025-11-20,0,21,0,0.0,HDMI Cable,GENERAL_REUSE
IMP002369,A002369,U0552,BORROW,2026-03-13,1,3,378,0.54,Headphones,GENERAL_REUSE
IMP002370,A002370,U0653,GIVEAWAY,2026-07-07,1,0,2144,0.64,Webcam,GENERAL_REUSE
IMP002371,A002371,U0427,BORROW,2026-05-08,1,2,722,0.37,Arduino Kit,GENERAL_REUSE
IMP002372,A002372,U0056,SWAP,2025-12-21,1,0,234,0.39,Presentation Clicker,GENERAL_REUSE
IMP002373,A002373,U0697,SWAP,2026-06-01,1,0,297,0.27,Desk Lamp,GENERAL_REUSE
IMP002374,A002374,U0582,SWAP,2026-07-17,1,0,777,0.42,Digital Multimeter,GENERAL_REUSE
IMP002375,A002375,U0592,BORROW,2026-03-28,1,3,940,0.57,Calculator,EDUCATIONAL
IMP002376,A002376,U0226,BORROW,2026-03-07,1,3,312,0.78,Ethernet Cable,GENERAL_REUSE
IMP002377,A002377,U0480,SWAP,2026-06-03,1,0,864,0.36,Scientific Calculator,GENERAL_REUSE
IMP002378,A002378,U0333,BORROW,2026-07-26,1,21,56,0.28,Safety Goggles,GENERAL_REUSE
IMP002379,A002379,U0888,BORROW,2026-04-18,1,14,270,0.54,Ethernet Cable,GENERAL_REUSE
IMP002380,A002380,U0439,SWAP,2026-02-16,1,0,420,0.35,Extension Board,GENERAL_REUSE
IMP002381,A002381,U0721,BORROW,2025-11-21,1,7,748,0.34,Presentation Clicker,GENERAL_REUSE
IMP002382,A002382,U0992,GIVEAWAY,2025-11-03,0,0,0,0.0,HDMI Cable,GENERAL_REUSE
IMP002383,A002383,U0393,SWAP,2026-04-26,1,0,122,0.61,HDMI Cable,GENERAL_REUSE
IMP002384,A002384,U0194,BORROW,2026-04-07,1,5,546,0.84,Safety Goggles,GENERAL_REUSE
IMP002385,A002385,U0797,BORROW,2025-12-01,1,10,1530,0.85,Desk Lamp,GENERAL_REUSE
IMP002386,A002386,U0066,SWAP,2026-06-04,1,0,435,0.3,Extension Board,GENERAL_REUSE
IMP002387,A002387,U0597,BORROW,2026-04-11,1,5,357,0.34,Drawing Board,GENERAL_REUSE
IMP002388,A002388,U0364,BORROW,2026-04-15,1,5,1102,0.63,Arduino Kit,GENERAL_REUSE
IMP002389,A002389,U0773,GIVEAWAY,2026-03-30,1,0,1785,0.85,Mechanical Drawing Set,GENERAL_REUSE
IMP002390,A002390,U0296,BORROW,2026-03-16,1,10,474,0.79,USB Flash Drive,GENERAL_REUSE
IMP002391,A002391,U0556,BORROW,2026-06-05,1,3,790,0.51,USB-C Charger,GENERAL_REUSE
IMP002392,A002392,U0393,SELL,2026-04-27,1,0,1534,0.52,Headphones,GENERAL_REUSE
IMP002393,A002393,U0828,SWAP,2025-11-03,1,0,481,0.37,Screwdriver Set,GENERAL_REUSE
IMP002394,A002394,U0980,SWAP,2026-02-18,1,0,1248,0.39,Headphones,GENERAL_REUSE
IMP002395,A002395,U0586,SELL,2026-05-22,1,0,248,0.31,Python Programming Book,GENERAL_REUSE
IMP002396,A002396,U0344,BORROW,2026-04-04,1,5,231,0.21,USB Flash Drive,GENERAL_REUSE
IMP002397,A002397,U0443,BORROW,2026-07-18,1,3,378,0.21,Presentation Clicker,GENERAL_REUSE
IMP002398,A002398,U0195,BORROW,2026-03-06,1,2,962,0.77,Digital Multimeter,GENERAL_REUSE
IMP002399,A002399,U0179,GIVEAWAY,2026-05-30,0,0,0,0.0,Breadboard Kit,GENERAL_REUSE
IMP002400,A002400,U0364,GIVEAWAY,2026-02-08,1,0,1912,0.75,Bluetooth Keyboard,GENERAL_REUSE
IMP002401,A002401,U0226,BORROW,2025-10-10,1,3,806,0.52,Screwdriver Set,GENERAL_REUSE
IMP002402,A002402,U0934,GIVEAWAY,2026-01-15,1,0,913,0.83,Extension Board,GENERAL_REUSE
IMP002403,A002403,U0013,SWAP,2026-05-19,1,0,102,0.29,HDMI Cable,GENERAL_REUSE
IMP002404,A002404,U0424,GIVEAWAY,2025-09-08,1,0,924,0.66,Engineering Drawing Kit,GENERAL_REUSE
IMP002405,A002405,U0799,SELL,2025-12-19,1,0,580,0.27,Tripod,GENERAL_REUSE
IMP002406,A002406,U0147,SELL,2026-03-20,1,0,1300,0.4,Bluetooth Keyboard,GENERAL_REUSE
IMP002407,A002407,U0503,BORROW,2026-02-26,1,3,1328,0.59,Tripod,GENERAL_REUSE
IMP002408,A002408,U0668,BORROW,2026-05-17,1,7,201,0.67,Desk Lamp,GENERAL_REUSE
IMP002409,A002409,U0529,BORROW,2025-10-03,1,7,820,0.82,Textbook,GENERAL_REUSE
IMP002410,A002410,U0350,GIVEAWAY,2025-12-07,0,0,0,0.0,Presentation Clicker,GENERAL_REUSE
IMP002411,A002411,U0825,BORROW,2026-03-14,1,5,377,0.29,Arduino Kit,GENERAL_REUSE
IMP002412,A002412,U0223,SWAP,2026-01-27,1,0,1080,0.27,Webcam,GENERAL_REUSE
IMP002413,A002413,U0098,SWAP,2026-03-31,1,0,82,0.41,Graph Paper Pack,GENERAL_REUSE
IMP002414,A002414,U0861,SWAP,2026-01-13,1,0,666,0.43,Python Programming Book,GENERAL_REUSE
IMP002415,A002415,U0991,BORROW,2026-01-30,1,2,1146,0.79,Mechanical Drawing Set,GENERAL_REUSE
IMP002416,A002416,U0308,GIVEAWAY,2026-05-17,1,0,920,0.4,USB-C Charger,GENERAL_REUSE
IMP002417,A002417,U0223,BORROW,2026-03-24,1,10,13,0.26,Graph Paper Pack,GENERAL_REUSE
IMP002418,A002418,U0552,BORROW,2026-05-15,1,14,1000,0.4,College Backpack,GENERAL_REUSE
IMP002419,A002419,U0729,BORROW,2025-09-10,1,10,160,0.29,Safety Goggles,GENERAL_REUSE
IMP002420,A002420,U0186,BORROW,2025-11-17,1,5,94,0.47,Graph Paper Pack,GENERAL_REUSE
IMP002421,A002421,U0908,SWAP,2026-02-08,1,0,1763,0.43,External Hard Drive,GENERAL_REUSE
IMP002422,A002422,U0565,SWAP,2026-01-14,1,0,1586,0.61,Headphones,GENERAL_REUSE
IMP002423,A002423,U0700,SELL,2026-07-03,1,0,663,0.26,Arduino Kit,GENERAL_REUSE
IMP002424,A002424,U0095,SWAP,2026-02-08,1,0,288,0.36,Mechanical Drawing Set,GENERAL_REUSE
IMP002425,A002425,U0451,BORROW,2025-12-12,1,7,725,0.25,College Backpack,GENERAL_REUSE
IMP002426,A002426,U0013,SELL,2025-12-10,1,0,987,0.42,College Backpack,GENERAL_REUSE
IMP002427,A002427,U0610,BORROW,2026-06-22,1,21,198,0.33,HDMI Cable,GENERAL_REUSE
IMP002428,A002428,U0189,BORROW,2026-01-12,1,14,494,0.26,Engineering Drawing Kit,GENERAL_REUSE
IMP002429,A002429,U0373,SELL,2026-05-22,1,0,529,0.46,Presentation Clicker,GENERAL_REUSE
IMP002430,A002430,U0256,SWAP,2026-04-11,1,0,688,0.32,Engineering Drawing Kit,GENERAL_REUSE
IMP002431,A002431,U0648,GIVEAWAY,2026-06-25,1,0,360,0.45,Power Bank,GENERAL_REUSE
IMP002432,A002432,U0954,SWAP,2026-05-31,1,0,1202,0.65,USB-C Charger,GENERAL_REUSE
IMP002433,A002433,U0224,SELL,2026-07-11,1,0,357,0.51,Lab Coat,GENERAL_REUSE
IMP002434,A002434,U0394,BORROW,2026-07-07,1,21,2628,0.73,Webcam,GENERAL_REUSE
IMP002435,A002435,U0739,GIVEAWAY,2025-10-15,1,0,897,0.78,Drawing Board,GENERAL_REUSE
IMP002436,A002436,U0151,BORROW,2026-03-31,1,21,514,0.49,Arduino Kit,GENERAL_REUSE
IMP002437,A002437,U0841,GIVEAWAY,2026-03-28,1,0,912,0.76,Vernier Caliper,GENERAL_REUSE
IMP002438,A002438,U0966,SWAP,2025-09-02,1,0,300,0.5,Drawing Board,GENERAL_REUSE
IMP002439,A002439,U0506,BORROW,2026-06-11,1,7,287,0.41,Screwdriver Set,GENERAL_REUSE
IMP002440,A002440,U0920,SELL,2025-11-02,1,0,554,0.41,Desk Lamp,GENERAL_REUSE
IMP002441,A002441,U0759,SWAP,2025-09-08,1,0,1408,0.32,Webcam,GENERAL_REUSE
IMP002442,A002442,U0006,BORROW,2025-11-23,1,21,1858,0.59,External Hard Drive,GENERAL_REUSE
IMP002443,A002443,U0854,BORROW,2026-07-04,0,21,0,0.0,USB Flash Drive,GENERAL_REUSE
IMP002444,A002444,U0480,GIVEAWAY,2026-07-25,1,0,318,0.53,Extension Board,GENERAL_REUSE
IMP002445,A002445,U0180,SWAP,2026-02-15,1,0,403,0.31,Digital Multimeter,GENERAL_REUSE
IMP002446,A002446,U0828,SWAP,2026-02-18,1,0,1600,0.64,Headphones,GENERAL_REUSE
IMP002447,A002447,U0267,BORROW,2026-07-18,1,7,130,0.52,Breadboard Kit,GENERAL_REUSE
IMP002448,A002448,U0106,BORROW,2026-06-21,1,2,2180,0.49,External Hard Drive,GENERAL_REUSE
IMP002449,A002449,U0870,GIVEAWAY,2026-05-24,1,0,1029,0.49,Power Bank,GENERAL_REUSE
IMP002450,A002450,U0741,BORROW,2026-03-23,1,14,390,0.26,Digital Multimeter,GENERAL_REUSE
IMP002451,A002451,U0014,BORROW,2026-02-14,1,10,846,0.47,Vernier Caliper,GENERAL_REUSE
IMP002452,A002452,U0235,SWAP,2026-03-19,1,0,228,0.38,Ethernet Cable,GENERAL_REUSE
IMP002453,A002453,U0957,BORROW,2026-01-08,1,14,589,0.38,Power Bank,GENERAL_REUSE
IMP002454,A002454,U0519,BORROW,2026-03-19,1,21,52,0.35,Graph Paper Pack,GENERAL_REUSE
IMP002455,A002455,U0344,BORROW,2026-06-29,1,10,992,0.62,Tripod,GENERAL_REUSE
IMP002456,A002456,U0530,BORROW,2026-01-11,1,2,529,0.46,Mechanical Drawing Set,GENERAL_REUSE
IMP002457,A002457,U0213,BORROW,2025-12-22,1,7,477,0.53,USB Flash Drive,GENERAL_REUSE
IMP002458,A002458,U0399,BORROW,2025-12-09,1,7,85,0.57,HDMI Cable,GENERAL_REUSE
IMP002459,A002459,U0449,BORROW,2026-01-19,1,14,427,0.61,Power Bank,GENERAL_REUSE
IMP002460,A002460,U0358,SELL,2025-09-20,0,0,0,0.0,Calculator,EDUCATIONAL
IMP002461,A002461,U0887,SELL,2025-11-01,1,0,1032,0.35,Soldering Iron Kit,GENERAL_REUSE
IMP002462,A002462,U0494,SWAP,2026-07-14,1,0,3383,0.55,External Hard Drive,GENERAL_REUSE
IMP002463,A002463,U0720,BORROW,2025-10-22,1,14,201,0.67,Safety Goggles,GENERAL_REUSE
IMP002464,A002464,U0514,SWAP,2026-03-27,1,0,1326,0.52,Arduino Kit,GENERAL_REUSE
IMP002465,A002465,U0183,BORROW,2026-06-02,0,21,0,0.0,Extension Board,GENERAL_REUSE
IMP002466,A002466,U0154,BORROW,2026-03-25,1,3,340,0.34,USB Flash Drive,GENERAL_REUSE
IMP002467,A002467,U0349,BORROW,2026-06-21,1,14,1647,0.61,Soldering Iron Kit,GENERAL_REUSE
IMP002468,A002468,U0038,BORROW,2026-06-15,1,10,3243,0.69,Vernier Caliper,GENERAL_REUSE
IMP002469,A002469,U0793,BORROW,2025-10-01,1,14,1320,0.6,Bluetooth Keyboard,GENERAL_REUSE
IMP002470,A002470,U0925,BORROW,2026-06-12,1,21,44,0.22,Breadboard Kit,GENERAL_REUSE
IMP002471,A002471,U0149,GIVEAWAY,2026-02-03,0,0,0,0.0,Mechanical Drawing Set,GENERAL_REUSE
IMP002472,A002472,U0657,GIVEAWAY,2025-11-21,1,0,378,0.63,Ethernet Cable,GENERAL_REUSE
IMP002473,A002473,U0531,GIVEAWAY,2025-11-04,0,0,0,0.0,Mechanical Drawing Set,GENERAL_REUSE
IMP002474,A002474,U0543,BORROW,2025-12-17,1,10,988,0.76,Tripod,GENERAL_REUSE
IMP002475,A002475,U0956,SWAP,2026-05-24,1,0,710,0.43,Calculator,EDUCATIONAL
IMP002476,A002476,U0273,BORROW,2026-05-14,1,2,688,0.32,Bluetooth Keyboard,GENERAL_REUSE
IMP002477,A002477,U0833,BORROW,2026-03-24,1,14,540,0.83,Drawing Board,GENERAL_REUSE
IMP002478,A002478,U0135,GIVEAWAY,2025-10-20,1,0,1085,0.7,Scientific Calculator,GENERAL_REUSE
IMP002479,A002479,U0235,BORROW,2026-04-14,1,10,384,0.64,Mechanical Drawing Set,GENERAL_REUSE
IMP002480,A002480,U0846,GIVEAWAY,2026-01-29,1,0,342,0.57,USB Flash Drive,GENERAL_REUSE
IMP002481,A002481,U0819,BORROW,2026-04-03,1,5,714,0.84,Calculator,EDUCATIONAL
IMP002482,A002482,U0303,SELL,2026-07-28,1,0,44,0.29,Graph Paper Pack,GENERAL_REUSE
IMP002483,A002483,U0257,BORROW,2025-12-14,0,5,0,0.0,Scientific Calculator,GENERAL_REUSE
IMP002484,A002484,U0727,SWAP,2026-05-09,1,0,600,0.3,Mechanical Drawing Set,GENERAL_REUSE
IMP002485,A002485,U0938,BORROW,2025-11-28,1,10,234,0.39,Power Bank,GENERAL_REUSE
IMP002486,A002486,U0900,SWAP,2026-05-30,1,0,413,0.55,Breadboard Kit,GENERAL_REUSE
IMP002487,A002487,U0204,BORROW,2026-01-21,1,7,378,0.21,Python Programming Book,GENERAL_REUSE
IMP002488,A002488,U0930,GIVEAWAY,2026-06-29,1,0,364,0.52,USB Flash Drive,GENERAL_REUSE
IMP002489,A002489,U0990,BORROW,2025-12-01,1,5,232,0.58,Safety Goggles,GENERAL_REUSE
IMP002490,A002490,U0271,GIVEAWAY,2026-06-15,1,0,696,0.48,Bluetooth Keyboard,GENERAL_REUSE
IMP002491,A002491,U0016,BORROW,2026-07-26,1,10,570,0.57,Power Bank,GENERAL_REUSE
IMP002492,A002492,U0515,BORROW,2026-06-10,1,3,1242,0.71,College Backpack,GENERAL_REUSE
IMP002493,A002493,U0665,BORROW,2025-09-30,1,7,114,0.38,Ethernet Cable,GENERAL_REUSE
IMP002494,A002494,U0904,GIVEAWAY,2026-02-15,1,0,1659,0.79,Presentation Clicker,GENERAL_REUSE
IMP002495,A002495,U0551,SELL,2025-12-25,1,0,729,0.54,Digital Multimeter,GENERAL_REUSE
IMP002496,A002496,U0509,SELL,2026-06-18,1,0,18,0.36,Graph Paper Pack,GENERAL_REUSE
IMP002497,A002497,U0668,SWAP,2026-03-21,1,0,416,0.64,Arduino Kit,GENERAL_REUSE
IMP002498,A002498,U0069,GIVEAWAY,2025-11-20,1,0,252,0.72,Calculator,EDUCATIONAL
IMP002499,A002499,U0949,BORROW,2025-12-04,1,10,2332,0.53,Webcam,GENERAL_REUSE
IMP002500,A002500,U0115,GIVEAWAY,2026-02-13,1,0,525,0.42,Python Programming Book,GENERAL_REUSE
IMP002501,A002501,U0807,GIVEAWAY,2026-03-23,1,0,384,0.59,Drawing Board,GENERAL_REUSE
IMP002502,A002502,U0363,BORROW,2025-11-14,1,10,1246,0.53,Soldering Iron Kit,GENERAL_REUSE
IMP002503,A002503,U0935,BORROW,2026-06-23,1,14,292,0.39,College Backpack,GENERAL_REUSE
IMP002504,A002504,U0301,SWAP,2026-03-29,1,0,702,0.54,Mechanical Drawing Set,GENERAL_REUSE
IMP002505,A002505,U0274,SELL,2026-05-17,1,0,1778,0.45,Webcam,GENERAL_REUSE
IMP002506,A002506,U0597,BORROW,2026-06-14,1,3,3913,0.86,External Hard Drive,GENERAL_REUSE
IMP002507,A002507,U0241,BORROW,2026-02-28,1,21,1190,0.35,Webcam,GENERAL_REUSE
IMP002508,A002508,U0438,SELL,2025-12-29,1,0,338,0.26,Screwdriver Set,GENERAL_REUSE
IMP002509,A002509,U0645,BORROW,2025-11-05,1,7,119,0.34,Lab Coat,GENERAL_REUSE
IMP002510,A002510,U0110,SWAP,2026-07-14,1,0,528,0.44,Calculator,EDUCATIONAL
IMP002511,A002511,U0160,SWAP,2026-03-17,1,0,210,0.3,USB-C Charger,GENERAL_REUSE
IMP002512,A002512,U0711,BORROW,2025-11-29,1,2,1333,0.86,Drawing Board,GENERAL_REUSE
IMP002513,A002513,U0630,BORROW,2026-05-18,1,5,765,0.51,Bluetooth Keyboard,GENERAL_REUSE
IMP002514,A002514,U0541,BORROW,2025-12-02,0,14,0,0.0,Desk Lamp,GENERAL_REUSE
IMP002515,A002515,U0614,BORROW,2026-03-21,1,2,736,0.32,Bluetooth Keyboard,GENERAL_REUSE
IMP002516,A002516,U0781,GIVEAWAY,2025-09-22,1,0,896,0.56,Engineering Drawing Kit,GENERAL_REUSE
IMP002517,A002517,U0046,SWAP,2026-01-28,1,0,299,0.46,Textbook,GENERAL_REUSE
IMP002518,A002518,U0019,BORROW,2026-06-06,1,14,429,0.26,Drawing Board,GENERAL_REUSE
IMP002519,A002519,U0961,SWAP,2026-05-01,1,0,610,0.53,Desk Lamp,GENERAL_REUSE
IMP002520,A002520,U0180,SWAP,2026-06-29,1,0,1380,0.31,Webcam,GENERAL_REUSE
IMP002521,A002521,U0792,SWAP,2026-07-05,1,0,632,0.55,Presentation Clicker,GENERAL_REUSE
IMP002522,A002522,U0785,GIVEAWAY,2026-04-15,1,0,492,0.82,Breadboard Kit,GENERAL_REUSE
IMP002523,A002523,U0797,BORROW,2025-11-13,1,14,420,0.6,HDMI Cable,GENERAL_REUSE
IMP002524,A002524,U0558,SELL,2026-04-29,0,0,0,0.0,HDMI Cable,GENERAL_REUSE
IMP002525,A002525,U0873,BORROW,2025-10-06,1,14,168,0.21,Drawing Board,GENERAL_REUSE
IMP002526,A002526,U0426,BORROW,2026-04-02,1,14,312,0.48,Lab Coat,GENERAL_REUSE
IMP002527,A002527,U0591,BORROW,2026-06-14,1,7,58,0.58,Graph Paper Pack,GENERAL_REUSE
IMP002528,A002528,U0139,SWAP,2026-07-09,1,0,247,0.38,Breadboard Kit,GENERAL_REUSE
IMP002529,A002529,U0582,BORROW,2026-07-18,1,5,938,0.75,Webcam,GENERAL_REUSE
IMP002530,A002530,U0779,BORROW,2025-09-23,1,2,882,0.63,Soldering Iron Kit,GENERAL_REUSE
IMP002531,A002531,U0440,SELL,2026-03-14,1,0,779,0.38,Webcam,GENERAL_REUSE
IMP002532,A002532,U0811,GIVEAWAY,2025-11-19,1,0,790,0.79,Textbook,GENERAL_REUSE
IMP002533,A002533,U0807,GIVEAWAY,2025-11-21,1,0,830,0.79,Drawing Board,GENERAL_REUSE
IMP002534,A002534,U0468,BORROW,2026-01-15,1,3,35,0.7,Graph Paper Pack,GENERAL_REUSE
IMP002535,A002535,U0377,BORROW,2026-04-25,1,21,442,0.52,Lab Coat,GENERAL_REUSE
IMP002536,A002536,U0137,GIVEAWAY,2025-12-11,1,0,88,0.44,Graph Paper Pack,GENERAL_REUSE
IMP002537,A002537,U0478,GIVEAWAY,2026-06-13,1,0,468,0.39,Tripod,GENERAL_REUSE
IMP002538,A002538,U0852,BORROW,2026-05-27,1,21,3562,0.52,External Hard Drive,GENERAL_REUSE
IMP002539,A002539,U0357,SWAP,2025-12-11,1,0,1088,0.32,Webcam,GENERAL_REUSE
IMP002540,A002540,U0158,GIVEAWAY,2026-04-15,1,0,298,0.85,Breadboard Kit,GENERAL_REUSE
IMP002541,A002541,U0708,BORROW,2025-12-07,1,21,994,0.71,USB-C Charger,GENERAL_REUSE
IMP002542,A002542,U0992,BORROW,2026-02-13,1,10,2200,0.88,Bluetooth Keyboard,GENERAL_REUSE
IMP002543,A002543,U0979,BORROW,2025-09-05,1,10,526,0.81,Digital Multimeter,GENERAL_REUSE
IMP002544,A002544,U0180,BORROW,2026-06-02,0,5,0,0.0,Engineering Drawing Kit,GENERAL_REUSE
IMP002545,A002545,U0230,BORROW,2026-05-24,1,7,714,0.21,Soldering Iron Kit,GENERAL_REUSE
IMP002546,A002546,U0724,BORROW,2026-07-24,1,2,1245,0.83,College Backpack,GENERAL_REUSE
IMP002547,A002547,U0493,SELL,2025-11-14,1,0,585,0.26,Scientific Calculator,GENERAL_REUSE
IMP002548,A002548,U0538,GIVEAWAY,2026-05-18,1,0,720,0.36,Bluetooth Keyboard,GENERAL_REUSE
IMP002549,A002549,U0537,BORROW,2025-11-29,1,21,147,0.21,Screwdriver Set,GENERAL_REUSE
IMP002550,A002550,U0084,SWAP,2025-11-12,1,0,460,0.46,Arduino Kit,GENERAL_REUSE
IMP002551,A002551,U0278,BORROW,2026-06-04,1,10,864,0.54,Digital Multimeter,GENERAL_REUSE
IMP002552,A002552,U0745,BORROW,2025-12-14,1,14,1296,0.81,USB-C Charger,GENERAL_REUSE
IMP002553,A002553,U0922,GIVEAWAY,2026-01-13,1,0,932,0.81,Power Bank,GENERAL_REUSE
IMP002554,A002554,U0471,BORROW,2026-05-29,1,21,572,0.88,Textbook,GENERAL_REUSE
IMP002555,A002555,U0768,BORROW,2026-07-23,1,10,416,0.32,Bluetooth Keyboard,GENERAL_REUSE
IMP002556,A002556,U0337,BORROW,2026-06-15,1,14,992,0.64,USB-C Charger,GENERAL_REUSE
IMP002557,A002557,U0380,GIVEAWAY,2026-02-25,0,0,0,0.0,Digital Multimeter,GENERAL_REUSE
IMP002558,A002558,U0209,BORROW,2025-09-07,1,14,1096,0.51,Bluetooth Keyboard,GENERAL_REUSE
IMP002559,A002559,U0959,SWAP,2025-10-25,1,0,1908,0.53,External Hard Drive,GENERAL_REUSE
IMP002560,A002560,U0785,BORROW,2026-04-28,1,3,632,0.79,Extension Board,GENERAL_REUSE
IMP002561,A002561,U0255,GIVEAWAY,2026-01-28,1,0,460,0.4,Calculator,EDUCATIONAL
IMP002562,A002562,U0301,SELL,2025-12-24,1,0,450,0.53,College Backpack,GENERAL_REUSE
IMP002563,A002563,U0819,BORROW,2025-12-25,1,14,273,0.42,USB Flash Drive,GENERAL_REUSE
IMP002564,A002564,U0422,SWAP,2025-10-13,1,0,891,0.54,Mechanical Drawing Set,GENERAL_REUSE
IMP002565,A002565,U0906,BORROW,2026-02-03,1,3,1286,0.83,Digital Multimeter,GENERAL_REUSE
IMP002566,A002566,U0801,BORROW,2026-05-01,1,7,561,0.66,Python Programming Book,GENERAL_REUSE
IMP002567,A002567,U0626,BORROW,2026-07-22,1,14,1418,0.81,College Backpack,GENERAL_REUSE
IMP002568,A002568,U0362,SELL,2025-11-26,0,0,0,0.0,Scientific Calculator,GENERAL_REUSE
IMP002569,A002569,U0920,BORROW,2026-02-23,1,7,429,0.33,Digital Multimeter,GENERAL_REUSE
IMP002570,A002570,U0506,BORROW,2026-03-29,1,10,399,0.21,Headphones,GENERAL_REUSE
IMP002571,A002571,U0774,SWAP,2026-03-12,1,0,502,0.59,Desk Lamp,GENERAL_REUSE
IMP002572,A002572,U0534,GIVEAWAY,2025-09-13,1,0,452,0.43,Lab Coat,GENERAL_REUSE
IMP002573,A002573,U0126,BORROW,2025-12-18,1,5,196,0.49,Lab Coat,GENERAL_REUSE
IMP002574,A002574,U0011,SWAP,2026-07-03,1,0,243,0.54,Safety Goggles,GENERAL_REUSE
IMP002575,A002575,U0312,SELL,2026-04-12,1,0,315,0.45,Headphones,GENERAL_REUSE
IMP002576,A002576,U0727,SWAP,2026-06-04,1,0,660,0.4,Screwdriver Set,GENERAL_REUSE
IMP002577,A002577,U0314,GIVEAWAY,2026-02-10,1,0,122,0.81,Safety Goggles,GENERAL_REUSE
IMP002578,A002578,U0088,BORROW,2025-09-04,1,10,1326,0.39,Soldering Iron Kit,GENERAL_REUSE
IMP002579,A002579,U0665,SWAP,2026-03-21,1,0,198,0.33,HDMI Cable,GENERAL_REUSE
IMP002580,A002580,U0529,BORROW,2025-09-09,1,5,392,0.29,Extension Board,GENERAL_REUSE
IMP002581,A002581,U0391,SWAP,2025-10-04,1,0,182,0.28,Textbook,GENERAL_REUSE
IMP002582,A002582,U0354,SWAP,2025-10-19,1,0,2306,0.53,External Hard Drive,GENERAL_REUSE
IMP002583,A002583,U0608,SELL,2025-09-09,1,0,698,0.31,Bluetooth Keyboard,GENERAL_REUSE
IMP002584,A002584,U0330,SWAP,2025-11-26,1,0,266,0.38,Desk Lamp,GENERAL_REUSE
IMP002585,A002585,U0928,GIVEAWAY,2025-10-03,1,0,312,0.52,Safety Goggles,GENERAL_REUSE
IMP002586,A002586,U0982,SWAP,2025-10-12,1,0,465,0.62,Engineering Drawing Kit,GENERAL_REUSE
IMP002587,A002587,U0392,BORROW,2025-12-10,1,3,1240,0.31,External Hard Drive,GENERAL_REUSE
IMP002588,A002588,U0545,SWAP,2026-04-15,1,0,220,0.55,Calculator,EDUCATIONAL
IMP002589,A002589,U0454,GIVEAWAY,2026-06-29,1,0,74,0.37,Graph Paper Pack,GENERAL_REUSE
IMP002590,A002590,U0953,BORROW,2026-04-08,1,3,1804,0.88,Tripod,GENERAL_REUSE
IMP002591,A002591,U0844,SWAP,2026-04-29,1,0,914,0.63,Screwdriver Set,GENERAL_REUSE
IMP002592,A002592,U0813,SWAP,2026-02-04,1,0,483,0.46,Lab Coat,GENERAL_REUSE
IMP002593,A002593,U0882,BORROW,2025-10-05,1,7,1496,0.73,Mechanical Drawing Set,GENERAL_REUSE
IMP002594,A002594,U0023,SELL,2026-01-04,1,0,68,0.27,Textbook,GENERAL_REUSE
IMP002595,A002595,U0390,BORROW,2026-03-26,1,2,960,0.4,College Backpack,GENERAL_REUSE
IMP002596,A002596,U0968,GIVEAWAY,2025-10-26,1,0,1370,0.83,Calculator,EDUCATIONAL
IMP002597,A002597,U0324,SELL,2025-12-13,1,0,216,0.54,Safety Goggles,GENERAL_REUSE
IMP002598,A002598,U0555,BORROW,2026-02-09,1,21,432,0.32,Presentation Clicker,GENERAL_REUSE
IMP002599,A002599,U0903,SELL,2026-06-25,1,0,1911,0.42,External Hard Drive,GENERAL_REUSE
IMP002600,A002600,U0362,GIVEAWAY,2026-03-08,1,0,202,0.45,Screwdriver Set,GENERAL_REUSE
IMP002601,A002601,U0288,BORROW,2026-05-24,1,2,364,0.26,Digital Multimeter,GENERAL_REUSE
IMP002602,A002602,U0822,SELL,2026-01-16,1,0,735,0.3,Tripod,GENERAL_REUSE
IMP002603,A002603,U0791,SELL,2025-10-03,1,0,688,0.43,Calculator,EDUCATIONAL
IMP002604,A002604,U0051,BORROW,2026-04-07,1,2,392,0.27,Python Programming Book,GENERAL_REUSE
IMP002605,A002605,U0546,BORROW,2026-06-14,1,2,551,0.58,Soldering Iron Kit,GENERAL_REUSE
IMP002606,A002606,U0220,SWAP,2025-10-08,1,0,104,0.52,Graph Paper Pack,GENERAL_REUSE
IMP002607,A002607,U0849,BORROW,2025-10-27,1,14,518,0.61,Presentation Clicker,GENERAL_REUSE
IMP002608,A002608,U0181,SWAP,2026-05-23,1,0,285,0.3,Scientific Calculator,GENERAL_REUSE
IMP002609,A002609,U0131,SWAP,2026-05-07,0,0,0,0.0,Calculator,EDUCATIONAL
IMP002610,A002610,U0318,SWAP,2025-11-02,1,0,735,0.42,Scientific Calculator,GENERAL_REUSE
IMP002611,A002611,U0219,SELL,2026-07-06,1,0,196,0.28,Presentation Clicker,GENERAL_REUSE
IMP002612,A002612,U0470,GIVEAWAY,2025-10-17,1,0,1786,0.76,Headphones,GENERAL_REUSE
IMP002613,A002613,U0240,SWAP,2026-02-11,1,0,428,0.45,Textbook,GENERAL_REUSE
IMP002614,A002614,U0920,BORROW,2026-06-19,1,21,392,0.87,HDMI Cable,GENERAL_REUSE
IMP002615,A002615,U0639,BORROW,2025-09-30,1,14,2888,0.77,Webcam,GENERAL_REUSE
IMP002616,A002616,U0885,SELL,2026-02-10,1,0,53,0.53,Graph Paper Pack,GENERAL_REUSE
IMP002617,A002617,U0861,SWAP,2025-12-29,1,0,150,0.3,Safety Goggles,GENERAL_REUSE
IMP002618,A002618,U0569,SELL,2026-07-11,1,0,466,0.49,Python Programming Book,GENERAL_REUSE
IMP002619,A002619,U0268,GIVEAWAY,2025-09-11,1,0,872,0.83,Power Bank,GENERAL_REUSE
IMP002620,A002620,U0113,SWAP,2025-12-31,1,0,141,0.47,HDMI Cable,GENERAL_REUSE
IMP002621,A002621,U0788,BORROW,2025-09-27,1,2,440,0.8,HDMI Cable,GENERAL_REUSE
IMP002622,A002622,U0265,SWAP,2025-09-16,1,0,540,0.6,Screwdriver Set,GENERAL_REUSE
IMP002623,A002623,U0293,GIVEAWAY,2026-06-16,1,0,580,0.61,Extension Board,GENERAL_REUSE
IMP002624,A002624,U0411,BORROW,2026-03-14,1,3,546,0.26,Engineering Drawing Kit,GENERAL_REUSE
IMP002625,A002625,U0623,BORROW,2026-06-21,1,3,2025,0.75,Vernier Caliper,GENERAL_REUSE
IMP002626,A002626,U0623,BORROW,2026-01-19,1,3,238,0.68,Lab Coat,GENERAL_REUSE
IMP002627,A002627,U0989,SWAP,2025-12-28,1,0,559,0.43,Engineering Drawing Kit,GENERAL_REUSE
IMP002628,A002628,U0410,BORROW,2026-03-11,1,21,1180,0.59,Vernier Caliper,GENERAL_REUSE
IMP002629,A002629,U0684,GIVEAWAY,2025-09-03,1,0,63,0.42,Graph Paper Pack,GENERAL_REUSE
IMP002630,A002630,U0317,BORROW,2026-04-03,1,7,688,0.25,Vernier Caliper,GENERAL_REUSE
IMP002631,A002631,U0115,BORROW,2026-02-27,1,5,227,0.35,Scientific Calculator,GENERAL_REUSE
IMP002632,A002632,U0929,BORROW,2025-09-16,1,10,1530,0.85,Scientific Calculator,GENERAL_REUSE
IMP002633,A002633,U0092,BORROW,2026-03-08,1,21,180,0.72,Ethernet Cable,GENERAL_REUSE
IMP002634,A002634,U0348,SWAP,2026-06-16,1,0,504,0.42,College Backpack,GENERAL_REUSE
IMP002635,A002635,U0515,SWAP,2026-07-06,1,0,720,0.3,Webcam,GENERAL_REUSE
IMP002636,A002636,U0461,BORROW,2026-02-24,1,5,629,0.37,Soldering Iron Kit,GENERAL_REUSE
IMP002637,A002637,U0101,BORROW,2025-09-02,1,3,1150,0.46,Headphones,GENERAL_REUSE
IMP002638,A002638,U0182,BORROW,2026-03-19,1,10,630,0.6,Screwdriver Set,GENERAL_REUSE
IMP002639,A002639,U0147,BORROW,2025-12-06,1,2,188,0.75,HDMI Cable,GENERAL_REUSE
IMP002640,A002640,U0817,SWAP,2025-09-08,1,0,1269,0.47,External Hard Drive,GENERAL_REUSE
IMP002641,A002641,U0439,BORROW,2025-12-21,1,21,483,0.69,USB-C Charger,GENERAL_REUSE
IMP002642,A002642,U0032,BORROW,2026-02-23,0,10,0,0.0,Breadboard Kit,GENERAL_REUSE
IMP002643,A002643,U0910,SWAP,2025-11-21,1,0,125,0.25,Safety Goggles,GENERAL_REUSE
IMP002644,A002644,U0192,GIVEAWAY,2026-07-24,1,0,1116,0.77,Tripod,GENERAL_REUSE
IMP002645,A002645,U0010,SWAP,2026-05-12,1,0,312,0.48,USB Flash Drive,GENERAL_REUSE
IMP002646,A002646,U0338,BORROW,2025-12-28,1,14,408,0.51,Scientific Calculator,GENERAL_REUSE
IMP002647,A002647,U0364,SELL,2026-01-17,1,0,224,0.28,Lab Coat,GENERAL_REUSE
IMP002648,A002648,U0964,SWAP,2025-12-17,1,0,770,0.44,Tripod,GENERAL_REUSE
IMP002649,A002649,U0903,SELL,2026-07-15,1,0,225,0.25,Webcam,GENERAL_REUSE
IMP002650,A002650,U0561,SWAP,2026-05-22,1,0,427,0.61,Breadboard Kit,GENERAL_REUSE
IMP002651,A002651,U0775,GIVEAWAY,2026-04-19,1,0,798,0.55,Mechanical Drawing Set,GENERAL_REUSE
IMP002652,A002652,U0305,GIVEAWAY,2026-07-06,1,0,616,0.56,USB Flash Drive,GENERAL_REUSE
IMP002653,A002653,U0443,BORROW,2025-11-21,1,21,462,0.71,College Backpack,GENERAL_REUSE
IMP002654,A002654,U0661,SWAP,2025-10-15,0,0,0,0.0,Extension Board,GENERAL_REUSE
IMP002655,A002655,U0578,BORROW,2025-10-18,1,5,832,0.45,Vernier Caliper,GENERAL_REUSE
IMP002656,A002656,U0687,SWAP,2026-02-07,1,0,1044,0.58,Engineering Drawing Kit,GENERAL_REUSE
IMP002657,A002657,U0256,SWAP,2026-03-29,1,0,963,0.41,Headphones,GENERAL_REUSE
IMP002658,A002658,U0169,BORROW,2026-01-13,1,21,630,0.45,Extension Board,GENERAL_REUSE
IMP002659,A002659,U0708,SELL,2026-02-26,1,0,296,0.37,Drawing Board,GENERAL_REUSE
IMP002660,A002660,U0561,SELL,2025-09-19,1,0,1482,0.52,Arduino Kit,GENERAL_REUSE
IMP002661,A002661,U0388,SELL,2026-01-05,1,0,92,0.37,HDMI Cable,GENERAL_REUSE
IMP002662,A002662,U0090,BORROW,2025-09-24,1,14,814,0.37,Digital Multimeter,GENERAL_REUSE
IMP002663,A002663,U0722,SWAP,2026-05-17,1,0,299,0.26,USB Flash Drive,GENERAL_REUSE
IMP002664,A002664,U0935,BORROW,2026-03-27,1,2,714,0.51,Python Programming Book,GENERAL_REUSE
IMP002665,A002665,U0402,GIVEAWAY,2026-01-29,1,0,468,0.72,Calculator,EDUCATIONAL
IMP002666,A002666,U0816,SELL,2026-06-06,1,0,475,0.38,Presentation Clicker,GENERAL_REUSE
IMP002667,A002667,U0821,GIVEAWAY,2026-04-14,1,0,61,0.41,Breadboard Kit,GENERAL_REUSE
IMP002668,A002668,U0647,BORROW,2026-05-20,1,21,382,0.51,Headphones,GENERAL_REUSE
IMP002669,A002669,U0110,BORROW,2026-01-30,1,2,186,0.31,Lab Coat,GENERAL_REUSE
IMP002670,A002670,U0615,GIVEAWAY,2025-11-16,1,0,1587,0.69,USB-C Charger,GENERAL_REUSE
IMP002671,A002671,U0790,GIVEAWAY,2026-07-23,1,0,156,0.52,HDMI Cable,GENERAL_REUSE
IMP002672,A002672,U0214,SWAP,2026-07-01,1,0,408,0.51,Lab Coat,GENERAL_REUSE
IMP002673,A002673,U0062,GIVEAWAY,2026-05-28,1,0,193,0.55,Safety Goggles,GENERAL_REUSE
IMP002674,A002674,U0014,BORROW,2025-09-13,1,3,198,0.66,HDMI Cable,GENERAL_REUSE
IMP002675,A002675,U0102,BORROW,2025-09-18,1,5,666,0.74,Power Bank,GENERAL_REUSE
IMP002676,A002676,U0912,GIVEAWAY,2025-12-30,1,0,725,0.5,Screwdriver Set,GENERAL_REUSE
IMP002677,A002677,U0264,BORROW,2026-04-17,1,10,357,0.34,Textbook,GENERAL_REUSE
IMP002678,A002678,U0406,BORROW,2026-01-27,1,21,648,0.27,Scientific Calculator,GENERAL_REUSE
IMP002679,A002679,U0054,SELL,2026-07-25,1,0,871,0.26,Arduino Kit,GENERAL_REUSE
IMP002680,A002680,U0103,BORROW,2026-05-05,1,21,270,0.27,Presentation Clicker,GENERAL_REUSE
IMP002681,A002681,U0844,SWAP,2025-10-06,1,0,70,0.47,Breadboard Kit,GENERAL_REUSE
IMP002682,A002682,U0817,BORROW,2025-12-01,1,5,1470,0.28,Vernier Caliper,GENERAL_REUSE
IMP002683,A002683,U0789,SWAP,2026-01-05,1,0,522,0.55,Textbook,GENERAL_REUSE
IMP002684,A002684,U0806,BORROW,2026-02-24,1,2,1428,0.28,Vernier Caliper,GENERAL_REUSE
IMP002685,A002685,U0560,BORROW,2025-09-19,1,5,1558,0.89,Tripod,GENERAL_REUSE
IMP002686,A002686,U0559,BORROW,2025-10-14,0,3,0,0.0,Bluetooth Keyboard,GENERAL_REUSE
IMP002687,A002687,U0428,GIVEAWAY,2026-01-11,1,0,190,0.38,Safety Goggles,GENERAL_REUSE
IMP002688,A002688,U0365,GIVEAWAY,2025-09-26,1,0,2496,0.48,External Hard Drive,GENERAL_REUSE
IMP002689,A002689,U0726,BORROW,2026-01-16,1,2,176,0.27,HDMI Cable,GENERAL_REUSE
IMP002690,A002690,U0608,SWAP,2026-02-02,1,0,424,0.53,Calculator,EDUCATIONAL
IMP002691,A002691,U0621,BORROW,2026-01-09,1,5,217,0.29,Engineering Drawing Kit,GENERAL_REUSE
IMP002692,A002692,U0952,BORROW,2025-10-23,1,2,264,0.33,USB Flash Drive,GENERAL_REUSE
IMP002693,A002693,U0964,SELL,2026-03-21,1,0,1161,0.54,Tripod,GENERAL_REUSE
IMP002694,A002694,U0469,SWAP,2025-11-10,1,0,300,0.3,Textbook,GENERAL_REUSE
IMP002695,A002695,U0002,GIVEAWAY,2025-10-14,1,0,430,0.41,Engineering Drawing Kit,GENERAL_REUSE
IMP002696,A002696,U0190,SELL,2025-09-22,0,0,0,0.0,Ethernet Cable,GENERAL_REUSE
IMP002697,A002697,U0793,BORROW,2025-12-12,1,21,2619,0.54,External Hard Drive,GENERAL_REUSE
IMP002698,A002698,U0409,BORROW,2025-11-10,1,2,566,0.87,Scientific Calculator,GENERAL_REUSE
IMP002699,A002699,U0805,BORROW,2026-06-15,1,3,350,0.7,Ethernet Cable,GENERAL_REUSE
IMP002700,A002700,U0908,BORROW,2025-11-05,1,21,297,0.33,Screwdriver Set,GENERAL_REUSE
IMP002701,A002701,U0968,GIVEAWAY,2026-06-08,1,0,550,0.55,Desk Lamp,GENERAL_REUSE
IMP002702,A002702,U0879,GIVEAWAY,2026-01-04,1,0,2542,0.82,Soldering Iron Kit,GENERAL_REUSE
IMP002703,A002703,U0654,SWAP,2025-11-18,1,0,837,0.54,Drawing Board,GENERAL_REUSE
IMP002704,A002704,U0479,SELL,2025-10-08,1,0,494,0.38,Calculator,EDUCATIONAL
IMP002705,A002705,U0867,SWAP,2025-11-21,1,0,446,0.27,Headphones,GENERAL_REUSE
IMP002706,A002706,U0045,SWAP,2026-06-12,1,0,672,0.64,Screwdriver Set,GENERAL_REUSE
IMP002707,A002707,U0759,BORROW,2025-11-02,1,5,1824,0.89,Presentation Clicker,GENERAL_REUSE
IMP002708,A002708,U0578,BORROW,2025-12-26,1,3,580,0.4,Screwdriver Set,GENERAL_REUSE
IMP002709,A002709,U0196,BORROW,2026-05-29,1,5,448,0.39,Lab Coat,GENERAL_REUSE
IMP002710,A002710,U0011,BORROW,2026-04-08,1,7,1848,0.48,Webcam,GENERAL_REUSE
IMP002711,A002711,U0598,GIVEAWAY,2025-09-14,1,0,897,0.46,Scientific Calculator,GENERAL_REUSE
IMP002712,A002712,U0768,BORROW,2026-04-18,1,10,520,0.65,Digital Multimeter,GENERAL_REUSE
IMP002713,A002713,U0802,BORROW,2025-09-14,1,5,427,0.61,HDMI Cable,GENERAL_REUSE
IMP002714,A002714,U0295,BORROW,2026-04-20,1,10,612,0.72,Headphones,GENERAL_REUSE
IMP002715,A002715,U0535,BORROW,2026-04-13,0,14,0,0.0,Desk Lamp,GENERAL_REUSE
IMP002716,A002716,U0969,BORROW,2026-06-26,1,10,1572,0.85,College Backpack,GENERAL_REUSE
IMP002717,A002717,U0220,BORROW,2026-01-01,1,2,192,0.35,USB Flash Drive,GENERAL_REUSE
IMP002718,A002718,U0313,BORROW,2026-06-24,1,10,273,0.21,Presentation Clicker,GENERAL_REUSE
IMP002719,A002719,U0978,BORROW,2026-05-07,1,5,320,0.71,USB Flash Drive,GENERAL_REUSE
IMP002720,A002720,U0187,BORROW,2026-06-06,1,5,814,0.74,Scientific Calculator,GENERAL_REUSE
IMP002721,A002721,U0667,BORROW,2026-05-25,1,10,2272,0.71,Soldering Iron Kit,GENERAL_REUSE
IMP002722,A002722,U0374,SWAP,2025-09-02,1,0,2106,0.52,Vernier Caliper,GENERAL_REUSE
IMP002723,A002723,U0242,GIVEAWAY,2026-01-22,1,0,966,0.42,USB-C Charger,GENERAL_REUSE
IMP002724,A002724,U0111,SWAP,2025-11-30,1,0,2296,0.41,External Hard Drive,GENERAL_REUSE
IMP002725,A002725,U0293,GIVEAWAY,2026-02-23,1,0,441,0.49,USB Flash Drive,GENERAL_REUSE
IMP002726,A002726,U0909,SELL,2025-11-20,1,0,944,0.51,USB-C Charger,GENERAL_REUSE
IMP002727,A002727,U0463,SWAP,2025-11-23,0,0,0,0.0,Bluetooth Keyboard,GENERAL_REUSE
IMP002728,A002728,U0105,SWAP,2025-11-15,1,0,81,0.27,HDMI Cable,GENERAL_REUSE
IMP002729,A002729,U0075,SWAP,2025-12-08,1,0,43,0.43,Graph Paper Pack,GENERAL_REUSE
IMP002730,A002730,U0950,SWAP,2026-07-27,1,0,910,0.35,Bluetooth Keyboard,GENERAL_REUSE
IMP002731,A002731,U0160,GIVEAWAY,2026-06-13,1,0,700,0.7,Lab Coat,GENERAL_REUSE
IMP002732,A002732,U0076,GIVEAWAY,2026-02-09,1,0,322,0.46,HDMI Cable,GENERAL_REUSE
IMP002733,A002733,U0410,SELL,2026-05-08,1,0,84,0.21,Textbook,GENERAL_REUSE
IMP002734,A002734,U0665,BORROW,2025-11-17,1,14,1138,0.65,Tripod,GENERAL_REUSE
IMP002735,A002735,U0050,GIVEAWAY,2025-10-25,1,0,208,0.52,Python Programming Book,GENERAL_REUSE
IMP002736,A002736,U0289,BORROW,2026-06-22,1,14,112,0.56,Graph Paper Pack,GENERAL_REUSE
IMP002737,A002737,U0072,BORROW,2025-12-13,1,10,2848,0.85,Bluetooth Keyboard,GENERAL_REUSE
IMP002738,A002738,U0063,BORROW,2026-06-01,1,21,356,0.79,Extension Board,GENERAL_REUSE
IMP002739,A002739,U0729,BORROW,2026-05-27,1,21,146,0.73,Graph Paper Pack,GENERAL_REUSE
IMP002740,A002740,U0191,SWAP,2026-02-13,1,0,900,0.45,Mechanical Drawing Set,GENERAL_REUSE
IMP002741,A002741,U0153,BORROW,2026-07-17,1,5,210,0.28,Screwdriver Set,GENERAL_REUSE
IMP002742,A002742,U0637,BORROW,2026-05-19,0,7,0,0.0,Tripod,GENERAL_REUSE
IMP002743,A002743,U0600,SWAP,2026-07-27,1,0,272,0.34,Digital Multimeter,GENERAL_REUSE
IMP002744,A002744,U0440,BORROW,2026-07-21,1,10,402,0.73,Desk Lamp,GENERAL_REUSE
IMP002745,A002745,U0855,SELL,2026-02-23,1,0,100,0.25,USB Flash Drive,GENERAL_REUSE
IMP002746,A002746,U0669,SWAP,2026-06-10,1,0,574,0.41,Extension Board,GENERAL_REUSE
IMP002747,A002747,U0332,SELL,2026-03-14,1,0,224,0.28,Drawing Board,GENERAL_REUSE
IMP002748,A002748,U0693,BORROW,2026-04-28,1,7,1248,0.64,Webcam,GENERAL_REUSE
IMP002749,A002749,U0989,SWAP,2026-06-18,1,0,346,0.33,Arduino Kit,GENERAL_REUSE
IMP002750,A002750,U0867,SWAP,2025-09-22,1,0,425,0.34,Extension Board,GENERAL_REUSE
IMP002751,A002751,U0005,SELL,2026-04-08,1,0,1128,0.47,Tripod,GENERAL_REUSE
IMP002752,A002752,U0472,BORROW,2026-05-24,1,2,2366,0.52,External Hard Drive,GENERAL_REUSE
IMP002753,A002753,U0469,BORROW,2025-12-10,0,2,0,0.0,Vernier Caliper,GENERAL_REUSE
IMP002754,A002754,U0127,BORROW,2025-09-03,1,7,3990,0.84,External Hard Drive,GENERAL_REUSE
IMP002755,A002755,U0790,SELL,2026-07-15,1,0,270,0.49,Extension Board,GENERAL_REUSE
IMP002756,A002756,U0226,BORROW,2026-02-13,1,10,108,0.31,Breadboard Kit,GENERAL_REUSE
IMP002757,A002757,U0260,SELL,2026-07-11,1,0,1274,0.52,Scientific Calculator,GENERAL_REUSE
IMP002758,A002758,U0884,GIVEAWAY,2025-11-16,1,0,798,0.76,USB-C Charger,GENERAL_REUSE
IMP002759,A002759,U0244,BORROW,2026-03-16,1,5,158,0.21,Desk Lamp,GENERAL_REUSE
IMP002760,A002760,U0782,SELL,2025-12-23,1,0,108,0.54,Graph Paper Pack,GENERAL_REUSE
IMP002761,A002761,U0429,SWAP,2026-03-27,1,0,930,0.62,Digital Multimeter,GENERAL_REUSE
IMP002762,A002762,U0744,GIVEAWAY,2026-02-07,1,0,385,0.55,Breadboard Kit,GENERAL_REUSE
IMP002763,A002763,U0725,BORROW,2025-10-17,1,14,1155,0.7,Screwdriver Set,GENERAL_REUSE
IMP002764,A002764,U0132,SWAP,2026-05-03,1,0,552,0.46,Extension Board,GENERAL_REUSE
IMP002765,A002765,U0592,GIVEAWAY,2026-02-11,1,0,705,0.47,Screwdriver Set,GENERAL_REUSE
IMP002766,A002766,U0055,SWAP,2026-05-03,1,0,560,0.35,Drawing Board,GENERAL_REUSE
IMP002767,A002767,U0645,BORROW,2025-12-07,1,14,705,0.47,Extension Board,GENERAL_REUSE
IMP002768,A002768,U0283,SELL,2025-12-28,1,0,122,0.27,USB Flash Drive,GENERAL_REUSE
IMP002769,A002769,U0091,GIVEAWAY,2026-03-12,1,0,660,0.44,Drawing Board,GENERAL_REUSE
IMP002770,A002770,U0242,SWAP,2026-07-24,1,0,90,0.6,Graph Paper Pack,GENERAL_REUSE
IMP002771,A002771,U0551,SWAP,2026-07-12,1,0,312,0.48,Safety Goggles,GENERAL_REUSE
IMP002772,A002772,U0213,SELL,2025-09-13,1,0,1000,0.5,Tripod,GENERAL_REUSE
IMP002773,A002773,U0500,BORROW,2026-03-13,1,21,2408,0.86,Soldering Iron Kit,GENERAL_REUSE
IMP002774,A002774,U0638,GIVEAWAY,2026-02-01,1,0,800,0.5,Extension Board,GENERAL_REUSE
IMP002775,A002775,U0961,GIVEAWAY,2025-10-05,1,0,1568,0.64,Engineering Drawing Kit,GENERAL_REUSE
IMP002776,A002776,U0169,SELL,2025-11-05,1,0,315,0.21,Mechanical Drawing Set,GENERAL_REUSE
IMP002777,A002777,U0108,SWAP,2025-12-30,1,0,1891,0.61,Vernier Caliper,GENERAL_REUSE
IMP002778,A002778,U0617,BORROW,2025-09-12,1,7,832,0.64,Calculator,EDUCATIONAL
IMP002779,A002779,U0686,SWAP,2025-11-24,0,0,0,0.0,Engineering Drawing Kit,GENERAL_REUSE
IMP002780,A002780,U0734,GIVEAWAY,2025-09-29,1,0,452,0.43,Power Bank,GENERAL_REUSE
IMP002781,A002781,U0176,SWAP,2026-01-10,1,0,625,0.5,Python Programming Book,GENERAL_REUSE
IMP002782,A002782,U0120,SWAP,2026-04-01,1,0,346,0.63,Desk Lamp,GENERAL_REUSE
IMP002783,A002783,U0314,BORROW,2026-06-28,1,21,1147,0.62,Engineering Drawing Kit,GENERAL_REUSE
IMP002784,A002784,U0413,BORROW,2026-05-29,1,10,387,0.43,Calculator,EDUCATIONAL
IMP002785,A002785,U0261,GIVEAWAY,2026-07-20,1,0,520,0.4,College Backpack,GENERAL_REUSE
IMP002786,A002786,U0634,SWAP,2026-07-13,1,0,340,0.34,Webcam,GENERAL_REUSE
IMP002787,A002787,U0984,BORROW,2025-12-01,1,5,712,0.89,Power Bank,GENERAL_REUSE
IMP002788,A002788,U0202,GIVEAWAY,2026-04-20,1,0,189,0.54,Lab Coat,GENERAL_REUSE
IMP002789,A002789,U0216,SWAP,2026-06-17,1,0,1071,0.34,Soldering Iron Kit,GENERAL_REUSE
IMP002790,A002790,U0540,BORROW,2026-07-25,1,21,430,0.21,Presentation Clicker,GENERAL_REUSE
IMP002791,A002791,U0718,SELL,2025-11-11,1,0,234,0.36,Tripod,GENERAL_REUSE
IMP002792,A002792,U0239,SELL,2026-02-12,1,0,168,0.42,Desk Lamp,GENERAL_REUSE
IMP002793,A002793,U0210,BORROW,2025-10-30,1,14,840,0.4,Presentation Clicker,GENERAL_REUSE
IMP002794,A002794,U0356,BORROW,2026-01-20,1,5,1032,0.86,Python Programming Book,GENERAL_REUSE
IMP002795,A002795,U0775,SELL,2025-10-19,1,0,350,0.35,Python Programming Book,GENERAL_REUSE
IMP002796,A002796,U0376,GIVEAWAY,2025-11-23,1,0,747,0.83,Lab Coat,GENERAL_REUSE
IMP002797,A002797,U0526,GIVEAWAY,2026-03-09,1,0,466,0.49,Digital Multimeter,GENERAL_REUSE
IMP002798,A002798,U0779,BORROW,2025-09-05,1,14,140,0.31,Calculator,EDUCATIONAL
IMP002799,A002799,U0270,BORROW,2026-04-15,1,7,168,0.28,Desk Lamp,GENERAL_REUSE
IMP002800,A002800,U0852,SELL,2026-03-15,1,0,748,0.44,Power Bank,GENERAL_REUSE
IMP002801,A002801,U0480,BORROW,2026-07-08,1,14,2378,0.71,Vernier Caliper,GENERAL_REUSE
IMP002802,A002802,U0748,SELL,2025-09-24,1,0,561,0.34,Drawing Board,GENERAL_REUSE
IMP002803,A002803,U0241,BORROW,2025-12-30,1,2,477,0.53,Textbook,GENERAL_REUSE
IMP002804,A002804,U0965,GIVEAWAY,2025-11-07,1,0,1606,0.51,Arduino Kit,GENERAL_REUSE
IMP002805,A002805,U0774,BORROW,2025-11-02,1,10,510,0.3,Python Programming Book,GENERAL_REUSE
IMP002806,A002806,U0768,BORROW,2026-02-27,1,21,805,0.46,Tripod,GENERAL_REUSE
IMP002807,A002807,U0072,SWAP,2026-02-10,1,0,504,0.56,Mechanical Drawing Set,GENERAL_REUSE
IMP002808,A002808,U0306,BORROW,2025-10-11,1,7,246,0.29,Calculator,EDUCATIONAL
IMP002809,A002809,U0065,SELL,2026-03-11,1,0,851,0.37,Vernier Caliper,GENERAL_REUSE
IMP002810,A002810,U0002,GIVEAWAY,2026-04-03,1,0,644,0.46,Desk Lamp,GENERAL_REUSE
IMP002811,A002811,U0783,GIVEAWAY,2025-11-18,1,0,264,0.44,Breadboard Kit,GENERAL_REUSE
IMP002812,A002812,U0246,BORROW,2025-12-21,1,7,949,0.73,Presentation Clicker,GENERAL_REUSE
IMP002813,A002813,U0061,SWAP,2026-02-07,1,0,1290,0.6,Power Bank,GENERAL_REUSE
IMP002814,A002814,U0389,SELL,2026-01-26,1,0,119,0.34,Ethernet Cable,GENERAL_REUSE
IMP002815,A002815,U0606,GIVEAWAY,2025-09-18,1,0,1742,0.67,Soldering Iron Kit,GENERAL_REUSE
IMP002816,A002816,U0716,SWAP,2025-12-10,1,0,64,0.32,Safety Goggles,GENERAL_REUSE
IMP002817,A002817,U0564,SWAP,2025-09-28,1,0,1161,0.27,External Hard Drive,GENERAL_REUSE
IMP002818,A002818,U0409,BORROW,2026-07-19,1,10,525,0.42,Digital Multimeter,GENERAL_REUSE
IMP002819,A002819,U0144,SELL,2025-09-03,1,0,697,0.41,Desk Lamp,GENERAL_REUSE
IMP002820,A002820,U0204,SWAP,2025-11-30,1,0,480,0.64,College Backpack,GENERAL_REUSE
IMP002821,A002821,U0754,GIVEAWAY,2026-05-16,1,0,406,0.58,Lab Coat,GENERAL_REUSE
IMP002822,A002822,U0555,SWAP,2026-02-04,1,0,882,0.49,Screwdriver Set,GENERAL_REUSE
IMP002823,A002823,U0671,SELL,2026-02-12,1,0,128,0.51,Safety Goggles,GENERAL_REUSE
IMP002824,A002824,U0865,BORROW,2025-12-17,1,7,1020,0.34,Bluetooth Keyboard,GENERAL_REUSE
IMP002825,A002825,U0081,SWAP,2026-07-03,1,0,974,0.59,Screwdriver Set,GENERAL_REUSE
IMP002826,A002826,U0800,SWAP,2026-04-16,1,0,1390,0.27,External Hard Drive,GENERAL_REUSE
IMP002827,A002827,U0278,SWAP,2026-04-14,1,0,968,0.43,Scientific Calculator,GENERAL_REUSE
IMP002828,A002828,U0880,SWAP,2026-04-08,1,0,46,0.31,Graph Paper Pack,GENERAL_REUSE
IMP002829,A002829,U0309,BORROW,2026-07-11,1,3,710,0.43,Bluetooth Keyboard,GENERAL_REUSE
IMP002830,A002830,U0599,BORROW,2026-05-23,1,3,3480,0.87,Webcam,GENERAL_REUSE
IMP002831,A002831,U0906,GIVEAWAY,2025-09-02,1,0,1022,0.73,Arduino Kit,GENERAL_REUSE
IMP002832,A002832,U0304,SWAP,2026-06-26,0,0,0,0.0,Tripod,GENERAL_REUSE
IMP002833,A002833,U0093,SWAP,2026-04-09,1,0,80,0.4,Graph Paper Pack,GENERAL_REUSE
IMP002834,A002834,U0160,GIVEAWAY,2026-05-17,1,0,2275,0.7,Soldering Iron Kit,GENERAL_REUSE
IMP002835,A002835,U0084,SWAP,2025-09-01,1,0,1550,0.31,Vernier Caliper,GENERAL_REUSE
IMP002836,A002836,U0259,SELL,2026-03-01,1,0,188,0.47,Ethernet Cable,GENERAL_REUSE
IMP002837,A002837,U0575,GIVEAWAY,2026-06-01,1,0,533,0.41,Digital Multimeter,GENERAL_REUSE
IMP002838,A002838,U0337,BORROW,2026-05-15,1,5,126,0.28,Ethernet Cable,GENERAL_REUSE
IMP002839,A002839,U0281,BORROW,2026-06-25,1,2,22,0.22,Ethernet Cable,GENERAL_REUSE
IMP002840,A002840,U0863,GIVEAWAY,2026-02-01,1,0,448,0.64,Lab Coat,GENERAL_REUSE
IMP002841,A002841,U0987,BORROW,2025-12-16,1,21,375,0.3,Power Bank,GENERAL_REUSE
IMP002842,A002842,U0418,BORROW,2026-01-25,1,10,528,0.24,College Backpack,GENERAL_REUSE
IMP002843,A002843,U0520,BORROW,2026-02-26,1,14,267,0.89,Safety Goggles,GENERAL_REUSE
IMP002844,A002844,U0339,SELL,2026-03-10,1,0,682,0.44,College Backpack,GENERAL_REUSE
IMP002845,A002845,U0104,BORROW,2026-04-22,1,5,738,0.41,Digital Multimeter,GENERAL_REUSE
IMP002846,A002846,U0368,SWAP,2026-06-30,1,0,810,0.27,College Backpack,GENERAL_REUSE
IMP002847,A002847,U0067,BORROW,2026-03-07,1,10,1479,0.87,Webcam,GENERAL_REUSE
IMP002848,A002848,U0554,BORROW,2026-04-01,1,5,429,0.66,Safety Goggles,GENERAL_REUSE
IMP002849,A002849,U0066,BORROW,2026-03-05,1,14,1110,0.6,Scientific Calculator,GENERAL_REUSE
IMP002850,A002850,U0036,BORROW,2025-10-30,1,21,1008,0.63,Power Bank,GENERAL_REUSE
IMP002851,A002851,U0139,BORROW,2026-05-29,0,21,0,0.0,Lab Coat,GENERAL_REUSE
IMP002852,A002852,U0553,GIVEAWAY,2025-12-08,1,0,374,0.44,Calculator,EDUCATIONAL
IMP002853,A002853,U0763,BORROW,2026-05-04,0,7,0,0.0,Extension Board,GENERAL_REUSE
IMP002854,A002854,U0476,BORROW,2026-05-20,1,21,800,0.8,Power Bank,GENERAL_REUSE
IMP002855,A002855,U0671,GIVEAWAY,2026-02-06,1,0,504,0.84,USB-C Charger,GENERAL_REUSE
IMP002856,A002856,U0207,BORROW,2026-04-11,1,5,189,0.21,Python Programming Book,GENERAL_REUSE
IMP002857,A002857,U0899,BORROW,2025-09-01,1,2,1035,0.69,Digital Multimeter,GENERAL_REUSE
IMP002858,A002858,U0058,BORROW,2025-12-08,1,14,1312,0.43,Webcam,GENERAL_REUSE
IMP002859,A002859,U0541,BORROW,2025-10-21,1,2,490,0.49,Python Programming Book,GENERAL_REUSE
IMP002860,A002860,U0242,GIVEAWAY,2026-05-06,1,0,344,0.53,Screwdriver Set,GENERAL_REUSE
IMP002861,A002861,U0042,BORROW,2026-02-06,1,21,319,0.58,Tripod,GENERAL_REUSE
IMP002862,A002862,U0462,BORROW,2025-09-17,1,2,336,0.84,Lab Coat,GENERAL_REUSE
IMP002863,A002863,U0941,GIVEAWAY,2026-01-25,1,0,118,0.59,Ethernet Cable,GENERAL_REUSE
IMP002864,A002864,U0952,BORROW,2026-07-15,1,10,682,0.44,Power Bank,GENERAL_REUSE
IMP002865,A002865,U0367,SWAP,2026-03-19,0,0,0,0.0,Digital Multimeter,GENERAL_REUSE
IMP002866,A002866,U0727,GIVEAWAY,2026-04-04,1,0,858,0.44,Digital Multimeter,GENERAL_REUSE
IMP002867,A002867,U0944,GIVEAWAY,2025-10-09,1,0,1276,0.58,Mechanical Drawing Set,GENERAL_REUSE
IMP002868,A002868,U0748,BORROW,2025-10-02,1,2,78,0.78,Graph Paper Pack,GENERAL_REUSE
IMP002869,A002869,U0988,BORROW,2026-04-24,1,10,38,0.25,Graph Paper Pack,GENERAL_REUSE
IMP002870,A002870,U0668,BORROW,2025-11-25,1,10,356,0.89,HDMI Cable,GENERAL_REUSE
IMP002871,A002871,U0701,SWAP,2025-12-12,1,0,1083,0.57,Presentation Clicker,GENERAL_REUSE
IMP002872,A002872,U0619,SWAP,2025-10-31,1,0,357,0.34,Textbook,GENERAL_REUSE
IMP002873,A002873,U0851,BORROW,2026-01-08,0,10,0,0.0,College Backpack,GENERAL_REUSE
IMP002874,A002874,U0690,SWAP,2026-01-09,1,0,610,0.37,USB-C Charger,GENERAL_REUSE
IMP002875,A002875,U0107,GIVEAWAY,2026-01-02,1,0,1875,0.75,College Backpack,GENERAL_REUSE
IMP002876,A002876,U0499,GIVEAWAY,2026-06-29,1,0,430,0.43,Lab Coat,GENERAL_REUSE
IMP002877,A002877,U0731,SELL,2026-07-24,1,0,1296,0.54,Webcam,GENERAL_REUSE
IMP002878,A002878,U0514,BORROW,2026-05-28,1,3,759,0.69,Digital Multimeter,GENERAL_REUSE
IMP002879,A002879,U0996,BORROW,2026-01-19,1,21,188,0.29,Lab Coat,GENERAL_REUSE
IMP002880,A002880,U0090,SELL,2026-05-23,0,0,0,0.0,Drawing Board,GENERAL_REUSE
IMP002881,A002881,U0235,SWAP,2025-09-09,1,0,987,0.47,Scientific Calculator,GENERAL_REUSE
IMP002882,A002882,U0908,SWAP,2025-09-16,1,0,1360,0.4,Bluetooth Keyboard,GENERAL_REUSE
IMP002883,A002883,U0493,SWAP,2025-12-26,1,0,455,0.65,Extension Board,GENERAL_REUSE
IMP002884,A002884,U0462,SWAP,2026-02-25,1,0,126,0.36,Lab Coat,GENERAL_REUSE
IMP002885,A002885,U0693,BORROW,2025-12-05,1,2,289,0.34,USB Flash Drive,GENERAL_REUSE
IMP002886,A002886,U0345,GIVEAWAY,2026-06-12,1,0,1134,0.81,Headphones,GENERAL_REUSE
IMP002887,A002887,U0973,BORROW,2025-09-10,1,3,540,0.4,Presentation Clicker,GENERAL_REUSE
IMP002888,A002888,U0297,BORROW,2026-04-06,1,5,396,0.66,Desk Lamp,GENERAL_REUSE
IMP002889,A002889,U0880,BORROW,2025-10-01,1,10,302,0.67,Calculator,EDUCATIONAL
IMP002890,A002890,U0191,BORROW,2025-10-29,1,14,2100,0.75,Vernier Caliper,GENERAL_REUSE
IMP002891,A002891,U0161,SELL,2025-10-23,1,0,330,0.55,Ethernet Cable,GENERAL_REUSE
IMP002892,A002892,U0580,SWAP,2026-05-27,1,0,490,0.35,Headphones,GENERAL_REUSE
IMP002893,A002893,U0239,GIVEAWAY,2026-04-02,1,0,540,0.6,Arduino Kit,GENERAL_REUSE
IMP002894,A002894,U0993,BORROW,2025-10-18,1,21,445,0.89,Lab Coat,GENERAL_REUSE
IMP002895,A002895,U0934,BORROW,2026-07-23,1,14,170,0.34,Ethernet Cable,GENERAL_REUSE
IMP002896,A002896,U0752,BORROW,2026-07-12,1,14,704,0.44,Scientific Calculator,GENERAL_REUSE
IMP002897,A002897,U0288,SELL,2025-12-25,1,0,540,0.4,Scientific Calculator,GENERAL_REUSE
IMP002898,A002898,U0925,SELL,2026-02-17,0,0,0,0.0,Textbook,GENERAL_REUSE
IMP002899,A002899,U0785,BORROW,2026-04-04,1,14,675,0.45,Arduino Kit,GENERAL_REUSE
IMP002900,A002900,U0455,BORROW,2025-10-08,1,7,4380,0.73,External Hard Drive,GENERAL_REUSE
IMP002901,A002901,U0402,SELL,2025-11-05,1,0,882,0.49,Presentation Clicker,GENERAL_REUSE
IMP002902,A002902,U0686,BORROW,2026-02-05,1,5,500,0.27,Soldering Iron Kit,GENERAL_REUSE
IMP002903,A002903,U0535,BORROW,2026-02-28,1,10,396,0.33,Headphones,GENERAL_REUSE
IMP002904,A002904,U0005,BORROW,2026-04-25,1,21,1840,0.8,Arduino Kit,GENERAL_REUSE
IMP002905,A002905,U0727,GIVEAWAY,2026-05-11,1,0,1788,0.65,External Hard Drive,GENERAL_REUSE
IMP002906,A002906,U0525,SELL,2025-11-25,1,0,437,0.46,Webcam,GENERAL_REUSE
IMP002907,A002907,U0260,SWAP,2026-04-14,1,0,196,0.49,USB Flash Drive,GENERAL_REUSE
IMP002908,A002908,U0214,BORROW,2025-10-31,1,10,680,0.68,Presentation Clicker,GENERAL_REUSE
IMP002909,A002909,U0865,BORROW,2025-09-03,1,7,665,0.38,Arduino Kit,GENERAL_REUSE
IMP002910,A002910,U0101,BORROW,2026-06-01,1,21,2418,0.39,External Hard Drive,GENERAL_REUSE
IMP002911,A002911,U0477,SELL,2026-06-06,1,0,816,0.51,Presentation Clicker,GENERAL_REUSE
IMP002912,A002912,U0216,BORROW,2026-02-16,1,14,441,0.21,College Backpack,GENERAL_REUSE
IMP002913,A002913,U0537,GIVEAWAY,2026-01-02,1,0,1690,0.69,College Backpack,GENERAL_REUSE
IMP002914,A002914,U0494,SELL,2025-09-03,1,0,561,0.33,Soldering Iron Kit,GENERAL_REUSE
IMP002915,A002915,U0299,BORROW,2025-12-19,1,5,262,0.21,USB-C Charger,GENERAL_REUSE
IMP002916,A002916,U0596,BORROW,2026-07-22,1,10,546,0.52,Scientific Calculator,GENERAL_REUSE
IMP002917,A002917,U0510,SELL,2025-12-23,1,0,53,0.53,Graph Paper Pack,GENERAL_REUSE
IMP002918,A002918,U0981,BORROW,2025-11-12,1,21,325,0.5,Mechanical Drawing Set,GENERAL_REUSE
IMP002919,A002919,U0066,BORROW,2025-11-30,1,5,648,0.81,HDMI Cable,GENERAL_REUSE
IMP002920,A002920,U0516,SWAP,2026-02-09,1,0,798,0.42,Mechanical Drawing Set,GENERAL_REUSE
IMP002921,A002921,U0980,BORROW,2025-09-02,1,3,1760,0.88,Headphones,GENERAL_REUSE
IMP002922,A002922,U0164,SWAP,2025-12-17,1,0,1620,0.54,Webcam,GENERAL_REUSE
IMP002923,A002923,U0563,SELL,2025-12-15,0,0,0,0.0,Textbook,GENERAL_REUSE
IMP002924,A002924,U0695,SWAP,2026-07-28,1,0,1339,0.57,Scientific Calculator,GENERAL_REUSE
IMP002925,A002925,U0210,SWAP,2026-05-27,1,0,762,0.61,Calculator,EDUCATIONAL
IMP002926,A002926,U0156,SELL,2026-07-20,1,0,118,0.47,Ethernet Cable,GENERAL_REUSE
IMP002927,A002927,U0106,SWAP,2026-06-16,0,0,0,0.0,Power Bank,GENERAL_REUSE
IMP002928,A002928,U0453,BORROW,2026-03-12,1,2,88,0.44,Ethernet Cable,GENERAL_REUSE
IMP002929,A002929,U0673,BORROW,2025-09-19,1,14,414,0.23,Power Bank,GENERAL_REUSE
IMP002930,A002930,U0648,BORROW,2026-04-12,1,14,1025,0.5,Arduino Kit,GENERAL_REUSE
IMP002931,A002931,U0678,SELL,2026-02-25,1,0,423,0.47,Lab Coat,GENERAL_REUSE
IMP002932,A002932,U0378,SELL,2026-03-23,1,0,1470,0.35,External Hard Drive,GENERAL_REUSE
IMP002933,A002933,U0373,GIVEAWAY,2025-10-22,1,0,988,0.52,Digital Multimeter,GENERAL_REUSE
IMP002934,A002934,U0264,BORROW,2025-11-20,1,2,2958,0.51,Vernier Caliper,GENERAL_REUSE
IMP002935,A002935,U0512,SWAP,2026-03-10,1,0,385,0.35,Scientific Calculator,GENERAL_REUSE
IMP002936,A002936,U0066,BORROW,2025-11-07,1,14,336,0.24,Scientific Calculator,GENERAL_REUSE
IMP002937,A002937,U0653,GIVEAWAY,2026-07-16,1,0,1431,0.54,Arduino Kit,GENERAL_REUSE
IMP002938,A002938,U0086,SWAP,2026-05-18,0,0,0,0.0,Graph Paper Pack,GENERAL_REUSE
IMP002939,A002939,U0812,BORROW,2025-10-09,1,10,960,0.4,Scientific Calculator,GENERAL_REUSE
IMP002940,A002940,U0667,BORROW,2026-03-08,1,3,696,0.29,Vernier Caliper,GENERAL_REUSE
IMP002941,A002941,U0631,BORROW,2025-11-11,1,5,697,0.34,Bluetooth Keyboard,GENERAL_REUSE
IMP002942,A002942,U0601,BORROW,2026-02-14,1,3,410,0.63,HDMI Cable,GENERAL_REUSE
IMP002943,A002943,U0162,SWAP,2026-03-06,1,0,203,0.29,Screwdriver Set,GENERAL_REUSE
IMP002944,A002944,U0297,BORROW,2025-11-02,1,2,957,0.87,Desk Lamp,GENERAL_REUSE
IMP002945,A002945,U0277,BORROW,2025-11-17,0,14,0,0.0,Arduino Kit,GENERAL_REUSE
IMP002946,A002946,U0683,GIVEAWAY,2026-01-26,1,0,145,0.58,HDMI Cable,GENERAL_REUSE
IMP002947,A002947,U0916,GIVEAWAY,2026-06-09,1,0,590,0.59,Calculator,EDUCATIONAL
IMP002948,A002948,U0184,BORROW,2025-10-10,1,2,1125,0.45,Arduino Kit,GENERAL_REUSE
IMP002949,A002949,U0293,BORROW,2026-01-16,1,10,476,0.56,Textbook,GENERAL_REUSE
IMP002950,A002950,U0411,BORROW,2026-07-06,1,5,202,0.31,Lab Coat,GENERAL_REUSE
IMP002951,A002951,U0708,SWAP,2025-11-03,1,0,248,0.45,Ethernet Cable,GENERAL_REUSE
IMP002952,A002952,U0199,BORROW,2025-10-28,1,3,56,0.56,Graph Paper Pack,GENERAL_REUSE
IMP002953,A002953,U0722,SWAP,2026-02-01,1,0,1007,0.53,Presentation Clicker,GENERAL_REUSE
IMP002954,A002954,U0786,BORROW,2025-09-15,1,5,1620,0.54,Bluetooth Keyboard,GENERAL_REUSE
IMP002955,A002955,U0280,BORROW,2026-07-06,1,21,1254,0.57,Presentation Clicker,GENERAL_REUSE
IMP002956,A002956,U0159,SWAP,2026-02-07,1,0,1100,0.55,Bluetooth Keyboard,GENERAL_REUSE
IMP002957,A002957,U0721,SWAP,2026-04-23,1,0,1596,0.57,Headphones,GENERAL_REUSE
IMP002958,A002958,U0004,SWAP,2026-06-22,1,0,420,0.56,Digital Multimeter,GENERAL_REUSE
IMP002959,A002959,U0315,BORROW,2026-06-13,1,10,207,0.46,Desk Lamp,GENERAL_REUSE
IMP002960,A002960,U0419,BORROW,2025-11-29,1,3,82,0.55,Graph Paper Pack,GENERAL_REUSE
IMP002961,A002961,U0838,SWAP,2026-02-02,1,0,1239,0.42,Headphones,GENERAL_REUSE
IMP002962,A002962,U0870,SWAP,2025-11-01,1,0,580,0.58,Arduino Kit,GENERAL_REUSE
IMP002963,A002963,U0488,BORROW,2025-10-05,1,2,540,0.54,Extension Board,GENERAL_REUSE
IMP002964,A002964,U0771,SWAP,2026-02-06,1,0,228,0.57,Lab Coat,GENERAL_REUSE
IMP002965,A002965,U0959,BORROW,2026-01-05,1,14,112,0.25,Safety Goggles,GENERAL_REUSE
IMP002966,A002966,U0102,SWAP,2026-03-04,1,0,540,0.3,Bluetooth Keyboard,GENERAL_REUSE
IMP002967,A002967,U0976,GIVEAWAY,2026-05-27,1,0,1428,0.68,College Backpack,GENERAL_REUSE
IMP002968,A002968,U0039,BORROW,2026-03-20,1,21,272,0.68,Calculator,EDUCATIONAL
IMP002969,A002969,U0970,BORROW,2025-10-02,1,5,140,0.28,Breadboard Kit,GENERAL_REUSE
IMP002970,A002970,U0340,SELL,2026-01-08,1,0,416,0.52,Calculator,EDUCATIONAL
IMP002971,A002971,U0815,BORROW,2025-10-13,1,5,704,0.67,Drawing Board,GENERAL_REUSE
IMP002972,A002972,U0926,BORROW,2026-01-06,1,5,1232,0.77,Digital Multimeter,GENERAL_REUSE
IMP002973,A002973,U0306,SWAP,2026-02-27,1,0,133,0.38,USB Flash Drive,GENERAL_REUSE
IMP002974,A002974,U0086,GIVEAWAY,2026-02-22,1,0,810,0.6,Calculator,EDUCATIONAL
IMP002975,A002975,U0139,GIVEAWAY,2026-03-16,1,0,1268,0.43,Soldering Iron Kit,GENERAL_REUSE
IMP002976,A002976,U0455,SWAP,2025-11-08,1,0,130,0.26,Drawing Board,GENERAL_REUSE
IMP002977,A002977,U0163,BORROW,2026-04-20,1,2,455,0.35,Scientific Calculator,GENERAL_REUSE
IMP002978,A002978,U0086,GIVEAWAY,2026-05-22,1,0,1570,0.73,Arduino Kit,GENERAL_REUSE
IMP002979,A002979,U0464,SELL,2026-05-21,0,0,0,0.0,USB-C Charger,GENERAL_REUSE
IMP002980,A002980,U0445,SELL,2026-01-28,1,0,1210,0.44,Bluetooth Keyboard,GENERAL_REUSE
IMP002981,A002981,U0310,GIVEAWAY,2025-11-10,1,0,666,0.43,Mechanical Drawing Set,GENERAL_REUSE
IMP002982,A002982,U0475,BORROW,2026-05-29,1,21,240,0.48,Textbook,GENERAL_REUSE
IMP002983,A002983,U0090,SELL,2026-05-07,1,0,715,0.26,Bluetooth Keyboard,GENERAL_REUSE
IMP002984,A002984,U0571,BORROW,2026-01-25,1,14,1216,0.76,Soldering Iron Kit,GENERAL_REUSE
IMP002985,A002985,U0030,SWAP,2026-03-10,1,0,822,0.35,Soldering Iron Kit,GENERAL_REUSE
IMP002986,A002986,U0308,BORROW,2025-11-02,1,10,900,0.6,Presentation Clicker,GENERAL_REUSE
IMP002987,A002987,U0371,SWAP,2026-06-03,1,0,1470,0.49,Webcam,GENERAL_REUSE
IMP002988,A002988,U0837,BORROW,2025-10-13,1,7,214,0.33,USB Flash Drive,GENERAL_REUSE
IMP002989,A002989,U0901,SWAP,2025-09-18,1,0,114,0.38,Safety Goggles,GENERAL_REUSE
IMP002990,A002990,U0619,BORROW,2025-12-05,1,3,896,0.28,Vernier Caliper,GENERAL_REUSE
IMP002991,A002991,U0667,BORROW,2026-07-14,1,5,1904,0.32,External Hard Drive,GENERAL_REUSE
IMP002992,A002992,U0986,BORROW,2026-06-09,1,3,48,0.32,Graph Paper Pack,GENERAL_REUSE
IMP002993,A002993,U0490,BORROW,2026-03-27,1,21,396,0.36,Textbook,GENERAL_REUSE
IMP002994,A002994,U0076,BORROW,2026-04-19,1,5,836,0.38,Arduino Kit,GENERAL_REUSE
IMP002995,A002995,U0352,SWAP,2026-06-03,1,0,855,0.29,Soldering Iron Kit,GENERAL_REUSE
IMP002996,A002996,U0995,BORROW,2026-01-18,1,3,840,0.42,USB-C Charger,GENERAL_REUSE
IMP002997,A002997,U0202,SELL,2025-09-12,1,0,398,0.53,USB Flash Drive,GENERAL_REUSE
IMP002998,A002998,U0657,BORROW,2026-01-19,0,3,0,0.0,Scientific Calculator,GENERAL_REUSE
IMP002999,A002999,U0114,SWAP,2026-03-29,1,0,264,0.31,Python Programming Book,GENERAL_REUSE
IMP003000,A003000,U0069,SELL,2025-10-03,1,0,318,0.53,College Backpack,GENERAL_REUSE
IMP003001,A003001,U0335,SWAP,2025-09-22,1,0,464,0.29,Desk Lamp,GENERAL_REUSE
IMP003002,A003002,U0288,GIVEAWAY,2026-05-23,1,0,465,0.62,Lab Coat,GENERAL_REUSE
IMP003003,A003003,U0677,BORROW,2025-10-30,1,10,684,0.76,USB Flash Drive,GENERAL_REUSE
IMP003004,A003004,U0126,SWAP,2025-10-13,1,0,240,0.4,Digital Multimeter,GENERAL_REUSE
IMP003005,A003005,U0880,SWAP,2026-05-21,1,0,300,0.5,HDMI Cable,GENERAL_REUSE
IMP003006,A003006,U0751,SELL,2026-06-11,1,0,240,0.3,Extension Board,GENERAL_REUSE
IMP003007,A003007,U0017,BORROW,2026-03-06,1,21,1248,0.78,Desk Lamp,GENERAL_REUSE
IMP003008,A003008,U0145,GIVEAWAY,2026-05-04,1,0,378,0.54,Screwdriver Set,GENERAL_REUSE
IMP003009,A003009,U0782,SELL,2025-10-11,1,0,604,0.39,Calculator,EDUCATIONAL
IMP003010,A003010,U0250,BORROW,2026-07-19,1,3,162,0.25,Textbook,GENERAL_REUSE
IMP003011,A003011,U0088,BORROW,2026-02-14,1,14,1443,0.39,Vernier Caliper,GENERAL_REUSE
IMP003012,A003012,U0152,BORROW,2026-03-22,1,7,1032,0.48,USB-C Charger,GENERAL_REUSE
IMP003013,A003013,U0536,BORROW,2025-11-25,1,5,77,0.77,Graph Paper Pack,GENERAL_REUSE
IMP003014,A003014,U0381,GIVEAWAY,2026-03-05,1,0,1096,0.51,Power Bank,GENERAL_REUSE
IMP003015,A003015,U0830,SWAP,2026-06-04,1,0,171,0.38,Lab Coat,GENERAL_REUSE
IMP003016,A003016,U0314,BORROW,2026-07-05,1,21,848,0.53,Power Bank,GENERAL_REUSE
IMP003017,A003017,U0951,BORROW,2026-01-28,1,14,2680,0.8,Headphones,GENERAL_REUSE
IMP003018,A003018,U0409,BORROW,2025-12-06,1,21,148,0.33,Scientific Calculator,GENERAL_REUSE
IMP003019,A003019,U0596,BORROW,2026-01-11,1,3,2296,0.82,Webcam,GENERAL_REUSE
IMP003020,A003020,U0794,SWAP,2026-07-17,1,0,377,0.29,Digital Multimeter,GENERAL_REUSE
IMP003021,A003021,U0867,BORROW,2026-01-05,1,3,1418,0.81,Tripod,GENERAL_REUSE
IMP003022,A003022,U0776,BORROW,2026-04-27,1,5,5084,0.82,External Hard Drive,GENERAL_REUSE
IMP003023,A003023,U0394,BORROW,2026-06-23,1,14,1330,0.76,Arduino Kit,GENERAL_REUSE
IMP003024,A003024,U0944,SWAP,2026-01-14,0,0,0,0.0,Safety Goggles,GENERAL_REUSE
IMP003025,A003025,U0070,GIVEAWAY,2025-11-13,1,0,494,0.38,Soldering Iron Kit,GENERAL_REUSE
IMP003026,A003026,U0995,SWAP,2026-04-10,1,0,960,0.64,Extension Board,GENERAL_REUSE
IMP003027,A003027,U0910,GIVEAWAY,2026-06-16,1,0,224,0.56,Ethernet Cable,GENERAL_REUSE
IMP003028,A003028,U0607,SWAP,2025-10-02,1,0,920,0.46,Engineering Drawing Kit,GENERAL_REUSE
IMP003029,A003029,U0400,SELL,2026-07-27,1,0,1131,0.39,Vernier Caliper,GENERAL_REUSE
IMP003030,A003030,U0501,BORROW,2026-07-04,1,21,589,0.31,Soldering Iron Kit,GENERAL_REUSE
IMP003031,A003031,U0017,BORROW,2026-04-08,1,10,460,0.46,Python Programming Book,GENERAL_REUSE
IMP003032,A003032,U0879,GIVEAWAY,2026-06-21,1,0,896,0.56,Mechanical Drawing Set,GENERAL_REUSE
IMP003033,A003033,U0816,SWAP,2026-02-01,1,0,175,0.25,Safety Goggles,GENERAL_REUSE
IMP003034,A003034,U0357,SELL,2025-11-03,1,0,357,0.34,Textbook,GENERAL_REUSE
IMP003035,A003035,U0460,SWAP,2026-03-10,1,0,318,0.49,Lab Coat,GENERAL_REUSE
IMP003036,A003036,U0143,SWAP,2026-04-14,1,0,336,0.56,Safety Goggles,GENERAL_REUSE
IMP003037,A003037,U0076,SELL,2025-09-22,1,0,864,0.27,Headphones,GENERAL_REUSE
IMP003038,A003038,U0999,SWAP,2026-02-20,1,0,158,0.45,Desk Lamp,GENERAL_REUSE
IMP003039,A003039,U0357,GIVEAWAY,2025-09-03,1,0,527,0.62,Lab Coat,GENERAL_REUSE
IMP003040,A003040,U0970,SELL,2025-10-09,0,0,0,0.0,Vernier Caliper,GENERAL_REUSE
IMP003041,A003041,U0104,BORROW,2026-03-13,1,3,1200,0.49,Vernier Caliper,GENERAL_REUSE
IMP003042,A003042,U0687,GIVEAWAY,2026-04-10,1,0,1406,0.74,Presentation Clicker,GENERAL_REUSE
IMP003043,A003043,U0359,GIVEAWAY,2025-10-31,1,0,1312,0.75,Tripod,GENERAL_REUSE
IMP003044,A003044,U0338,SWAP,2026-01-06,1,0,1134,0.63,Presentation Clicker,GENERAL_REUSE
IMP003045,A003045,U0504,BORROW,2025-10-30,1,2,124,0.31,Desk Lamp,GENERAL_REUSE
IMP003046,A003046,U0707,BORROW,2026-07-13,1,5,600,0.3,Webcam,GENERAL_REUSE
IMP003047,A003047,U0379,SWAP,2026-05-06,1,0,682,0.44,Headphones,GENERAL_REUSE
IMP003048,A003048,U0216,SWAP,2026-06-22,1,0,550,0.55,Arduino Kit,GENERAL_REUSE
IMP003049,A003049,U0879,SWAP,2026-07-19,1,0,341,0.31,USB Flash Drive,GENERAL_REUSE
IMP003050,A003050,U0730,SWAP,2026-05-25,0,0,0,0.0,Lab Coat,GENERAL_REUSE
IMP003051,A003051,U0718,SWAP,2025-09-05,1,0,724,0.63,Scientific Calculator,GENERAL_REUSE
IMP003052,A003052,U0921,SWAP,2026-02-17,1,0,325,0.5,Desk Lamp,GENERAL_REUSE
IMP003053,A003053,U0060,SWAP,2026-02-03,1,0,588,0.47,Extension Board,GENERAL_REUSE
IMP003054,A003054,U0638,BORROW,2025-12-21,1,5,1078,0.49,Presentation Clicker,GENERAL_REUSE
IMP003055,A003055,U0900,BORROW,2025-12-22,1,2,248,0.45,USB Flash Drive,GENERAL_REUSE
IMP003056,A003056,U0389,BORROW,2026-02-03,1,5,1736,0.56,Soldering Iron Kit,GENERAL_REUSE
IMP003057,A003057,U0651,SWAP,2026-01-19,1,0,176,0.39,Textbook,GENERAL_REUSE
IMP003058,A003058,U0686,BORROW,2026-03-20,1,3,688,0.81,Textbook,GENERAL_REUSE
IMP003059,A003059,U0280,BORROW,2026-04-17,1,3,330,0.55,Extension Board,GENERAL_REUSE
IMP003060,A003060,U0717,SELL,2025-12-29,0,0,0,0.0,Engineering Drawing Kit,GENERAL_REUSE
IMP003061,A003061,U0952,SELL,2026-01-20,1,0,236,0.43,Desk Lamp,GENERAL_REUSE
IMP003062,A003062,U0079,GIVEAWAY,2026-03-17,1,0,468,0.52,Lab Coat,GENERAL_REUSE
IMP003063,A003063,U0385,BORROW,2026-01-15,1,3,610,0.61,Python Programming Book,GENERAL_REUSE
IMP003064,A003064,U0285,BORROW,2026-04-11,1,10,878,0.65,Mechanical Drawing Set,GENERAL_REUSE
IMP003065,A003065,U0786,BORROW,2025-10-24,1,2,1625,0.5,Soldering Iron Kit,GENERAL_REUSE
IMP003066,A003066,U0753,BORROW,2026-07-02,1,2,2714,0.89,Arduino Kit,GENERAL_REUSE
IMP003067,A003067,U0230,SELL,2025-12-01,1,0,610,0.33,Digital Multimeter,GENERAL_REUSE
IMP003068,A003068,U0652,GIVEAWAY,2025-11-24,1,0,4592,0.82,External Hard Drive,GENERAL_REUSE
IMP003069,A003069,U0983,BORROW,2026-06-12,1,10,25,0.5,Graph Paper Pack,GENERAL_REUSE
IMP003070,A003070,U0510,BORROW,2025-10-19,1,10,1520,0.32,Vernier Caliper,GENERAL_REUSE
IMP003071,A003071,U0825,SWAP,2025-10-23,0,0,0,0.0,Arduino Kit,GENERAL_REUSE
IMP003072,A003072,U0306,BORROW,2025-11-04,1,3,38,0.38,Graph Paper Pack,GENERAL_REUSE
IMP003073,A003073,U0466,SWAP,2026-02-24,1,0,108,0.54,Breadboard Kit,GENERAL_REUSE
IMP003074,A003074,U0235,GIVEAWAY,2025-10-28,1,0,306,0.51,Textbook,GENERAL_REUSE
IMP003075,A003075,U0952,GIVEAWAY,2026-07-16,1,0,280,0.4,Screwdriver Set,GENERAL_REUSE
IMP003076,A003076,U0544,GIVEAWAY,2026-01-03,1,0,194,0.43,Extension Board,GENERAL_REUSE
IMP003077,A003077,U0511,SELL,2025-10-09,1,0,46,0.31,Graph Paper Pack,GENERAL_REUSE
IMP003078,A003078,U0970,BORROW,2025-10-30,1,7,264,0.23,Desk Lamp,GENERAL_REUSE
IMP003079,A003079,U0078,SELL,2026-01-02,1,0,240,0.32,College Backpack,GENERAL_REUSE
IMP003080,A003080,U0659,SWAP,2026-03-12,1,0,1419,0.43,Arduino Kit,GENERAL_REUSE
IMP003081,A003081,U0016,SWAP,2025-10-31,1,0,202,0.45,Safety Goggles,GENERAL_REUSE
IMP003082,A003082,U0515,GIVEAWAY,2026-03-12,1,0,1116,0.62,Digital Multimeter,GENERAL_REUSE
IMP003083,A003083,U0806,GIVEAWAY,2025-09-25,1,0,360,0.4,Lab Coat,GENERAL_REUSE
IMP003084,A003084,U0942,GIVEAWAY,2026-03-13,1,0,82,0.41,Graph Paper Pack,GENERAL_REUSE
IMP003085,A003085,U0966,SWAP,2026-01-25,1,0,540,0.6,Calculator,EDUCATIONAL
IMP003086,A003086,U0910,BORROW,2025-09-03,1,10,187,0.34,Scientific Calculator,GENERAL_REUSE
IMP003087,A003087,U0244,BORROW,2026-05-19,1,10,536,0.51,Presentation Clicker,GENERAL_REUSE
IMP003088,A003088,U0538,BORROW,2026-06-09,1,14,651,0.42,USB-C Charger,GENERAL_REUSE
IMP003089,A003089,U0442,BORROW,2025-09-17,1,3,684,0.57,Desk Lamp,GENERAL_REUSE
IMP003090,A003090,U0621,BORROW,2025-11-13,1,10,525,0.75,Mechanical Drawing Set,GENERAL_REUSE
IMP003091,A003091,U0889,SWAP,2026-01-10,1,0,98,0.39,Ethernet Cable,GENERAL_REUSE
IMP003092,A003092,U0603,GIVEAWAY,2025-09-13,1,0,780,0.39,Headphones,GENERAL_REUSE
IMP003093,A003093,U0697,BORROW,2026-07-11,1,14,5852,0.88,External Hard Drive,GENERAL_REUSE
IMP003094,A003094,U0745,SELL,2026-02-22,1,0,858,0.49,Power Bank,GENERAL_REUSE
IMP003095,A003095,U0353,SELL,2025-11-04,1,0,220,0.55,Ethernet Cable,GENERAL_REUSE
IMP003096,A003096,U0802,BORROW,2025-10-19,1,5,678,0.59,Scientific Calculator,GENERAL_REUSE
IMP003097,A003097,U0760,BORROW,2026-03-26,1,21,1020,0.51,Arduino Kit,GENERAL_REUSE
IMP003098,A003098,U0175,SELL,2025-12-03,1,0,602,0.43,Extension Board,GENERAL_REUSE
IMP003099,A003099,U0626,SELL,2025-11-24,1,0,517,0.47,Lab Coat,GENERAL_REUSE
IMP003100,A003100,U0340,BORROW,2026-01-17,1,21,2075,0.83,College Backpack,GENERAL_REUSE
IMP003101,A003101,U0016,BORROW,2025-10-05,1,21,828,0.36,Scientific Calculator,GENERAL_REUSE
IMP003102,A003102,U0094,GIVEAWAY,2026-06-17,1,0,207,0.69,Screwdriver Set,GENERAL_REUSE
IMP003103,A003103,U0374,BORROW,2026-07-07,1,21,3870,0.86,External Hard Drive,GENERAL_REUSE
IMP003104,A003104,U0876,SWAP,2026-07-19,1,0,604,0.31,Engineering Drawing Kit,GENERAL_REUSE
IMP003105,A003105,U0581,BORROW,2026-03-31,0,10,0,0.0,Soldering Iron Kit,GENERAL_REUSE
IMP003106,A003106,U0309,SWAP,2026-03-23,0,0,0,0.0,Extension Board,GENERAL_REUSE
IMP003107,A003107,U0508,SWAP,2026-03-29,1,0,252,0.28,Drawing Board,GENERAL_REUSE
IMP003108,A003108,U0572,GIVEAWAY,2025-11-06,1,0,1898,0.73,Arduino Kit,GENERAL_REUSE
IMP003109,A003109,U0234,BORROW,2026-07-09,1,3,170,0.31,Mechanical Drawing Set,GENERAL_REUSE
IMP003110,A003110,U0347,SELL,2026-01-18,1,0,1088,0.32,Headphones,GENERAL_REUSE
IMP003111,A003111,U0231,BORROW,2025-12-12,1,21,483,0.42,Calculator,EDUCATIONAL
IMP003112,A003112,U0241,GIVEAWAY,2025-10-25,1,0,795,0.53,USB-C Charger,GENERAL_REUSE
IMP003113,A003113,U0476,SWAP,2025-09-21,1,0,570,0.6,Textbook,GENERAL_REUSE
IMP003114,A003114,U0215,GIVEAWAY,2026-02-18,1,0,442,0.52,Textbook,GENERAL_REUSE
IMP003115,A003115,U0110,SELL,2025-09-07,1,0,612,0.34,USB-C Charger,GENERAL_REUSE
IMP003116,A003116,U0228,SWAP,2026-07-19,1,0,93,0.31,Textbook,GENERAL_REUSE
IMP003117,A003117,U0906,SWAP,2025-09-10,1,0,405,0.27,Presentation Clicker,GENERAL_REUSE
IMP003118,A003118,U0203,BORROW,2026-04-04,1,14,108,0.24,Screwdriver Set,GENERAL_REUSE
IMP003119,A003119,U0890,SWAP,2025-11-27,1,0,888,0.48,USB-C Charger,GENERAL_REUSE
IMP003120,A003120,U0911,BORROW,2026-01-12,1,7,630,0.2,Arduino Kit,GENERAL_REUSE
IMP003121,A003121,U0453,BORROW,2025-10-14,1,14,511,0.73,Extension Board,GENERAL_REUSE
IMP003122,A003122,U0732,BORROW,2025-10-04,1,7,492,0.82,Drawing Board,GENERAL_REUSE
IMP003123,A003123,U0651,SELL,2026-01-01,1,0,840,0.35,College Backpack,GENERAL_REUSE
IMP003124,A003124,U0818,BORROW,2026-04-07,1,2,576,0.64,Engineering Drawing Kit,GENERAL_REUSE
IMP003125,A003125,U0817,BORROW,2026-05-15,1,7,566,0.87,Breadboard Kit,GENERAL_REUSE
IMP003126,A003126,U0468,SELL,2025-12-24,1,0,441,0.21,Digital Multimeter,GENERAL_REUSE
IMP003127,A003127,U0750,SWAP,2025-11-26,1,0,688,0.27,Webcam,GENERAL_REUSE
IMP003128,A003128,U0022,SWAP,2026-06-07,1,0,120,0.48,HDMI Cable,GENERAL_REUSE
IMP003129,A003129,U0068,BORROW,2025-09-09,1,14,114,0.76,Graph Paper Pack,GENERAL_REUSE
IMP003130,A003130,U0997,SWAP,2026-01-25,1,0,425,0.25,Mechanical Drawing Set,GENERAL_REUSE
IMP003131,A003131,U0762,SELL,2026-03-08,0,0,0,0.0,Digital Multimeter,GENERAL_REUSE
IMP003132,A003132,U0668,GIVEAWAY,2026-06-15,1,0,456,0.57,Breadboard Kit,GENERAL_REUSE
IMP003133,A003133,U0663,BORROW,2026-07-08,1,5,1035,0.69,Scientific Calculator,GENERAL_REUSE
IMP003134,A003134,U0596,BORROW,2026-04-01,1,14,672,0.56,Scientific Calculator,GENERAL_REUSE
IMP003135,A003135,U0093,SWAP,2025-12-24,1,0,256,0.57,Screwdriver Set,GENERAL_REUSE
IMP003136,A003136,U0580,BORROW,2025-10-29,1,5,1246,0.89,Presentation Clicker,GENERAL_REUSE
IMP003137,A003137,U0198,GIVEAWAY,2025-09-11,1,0,400,0.4,Python Programming Book,GENERAL_REUSE
IMP003138,A003138,U0254,BORROW,2026-03-13,1,2,473,0.43,Screwdriver Set,GENERAL_REUSE
IMP003139,A003139,U0242,SELL,2026-04-02,1,0,258,0.47,HDMI Cable,GENERAL_REUSE
IMP003140,A003140,U0414,SWAP,2026-01-19,1,0,375,0.3,Python Programming Book,GENERAL_REUSE
IMP003141,A003141,U0256,BORROW,2025-09-14,1,3,441,0.21,USB-C Charger,GENERAL_REUSE
IMP003142,A003142,U0657,SWAP,2026-07-04,1,0,236,0.59,USB Flash Drive,GENERAL_REUSE
IMP003143,A003143,U0256,GIVEAWAY,2025-10-16,0,0,0,0.0,Breadboard Kit,GENERAL_REUSE
IMP003144,A003144,U0323,SELL,2025-09-22,1,0,175,0.5,Safety Goggles,GENERAL_REUSE
IMP003145,A003145,U0055,BORROW,2025-10-24,1,21,473,0.27,Calculator,EDUCATIONAL
IMP003146,A003146,U0181,BORROW,2025-12-04,1,14,570,0.67,Tripod,GENERAL_REUSE
IMP003147,A003147,U0279,SELL,2025-12-14,1,0,264,0.24,Textbook,GENERAL_REUSE
IMP003148,A003148,U0411,BORROW,2026-02-21,0,21,0,0.0,Lab Coat,GENERAL_REUSE
IMP003149,A003149,U0016,BORROW,2026-07-26,1,7,2788,0.68,Vernier Caliper,GENERAL_REUSE
IMP003150,A003150,U0110,SELL,2026-01-27,1,0,203,0.29,Power Bank,GENERAL_REUSE
IMP003151,A003151,U0987,SWAP,2026-05-17,1,0,108,0.27,Textbook,GENERAL_REUSE
IMP003152,A003152,U0965,BORROW,2025-11-24,1,14,748,0.68,USB Flash Drive,GENERAL_REUSE
IMP003153,A003153,U0764,GIVEAWAY,2026-07-07,1,0,410,0.63,USB-C Charger,GENERAL_REUSE
IMP003154,A003154,U0528,BORROW,2026-07-05,1,3,666,0.31,Tripod,GENERAL_REUSE
IMP003155,A003155,U0881,BORROW,2026-05-13,1,5,304,0.21,Soldering Iron Kit,GENERAL_REUSE
IMP003156,A003156,U0068,SELL,2026-03-17,1,0,40,0.27,Safety Goggles,GENERAL_REUSE
IMP003157,A003157,U0103,SWAP,2025-10-09,0,0,0,0.0,Engineering Drawing Kit,GENERAL_REUSE
IMP003158,A003158,U0900,BORROW,2026-05-06,1,5,780,0.78,Mechanical Drawing Set,GENERAL_REUSE
IMP003159,A003159,U0715,SWAP,2026-02-13,1,0,1196,0.46,Headphones,GENERAL_REUSE
IMP003160,A003160,U0999,GIVEAWAY,2026-05-14,1,0,348,0.58,Drawing Board,GENERAL_REUSE
IMP003161,A003161,U0359,BORROW,2025-12-29,1,21,228,0.65,HDMI Cable,GENERAL_REUSE
IMP003162,A003162,U0765,SWAP,2026-07-06,1,0,1010,0.47,Tripod,GENERAL_REUSE
IMP003163,A003163,U0156,SWAP,2026-07-17,1,0,2928,0.61,Vernier Caliper,GENERAL_REUSE
IMP003164,A003164,U0121,SELL,2026-01-14,1,0,441,0.42,USB Flash Drive,GENERAL_REUSE
IMP003165,A003165,U0901,GIVEAWAY,2025-09-30,1,0,468,0.55,Lab Coat,GENERAL_REUSE
IMP003166,A003166,U0438,GIVEAWAY,2026-03-07,1,0,712,0.75,Drawing Board,GENERAL_REUSE
IMP003167,A003167,U0609,SWAP,2026-02-27,1,0,583,0.53,Screwdriver Set,GENERAL_REUSE
IMP003168,A003168,U0630,GIVEAWAY,2025-12-19,1,0,1065,0.71,Extension Board,GENERAL_REUSE
IMP003169,A003169,U0756,GIVEAWAY,2025-12-12,1,0,624,0.78,Python Programming Book,GENERAL_REUSE
IMP003170,A003170,U0113,SWAP,2026-06-24,1,0,171,0.57,HDMI Cable,GENERAL_REUSE
IMP003171,A003171,U0172,BORROW,2025-09-29,1,10,350,0.5,Engineering Drawing Kit,GENERAL_REUSE
IMP003172,A003172,U0088,SELL,2026-01-11,0,0,0,0.0,Presentation Clicker,GENERAL_REUSE
IMP003173,A003173,U0912,SWAP,2025-09-20,1,0,540,0.6,Calculator,EDUCATIONAL
IMP003174,A003174,U0176,SELL,2026-02-06,1,0,375,0.25,Desk Lamp,GENERAL_REUSE
IMP003175,A003175,U0378,SWAP,2026-05-01,1,0,1403,0.46,Headphones,GENERAL_REUSE
IMP003176,A003176,U0986,SELL,2026-05-30,1,0,476,0.28,Soldering Iron Kit,GENERAL_REUSE
IMP003177,A003177,U0962,BORROW,2026-01-15,1,21,124,0.31,Screwdriver Set,GENERAL_REUSE
IMP003178,A003178,U0558,BORROW,2026-06-14,1,2,2755,0.58,Vernier Caliper,GENERAL_REUSE
IMP003179,A003179,U0357,BORROW,2026-01-11,1,21,1494,0.83,Headphones,GENERAL_REUSE
IMP003180,A003180,U0602,SWAP,2026-01-01,1,0,698,0.45,Python Programming Book,GENERAL_REUSE
IMP003181,A003181,U0981,GIVEAWAY,2026-06-22,1,0,228,0.65,HDMI Cable,GENERAL_REUSE
IMP003182,A003182,U0040,SWAP,2026-02-22,1,0,1248,0.32,Vernier Caliper,GENERAL_REUSE
IMP003183,A003183,U0932,SWAP,2026-01-02,0,0,0,0.0,Extension Board,GENERAL_REUSE
IMP003184,A003184,U0548,SELL,2026-03-26,1,0,2115,0.45,Vernier Caliper,GENERAL_REUSE
IMP003185,A003185,U0662,BORROW,2025-10-11,1,7,429,0.22,Presentation Clicker,GENERAL_REUSE
IMP003186,A003186,U0763,SWAP,2025-10-14,1,0,248,0.62,Screwdriver Set,GENERAL_REUSE
IMP003187,A003187,U0128,SWAP,2025-11-24,1,0,117,0.39,Ethernet Cable,GENERAL_REUSE
IMP003188,A003188,U0523,BORROW,2025-09-04,1,10,924,0.66,Tripod,GENERAL_REUSE
IMP003189,A003189,U0972,BORROW,2026-06-26,1,3,458,0.61,Python Programming Book,GENERAL_REUSE
IMP003190,A003190,U0381,SWAP,2026-06-08,1,0,333,0.37,Engineering Drawing Kit,GENERAL_REUSE
IMP003191,A003191,U0907,SWAP,2026-03-31,0,0,0,0.0,Ethernet Cable,GENERAL_REUSE
IMP003192,A003192,U0996,SELL,2025-09-20,1,0,370,0.39,Textbook,GENERAL_REUSE
IMP003193,A003193,U0159,BORROW,2026-07-10,1,10,282,0.47,Drawing Board,GENERAL_REUSE
IMP003194,A003194,U0281,SWAP,2025-10-27,1,0,638,0.58,Textbook,GENERAL_REUSE
IMP003195,A003195,U0697,GIVEAWAY,2026-01-30,1,0,1020,0.68,Arduino Kit,GENERAL_REUSE
IMP003196,A003196,U0514,BORROW,2025-12-09,1,7,278,0.37,Drawing Board,GENERAL_REUSE
IMP003197,A003197,U0970,BORROW,2025-12-14,1,3,340,0.68,Desk Lamp,GENERAL_REUSE
IMP003198,A003198,U0009,GIVEAWAY,2026-05-31,1,0,225,0.5,HDMI Cable,GENERAL_REUSE
IMP003199,A003199,U0754,BORROW,2026-02-08,1,7,2340,0.52,Vernier Caliper,GENERAL_REUSE
IMP003200,A003200,U0062,SWAP,2025-12-03,1,0,210,0.35,Digital Multimeter,GENERAL_REUSE
IMP003201,A003201,U0166,BORROW,2026-04-12,1,2,230,0.27,Bluetooth Keyboard,GENERAL_REUSE
IMP003202,A003202,U0560,SWAP,2026-04-06,1,0,88,0.44,Breadboard Kit,GENERAL_REUSE
IMP003203,A003203,U0044,SWAP,2025-10-24,1,0,178,0.51,HDMI Cable,GENERAL_REUSE
IMP003204,A003204,U0667,BORROW,2026-07-22,1,5,1824,0.76,College Backpack,GENERAL_REUSE
IMP003205,A003205,U0179,SWAP,2025-09-28,0,0,0,0.0,Python Programming Book,GENERAL_REUSE
IMP003206,A003206,U0958,BORROW,2025-10-15,1,10,930,0.6,Desk Lamp,GENERAL_REUSE
IMP003207,A003207,U0564,SELL,2026-03-10,1,0,682,0.39,Power Bank,GENERAL_REUSE
IMP003208,A003208,U0673,BORROW,2025-10-28,1,21,324,0.81,Ethernet Cable,GENERAL_REUSE
IMP003209,A003209,U0914,SWAP,2025-09-21,1,0,686,0.49,College Backpack,GENERAL_REUSE
IMP003210,A003210,U0025,SELL,2026-01-02,1,0,1665,0.3,Vernier Caliper,GENERAL_REUSE
IMP003211,A003211,U0872,BORROW,2026-02-12,1,3,1078,0.49,Power Bank,GENERAL_REUSE
IMP003212,A003212,U0254,BORROW,2025-12-11,1,3,405,0.27,Extension Board,GENERAL_REUSE
IMP003213,A003213,U0091,GIVEAWAY,2025-11-07,1,0,726,0.66,Digital Multimeter,GENERAL_REUSE
IMP003214,A003214,U0170,GIVEAWAY,2025-12-05,1,0,819,0.42,Webcam,GENERAL_REUSE
IMP003215,A003215,U0911,GIVEAWAY,2026-03-25,1,0,1450,0.5,College Backpack,GENERAL_REUSE
IMP003216,A003216,U0457,SELL,2026-01-13,1,0,412,0.33,Soldering Iron Kit,GENERAL_REUSE
IMP003217,A003217,U0134,SWAP,2025-09-01,1,0,1508,0.29,Vernier Caliper,GENERAL_REUSE
IMP003218,A003218,U0362,SELL,2026-07-24,1,0,1134,0.36,Arduino Kit,GENERAL_REUSE
IMP003219,A003219,U0439,GIVEAWAY,2026-07-22,1,0,126,0.63,Graph Paper Pack,GENERAL_REUSE
IMP003220,A003220,U0790,BORROW,2025-11-29,1,2,616,0.44,Webcam,GENERAL_REUSE
IMP003221,A003221,U0012,GIVEAWAY,2025-12-10,1,0,1488,0.85,Tripod,GENERAL_REUSE
IMP003222,A003222,U0591,BORROW,2026-05-25,1,21,316,0.79,Extension Board,GENERAL_REUSE
IMP003223,A003223,U0138,BORROW,2025-11-13,1,3,412,0.75,USB-C Charger,GENERAL_REUSE
IMP003224,A003224,U0137,SWAP,2025-12-24,1,0,288,0.36,USB Flash Drive,GENERAL_REUSE
IMP003225,A003225,U0368,SELL,2026-07-10,1,0,494,0.26,Digital Multimeter,GENERAL_REUSE
IMP003226,A003226,U0125,SELL,2026-07-24,1,0,106,0.53,Graph Paper Pack,GENERAL_REUSE
IMP003227,A003227,U0911,BORROW,2026-04-14,1,21,128,0.32,Textbook,GENERAL_REUSE
IMP003228,A003228,U0948,SWAP,2026-01-24,1,0,273,0.26,Lab Coat,GENERAL_REUSE
IMP003229,A003229,U0064,BORROW,2026-04-20,1,10,260,0.4,Textbook,GENERAL_REUSE
IMP003230,A003230,U0137,SWAP,2026-07-16,1,0,81,0.27,Breadboard Kit,GENERAL_REUSE
IMP003231,A003231,U0492,GIVEAWAY,2026-06-24,1,0,164,0.41,Desk Lamp,GENERAL_REUSE
IMP003232,A003232,U0157,BORROW,2026-07-10,1,7,999,0.54,Presentation Clicker,GENERAL_REUSE
IMP003233,A003233,U0744,SELL,2025-09-06,1,0,450,0.45,Calculator,EDUCATIONAL
IMP003234,A003234,U0017,BORROW,2026-04-20,1,2,1494,0.83,Tripod,GENERAL_REUSE
IMP003235,A003235,U0261,GIVEAWAY,2026-06-12,1,0,1173,0.69,USB-C Charger,GENERAL_REUSE
IMP003236,A003236,U0035,BORROW,2025-10-11,1,7,1404,0.72,Presentation Clicker,GENERAL_REUSE
IMP003237,A003237,U0260,BORROW,2026-02-19,1,10,712,0.57,Engineering Drawing Kit,GENERAL_REUSE
IMP003238,A003238,U0093,BORROW,2026-05-21,1,21,226,0.41,Drawing Board,GENERAL_REUSE
IMP003239,A003239,U0638,BORROW,2026-05-01,0,10,0,0.0,USB-C Charger,GENERAL_REUSE
IMP003240,A003240,U0246,BORROW,2025-10-03,1,14,567,0.63,Textbook,GENERAL_REUSE
IMP003241,A003241,U0388,GIVEAWAY,2026-05-31,1,0,2242,0.69,Soldering Iron Kit,GENERAL_REUSE
IMP003242,A003242,U0690,GIVEAWAY,2026-05-26,1,0,200,0.4,Lab Coat,GENERAL_REUSE
IMP003243,A003243,U0278,SELL,2025-12-13,1,0,54,0.27,HDMI Cable,GENERAL_REUSE
IMP003244,A003244,U0636,BORROW,2025-10-17,1,5,441,0.42,Arduino Kit,GENERAL_REUSE
IMP003245,A003245,U0952,SWAP,2026-03-15,1,0,1680,0.56,Webcam,GENERAL_REUSE
IMP003246,A003246,U0009,BORROW,2025-12-21,1,3,756,0.24,Arduino Kit,GENERAL_REUSE
IMP003247,A003247,U0444,SELL,2026-02-21,1,0,100,0.2,Textbook,GENERAL_REUSE
IMP003248,A003248,U0094,SWAP,2025-12-08,1,0,120,0.48,USB Flash Drive,GENERAL_REUSE
IMP003249,A003249,U0892,BORROW,2025-11-02,1,3,52,0.26,Graph Paper Pack,GENERAL_REUSE
IMP003250,A003250,U0637,BORROW,2025-09-07,1,21,240,0.4,Breadboard Kit,GENERAL_REUSE
IMP003251,A003251,U0664,SWAP,2026-01-15,1,0,42,0.42,Graph Paper Pack,GENERAL_REUSE
IMP003252,A003252,U0704,SWAP,2026-07-05,1,0,2184,0.56,Webcam,GENERAL_REUSE
IMP003253,A003253,U0866,SWAP,2026-04-06,1,0,420,0.35,Presentation Clicker,GENERAL_REUSE
IMP003254,A003254,U0314,BORROW,2025-10-11,1,5,585,0.78,HDMI Cable,GENERAL_REUSE
IMP003255,A003255,U0164,SWAP,2026-03-24,1,0,376,0.47,Calculator,EDUCATIONAL
IMP003256,A003256,U0537,GIVEAWAY,2025-10-27,1,0,270,0.77,Safety Goggles,GENERAL_REUSE
IMP003257,A003257,U0836,GIVEAWAY,2026-07-21,1,0,248,0.71,Ethernet Cable,GENERAL_REUSE
IMP003258,A003258,U0174,BORROW,2026-01-09,1,21,155,0.31,Lab Coat,GENERAL_REUSE
IMP003259,A003259,U0975,BORROW,2026-02-26,0,10,0,0.0,Ethernet Cable,GENERAL_REUSE
IMP003260,A003260,U0319,SELL,2026-07-10,1,0,1581,0.51,Soldering Iron Kit,GENERAL_REUSE
IMP003261,A003261,U0529,GIVEAWAY,2026-05-30,1,0,340,0.68,USB Flash Drive,GENERAL_REUSE
IMP003262,A003262,U0809,BORROW,2025-12-10,1,2,312,0.26,Screwdriver Set,GENERAL_REUSE
IMP003263,A003263,U0574,GIVEAWAY,2025-12-14,1,0,1037,0.61,Scientific Calculator,GENERAL_REUSE
IMP003264,A003264,U0396,SWAP,2026-02-15,1,0,234,0.39,Calculator,EDUCATIONAL
IMP003265,A003265,U0817,SWAP,2026-06-09,1,0,1147,0.62,Digital Multimeter,GENERAL_REUSE
IMP003266,A003266,U0167,SWAP,2026-04-05,1,0,192,0.48,Screwdriver Set,GENERAL_REUSE
IMP003267,A003267,U0214,BORROW,2026-03-01,1,7,775,0.62,Python Programming Book,GENERAL_REUSE
IMP003268,A003268,U0445,GIVEAWAY,2025-09-07,1,0,350,0.5,Tripod,GENERAL_REUSE
IMP003269,A003269,U0070,SWAP,2025-10-02,1,0,1040,0.52,Bluetooth Keyboard,GENERAL_REUSE
IMP003270,A003270,U0503,SELL,2026-01-02,1,0,864,0.48,Calculator,EDUCATIONAL
IMP003271,A003271,U0441,SWAP,2025-09-26,1,0,494,0.47,Arduino Kit,GENERAL_REUSE
IMP003272,A003272,U0837,BORROW,2025-10-27,1,14,828,0.69,USB-C Charger,GENERAL_REUSE
IMP003273,A003273,U0210,BORROW,2026-02-09,1,14,372,0.24,Engineering Drawing Kit,GENERAL_REUSE
IMP003274,A003274,U0372,SWAP,2026-02-22,1,0,531,0.59,USB Flash Drive,GENERAL_REUSE
IMP003275,A003275,U0314,GIVEAWAY,2025-10-10,1,0,555,0.74,Power Bank,GENERAL_REUSE
IMP003276,A003276,U0146,SWAP,2026-04-18,1,0,1000,0.5,Bluetooth Keyboard,GENERAL_REUSE
IMP003277,A003277,U0683,BORROW,2026-05-23,1,10,208,0.26,Python Programming Book,GENERAL_REUSE
IMP003278,A003278,U0297,SWAP,2025-09-26,1,0,182,0.28,Extension Board,GENERAL_REUSE
IMP003279,A003279,U0507,SELL,2026-05-31,1,0,450,0.53,USB Flash Drive,GENERAL_REUSE
IMP003280,A003280,U0874,BORROW,2026-06-18,1,3,225,0.45,Calculator,EDUCATIONAL
IMP003281,A003281,U0628,BORROW,2026-06-29,1,7,375,0.3,Tripod,GENERAL_REUSE
IMP003282,A003282,U0939,SWAP,2025-10-26,1,0,758,0.37,Power Bank,GENERAL_REUSE
IMP003283,A003283,U0046,BORROW,2026-04-08,1,7,644,0.46,Webcam,GENERAL_REUSE
IMP003284,A003284,U0584,BORROW,2025-09-08,1,10,1350,0.73,Engineering Drawing Kit,GENERAL_REUSE
IMP003285,A003285,U0218,BORROW,2026-07-20,0,10,0,0.0,Scientific Calculator,GENERAL_REUSE
IMP003286,A003286,U0590,BORROW,2025-10-31,1,5,1350,0.9,Screwdriver Set,GENERAL_REUSE
IMP003287,A003287,U0457,GIVEAWAY,2025-11-06,0,0,0,0.0,Extension Board,GENERAL_REUSE
IMP003288,A003288,U0208,GIVEAWAY,2026-01-19,1,0,387,0.43,Screwdriver Set,GENERAL_REUSE
IMP003289,A003289,U0353,SWAP,2025-11-18,1,0,493,0.34,Power Bank,GENERAL_REUSE
IMP003290,A003290,U0322,BORROW,2026-06-19,1,14,3564,0.81,Webcam,GENERAL_REUSE
IMP003291,A003291,U0587,BORROW,2025-10-27,1,2,117,0.78,Ethernet Cable,GENERAL_REUSE
IMP003292,A003292,U0934,SWAP,2026-05-06,1,0,66,0.44,Breadboard Kit,GENERAL_REUSE
IMP003293,A003293,U0388,SWAP,2025-10-02,1,0,516,0.43,Presentation Clicker,GENERAL_REUSE
IMP003294,A003294,U0709,SWAP,2026-05-17,1,0,1012,0.46,College Backpack,GENERAL_REUSE
IMP003295,A003295,U0231,BORROW,2026-04-20,1,7,1457,0.62,Engineering Drawing Kit,GENERAL_REUSE
IMP003296,A003296,U0817,BORROW,2026-07-10,1,2,1498,0.81,Power Bank,GENERAL_REUSE
IMP003297,A003297,U0324,SELL,2026-02-17,0,0,0,0.0,USB Flash Drive,GENERAL_REUSE
IMP003298,A003298,U0224,BORROW,2025-10-19,1,21,314,0.33,Headphones,GENERAL_REUSE
IMP003299,A003299,U0246,SWAP,2026-06-12,1,0,960,0.6,Calculator,EDUCATIONAL
IMP003300,A003300,U0923,SWAP,2026-07-05,0,0,0,0.0,USB-C Charger,GENERAL_REUSE
IMP003301,A003301,U0846,SWAP,2025-12-25,1,0,65,0.26,Breadboard Kit,GENERAL_REUSE
IMP003302,A003302,U0351,SWAP,2025-10-24,1,0,899,0.62,Soldering Iron Kit,GENERAL_REUSE
IMP003303,A003303,U0841,SWAP,2025-11-28,1,0,2212,0.59,External Hard Drive,GENERAL_REUSE
IMP003304,A003304,U0234,BORROW,2026-03-04,1,2,57,0.38,Graph Paper Pack,GENERAL_REUSE
IMP003305,A003305,U0807,GIVEAWAY,2026-06-01,1,0,217,0.62,Ethernet Cable,GENERAL_REUSE
IMP003306,A003306,U0656,GIVEAWAY,2025-10-15,1,0,986,0.73,Tripod,GENERAL_REUSE
IMP003307,A003307,U0773,BORROW,2025-12-13,1,2,455,0.7,College Backpack,GENERAL_REUSE
IMP003308,A003308,U0698,BORROW,2026-06-03,1,3,578,0.68,Digital Multimeter,GENERAL_REUSE
IMP003309,A003309,U0732,SWAP,2025-10-30,1,0,504,0.63,Textbook,GENERAL_REUSE
IMP003310,A003310,U0939,BORROW,2025-10-30,1,3,304,0.76,Breadboard Kit,GENERAL_REUSE
IMP003311,A003311,U0809,SELL,2026-03-26,1,0,861,0.42,Vernier Caliper,GENERAL_REUSE
IMP003312,A003312,U0008,BORROW,2026-02-04,1,2,84,0.56,Graph Paper Pack,GENERAL_REUSE
IMP003313,A003313,U0087,BORROW,2026-04-29,1,7,752,0.35,Mechanical Drawing Set,GENERAL_REUSE
IMP003314,A003314,U0660,GIVEAWAY,2026-06-13,1,0,975,0.5,Headphones,GENERAL_REUSE
IMP003315,A003315,U0362,SWAP,2026-07-22,1,0,576,0.32,Soldering Iron Kit,GENERAL_REUSE
IMP003316,A003316,U0526,BORROW,2025-09-11,1,10,270,0.45,Extension Board,GENERAL_REUSE
IMP003317,A003317,U0833,SWAP,2026-01-31,1,0,648,0.36,Presentation Clicker,GENERAL_REUSE
IMP003318,A003318,U0084,BORROW,2025-10-27,0,14,0,0.0,Lab Coat,GENERAL_REUSE
IMP003319,A003319,U0144,BORROW,2025-10-27,1,14,22,0.45,Graph Paper Pack,GENERAL_REUSE
IMP003320,A003320,U0727,GIVEAWAY,2025-10-06,1,0,210,0.84,HDMI Cable,GENERAL_REUSE
IMP003321,A003321,U0020,BORROW,2025-10-07,1,3,434,0.79,Drawing Board,GENERAL_REUSE
IMP003322,A003322,U0352,BORROW,2026-03-29,0,21,0,0.0,Power Bank,GENERAL_REUSE
IMP003323,A003323,U0559,GIVEAWAY,2026-03-14,1,0,540,0.72,College Backpack,GENERAL_REUSE
IMP003324,A003324,U0977,SELL,2025-10-28,1,0,1298,0.53,Engineering Drawing Kit,GENERAL_REUSE
IMP003325,A003325,U0502,BORROW,2026-02-19,1,14,1054,0.68,Bluetooth Keyboard,GENERAL_REUSE
IMP003326,A003326,U0478,SELL,2026-06-24,1,0,80,0.2,Desk Lamp,GENERAL_REUSE
IMP003327,A003327,U0291,SWAP,2025-11-04,1,0,540,0.3,Bluetooth Keyboard,GENERAL_REUSE
IMP003328,A003328,U0995,SWAP,2026-03-06,1,0,2600,0.65,Vernier Caliper,GENERAL_REUSE
IMP003329,A003329,U0810,BORROW,2026-03-13,1,7,1402,0.85,Calculator,EDUCATIONAL
IMP003330,A003330,U0266,GIVEAWAY,2026-03-08,1,0,938,0.67,Soldering Iron Kit,GENERAL_REUSE
IMP003331,A003331,U0410,SWAP,2025-10-04,1,0,884,0.31,College Backpack,GENERAL_REUSE
IMP003332,A003332,U0361,SWAP,2026-02-17,1,0,470,0.47,Lab Coat,GENERAL_REUSE
IMP003333,A003333,U0352,GIVEAWAY,2026-03-24,1,0,716,0.53,Vernier Caliper,GENERAL_REUSE
IMP003334,A003334,U0601,SWAP,2026-04-15,1,0,590,0.59,Textbook,GENERAL_REUSE
IMP003335,A003335,U0796,SWAP,2026-07-10,1,0,214,0.33,USB Flash Drive,GENERAL_REUSE
IMP003336,A003336,U0779,GIVEAWAY,2026-06-04,1,0,328,0.41,Lab Coat,GENERAL_REUSE
IMP003337,A003337,U0548,SWAP,2025-11-24,1,0,102,0.29,Extension Board,GENERAL_REUSE
IMP003338,A003338,U0837,SWAP,2025-11-11,1,0,287,0.41,Breadboard Kit,GENERAL_REUSE
IMP003339,A003339,U0502,BORROW,2025-12-23,1,10,287,0.82,Ethernet Cable,GENERAL_REUSE
IMP003340,A003340,U0886,GIVEAWAY,2026-04-13,1,0,458,0.61,Engineering Drawing Kit,GENERAL_REUSE
IMP003341,A003341,U0736,SELL,2026-05-13,1,0,980,0.53,USB-C Charger,GENERAL_REUSE
IMP003342,A003342,U0896,BORROW,2025-12-24,1,10,258,0.86,Ethernet Cable,GENERAL_REUSE
IMP003343,A003343,U0894,BORROW,2025-09-20,1,5,1240,0.31,External Hard Drive,GENERAL_REUSE
IMP003344,A003344,U0177,SWAP,2026-01-05,1,0,136,0.39,Screwdriver Set,GENERAL_REUSE
IMP003345,A003345,U0159,BORROW,2026-03-08,1,14,478,0.87,Safety Goggles,GENERAL_REUSE
IMP003346,A003346,U0407,SWAP,2025-09-15,0,0,0,0.0,Mechanical Drawing Set,GENERAL_REUSE
IMP003347,A003347,U0673,BORROW,2025-11-08,1,5,581,0.83,Screwdriver Set,GENERAL_REUSE
IMP003348,A003348,U0666,BORROW,2025-09-12,1,10,1261,0.26,External Hard Drive,GENERAL_REUSE
IMP003349,A003349,U0704,SWAP,2025-11-24,1,0,609,0.29,College Backpack,GENERAL_REUSE
IMP003350,A003350,U0067,BORROW,2025-11-04,1,7,796,0.59,Calculator,EDUCATIONAL
IMP003351,A003351,U0774,GIVEAWAY,2025-09-13,1,0,1782,0.44,Webcam,GENERAL_REUSE
IMP003352,A003352,U0848,SELL,2026-07-13,1,0,598,0.52,Presentation Clicker,GENERAL_REUSE
IMP003353,A003353,U0667,SELL,2026-02-26,1,0,112,0.32,Breadboard Kit,GENERAL_REUSE
IMP003354,A003354,U0887,SWAP,2025-09-14,1,0,522,0.36,Mechanical Drawing Set,GENERAL_REUSE
IMP003355,A003355,U0714,SELL,2026-06-27,1,0,36,0.36,Graph Paper Pack,GENERAL_REUSE
IMP003356,A003356,U0384,BORROW,2026-05-10,1,2,69,0.46,Graph Paper Pack,GENERAL_REUSE
IMP003357,A003357,U0407,BORROW,2026-01-29,1,3,526,0.39,Engineering Drawing Kit,GENERAL_REUSE
IMP003358,A003358,U0339,SELL,2026-05-27,1,0,384,0.48,Breadboard Kit,GENERAL_REUSE
IMP003359,A003359,U0623,BORROW,2026-04-06,1,3,380,0.76,Digital Multimeter,GENERAL_REUSE
IMP003360,A003360,U0077,GIVEAWAY,2026-01-24,1,0,1502,0.77,Digital Multimeter,GENERAL_REUSE
IMP003361,A003361,U0842,BORROW,2026-06-07,0,5,0,0.0,Webcam,GENERAL_REUSE
IMP003362,A003362,U0057,BORROW,2026-05-31,1,5,204,0.51,HDMI Cable,GENERAL_REUSE
IMP003363,A003363,U0837,GIVEAWAY,2025-12-17,1,0,2535,0.78,Soldering Iron Kit,GENERAL_REUSE
IMP003364,A003364,U0185,BORROW,2026-03-20,1,3,1241,0.73,Screwdriver Set,GENERAL_REUSE
IMP003365,A003365,U0877,GIVEAWAY,2026-03-20,1,0,3397,0.79,External Hard Drive,GENERAL_REUSE
IMP003366,A003366,U0739,SWAP,2026-06-03,1,0,232,0.31,Scientific Calculator,GENERAL_REUSE
IMP003367,A003367,U1000,SWAP,2026-06-15,1,0,227,0.35,Breadboard Kit,GENERAL_REUSE
IMP003368,A003368,U0277,SWAP,2026-06-13,1,0,689,0.53,Tripod,GENERAL_REUSE
IMP003369,A003369,U0619,SWAP,2025-09-19,1,0,660,0.33,Power Bank,GENERAL_REUSE
IMP003370,A003370,U0731,SWAP,2025-12-02,1,0,604,0.39,Python Programming Book,GENERAL_REUSE
IMP003371,A003371,U0314,GIVEAWAY,2025-09-25,1,0,480,0.64,Scientific Calculator,GENERAL_REUSE
IMP003372,A003372,U0617,BORROW,2026-02-01,1,10,388,0.25,Power Bank,GENERAL_REUSE
IMP003373,A003373,U0467,SELL,2025-09-19,0,0,0,0.0,Arduino Kit,GENERAL_REUSE
IMP003374,A003374,U0312,BORROW,2026-04-09,1,21,114,0.38,Breadboard Kit,GENERAL_REUSE
IMP003375,A003375,U0027,SWAP,2026-02-14,1,0,2000,0.4,External Hard Drive,GENERAL_REUSE
IMP003376,A003376,U0120,SELL,2025-09-15,1,0,306,0.51,Safety Goggles,GENERAL_REUSE
IMP003377,A003377,U0703,SELL,2025-09-18,1,0,1127,0.46,Arduino Kit,GENERAL_REUSE
IMP003378,A003378,U0468,SELL,2026-05-22,1,0,380,0.4,Screwdriver Set,GENERAL_REUSE
IMP003379,A003379,U0405,SELL,2026-01-15,1,0,300,0.4,USB-C Charger,GENERAL_REUSE
IMP003380,A003380,U0043,BORROW,2025-12-22,1,10,470,0.47,Digital Multimeter,GENERAL_REUSE
IMP003381,A003381,U0050,BORROW,2025-09-16,1,10,2156,0.88,Headphones,GENERAL_REUSE
IMP003382,A003382,U0373,SELL,2025-11-27,1,0,326,0.21,Calculator,EDUCATIONAL
IMP003383,A003383,U0331,BORROW,2026-06-18,1,14,224,0.32,Screwdriver Set,GENERAL_REUSE
IMP003384,A003384,U0353,SWAP,2026-05-27,1,0,546,0.42,College Backpack,GENERAL_REUSE
IMP003385,A003385,U0286,BORROW,2026-01-19,1,2,1276,0.88,Desk Lamp,GENERAL_REUSE
IMP003386,A003386,U0384,SWAP,2025-10-07,1,0,368,0.46,Extension Board,GENERAL_REUSE
IMP003387,A003387,U0396,GIVEAWAY,2026-01-13,1,0,638,0.75,Bluetooth Keyboard,GENERAL_REUSE
IMP003388,A003388,U0811,BORROW,2026-07-10,1,5,434,0.62,Tripod,GENERAL_REUSE
IMP003389,A003389,U0149,GIVEAWAY,2025-10-07,1,0,1260,0.56,Soldering Iron Kit,GENERAL_REUSE
IMP003390,A003390,U0093,BORROW,2025-12-15,1,10,266,0.28,Mechanical Drawing Set,GENERAL_REUSE
IMP003391,A003391,U0609,BORROW,2026-04-12,1,5,1094,0.81,Drawing Board,GENERAL_REUSE
IMP003392,A003392,U0569,SWAP,2026-06-13,1,0,312,0.52,Ethernet Cable,GENERAL_REUSE
IMP003393,A003393,U0551,SELL,2026-04-05,1,0,759,0.22,Bluetooth Keyboard,GENERAL_REUSE
IMP003394,A003394,U0056,BORROW,2026-04-03,1,14,264,0.22,Textbook,GENERAL_REUSE
IMP003395,A003395,U0911,SWAP,2026-02-14,1,0,732,0.61,Lab Coat,GENERAL_REUSE
IMP003396,A003396,U0526,BORROW,2025-09-20,1,10,609,0.42,Soldering Iron Kit,GENERAL_REUSE
IMP003397,A003397,U0812,BORROW,2026-07-18,1,2,1734,0.51,Arduino Kit,GENERAL_REUSE
IMP003398,A003398,U0349,SELL,2026-07-28,1,0,686,0.49,Arduino Kit,GENERAL_REUSE
IMP003399,A003399,U0446,BORROW,2026-05-29,1,5,1221,0.74,Drawing Board,GENERAL_REUSE
IMP003400,A003400,U0382,BORROW,2025-10-19,1,7,74,0.21,Extension Board,GENERAL_REUSE
IMP003401,A003401,U0395,GIVEAWAY,2026-06-09,1,0,855,0.57,Digital Multimeter,GENERAL_REUSE
IMP003402,A003402,U0628,BORROW,2026-04-27,1,14,1536,0.64,Bluetooth Keyboard,GENERAL_REUSE
IMP003403,A003403,U0330,BORROW,2026-04-13,1,14,377,0.29,Screwdriver Set,GENERAL_REUSE
IMP003404,A003404,U0939,BORROW,2025-10-11,1,3,2200,0.88,Webcam,GENERAL_REUSE
IMP003405,A003405,U0763,BORROW,2026-04-19,0,10,0,0.0,Calculator,EDUCATIONAL
IMP003406,A003406,U0316,SWAP,2026-07-25,1,0,558,0.62,Calculator,EDUCATIONAL
IMP003407,A003407,U0013,BORROW,2026-02-15,1,3,410,0.63,HDMI Cable,GENERAL_REUSE
IMP003408,A003408,U0911,BORROW,2026-04-05,1,7,198,0.33,Mechanical Drawing Set,GENERAL_REUSE
IMP003409,A003409,U0718,SWAP,2026-03-27,1,0,180,0.6,HDMI Cable,GENERAL_REUSE
IMP003410,A003410,U0460,BORROW,2026-05-28,1,5,558,0.62,Mechanical Drawing Set,GENERAL_REUSE
IMP003411,A003411,U0833,SELL,2025-09-11,1,0,180,0.3,HDMI Cable,GENERAL_REUSE
IMP003412,A003412,U0308,GIVEAWAY,2026-03-22,1,0,552,0.48,Mechanical Drawing Set,GENERAL_REUSE
IMP003413,A003413,U0739,GIVEAWAY,2026-03-31,1,0,1462,0.45,Vernier Caliper,GENERAL_REUSE
IMP003414,A003414,U0933,SWAP,2026-02-05,1,0,440,0.4,Digital Multimeter,GENERAL_REUSE
IMP003415,A003415,U0729,GIVEAWAY,2025-12-14,0,0,0,0.0,Lab Coat,GENERAL_REUSE
IMP003416,A003416,U0413,BORROW,2025-09-14,1,14,184,0.23,Tripod,GENERAL_REUSE
IMP003417,A003417,U0319,BORROW,2025-09-30,1,7,480,0.6,Power Bank,GENERAL_REUSE
IMP003418,A003418,U0196,BORROW,2025-12-16,1,7,132,0.22,Safety Goggles,GENERAL_REUSE
IMP003419,A003419,U0213,BORROW,2026-02-04,1,21,44,0.29,HDMI Cable,GENERAL_REUSE
IMP003420,A003420,U0303,BORROW,2026-06-18,1,5,350,0.2,Screwdriver Set,GENERAL_REUSE
IMP003421,A003421,U0267,SELL,2025-09-10,1,0,528,0.22,Webcam,GENERAL_REUSE
IMP003422,A003422,U0637,BORROW,2026-06-09,1,3,576,0.32,USB-C Charger,GENERAL_REUSE
IMP003423,A003423,U0811,BORROW,2026-04-07,1,2,756,0.89,Desk Lamp,GENERAL_REUSE
IMP003424,A003424,U0637,BORROW,2025-09-18,1,21,1513,0.89,Mechanical Drawing Set,GENERAL_REUSE
IMP003425,A003425,U0146,BORROW,2025-10-24,1,2,720,0.4,USB-C Charger,GENERAL_REUSE
IMP003426,A003426,U0034,BORROW,2026-02-09,1,7,1530,0.68,Arduino Kit,GENERAL_REUSE
IMP003427,A003427,U0298,GIVEAWAY,2026-04-24,1,0,1072,0.67,Vernier Caliper,GENERAL_REUSE
IMP003428,A003428,U0048,BORROW,2026-06-27,1,2,1480,0.8,Mechanical Drawing Set,GENERAL_REUSE
IMP003429,A003429,U0946,GIVEAWAY,2026-04-14,1,0,621,0.46,Desk Lamp,GENERAL_REUSE
IMP003430,A003430,U0965,GIVEAWAY,2025-12-07,1,0,3078,0.81,Webcam,GENERAL_REUSE
IMP003431,A003431,U0786,GIVEAWAY,2026-05-07,1,0,632,0.55,Mechanical Drawing Set,GENERAL_REUSE
IMP003432,A003432,U0458,SWAP,2026-06-01,1,0,176,0.27,USB-C Charger,GENERAL_REUSE
IMP003433,A003433,U0319,BORROW,2026-04-06,1,3,1295,0.7,Digital Multimeter,GENERAL_REUSE
IMP003434,A003434,U0115,BORROW,2026-02-22,1,7,274,0.61,USB Flash Drive,GENERAL_REUSE
IMP003435,A003435,U0531,BORROW,2025-10-23,1,5,957,0.58,Scientific Calculator,GENERAL_REUSE
IMP003436,A003436,U0332,BORROW,2025-11-29,1,7,130,0.65,Ethernet Cable,GENERAL_REUSE
IMP003437,A003437,U0291,BORROW,2025-12-05,1,3,968,0.45,Webcam,GENERAL_REUSE
IMP003438,A003438,U0474,BORROW,2026-07-04,1,21,604,0.71,Arduino Kit,GENERAL_REUSE
IMP003439,A003439,U0523,BORROW,2026-07-04,1,14,102,0.68,Graph Paper Pack,GENERAL_REUSE
IMP003440,A003440,U0567,BORROW,2026-01-31,1,7,1290,0.43,Webcam,GENERAL_REUSE
IMP003441,A003441,U0435,SWAP,2025-12-23,1,0,512,0.64,Presentation Clicker,GENERAL_REUSE
IMP003442,A003442,U0182,SWAP,2026-03-28,1,0,1488,0.62,USB-C Charger,GENERAL_REUSE
IMP003443,A003443,U0468,SWAP,2026-05-10,1,0,536,0.63,Drawing Board,GENERAL_REUSE
IMP003444,A003444,U0693,BORROW,2026-05-22,1,2,1280,0.64,Power Bank,GENERAL_REUSE
IMP003445,A003445,U0791,BORROW,2026-01-29,1,7,944,0.37,Webcam,GENERAL_REUSE
IMP003446,A003446,U0958,BORROW,2026-01-24,1,2,630,0.63,Bluetooth Keyboard,GENERAL_REUSE
IMP003447,A003447,U1000,BORROW,2026-05-03,1,7,1258,0.68,Soldering Iron Kit,GENERAL_REUSE
IMP003448,A003448,U0382,SELL,2025-10-06,1,0,258,0.47,Digital Multimeter,GENERAL_REUSE
IMP003449,A003449,U0946,BORROW,2026-04-26,1,5,3363,0.59,External Hard Drive,GENERAL_REUSE
IMP003450,A003450,U0762,BORROW,2026-01-04,1,5,892,0.51,Screwdriver Set,GENERAL_REUSE
IMP003451,A003451,U0478,SELL,2026-06-15,1,0,684,0.37,Digital Multimeter,GENERAL_REUSE
IMP003452,A003452,U0208,BORROW,2025-11-27,1,10,273,0.39,Breadboard Kit,GENERAL_REUSE
IMP003453,A003453,U0838,BORROW,2025-10-17,1,10,720,0.6,Presentation Clicker,GENERAL_REUSE
IMP003454,A003454,U0482,BORROW,2025-09-28,1,5,1189,0.58,Mechanical Drawing Set,GENERAL_REUSE
IMP003455,A003455,U0635,SELL,2026-01-17,1,0,207,0.46,USB Flash Drive,GENERAL_REUSE
IMP003456,A003456,U0905,BORROW,2026-06-18,1,14,378,0.28,Presentation Clicker,GENERAL_REUSE
IMP003457,A003457,U0231,BORROW,2025-12-16,1,7,570,0.6,College Backpack,GENERAL_REUSE
IMP003458,A003458,U0367,BORROW,2026-02-06,1,2,988,0.52,Digital Multimeter,GENERAL_REUSE
IMP003459,A003459,U0440,BORROW,2026-04-14,1,5,684,0.36,Mechanical Drawing Set,GENERAL_REUSE
IMP003460,A003460,U0567,SWAP,2025-11-25,1,0,91,0.26,Ethernet Cable,GENERAL_REUSE
IMP003461,A003461,U0584,BORROW,2026-02-05,1,2,625,0.25,External Hard Drive,GENERAL_REUSE
IMP003462,A003462,U0609,BORROW,2026-06-06,1,3,892,0.51,Calculator,EDUCATIONAL
IMP003463,A003463,U0691,BORROW,2025-09-28,1,2,2016,0.42,External Hard Drive,GENERAL_REUSE
IMP003464,A003464,U0987,GIVEAWAY,2025-12-31,1,0,480,0.8,Ethernet Cable,GENERAL_REUSE
IMP003465,A003465,U0491,GIVEAWAY,2026-03-18,1,0,357,0.51,Tripod,GENERAL_REUSE
IMP003466,A003466,U0755,BORROW,2026-01-11,1,10,1192,0.45,College Backpack,GENERAL_REUSE
IMP003467,A003467,U0291,BORROW,2026-07-20,1,21,3705,0.65,External Hard Drive,GENERAL_REUSE
IMP003468,A003468,U0058,SELL,2026-04-22,1,0,234,0.36,Safety Goggles,GENERAL_REUSE
IMP003469,A003469,U0245,GIVEAWAY,2026-07-13,1,0,494,0.38,Drawing Board,GENERAL_REUSE
IMP003470,A003470,U0451,BORROW,2026-05-12,1,10,720,0.8,USB-C Charger,GENERAL_REUSE
IMP003471,A003471,U0660,BORROW,2026-05-07,1,2,600,0.6,Webcam,GENERAL_REUSE
IMP003472,A003472,U0077,GIVEAWAY,2026-01-26,1,0,1240,0.8,USB-C Charger,GENERAL_REUSE
IMP003473,A003473,U0818,GIVEAWAY,2025-12-21,1,0,348,0.58,Power Bank,GENERAL_REUSE
IMP003474,A003474,U0025,SWAP,2026-01-17,1,0,195,0.65,Textbook,GENERAL_REUSE
IMP003475,A003475,U0642,GIVEAWAY,2026-03-11,1,0,1485,0.45,Soldering Iron Kit,GENERAL_REUSE
IMP003476,A003476,U0664,BORROW,2026-03-25,1,10,806,0.62,Vernier Caliper,GENERAL_REUSE
IMP003477,A003477,U0764,SELL,2025-10-17,1,0,94,0.21,Extension Board,GENERAL_REUSE
IMP003478,A003478,U0298,BORROW,2026-05-16,0,21,0,0.0,College Backpack,GENERAL_REUSE
IMP003479,A003479,U0939,SWAP,2025-09-28,1,0,202,0.45,USB Flash Drive,GENERAL_REUSE
IMP003480,A003480,U0926,SELL,2026-06-29,0,0,0,0.0,College Backpack,GENERAL_REUSE
IMP003481,A003481,U0969,BORROW,2025-10-06,1,21,518,0.69,Lab Coat,GENERAL_REUSE
IMP003482,A003482,U0307,GIVEAWAY,2026-03-10,1,0,220,0.44,Textbook,GENERAL_REUSE
IMP003483,A003483,U0219,BORROW,2025-11-28,1,21,488,0.39,Vernier Caliper,GENERAL_REUSE
IMP003484,A003484,U0751,GIVEAWAY,2026-07-17,1,0,1228,0.63,Tripod,GENERAL_REUSE
IMP003485,A003485,U0252,SWAP,2026-05-26,1,0,1225,0.5,USB-C Charger,GENERAL_REUSE
IMP003486,A003486,U0552,SWAP,2026-04-07,1,0,462,0.37,Python Programming Book,GENERAL_REUSE
IMP003487,A003487,U0728,SELL,2026-05-28,0,0,0,0.0,External Hard Drive,GENERAL_REUSE
IMP003488,A003488,U0872,BORROW,2026-02-16,1,7,1659,0.79,Vernier Caliper,GENERAL_REUSE
IMP003489,A003489,U0553,BORROW,2026-03-31,1,2,1025,0.82,Bluetooth Keyboard,GENERAL_REUSE
IMP003490,A003490,U0165,SELL,2026-07-22,1,0,1040,0.52,Engineering Drawing Kit,GENERAL_REUSE
IMP003491,A003491,U0276,SWAP,2026-05-02,0,0,0,0.0,Python Programming Book,GENERAL_REUSE
IMP003492,A003492,U0832,SWAP,2026-05-07,1,0,1098,0.61,Tripod,GENERAL_REUSE
IMP003493,A003493,U0457,BORROW,2025-10-12,1,3,724,0.69,Screwdriver Set,GENERAL_REUSE
IMP003494,A003494,U0266,BORROW,2026-04-13,1,21,728,0.28,Arduino Kit,GENERAL_REUSE
IMP003495,A003495,U0111,BORROW,2026-03-25,1,21,1072,0.39,External Hard Drive,GENERAL_REUSE
IMP003496,A003496,U0741,GIVEAWAY,2026-04-14,1,0,324,0.81,Breadboard Kit,GENERAL_REUSE
IMP003497,A003497,U0527,BORROW,2025-11-07,1,14,256,0.64,Ethernet Cable,GENERAL_REUSE
IMP003498,A003498,U0821,SELL,2025-12-15,1,0,490,0.35,Screwdriver Set,GENERAL_REUSE
IMP003499,A003499,U0307,GIVEAWAY,2026-06-25,0,0,0,0.0,Scientific Calculator,GENERAL_REUSE
IMP003500,A003500,U0288,BORROW,2026-02-19,1,3,374,0.83,Ethernet Cable,GENERAL_REUSE
IMP003501,A003501,U0118,GIVEAWAY,2025-11-13,1,0,1245,0.83,Scientific Calculator,GENERAL_REUSE
IMP003502,A003502,U0631,BORROW,2026-07-05,1,5,400,0.4,Presentation Clicker,GENERAL_REUSE
IMP003503,A003503,U0262,BORROW,2025-09-25,1,21,379,0.69,Digital Multimeter,GENERAL_REUSE
IMP003504,A003504,U0272,BORROW,2026-04-05,1,2,391,0.34,Calculator,EDUCATIONAL
IMP003505,A003505,U0039,BORROW,2026-02-26,1,10,660,0.55,Extension Board,GENERAL_REUSE
IMP003506,A003506,U0773,SWAP,2025-12-20,1,0,221,0.34,USB Flash Drive,GENERAL_REUSE
IMP003507,A003507,U0790,GIVEAWAY,2026-06-05,1,0,459,0.51,Calculator,EDUCATIONAL
IMP003508,A003508,U0732,BORROW,2026-05-10,1,3,612,0.72,Scientific Calculator,GENERAL_REUSE
IMP003509,A003509,U0343,BORROW,2026-02-04,1,14,1064,0.76,Extension Board,GENERAL_REUSE
IMP003510,A003510,U0202,BORROW,2026-06-15,1,10,1025,0.41,Scientific Calculator,GENERAL_REUSE
IMP003511,A003511,U0638,BORROW,2026-01-16,1,3,328,0.41,Digital Multimeter,GENERAL_REUSE
IMP003512,A003512,U0588,BORROW,2025-11-23,1,10,410,0.63,Arduino Kit,GENERAL_REUSE
IMP003513,A003513,U0209,BORROW,2025-10-11,0,3,0,0.0,Digital Multimeter,GENERAL_REUSE
IMP003514,A003514,U0552,GIVEAWAY,2025-09-18,1,0,288,0.36,Mechanical Drawing Set,GENERAL_REUSE
IMP003515,A003515,U0170,GIVEAWAY,2026-01-29,1,0,1374,0.67,Engineering Drawing Kit,GENERAL_REUSE
IMP003516,A003516,U0391,SWAP,2026-04-09,1,0,3654,0.63,Vernier Caliper,GENERAL_REUSE
IMP003517,A003517,U0956,GIVEAWAY,2026-05-05,1,0,189,0.42,Screwdriver Set,GENERAL_REUSE
IMP003518,A003518,U0086,SWAP,2026-02-26,1,0,90,0.36,USB Flash Drive,GENERAL_REUSE
IMP003519,A003519,U0354,GIVEAWAY,2026-05-08,1,0,1146,0.79,Webcam,GENERAL_REUSE
IMP003520,A003520,U0874,GIVEAWAY,2025-11-25,1,0,343,0.49,Engineering Drawing Kit,GENERAL_REUSE
IMP003521,A003521,U0113,BORROW,2026-06-05,1,10,352,0.64,Textbook,GENERAL_REUSE
IMP003522,A003522,U0431,BORROW,2025-11-03,1,3,478,0.33,College Backpack,GENERAL_REUSE
IMP003523,A003523,U0883,BORROW,2026-03-10,1,21,198,0.36,Breadboard Kit,GENERAL_REUSE
IMP003524,A003524,U0510,GIVEAWAY,2026-06-03,1,0,544,0.64,Mechanical Drawing Set,GENERAL_REUSE
IMP003525,A003525,U0819,BORROW,2026-05-21,1,2,1200,0.6,USB-C Charger,GENERAL_REUSE
IMP003526,A003526,U0074,GIVEAWAY,2026-02-23,1,0,1120,0.8,Desk Lamp,GENERAL_REUSE
IMP003527,A003527,U0991,GIVEAWAY,2026-02-13,1,0,1172,0.67,Presentation Clicker,GENERAL_REUSE
IMP003528,A003528,U0687,GIVEAWAY,2025-10-30,1,0,736,0.46,Headphones,GENERAL_REUSE
IMP003529,A003529,U0697,SELL,2026-01-11,1,0,416,0.49,Extension Board,GENERAL_REUSE
IMP003530,A003530,U0084,BORROW,2026-05-18,1,21,694,0.73,Calculator,EDUCATIONAL
IMP003531,A003531,U0005,BORROW,2026-04-16,1,10,1584,0.66,Webcam,GENERAL_REUSE
IMP003532,A003532,U0430,SELL,2026-07-27,1,0,1440,0.43,Vernier Caliper,GENERAL_REUSE
IMP003533,A003533,U0167,SWAP,2026-07-11,1,0,228,0.57,HDMI Cable,GENERAL_REUSE
IMP003534,A003534,U0640,BORROW,2025-09-18,1,21,814,0.74,Python Programming Book,GENERAL_REUSE
IMP003535,A003535,U0897,BORROW,2026-01-27,1,10,324,0.81,Extension Board,GENERAL_REUSE
IMP003536,A003536,U0547,GIVEAWAY,2026-04-07,1,0,525,0.75,USB-C Charger,GENERAL_REUSE
IMP003537,A003537,U0149,GIVEAWAY,2026-04-21,1,0,648,0.37,College Backpack,GENERAL_REUSE
IMP003538,A003538,U0417,GIVEAWAY,2025-10-01,1,0,570,0.57,Scientific Calculator,GENERAL_REUSE
IMP003539,A003539,U0242,BORROW,2026-03-09,1,21,228,0.24,USB Flash Drive,GENERAL_REUSE
IMP003540,A003540,U0446,GIVEAWAY,2026-05-11,1,0,360,0.8,Safety Goggles,GENERAL_REUSE
IMP003541,A003541,U0616,GIVEAWAY,2026-07-09,1,0,280,0.35,USB Flash Drive,GENERAL_REUSE
IMP003542,A003542,U0815,GIVEAWAY,2026-04-22,1,0,306,0.68,Lab Coat,GENERAL_REUSE
IMP003543,A003543,U0535,GIVEAWAY,2025-12-29,1,0,1541,0.46,Bluetooth Keyboard,GENERAL_REUSE
IMP003544,A003544,U0556,GIVEAWAY,2026-02-11,1,0,520,0.8,USB Flash Drive,GENERAL_REUSE
IMP003545,A003545,U0232,BORROW,2026-01-01,1,3,126,0.36,Screwdriver Set,GENERAL_REUSE
IMP003546,A003546,U0107,BORROW,2026-01-06,1,14,1870,0.55,Soldering Iron Kit,GENERAL_REUSE
IMP003547,A003547,U0501,SELL,2026-04-20,1,0,315,0.3,Calculator,EDUCATIONAL
IMP003548,A003548,U0756,SWAP,2026-04-22,1,0,68,0.34,Safety Goggles,GENERAL_REUSE
IMP003549,A003549,U0078,BORROW,2026-06-10,1,14,1416,0.59,Tripod,GENERAL_REUSE
IMP003550,A003550,U0958,BORROW,2026-03-28,1,5,158,0.79,Ethernet Cable,GENERAL_REUSE
IMP003551,A003551,U0763,BORROW,2025-10-03,0,7,0,0.0,Textbook,GENERAL_REUSE
IMP003552,A003552,U0446,BORROW,2026-03-11,1,7,435,0.29,Tripod,GENERAL_REUSE
IMP003553,A003553,U0692,SWAP,2026-04-04,1,0,1683,0.51,Headphones,GENERAL_REUSE
IMP003554,A003554,U0904,SWAP,2026-07-25,1,0,554,0.41,Desk Lamp,GENERAL_REUSE
IMP003555,A003555,U0989,BORROW,2025-12-24,1,14,2257,0.74,Headphones,GENERAL_REUSE
IMP003556,A003556,U0968,SELL,2026-02-17,1,0,969,0.51,Tripod,GENERAL_REUSE
IMP003557,A003557,U0382,BORROW,2025-10-18,1,2,832,0.37,Soldering Iron Kit,GENERAL_REUSE
IMP003558,A003558,U0351,SWAP,2026-04-07,1,0,3630,0.61,Vernier Caliper,GENERAL_REUSE
IMP003559,A003559,U0395,BORROW,2026-01-27,1,3,945,0.42,Bluetooth Keyboard,GENERAL_REUSE
IMP003560,A003560,U0053,BORROW,2026-02-06,1,3,4444,0.88,External Hard Drive,GENERAL_REUSE
IMP003561,A003561,U0913,GIVEAWAY,2026-01-06,1,0,2338,0.55,Vernier Caliper,GENERAL_REUSE
IMP003562,A003562,U0122,SWAP,2025-12-16,1,0,446,0.47,Tripod,GENERAL_REUSE
IMP003563,A003563,U0446,BORROW,2026-03-20,1,21,390,0.52,Breadboard Kit,GENERAL_REUSE
IMP003564,A003564,U0602,BORROW,2026-02-22,0,2,0,0.0,External Hard Drive,GENERAL_REUSE
IMP003565,A003565,U0548,BORROW,2026-06-29,1,7,526,0.81,HDMI Cable,GENERAL_REUSE
IMP003566,A003566,U0510,SWAP,2025-10-06,1,0,248,0.31,Webcam,GENERAL_REUSE
IMP003567,A003567,U0066,SELL,2026-03-21,1,0,104,0.23,Textbook,GENERAL_REUSE
IMP003568,A003568,U0629,GIVEAWAY,2026-03-10,1,0,42,0.83,Graph Paper Pack,GENERAL_REUSE
IMP003569,A003569,U0329,GIVEAWAY,2026-03-22,1,0,615,0.82,Lab Coat,GENERAL_REUSE
IMP003570,A003570,U0443,SWAP,2025-09-30,1,0,158,0.45,Textbook,GENERAL_REUSE
IMP003571,A003571,U0347,GIVEAWAY,2025-12-31,1,0,1394,0.41,Soldering Iron Kit,GENERAL_REUSE
IMP003572,A003572,U0834,BORROW,2026-03-16,1,5,74,0.37,Graph Paper Pack,GENERAL_REUSE
IMP003573,A003573,U0385,BORROW,2026-03-03,1,10,1258,0.68,Mechanical Drawing Set,GENERAL_REUSE
IMP003574,A003574,U0050,BORROW,2025-10-29,1,2,396,0.61,Power Bank,GENERAL_REUSE
IMP003575,A003575,U0362,GIVEAWAY,2025-10-31,1,0,79,0.79,Graph Paper Pack,GENERAL_REUSE
IMP003576,A003576,U0820,GIVEAWAY,2026-07-23,1,0,315,0.7,Extension Board,GENERAL_REUSE
IMP003577,A003577,U0515,BORROW,2025-11-11,1,21,1015,0.35,Soldering Iron Kit,GENERAL_REUSE
IMP003578,A003578,U0605,SWAP,2025-09-27,1,0,82,0.55,Ethernet Cable,GENERAL_REUSE
IMP003579,A003579,U0978,BORROW,2025-10-22,1,2,1302,0.84,Soldering Iron Kit,GENERAL_REUSE
IMP003580,A003580,U0788,BORROW,2025-10-02,1,14,1116,0.72,Webcam,GENERAL_REUSE
IMP003581,A003581,U0869,SWAP,2025-10-11,1,0,630,0.6,Textbook,GENERAL_REUSE
IMP003582,A003582,U0867,SWAP,2026-05-06,1,0,1404,0.53,Headphones,GENERAL_REUSE
IMP003583,A003583,U0910,BORROW,2026-02-19,1,21,270,0.45,USB-C Charger,GENERAL_REUSE
IMP003584,A003584,U0532,SWAP,2025-09-16,1,0,434,0.31,Headphones,GENERAL_REUSE
IMP003585,A003585,U0197,BORROW,2026-05-10,1,10,3477,0.61,External Hard Drive,GENERAL_REUSE
IMP003586,A003586,U0918,SELL,2026-01-25,1,0,202,0.45,Safety Goggles,GENERAL_REUSE
IMP003587,A003587,U0140,SWAP,2026-03-18,0,0,0,0.0,Extension Board,GENERAL_REUSE
IMP003588,A003588,U0707,BORROW,2026-01-29,1,10,156,0.39,Ethernet Cable,GENERAL_REUSE
IMP003589,A003589,U0170,BORROW,2026-01-25,1,5,328,0.73,Ethernet Cable,GENERAL_REUSE
IMP003590,A003590,U0914,BORROW,2026-01-02,1,7,462,0.66,HDMI Cable,GENERAL_REUSE
IMP003591,A003591,U0034,SWAP,2026-01-02,0,0,0,0.0,USB Flash Drive,GENERAL_REUSE
IMP003592,A003592,U0971,SWAP,2025-12-27,1,0,273,0.26,Screwdriver Set,GENERAL_REUSE
IMP003593,A003593,U0385,BORROW,2026-01-03,1,10,278,0.37,Lab Coat,GENERAL_REUSE
IMP003594,A003594,U0959,GIVEAWAY,2026-07-15,1,0,1752,0.73,College Backpack,GENERAL_REUSE
IMP003595,A003595,U0301,GIVEAWAY,2026-02-25,1,0,667,0.58,Digital Multimeter,GENERAL_REUSE
IMP003596,A003596,U0121,SELL,2026-03-20,1,0,94,0.21,USB Flash Drive,GENERAL_REUSE
IMP003597,A003597,U0107,BORROW,2026-07-21,1,10,416,0.64,Lab Coat,GENERAL_REUSE
IMP003598,A003598,U0866,BORROW,2026-04-24,1,7,1136,0.71,Soldering Iron Kit,GENERAL_REUSE
IMP003599,A003599,U0430,SELL,2026-01-01,1,0,924,0.43,Engineering Drawing Kit,GENERAL_REUSE
IMP003600,A003600,U0026,SWAP,2026-05-25,1,0,225,0.3,Digital Multimeter,GENERAL_REUSE
IMP003601,A003601,U0358,BORROW,2026-02-19,1,14,792,0.66,Scientific Calculator,GENERAL_REUSE
IMP003602,A003602,U0757,GIVEAWAY,2025-09-16,1,0,775,0.62,Power Bank,GENERAL_REUSE
IMP003603,A003603,U0527,BORROW,2025-11-01,1,14,143,0.22,Screwdriver Set,GENERAL_REUSE
IMP003604,A003604,U0905,SWAP,2026-04-02,1,0,910,0.52,College Backpack,GENERAL_REUSE
IMP003605,A003605,U0688,BORROW,2026-01-01,1,7,1120,0.8,Desk Lamp,GENERAL_REUSE
IMP003606,A003606,U0456,BORROW,2026-04-12,1,14,2044,0.47,External Hard Drive,GENERAL_REUSE
IMP003607,A003607,U0189,BORROW,2025-09-09,1,14,1056,0.32,Bluetooth Keyboard,GENERAL_REUSE
IMP003608,A003608,U0863,BORROW,2025-10-31,1,14,769,0.57,Headphones,GENERAL_REUSE
IMP003609,A003609,U0695,SWAP,2026-05-08,1,0,1475,0.5,Bluetooth Keyboard,GENERAL_REUSE
IMP003610,A003610,U0218,BORROW,2026-01-02,1,5,188,0.29,Engineering Drawing Kit,GENERAL_REUSE
IMP003611,A003611,U0950,SWAP,2026-01-07,1,0,160,0.29,Safety Goggles,GENERAL_REUSE
IMP003612,A003612,U0442,SWAP,2026-06-04,1,0,1666,0.49,Webcam,GENERAL_REUSE
IMP003613,A003613,U0260,BORROW,2026-02-05,1,3,176,0.39,Safety Goggles,GENERAL_REUSE
IMP003614,A003614,U0729,BORROW,2026-05-22,1,5,403,0.31,Extension Board,GENERAL_REUSE
IMP003615,A003615,U0279,SWAP,2025-09-27,1,0,612,0.34,Engineering Drawing Kit,GENERAL_REUSE
IMP003616,A003616,U0410,BORROW,2026-05-23,1,14,1540,0.79,USB-C Charger,GENERAL_REUSE
IMP003617,A003617,U0856,GIVEAWAY,2025-11-27,1,0,292,0.39,Desk Lamp,GENERAL_REUSE
IMP003618,A003618,U0138,BORROW,2025-11-06,0,14,0,0.0,Python Programming Book,GENERAL_REUSE
IMP003619,A003619,U0642,BORROW,2026-01-04,1,21,946,0.43,Mechanical Drawing Set,GENERAL_REUSE
IMP003620,A003620,U0861,SELL,2025-09-02,1,0,390,0.52,Extension Board,GENERAL_REUSE
IMP003621,A003621,U0146,BORROW,2026-07-20,1,2,252,0.72,Safety Goggles,GENERAL_REUSE
IMP003622,A003622,U0165,GIVEAWAY,2026-03-31,1,0,1824,0.48,Webcam,GENERAL_REUSE
IMP003623,A003623,U0455,SWAP,2025-10-04,1,0,154,0.28,Textbook,GENERAL_REUSE
IMP003624,A003624,U0057,SWAP,2026-07-23,1,0,518,0.45,Drawing Board,GENERAL_REUSE
IMP003625,A003625,U0832,BORROW,2025-10-27,1,2,430,0.41,Textbook,GENERAL_REUSE
IMP003626,A003626,U0243,BORROW,2026-04-25,1,5,552,0.65,College Backpack,GENERAL_REUSE
IMP003627,A003627,U0861,BORROW,2026-06-03,1,2,1140,0.6,Digital Multimeter,GENERAL_REUSE
IMP003628,A003628,U0649,BORROW,2025-11-14,1,21,106,0.53,Graph Paper Pack,GENERAL_REUSE
IMP003629,A003629,U0202,SELL,2025-10-29,1,0,387,0.43,Power Bank,GENERAL_REUSE
IMP003630,A003630,U0703,BORROW,2026-06-15,1,5,656,0.69,Drawing Board,GENERAL_REUSE
IMP003631,A003631,U0103,BORROW,2026-04-08,1,10,726,0.33,Headphones,GENERAL_REUSE
IMP003632,A003632,U0108,BORROW,2026-02-17,1,21,1403,0.61,College Backpack,GENERAL_REUSE
IMP003633,A003633,U0567,BORROW,2026-01-07,1,10,770,0.44,Webcam,GENERAL_REUSE
IMP003634,A003634,U0853,SWAP,2025-11-12,1,0,1276,0.44,Vernier Caliper,GENERAL_REUSE
IMP003635,A003635,U0376,GIVEAWAY,2026-06-01,1,0,102,0.68,Ethernet Cable,GENERAL_REUSE
IMP003636,A003636,U0914,SWAP,2026-04-02,1,0,294,0.49,Python Programming Book,GENERAL_REUSE
IMP003637,A003637,U0815,SELL,2026-04-04,1,0,185,0.37,Breadboard Kit,GENERAL_REUSE
IMP003638,A003638,U0953,GIVEAWAY,2026-06-06,1,0,1364,0.62,Arduino Kit,GENERAL_REUSE
IMP003639,A003639,U0766,SWAP,2026-02-28,1,0,914,0.63,Mechanical Drawing Set,GENERAL_REUSE
IMP003640,A003640,U0181,SELL,2025-11-12,1,0,700,0.5,Headphones,GENERAL_REUSE
IMP003641,A003641,U0740,BORROW,2025-10-02,1,5,828,0.36,USB-C Charger,GENERAL_REUSE
IMP003642,A003642,U0950,SELL,2026-01-05,1,0,124,0.31,USB Flash Drive,GENERAL_REUSE
IMP003643,A003643,U0199,SWAP,2025-10-25,1,0,1623,0.55,College Backpack,GENERAL_REUSE
IMP003644,A003644,U0229,SELL,2026-07-19,1,0,512,0.31,Drawing Board,GENERAL_REUSE
IMP003645,A003645,U0880,BORROW,2026-04-02,1,7,504,0.53,Scientific Calculator,GENERAL_REUSE
IMP003646,A003646,U0276,GIVEAWAY,2026-05-01,1,0,1292,0.68,Engineering Drawing Kit,GENERAL_REUSE
IMP003647,A003647,U0233,SWAP,2025-10-29,1,0,915,0.61,Extension Board,GENERAL_REUSE
IMP003648,A003648,U0129,GIVEAWAY,2026-04-27,1,0,996,0.83,USB Flash Drive,GENERAL_REUSE
IMP003649,A003649,U0970,BORROW,2026-05-18,1,21,600,0.8,Webcam,GENERAL_REUSE
IMP003650,A003650,U0179,GIVEAWAY,2026-05-26,1,0,855,0.57,Tripod,GENERAL_REUSE
IMP003651,A003651,U0591,SWAP,2025-12-03,1,0,448,0.28,Power Bank,GENERAL_REUSE
IMP003652,A003652,U0107,BORROW,2026-06-26,1,10,230,0.27,USB-C Charger,GENERAL_REUSE
IMP003653,A003653,U0329,BORROW,2026-02-20,1,7,616,0.44,Webcam,GENERAL_REUSE
IMP003654,A003654,U0257,GIVEAWAY,2025-11-19,1,0,254,0.39,Mechanical Drawing Set,GENERAL_REUSE
IMP003655,A003655,U0368,SWAP,2026-07-25,1,0,450,0.5,Textbook,GENERAL_REUSE
IMP003656,A003656,U0613,SWAP,2026-02-19,1,0,130,0.65,HDMI Cable,GENERAL_REUSE
IMP003657,A003657,U0610,SWAP,2025-11-25,1,0,1054,0.57,Digital Multimeter,GENERAL_REUSE
IMP003658,A003658,U0902,GIVEAWAY,2026-02-14,1,0,690,0.69,Soldering Iron Kit,GENERAL_REUSE
IMP003659,A003659,U0059,SWAP,2025-12-15,1,0,448,0.28,Screwdriver Set,GENERAL_REUSE
IMP003660,A003660,U0653,BORROW,2026-06-10,1,5,481,0.74,HDMI Cable,GENERAL_REUSE
IMP003661,A003661,U0825,SWAP,2025-09-12,1,0,338,0.52,Screwdriver Set,GENERAL_REUSE
IMP003662,A003662,U0291,SELL,2025-10-07,0,0,0,0.0,Mechanical Drawing Set,GENERAL_REUSE
IMP003663,A003663,U0544,SELL,2025-10-30,1,0,1254,0.38,Arduino Kit,GENERAL_REUSE
IMP003664,A003664,U0140,BORROW,2026-06-22,1,21,198,0.33,Presentation Clicker,GENERAL_REUSE
IMP003665,A003665,U0109,BORROW,2026-07-26,1,21,564,0.49,Presentation Clicker,GENERAL_REUSE
IMP003666,A003666,U0388,SWAP,2025-09-29,1,0,188,0.47,Breadboard Kit,GENERAL_REUSE
IMP003667,A003667,U0177,GIVEAWAY,2026-07-05,1,0,1360,0.8,Power Bank,GENERAL_REUSE
IMP003668,A003668,U0322,BORROW,2026-02-21,1,14,936,0.48,Mechanical Drawing Set,GENERAL_REUSE
IMP003669,A003669,U0759,SWAP,2026-04-14,1,0,1736,0.62,Vernier Caliper,GENERAL_REUSE
IMP003670,A003670,U0104,BORROW,2026-06-17,1,21,1485,0.45,Arduino Kit,GENERAL_REUSE
IMP003671,A003671,U0437,BORROW,2026-03-15,1,2,656,0.57,Engineering Drawing Kit,GENERAL_REUSE
IMP003672,A003672,U0809,SWAP,2025-12-29,1,0,731,0.43,Engineering Drawing Kit,GENERAL_REUSE
IMP003673,A003673,U0245,SWAP,2026-01-24,1,0,665,0.35,Mechanical Drawing Set,GENERAL_REUSE
IMP003674,A003674,U0772,GIVEAWAY,2026-06-08,1,0,437,0.38,Screwdriver Set,GENERAL_REUSE
IMP003675,A003675,U0802,SELL,2026-04-19,1,0,69,0.23,HDMI Cable,GENERAL_REUSE
IMP003676,A003676,U0268,SWAP,2025-09-17,1,0,624,0.43,Screwdriver Set,GENERAL_REUSE
IMP003677,A003677,U0312,SELL,2026-01-17,1,0,81,0.54,Graph Paper Pack,GENERAL_REUSE
IMP003678,A003678,U0943,GIVEAWAY,2025-09-05,1,0,205,0.82,HDMI Cable,GENERAL_REUSE
IMP003679,A003679,U0612,GIVEAWAY,2026-02-25,1,0,360,0.48,Desk Lamp,GENERAL_REUSE
IMP003680,A003680,U0374,SELL,2026-01-26,1,0,258,0.47,Screwdriver Set,GENERAL_REUSE
IMP003681,A003681,U0205,BORROW,2026-06-02,1,5,1189,0.58,Bluetooth Keyboard,GENERAL_REUSE
IMP003682,A003682,U0766,SELL,2025-10-13,1,0,150,0.23,Calculator,EDUCATIONAL
IMP003683,A003683,U0251,BORROW,2025-11-20,1,3,832,0.37,Engineering Drawing Kit,GENERAL_REUSE
IMP003684,A003684,U0390,SWAP,2025-09-29,1,0,648,0.48,Vernier Caliper,GENERAL_REUSE
IMP003685,A003685,U0851,SELL,2025-10-21,1,0,388,0.37,Webcam,GENERAL_REUSE
IMP003686,A003686,U0597,BORROW,2026-07-10,1,5,912,0.48,Arduino Kit,GENERAL_REUSE
IMP003687,A003687,U0386,BORROW,2026-07-04,1,14,738,0.82,Textbook,GENERAL_REUSE
IMP003688,A003688,U0773,BORROW,2025-12-29,1,5,155,0.31,Breadboard Kit,GENERAL_REUSE
IMP003689,A003689,U0737,GIVEAWAY,2026-06-18,1,0,592,0.74,Digital Multimeter,GENERAL_REUSE
IMP003690,A003690,U0905,SELL,2026-05-22,1,0,666,0.36,Mechanical Drawing Set,GENERAL_REUSE
IMP003691,A003691,U0814,BORROW,2025-11-16,1,7,410,0.21,Mechanical Drawing Set,GENERAL_REUSE
IMP003692,A003692,U0461,SELL,2026-07-14,1,0,195,0.26,Lab Coat,GENERAL_REUSE
IMP003693,A003693,U0101,BORROW,2026-04-13,1,10,1656,0.72,Scientific Calculator,GENERAL_REUSE
IMP003694,A003694,U0931,SELL,2025-12-09,1,0,41,0.41,Ethernet Cable,GENERAL_REUSE
IMP003695,A003695,U0126,BORROW,2025-09-09,1,21,946,0.86,Textbook,GENERAL_REUSE
IMP003696,A003696,U0582,SWAP,2026-02-17,1,0,1166,0.63,Tripod,GENERAL_REUSE
IMP003697,A003697,U0686,SWAP,2025-10-14,1,0,850,0.63,Tripod,GENERAL_REUSE
IMP003698,A003698,U0573,GIVEAWAY,2026-05-30,1,0,395,0.79,Python Programming Book,GENERAL_REUSE
IMP003699,A003699,U0287,BORROW,2026-04-17,1,10,244,0.61,Textbook,GENERAL_REUSE
IMP003700,A003700,U0770,GIVEAWAY,2026-06-01,1,0,625,0.5,Mechanical Drawing Set,GENERAL_REUSE
IMP003701,A003701,U0704,SWAP,2026-07-16,1,0,200,0.25,Screwdriver Set,GENERAL_REUSE
IMP003702,A003702,U0290,BORROW,2025-09-26,0,3,0,0.0,Headphones,GENERAL_REUSE
IMP003703,A003703,U0575,SWAP,2026-04-21,1,0,450,0.5,Lab Coat,GENERAL_REUSE
IMP003704,A003704,U0951,SELL,2026-04-05,1,0,126,0.28,Lab Coat,GENERAL_REUSE
IMP003705,A003705,U0495,GIVEAWAY,2026-01-13,1,0,480,0.64,Python Programming Book,GENERAL_REUSE
IMP003706,A003706,U0485,SWAP,2026-02-13,1,0,468,0.36,Webcam,GENERAL_REUSE
IMP003707,A003707,U0149,GIVEAWAY,2025-12-06,1,0,392,0.56,Tripod,GENERAL_REUSE
IMP003708,A003708,U0215,BORROW,2025-11-04,1,2,276,0.46,College Backpack,GENERAL_REUSE
IMP003709,A003709,U0190,SWAP,2026-02-02,1,0,819,0.42,Power Bank,GENERAL_REUSE
IMP003710,A003710,U0526,BORROW,2025-09-06,1,5,280,0.56,Lab Coat,GENERAL_REUSE
IMP003711,A003711,U0873,BORROW,2026-03-18,1,14,418,0.22,Arduino Kit,GENERAL_REUSE
IMP003712,A003712,U0513,BORROW,2026-07-14,1,21,1870,0.85,Tripod,GENERAL_REUSE
IMP003713,A003713,U0962,BORROW,2026-01-13,1,7,790,0.79,Textbook,GENERAL_REUSE
IMP003714,A003714,U0345,BORROW,2026-04-21,1,14,825,0.75,Drawing Board,GENERAL_REUSE
IMP003715,A003715,U0931,BORROW,2026-03-18,1,2,1584,0.66,Soldering Iron Kit,GENERAL_REUSE
IMP003716,A003716,U0839,SELL,2025-10-15,1,0,58,0.23,Ethernet Cable,GENERAL_REUSE
IMP003717,A003717,U0764,SWAP,2025-11-09,1,0,396,0.36,Screwdriver Set,GENERAL_REUSE
IMP003718,A003718,U0108,BORROW,2026-05-13,1,14,102,0.51,Ethernet Cable,GENERAL_REUSE
IMP003719,A003719,U0298,BORROW,2025-11-23,1,14,1892,0.86,Scientific Calculator,GENERAL_REUSE
IMP003720,A003720,U0290,SELL,2025-11-07,1,0,220,0.2,Desk Lamp,GENERAL_REUSE
IMP003721,A003721,U0590,SELL,2026-02-18,1,0,306,0.51,Lab Coat,GENERAL_REUSE
IMP003722,A003722,U0467,BORROW,2026-05-23,1,21,255,0.85,Ethernet Cable,GENERAL_REUSE
IMP003723,A003723,U0281,GIVEAWAY,2025-09-09,1,0,410,0.63,Python Programming Book,GENERAL_REUSE
IMP003724,A003724,U0552,BORROW,2026-03-12,1,10,816,0.48,USB-C Charger,GENERAL_REUSE
IMP003725,A003725,U0502,GIVEAWAY,2026-02-27,1,0,1312,0.75,Engineering Drawing Kit,GENERAL_REUSE
IMP003726,A003726,U0829,SWAP,2026-01-10,1,0,1962,0.36,External Hard Drive,GENERAL_REUSE
IMP003727,A003727,U0416,BORROW,2026-01-16,1,2,198,0.66,Safety Goggles,GENERAL_REUSE
IMP003728,A003728,U0045,GIVEAWAY,2026-06-28,1,0,1300,0.52,College Backpack,GENERAL_REUSE
IMP003729,A003729,U0937,BORROW,2025-11-22,1,5,243,0.27,College Backpack,GENERAL_REUSE
IMP003730,A003730,U0783,BORROW,2025-10-06,1,5,442,0.52,Lab Coat,GENERAL_REUSE
IMP003731,A003731,U0646,SELL,2026-01-28,1,0,189,0.54,HDMI Cable,GENERAL_REUSE
IMP003732,A003732,U0053,BORROW,2026-03-10,0,5,0,0.0,Mechanical Drawing Set,GENERAL_REUSE
IMP003733,A003733,U0288,BORROW,2026-01-25,1,3,838,0.67,Bluetooth Keyboard,GENERAL_REUSE
IMP003734,A003734,U0679,BORROW,2026-03-04,0,14,0,0.0,Soldering Iron Kit,GENERAL_REUSE
IMP003735,A003735,U0932,BORROW,2025-11-16,1,14,586,0.51,USB Flash Drive,GENERAL_REUSE
IMP003736,A003736,U0711,SWAP,2026-05-16,1,0,476,0.28,Desk Lamp,GENERAL_REUSE
IMP003737,A003737,U0844,GIVEAWAY,2026-07-22,0,0,0,0.0,Extension Board,GENERAL_REUSE
IMP003738,A003738,U0564,GIVEAWAY,2026-02-21,1,0,586,0.51,Extension Board,GENERAL_REUSE
IMP003739,A003739,U0758,SWAP,2026-06-19,1,0,768,0.53,Screwdriver Set,GENERAL_REUSE
IMP003740,A003740,U0711,GIVEAWAY,2026-03-25,1,0,2013,0.61,Soldering Iron Kit,GENERAL_REUSE
IMP003741,A003741,U0661,GIVEAWAY,2026-07-05,1,0,378,0.36,Presentation Clicker,GENERAL_REUSE
IMP003742,A003742,U0443,BORROW,2026-07-14,1,14,2328,0.35,External Hard Drive,GENERAL_REUSE
IMP003743,A003743,U0498,SELL,2026-04-04,1,0,2394,0.42,External Hard Drive,GENERAL_REUSE
IMP003744,A003744,U0854,BORROW,2026-01-18,0,7,0,0.0,Arduino Kit,GENERAL_REUSE
IMP003745,A003745,U0059,SWAP,2025-09-11,0,0,0,0.0,USB-C Charger,GENERAL_REUSE
IMP003746,A003746,U0476,BORROW,2026-03-02,0,21,0,0.0,Bluetooth Keyboard,GENERAL_REUSE
IMP003747,A003747,U0003,GIVEAWAY,2025-10-02,1,0,1495,0.46,Webcam,GENERAL_REUSE
IMP003748,A003748,U0912,SWAP,2025-10-28,1,0,840,0.3,Soldering Iron Kit,GENERAL_REUSE
IMP003749,A003749,U0158,SELL,2025-10-14,0,0,0,0.0,Textbook,GENERAL_REUSE
IMP003750,A003750,U0514,BORROW,2026-03-25,1,5,230,0.51,Safety Goggles,GENERAL_REUSE
IMP003751,A003751,U0527,BORROW,2026-06-17,1,2,1110,0.74,Power Bank,GENERAL_REUSE
IMP003752,A003752,U0629,BORROW,2025-11-10,1,14,651,0.42,Soldering Iron Kit,GENERAL_REUSE
IMP003753,A003753,U0531,SWAP,2026-01-29,1,0,210,0.42,Safety Goggles,GENERAL_REUSE
IMP003754,A003754,U0316,SELL,2026-07-17,1,0,871,0.26,Soldering Iron Kit,GENERAL_REUSE
IMP003755,A003755,U0245,BORROW,2026-05-23,1,14,720,0.45,Drawing Board,GENERAL_REUSE
IMP003756,A003756,U0327,SWAP,2026-02-17,1,0,990,0.55,Scientific Calculator,GENERAL_REUSE
IMP003757,A003757,U0268,SELL,2025-11-04,1,0,198,0.44,USB Flash Drive,GENERAL_REUSE
IMP003758,A003758,U0378,BORROW,2025-12-15,1,5,551,0.58,Textbook,GENERAL_REUSE
IMP003759,A003759,U0382,BORROW,2025-10-05,1,14,598,0.46,Screwdriver Set,GENERAL_REUSE
IMP003760,A003760,U0494,BORROW,2026-07-10,1,21,513,0.38,Presentation Clicker,GENERAL_REUSE
IMP003761,A003761,U0317,BORROW,2026-07-01,1,3,1032,0.48,Headphones,GENERAL_REUSE
IMP003762,A003762,U0787,SWAP,2026-03-10,1,0,892,0.35,Bluetooth Keyboard,GENERAL_REUSE
IMP003763,A003763,U0144,SWAP,2025-10-20,1,0,44,0.29,Safety Goggles,GENERAL_REUSE
IMP003764,A003764,U0355,GIVEAWAY,2026-05-18,1,0,969,0.57,Calculator,EDUCATIONAL
IMP003765,A003765,U0353,SWAP,2026-04-04,1,0,308,0.44,Safety Goggles,GENERAL_REUSE
IMP003766,A003766,U0884,BORROW,2026-04-21,1,21,228,0.24,Arduino Kit,GENERAL_REUSE
IMP003767,A003767,U0030,BORROW,2026-05-26,1,21,182,0.28,Power Bank,GENERAL_REUSE
IMP003768,A003768,U0759,GIVEAWAY,2025-10-22,1,0,1192,0.45,College Backpack,GENERAL_REUSE
IMP003769,A003769,U0519,SELL,2026-07-16,1,0,90,0.3,Screwdriver Set,GENERAL_REUSE
IMP003770,A003770,U0972,BORROW,2025-12-20,0,2,0,0.0,Webcam,GENERAL_REUSE
IMP003771,A003771,U0120,GIVEAWAY,2026-06-22,1,0,954,0.83,Textbook,GENERAL_REUSE
IMP003772,A003772,U0783,SELL,2025-12-16,1,0,162,0.36,Scientific Calculator,GENERAL_REUSE
IMP003773,A003773,U0720,BORROW,2026-03-09,1,2,1309,0.77,Desk Lamp,GENERAL_REUSE
IMP003774,A003774,U0542,SELL,2026-07-10,1,0,248,0.31,Drawing Board,GENERAL_REUSE
IMP003775,A003775,U0811,SWAP,2026-06-30,1,0,542,0.57,Calculator,EDUCATIONAL
IMP003776,A003776,U0121,BORROW,2026-04-06,1,14,846,0.89,Lab Coat,GENERAL_REUSE
IMP003777,A003777,U0919,BORROW,2025-12-04,1,21,2310,0.77,Bluetooth Keyboard,GENERAL_REUSE
IMP003778,A003778,U0922,GIVEAWAY,2025-10-23,1,0,574,0.41,Screwdriver Set,GENERAL_REUSE
IMP003779,A003779,U0735,SELL,2026-06-15,1,0,325,0.26,Tripod,GENERAL_REUSE
IMP003780,A003780,U0373,SWAP,2026-04-27,1,0,2044,0.47,External Hard Drive,GENERAL_REUSE
IMP003781,A003781,U0765,BORROW,2026-01-31,1,7,372,0.62,Python Programming Book,GENERAL_REUSE
IMP003782,A003782,U0962,SWAP,2025-11-15,1,0,744,0.62,Engineering Drawing Kit,GENERAL_REUSE
IMP003783,A003783,U0887,GIVEAWAY,2026-05-18,1,0,714,0.51,Tripod,GENERAL_REUSE
IMP003784,A003784,U0957,BORROW,2026-03-18,1,5,1320,0.48,Arduino Kit,GENERAL_REUSE
IMP003785,A003785,U0123,BORROW,2026-06-28,1,3,846,0.47,Tripod,GENERAL_REUSE
IMP003786,A003786,U0441,GIVEAWAY,2025-10-30,1,0,765,0.85,Presentation Clicker,GENERAL_REUSE
IMP003787,A003787,U0481,BORROW,2025-12-16,1,14,638,0.85,Scientific Calculator,GENERAL_REUSE
IMP003788,A003788,U0089,BORROW,2026-01-02,1,5,176,0.22,Screwdriver Set,GENERAL_REUSE
IMP003789,A003789,U0042,BORROW,2026-05-11,1,3,473,0.27,Arduino Kit,GENERAL_REUSE
IMP003790,A003790,U0667,GIVEAWAY,2026-06-21,1,0,943,0.41,Vernier Caliper,GENERAL_REUSE
IMP003791,A003791,U0556,GIVEAWAY,2026-02-03,1,0,226,0.41,Digital Multimeter,GENERAL_REUSE
IMP003792,A003792,U0205,GIVEAWAY,2025-12-31,1,0,341,0.62,USB-C Charger,GENERAL_REUSE
IMP003793,A003793,U0661,SWAP,2026-05-23,1,0,434,0.62,USB Flash Drive,GENERAL_REUSE
IMP003794,A003794,U0760,SWAP,2025-12-30,1,0,1517,0.41,Webcam,GENERAL_REUSE
IMP003795,A003795,U0784,BORROW,2025-10-14,1,3,931,0.49,USB-C Charger,GENERAL_REUSE
IMP003796,A003796,U0296,BORROW,2025-12-28,1,2,1024,0.64,Drawing Board,GENERAL_REUSE
IMP003797,A003797,U0350,GIVEAWAY,2026-01-04,1,0,1238,0.55,Vernier Caliper,GENERAL_REUSE
IMP003798,A003798,U0234,SELL,2025-09-23,1,0,780,0.39,Digital Multimeter,GENERAL_REUSE
IMP003799,A003799,U0977,SELL,2026-02-04,1,0,420,0.35,Extension Board,GENERAL_REUSE
IMP003800,A003800,U0457,SWAP,2026-05-26,0,0,0,0.0,USB-C Charger,GENERAL_REUSE
IMP003801,A003801,U0768,SELL,2026-06-13,1,0,332,0.39,College Backpack,GENERAL_REUSE
IMP003802,A003802,U0621,BORROW,2025-11-22,1,10,1872,0.72,Headphones,GENERAL_REUSE
IMP003803,A003803,U0829,BORROW,2025-11-25,1,21,240,0.4,Ethernet Cable,GENERAL_REUSE
IMP003804,A003804,U0085,SWAP,2025-11-02,0,0,0,0.0,Power Bank,GENERAL_REUSE
IMP003805,A003805,U0738,BORROW,2025-11-12,0,2,0,0.0,Drawing Board,GENERAL_REUSE
IMP003806,A003806,U0110,BORROW,2025-10-04,1,10,1296,0.81,USB-C Charger,GENERAL_REUSE
IMP003807,A003807,U0762,GIVEAWAY,2025-12-27,1,0,1298,0.59,USB-C Charger,GENERAL_REUSE
IMP003808,A003808,U0865,BORROW,2026-05-12,1,10,783,0.58,Extension Board,GENERAL_REUSE
IMP003809,A003809,U0529,BORROW,2026-06-16,1,10,578,0.33,Tripod,GENERAL_REUSE
IMP003810,A003810,U0631,BORROW,2026-06-20,1,10,1040,0.52,Vernier Caliper,GENERAL_REUSE
IMP003811,A003811,U0684,BORROW,2025-12-14,1,14,440,0.88,Safety Goggles,GENERAL_REUSE
IMP003812,A003812,U0539,BORROW,2026-03-24,1,21,120,0.48,Ethernet Cable,GENERAL_REUSE
IMP003813,A003813,U0872,GIVEAWAY,2026-06-21,1,0,1276,0.44,Soldering Iron Kit,GENERAL_REUSE
IMP003814,A003814,U0436,BORROW,2025-09-03,1,2,56,0.28,HDMI Cable,GENERAL_REUSE
IMP003815,A003815,U0220,BORROW,2026-05-11,1,14,1634,0.76,Soldering Iron Kit,GENERAL_REUSE
IMP003816,A003816,U0016,BORROW,2026-07-01,0,10,0,0.0,Extension Board,GENERAL_REUSE
IMP003817,A003817,U0556,BORROW,2026-05-06,1,5,300,0.3,Extension Board,GENERAL_REUSE
IMP003818,A003818,U0123,BORROW,2026-06-10,1,21,360,0.72,Textbook,GENERAL_REUSE
IMP003819,A003819,U0918,SELL,2025-09-27,1,0,459,0.34,Digital Multimeter,GENERAL_REUSE
IMP003820,A003820,U0803,SELL,2025-12-09,1,0,3192,0.48,External Hard Drive,GENERAL_REUSE
IMP003821,A003821,U0883,SWAP,2025-11-15,0,0,0,0.0,Soldering Iron Kit,GENERAL_REUSE
IMP003822,A003822,U0871,GIVEAWAY,2026-06-25,1,0,138,0.46,Ethernet Cable,GENERAL_REUSE
IMP003823,A003823,U0368,SWAP,2026-02-04,1,0,320,0.64,Extension Board,GENERAL_REUSE
IMP003824,A003824,U0767,BORROW,2025-12-25,1,21,370,0.39,Digital Multimeter,GENERAL_REUSE
IMP003825,A003825,U0676,BORROW,2026-05-12,1,21,1092,0.37,College Backpack,GENERAL_REUSE
IMP003826,A003826,U0055,BORROW,2025-12-15,1,2,238,0.34,Presentation Clicker,GENERAL_REUSE
IMP003827,A003827,U0518,SWAP,2025-12-12,1,0,59,0.59,Graph Paper Pack,GENERAL_REUSE
IMP003828,A003828,U0991,SELL,2026-02-28,1,0,1242,0.54,Scientific Calculator,GENERAL_REUSE
IMP003829,A003829,U0078,BORROW,2025-12-15,1,10,1026,0.76,Python Programming Book,GENERAL_REUSE
IMP003830,A003830,U0657,GIVEAWAY,2025-11-15,1,0,2074,0.61,Bluetooth Keyboard,GENERAL_REUSE
IMP003831,A003831,U0372,SELL,2026-03-19,1,0,94,0.27,Safety Goggles,GENERAL_REUSE
IMP003832,A003832,U0749,SWAP,2025-12-27,1,0,225,0.3,Engineering Drawing Kit,GENERAL_REUSE
IMP003833,A003833,U0395,SELL,2026-06-16,1,0,345,0.3,Scientific Calculator,GENERAL_REUSE
IMP003834,A003834,U0580,GIVEAWAY,2026-03-22,1,0,315,0.42,Screwdriver Set,GENERAL_REUSE
IMP003835,A003835,U0052,SWAP,2026-06-15,1,0,1044,0.58,Desk Lamp,GENERAL_REUSE
IMP003836,A003836,U0335,BORROW,2026-02-26,1,7,725,0.5,Drawing Board,GENERAL_REUSE
IMP003837,A003837,U0195,SWAP,2026-03-23,1,0,960,0.6,Calculator,EDUCATIONAL
IMP003838,A003838,U0985,BORROW,2025-10-24,1,2,585,0.65,Calculator,EDUCATIONAL
IMP003839,A003839,U0353,SELL,2026-03-10,1,0,162,0.54,Breadboard Kit,GENERAL_REUSE
IMP003840,A003840,U0234,BORROW,2025-11-12,1,21,253,0.22,USB Flash Drive,GENERAL_REUSE
IMP003841,A003841,U0828,BORROW,2025-09-25,1,14,474,0.79,Presentation Clicker,GENERAL_REUSE
IMP003842,A003842,U0109,GIVEAWAY,2025-12-06,1,0,432,0.72,Safety Goggles,GENERAL_REUSE
IMP003843,A003843,U0513,BORROW,2025-12-24,1,10,615,0.82,USB Flash Drive,GENERAL_REUSE
IMP003844,A003844,U0322,BORROW,2026-06-14,1,14,374,0.34,USB-C Charger,GENERAL_REUSE
IMP003845,A003845,U0498,BORROW,2025-09-30,1,10,744,0.31,USB-C Charger,GENERAL_REUSE
IMP003846,A003846,U0970,BORROW,2026-01-16,0,7,0,0.0,Engineering Drawing Kit,GENERAL_REUSE
IMP003847,A003847,U0551,BORROW,2026-06-16,1,2,578,0.77,Arduino Kit,GENERAL_REUSE
IMP003848,A003848,U0040,BORROW,2025-11-01,1,21,2136,0.89,Arduino Kit,GENERAL_REUSE
IMP003849,A003849,U0881,BORROW,2025-10-21,1,3,165,0.3,Textbook,GENERAL_REUSE
IMP003850,A003850,U0467,SWAP,2026-05-02,1,0,1372,0.45,Bluetooth Keyboard,GENERAL_REUSE
IMP003851,A003851,U0242,BORROW,2026-03-22,1,21,266,0.38,HDMI Cable,GENERAL_REUSE
IMP003852,A003852,U0359,BORROW,2026-04-20,1,7,870,0.58,Power Bank,GENERAL_REUSE
IMP003853,A003853,U0695,BORROW,2025-10-20,1,3,375,0.3,Engineering Drawing Kit,GENERAL_REUSE
IMP003854,A003854,U0294,BORROW,2026-06-09,1,21,1850,0.74,Tripod,GENERAL_REUSE
IMP003855,A003855,U0758,BORROW,2025-09-05,1,7,1446,0.59,USB-C Charger,GENERAL_REUSE
IMP003856,A003856,U0584,BORROW,2026-04-25,1,3,1320,0.55,Bluetooth Keyboard,GENERAL_REUSE
IMP003857,A003857,U0131,BORROW,2026-01-15,1,2,836,0.44,USB-C Charger,GENERAL_REUSE
IMP003858,A003858,U0988,SELL,2026-02-03,1,0,616,0.44,Extension Board,GENERAL_REUSE
IMP003859,A003859,U0753,GIVEAWAY,2026-05-02,1,0,56,0.56,Ethernet Cable,GENERAL_REUSE
IMP003860,A003860,U0504,BORROW,2026-03-13,1,10,324,0.72,Lab Coat,GENERAL_REUSE
IMP003861,A003861,U0323,BORROW,2026-07-03,1,7,444,0.37,Extension Board,GENERAL_REUSE
IMP003862,A003862,U0184,BORROW,2026-02-04,1,5,900,0.9,Digital Multimeter,GENERAL_REUSE
IMP003863,A003863,U0862,SWAP,2026-03-16,0,0,0,0.0,Vernier Caliper,GENERAL_REUSE
IMP003864,A003864,U0693,GIVEAWAY,2025-10-01,1,0,1166,0.44,Headphones,GENERAL_REUSE
IMP003865,A003865,U0402,GIVEAWAY,2026-07-21,1,0,302,0.67,Scientific Calculator,GENERAL_REUSE
IMP003866,A003866,U0934,SWAP,2026-05-17,1,0,662,0.63,Screwdriver Set,GENERAL_REUSE
IMP003867,A003867,U0789,BORROW,2026-05-14,1,3,220,0.55,Lab Coat,GENERAL_REUSE
IMP003868,A003868,U0233,BORROW,2026-04-07,1,5,418,0.44,Presentation Clicker,GENERAL_REUSE
IMP003869,A003869,U0090,SWAP,2025-09-05,1,0,333,0.37,College Backpack,GENERAL_REUSE
IMP003870,A003870,U0901,BORROW,2026-07-16,1,14,360,0.4,Lab Coat,GENERAL_REUSE
IMP003871,A003871,U0123,BORROW,2026-02-27,1,14,1479,0.51,College Backpack,GENERAL_REUSE
IMP003872,A003872,U0292,SWAP,2026-04-16,0,0,0,0.0,External Hard Drive,GENERAL_REUSE
IMP003873,A003873,U0593,BORROW,2025-09-30,1,2,2478,0.84,Bluetooth Keyboard,GENERAL_REUSE
IMP003874,A003874,U0341,GIVEAWAY,2026-07-11,1,0,116,0.77,Breadboard Kit,GENERAL_REUSE
IMP003875,A003875,U0691,BORROW,2026-05-10,0,10,0,0.0,Calculator,EDUCATIONAL
IMP003876,A003876,U0048,BORROW,2026-03-31,1,10,1560,0.8,Scientific Calculator,GENERAL_REUSE
IMP003877,A003877,U0784,BORROW,2026-05-26,1,10,770,0.7,Screwdriver Set,GENERAL_REUSE
IMP003878,A003878,U0402,BORROW,2025-10-11,1,2,600,0.24,Headphones,GENERAL_REUSE
IMP003879,A003879,U0284,BORROW,2026-02-28,1,21,510,0.85,Mechanical Drawing Set,GENERAL_REUSE
IMP003880,A003880,U0083,BORROW,2025-10-21,1,14,1132,0.73,Bluetooth Keyboard,GENERAL_REUSE
IMP003881,A003881,U0554,BORROW,2026-04-06,1,10,1642,0.49,Soldering Iron Kit,GENERAL_REUSE
IMP003882,A003882,U0057,GIVEAWAY,2025-11-06,1,0,688,0.81,Bluetooth Keyboard,GENERAL_REUSE
IMP003883,A003883,U0127,SWAP,2026-03-04,1,0,448,0.28,Soldering Iron Kit,GENERAL_REUSE
IMP003884,A003884,U0491,BORROW,2026-05-11,1,3,604,0.31,Scientific Calculator,GENERAL_REUSE
IMP003885,A003885,U0959,SWAP,2025-10-23,1,0,410,0.39,Screwdriver Set,GENERAL_REUSE
IMP003886,A003886,U0595,BORROW,2026-04-22,1,2,1517,0.74,Engineering Drawing Kit,GENERAL_REUSE
IMP003887,A003887,U0114,BORROW,2026-05-15,1,21,341,0.22,Drawing Board,GENERAL_REUSE
IMP003888,A003888,U0319,BORROW,2025-11-04,1,3,968,0.88,Webcam,GENERAL_REUSE
IMP003889,A003889,U0835,SELL,2026-04-13,1,0,234,0.52,Ethernet Cable,GENERAL_REUSE
IMP003890,A003890,U0083,SWAP,2026-06-08,1,0,224,0.28,Arduino Kit,GENERAL_REUSE
IMP003891,A003891,U0952,SWAP,2026-07-04,1,0,1125,0.5,Soldering Iron Kit,GENERAL_REUSE
IMP003892,A003892,U0842,SWAP,2026-06-24,1,0,1876,0.56,Headphones,GENERAL_REUSE
IMP003893,A003893,U0143,SELL,2026-01-14,1,0,2112,0.33,External Hard Drive,GENERAL_REUSE
IMP003894,A003894,U0067,SELL,2026-07-05,1,0,435,0.3,Screwdriver Set,GENERAL_REUSE
IMP003895,A003895,U0315,BORROW,2025-09-22,1,21,340,0.85,Textbook,GENERAL_REUSE
IMP003896,A003896,U0364,BORROW,2026-03-27,1,7,192,0.64,Safety Goggles,GENERAL_REUSE
IMP003897,A003897,U0953,GIVEAWAY,2026-07-15,1,0,270,0.36,Lab Coat,GENERAL_REUSE
IMP003898,A003898,U0390,BORROW,2026-02-10,0,3,0,0.0,Presentation Clicker,GENERAL_REUSE
IMP003899,A003899,U0693,BORROW,2026-02-05,1,10,522,0.58,Power Bank,GENERAL_REUSE
IMP003900,A003900,U0396,SWAP,2025-10-01,1,0,180,0.36,Ethernet Cable,GENERAL_REUSE
IMP003901,A003901,U0358,BORROW,2026-03-11,1,10,914,0.59,USB-C Charger,GENERAL_REUSE
IMP003902,A003902,U0338,SWAP,2026-04-04,0,0,0,0.0,Graph Paper Pack,GENERAL_REUSE
IMP003903,A003903,U0670,BORROW,2025-12-21,1,7,182,0.26,Tripod,GENERAL_REUSE
IMP003904,A003904,U0145,BORROW,2026-06-05,1,5,625,0.5,Digital Multimeter,GENERAL_REUSE
IMP003905,A003905,U0193,GIVEAWAY,2025-11-22,1,0,2778,0.55,External Hard Drive,GENERAL_REUSE
IMP003906,A003906,U0079,SWAP,2026-06-12,1,0,434,0.31,Soldering Iron Kit,GENERAL_REUSE
IMP003907,A003907,U0129,BORROW,2025-12-01,1,3,440,0.55,Power Bank,GENERAL_REUSE
IMP003908,A003908,U0799,SELL,2026-02-14,1,0,1736,0.28,External Hard Drive,GENERAL_REUSE
IMP003909,A003909,U0694,SWAP,2026-04-30,1,0,177,0.59,Lab Coat,GENERAL_REUSE
IMP003910,A003910,U0717,SWAP,2026-07-19,1,0,513,0.54,Presentation Clicker,GENERAL_REUSE
IMP003911,A003911,U0261,BORROW,2025-12-14,1,21,5372,0.79,External Hard Drive,GENERAL_REUSE
IMP003912,A003912,U0300,GIVEAWAY,2025-10-29,1,0,152,0.38,Desk Lamp,GENERAL_REUSE
IMP003913,A003913,U0884,BORROW,2026-02-03,1,5,1344,0.64,Tripod,GENERAL_REUSE
IMP003914,A003914,U0356,GIVEAWAY,2026-06-01,1,0,994,0.51,Digital Multimeter,GENERAL_REUSE
IMP003915,A003915,U0536,BORROW,2025-10-10,1,10,2074,0.61,Webcam,GENERAL_REUSE
IMP003916,A003916,U0206,BORROW,2025-10-26,1,14,884,0.52,College Backpack,GENERAL_REUSE
IMP003917,A003917,U0854,GIVEAWAY,2025-11-26,1,0,1360,0.85,Scientific Calculator,GENERAL_REUSE
IMP003918,A003918,U0113,BORROW,2026-01-28,1,2,1656,0.72,Bluetooth Keyboard,GENERAL_REUSE
IMP003919,A003919,U0198,BORROW,2025-12-12,1,5,1716,0.66,Soldering Iron Kit,GENERAL_REUSE
IMP003920,A003920,U0885,GIVEAWAY,2026-03-10,1,0,440,0.44,Python Programming Book,GENERAL_REUSE
IMP003921,A003921,U0865,SWAP,2025-10-13,1,0,1680,0.42,Webcam,GENERAL_REUSE
IMP003922,A003922,U0417,SWAP,2026-01-20,0,0,0,0.0,Python Programming Book,GENERAL_REUSE
IMP003923,A003923,U0244,BORROW,2025-09-01,1,14,300,0.25,Digital Multimeter,GENERAL_REUSE
IMP003924,A003924,U0884,SWAP,2025-11-12,1,0,345,0.46,Digital Multimeter,GENERAL_REUSE
IMP003925,A003925,U0741,SWAP,2026-07-03,1,0,392,0.28,Drawing Board,GENERAL_REUSE
IMP003926,A003926,U0065,SWAP,2026-05-21,1,0,363,0.33,Drawing Board,GENERAL_REUSE
IMP003927,A003927,U0065,SWAP,2025-10-27,1,0,595,0.34,Mechanical Drawing Set,GENERAL_REUSE
IMP003928,A003928,U0905,GIVEAWAY,2025-12-04,1,0,470,0.47,Screwdriver Set,GENERAL_REUSE
IMP003929,A003929,U0502,BORROW,2025-10-25,1,7,2600,0.8,Soldering Iron Kit,GENERAL_REUSE
IMP003930,A003930,U0309,BORROW,2026-07-27,1,3,780,0.6,Digital Multimeter,GENERAL_REUSE
IMP003931,A003931,U0076,SELL,2025-10-22,1,0,116,0.21,Ethernet Cable,GENERAL_REUSE
IMP003932,A003932,U0680,SWAP,2026-06-26,1,0,325,0.5,Lab Coat,GENERAL_REUSE
IMP003933,A003933,U0771,BORROW,2026-04-17,1,14,44,0.88,Graph Paper Pack,GENERAL_REUSE
IMP003934,A003934,U0229,BORROW,2026-04-26,1,21,226,0.41,Textbook,GENERAL_REUSE
IMP003935,A003935,U0318,GIVEAWAY,2026-05-27,1,0,201,0.67,USB Flash Drive,GENERAL_REUSE
IMP003936,A003936,U0143,GIVEAWAY,2025-09-05,1,0,1323,0.54,College Backpack,GENERAL_REUSE
IMP003937,A003937,U0106,BORROW,2025-12-28,1,21,600,0.8,Webcam,GENERAL_REUSE
IMP003938,A003938,U0673,SELL,2026-07-03,1,0,58,0.23,HDMI Cable,GENERAL_REUSE
IMP003939,A003939,U0254,SWAP,2025-12-30,1,0,2460,0.37,External Hard Drive,GENERAL_REUSE
IMP003940,A003940,U0764,SWAP,2025-12-05,1,0,318,0.49,Lab Coat,GENERAL_REUSE
IMP003941,A003941,U0636,SWAP,2025-10-17,1,0,608,0.32,Presentation Clicker,GENERAL_REUSE
IMP003942,A003942,U0913,GIVEAWAY,2026-04-20,1,0,1334,0.58,Bluetooth Keyboard,GENERAL_REUSE
IMP003943,A003943,U0816,SWAP,2026-03-26,1,0,930,0.3,Headphones,GENERAL_REUSE
IMP003944,A003944,U0856,BORROW,2025-12-05,1,7,975,0.65,Mechanical Drawing Set,GENERAL_REUSE
IMP003945,A003945,U0439,BORROW,2026-05-15,1,3,392,0.49,Extension Board,GENERAL_REUSE
IMP003946,A003946,U0008,BORROW,2025-09-17,1,7,688,0.51,Scientific Calculator,GENERAL_REUSE
IMP003947,A003947,U0482,SWAP,2026-01-17,1,0,1475,0.5,Bluetooth Keyboard,GENERAL_REUSE
IMP003948,A003948,U0334,BORROW,2026-07-24,1,14,292,0.45,USB-C Charger,GENERAL_REUSE
IMP003949,A003949,U0981,BORROW,2025-10-03,1,10,690,0.46,Extension Board,GENERAL_REUSE
IMP003950,A003950,U0726,SELL,2025-11-05,1,0,326,0.31,Textbook,GENERAL_REUSE
IMP003951,A003951,U0613,GIVEAWAY,2026-07-24,1,0,209,0.38,Tripod,GENERAL_REUSE
IMP003952,A003952,U0106,SWAP,2026-01-28,1,0,1235,0.38,Soldering Iron Kit,GENERAL_REUSE
IMP003953,A003953,U0830,BORROW,2026-04-09,1,3,1449,0.69,Mechanical Drawing Set,GENERAL_REUSE
IMP003954,A003954,U0098,SWAP,2026-06-11,1,0,475,0.5,Lab Coat,GENERAL_REUSE
IMP003955,A003955,U0891,SELL,2026-05-08,1,0,136,0.34,Ethernet Cable,GENERAL_REUSE
IMP003956,A003956,U0106,BORROW,2026-07-13,1,7,1652,0.56,Soldering Iron Kit,GENERAL_REUSE
IMP003957,A003957,U0139,SELL,2026-03-05,1,0,608,0.45,Desk Lamp,GENERAL_REUSE
IMP003958,A003958,U0517,BORROW,2025-09-25,1,5,189,0.54,USB Flash Drive,GENERAL_REUSE
IMP003959,A003959,U0915,SWAP,2026-01-23,1,0,120,0.48,HDMI Cable,GENERAL_REUSE
IMP003960,A003960,U0835,SWAP,2026-02-22,1,0,860,0.4,USB-C Charger,GENERAL_REUSE
IMP003961,A003961,U0944,BORROW,2025-11-26,1,7,280,0.56,Safety Goggles,GENERAL_REUSE
IMP003962,A003962,U0963,SWAP,2026-05-11,1,0,892,0.35,Arduino Kit,GENERAL_REUSE
IMP003963,A003963,U0736,GIVEAWAY,2025-10-06,1,0,1295,0.35,Vernier Caliper,GENERAL_REUSE
IMP003964,A003964,U0282,GIVEAWAY,2026-01-03,1,0,1984,0.64,Soldering Iron Kit,GENERAL_REUSE
IMP003965,A003965,U0675,SWAP,2026-01-14,1,0,45,0.3,Graph Paper Pack,GENERAL_REUSE
IMP003966,A003966,U0257,GIVEAWAY,2026-02-15,1,0,1512,0.84,Calculator,EDUCATIONAL
IMP003967,A003967,U0353,SELL,2025-10-05,1,0,280,0.33,College Backpack,GENERAL_REUSE
IMP003968,A003968,U0749,GIVEAWAY,2025-09-25,0,0,0,0.0,Headphones,GENERAL_REUSE
IMP003969,A003969,U0611,BORROW,2026-02-14,1,14,750,0.5,Extension Board,GENERAL_REUSE
IMP003970,A003970,U0060,BORROW,2026-01-22,1,3,200,0.2,Lab Coat,GENERAL_REUSE
IMP003971,A003971,U0894,GIVEAWAY,2025-09-09,1,0,1365,0.7,Headphones,GENERAL_REUSE
IMP003972,A003972,U0548,SWAP,2026-03-07,1,0,200,0.25,Lab Coat,GENERAL_REUSE
IMP003973,A003973,U0086,SWAP,2026-05-24,1,0,286,0.52,Safety Goggles,GENERAL_REUSE
IMP003974,A003974,U0436,SELL,2025-12-23,1,0,552,0.24,Tripod,GENERAL_REUSE
IMP003975,A003975,U0772,BORROW,2025-12-04,1,14,100,0.25,USB Flash Drive,GENERAL_REUSE
IMP003976,A003976,U0590,GIVEAWAY,2025-10-28,1,0,600,0.48,Digital Multimeter,GENERAL_REUSE
IMP003977,A003977,U0512,BORROW,2026-05-25,1,2,2698,0.83,External Hard Drive,GENERAL_REUSE
IMP003978,A003978,U0820,BORROW,2025-10-08,1,5,448,0.39,USB Flash Drive,GENERAL_REUSE
IMP003979,A003979,U0182,GIVEAWAY,2026-02-12,1,0,1354,0.63,Arduino Kit,GENERAL_REUSE
IMP003980,A003980,U0745,SWAP,2026-02-23,1,0,609,0.42,Engineering Drawing Kit,GENERAL_REUSE
IMP003981,A003981,U0899,SWAP,2025-10-14,1,0,930,0.6,USB-C Charger,GENERAL_REUSE
IMP003982,A003982,U0912,SWAP,2026-04-27,1,0,484,0.44,Tripod,GENERAL_REUSE
IMP003983,A003983,U0285,SWAP,2026-01-27,1,0,532,0.38,Digital Multimeter,GENERAL_REUSE
IMP003984,A003984,U0565,GIVEAWAY,2026-04-24,1,0,957,0.58,Calculator,EDUCATIONAL
IMP003985,A003985,U0871,BORROW,2025-12-11,0,14,0,0.0,Soldering Iron Kit,GENERAL_REUSE
IMP003986,A003986,U0812,GIVEAWAY,2026-05-30,1,0,391,0.46,Desk Lamp,GENERAL_REUSE
IMP003987,A003987,U0111,BORROW,2025-12-25,1,5,1112,0.89,Mechanical Drawing Set,GENERAL_REUSE
IMP003988,A003988,U0210,BORROW,2026-04-05,1,3,702,0.39,College Backpack,GENERAL_REUSE
IMP003989,A003989,U0348,BORROW,2025-09-05,1,2,1121,0.38,College Backpack,GENERAL_REUSE
IMP003990,A003990,U0933,SWAP,2026-07-24,1,0,375,0.25,Extension Board,GENERAL_REUSE
IMP003991,A003991,U0874,SWAP,2026-07-03,1,0,525,0.5,Textbook,GENERAL_REUSE
IMP003992,A003992,U0890,GIVEAWAY,2026-07-08,1,0,1896,0.48,External Hard Drive,GENERAL_REUSE
IMP003993,A003993,U0838,SWAP,2025-10-18,1,0,1004,0.49,Digital Multimeter,GENERAL_REUSE
IMP003994,A003994,U0497,SWAP,2026-07-01,1,0,377,0.29,Screwdriver Set,GENERAL_REUSE
IMP003995,A003995,U0361,BORROW,2026-06-13,1,21,800,0.64,Python Programming Book,GENERAL_REUSE
IMP003996,A003996,U0650,BORROW,2025-11-06,1,21,627,0.57,Textbook,GENERAL_REUSE
IMP003997,A003997,U0411,BORROW,2025-11-11,1,7,966,0.69,Tripod,GENERAL_REUSE
IMP003998,A003998,U0504,BORROW,2026-04-14,1,21,1932,0.46,Vernier Caliper,GENERAL_REUSE
IMP003999,A003999,U0224,BORROW,2026-01-21,1,5,273,0.78,Breadboard Kit,GENERAL_REUSE
IMP004000,A004000,U0127,GIVEAWAY,2026-05-22,1,0,1006,0.61,Tripod,GENERAL_REUSE
IMP004001,A004001,U0279,BORROW,2025-11-10,1,2,534,0.89,Extension Board,GENERAL_REUSE
IMP004002,A004002,U0199,SELL,2025-12-21,1,0,156,0.39,Textbook,GENERAL_REUSE
IMP004003,A004003,U0560,SWAP,2026-03-15,1,0,246,0.41,Ethernet Cable,GENERAL_REUSE
IMP004004,A004004,U0973,GIVEAWAY,2026-01-04,1,0,718,0.41,College Backpack,GENERAL_REUSE
IMP004005,A004005,U0981,BORROW,2025-12-23,1,3,741,0.78,Screwdriver Set,GENERAL_REUSE
IMP004006,A004006,U0516,SWAP,2026-03-02,1,0,528,0.32,Mechanical Drawing Set,GENERAL_REUSE
IMP004007,A004007,U0687,BORROW,2025-09-16,1,2,738,0.41,Tripod,GENERAL_REUSE
IMP004008,A004008,U0560,SELL,2025-11-21,1,0,2408,0.45,External Hard Drive,GENERAL_REUSE
IMP004009,A004009,U0827,BORROW,2026-03-01,1,14,585,0.26,Tripod,GENERAL_REUSE
IMP004010,A004010,U0887,BORROW,2025-09-30,1,5,468,0.36,Calculator,EDUCATIONAL
IMP004011,A004011,U0767,BORROW,2025-11-18,1,10,730,0.73,Power Bank,GENERAL_REUSE
IMP004012,A004012,U0827,BORROW,2026-02-25,1,3,1452,0.83,Mechanical Drawing Set,GENERAL_REUSE
IMP004013,A004013,U0577,GIVEAWAY,2026-04-02,1,0,1221,0.66,Webcam,GENERAL_REUSE
IMP004014,A004014,U0104,SWAP,2026-01-20,1,0,750,0.3,Scientific Calculator,GENERAL_REUSE
IMP004015,A004015,U0100,GIVEAWAY,2025-10-13,1,0,273,0.39,Presentation Clicker,GENERAL_REUSE
IMP004016,A004016,U0671,BORROW,2026-05-12,1,21,145,0.58,HDMI Cable,GENERAL_REUSE
IMP004017,A004017,U0382,SELL,2026-02-02,1,0,609,0.29,Presentation Clicker,GENERAL_REUSE
IMP004018,A004018,U0435,BORROW,2026-02-18,1,2,340,0.68,Safety Goggles,GENERAL_REUSE
IMP004019,A004019,U0142,BORROW,2026-06-02,1,5,999,0.37,Headphones,GENERAL_REUSE
IMP004020,A004020,U0300,BORROW,2026-06-27,1,10,304,0.29,Textbook,GENERAL_REUSE
IMP004021,A004021,U0138,BORROW,2026-07-02,1,14,1468,0.89,Bluetooth Keyboard,GENERAL_REUSE
IMP004022,A004022,U0413,GIVEAWAY,2026-07-06,1,0,551,0.58,Lab Coat,GENERAL_REUSE
IMP004023,A004023,U0212,GIVEAWAY,2025-09-01,1,0,38,0.38,Graph Paper Pack,GENERAL_REUSE
IMP004024,A004024,U0697,SELL,2026-02-05,1,0,656,0.41,Arduino Kit,GENERAL_REUSE
IMP004025,A004025,U0970,BORROW,2025-11-17,1,2,700,0.7,Drawing Board,GENERAL_REUSE
IMP004026,A004026,U0406,BORROW,2025-09-23,1,2,564,0.49,Calculator,EDUCATIONAL
IMP004027,A004027,U0967,SWAP,2026-04-14,1,0,990,0.3,Arduino Kit,GENERAL_REUSE
IMP004028,A004028,U0963,BORROW,2026-05-19,1,10,833,0.49,Python Programming Book,GENERAL_REUSE
IMP004029,A004029,U0303,SELL,2026-06-29,1,0,140,0.4,Lab Coat,GENERAL_REUSE
IMP004030,A004030,U0198,BORROW,2026-04-17,1,14,1764,0.84,Tripod,GENERAL_REUSE
IMP004031,A004031,U0209,BORROW,2025-11-30,1,5,220,0.22,Python Programming Book,GENERAL_REUSE
IMP004032,A004032,U0348,BORROW,2025-12-11,1,3,241,0.69,Safety Goggles,GENERAL_REUSE
IMP004033,A004033,U0798,BORROW,2026-07-24,1,3,1501,0.79,Headphones,GENERAL_REUSE
IMP004034,A004034,U0767,SWAP,2025-12-26,1,0,38,0.38,Ethernet Cable,GENERAL_REUSE
IMP004035,A004035,U0278,BORROW,2026-02-24,1,7,1445,0.34,Webcam,GENERAL_REUSE
IMP004036,A004036,U0079,BORROW,2026-05-08,1,10,540,0.27,Tripod,GENERAL_REUSE
IMP004037,A004037,U0798,BORROW,2026-05-29,1,7,96,0.32,Safety Goggles,GENERAL_REUSE
IMP004038,A004038,U0217,SWAP,2026-06-18,1,0,518,0.61,Python Programming Book,GENERAL_REUSE
IMP004039,A004039,U0050,BORROW,2026-04-19,1,7,1152,0.47,Tripod,GENERAL_REUSE
IMP004040,A004040,U0174,SWAP,2025-12-25,1,0,2232,0.48,External Hard Drive,GENERAL_REUSE
IMP004041,A004041,U0884,BORROW,2026-07-21,1,10,434,0.51,USB Flash Drive,GENERAL_REUSE
IMP004042,A004042,U0954,GIVEAWAY,2026-04-26,1,0,318,0.53,Extension Board,GENERAL_REUSE
IMP004043,A004043,U0346,GIVEAWAY,2026-02-27,1,0,820,0.4,Engineering Drawing Kit,GENERAL_REUSE
IMP004044,A004044,U0565,BORROW,2026-04-12,1,7,567,0.81,Tripod,GENERAL_REUSE
IMP004045,A004045,U0732,BORROW,2026-01-25,1,3,338,0.75,Extension Board,GENERAL_REUSE
IMP004046,A004046,U0871,BORROW,2026-03-02,1,14,468,0.85,Safety Goggles,GENERAL_REUSE
IMP004047,A004047,U0968,SWAP,2025-09-04,1,0,60,0.4,Ethernet Cable,GENERAL_REUSE
IMP004048,A004048,U0393,BORROW,2026-04-21,1,5,492,0.82,Drawing Board,GENERAL_REUSE
IMP004049,A004049,U0806,SELL,2025-10-20,1,0,262,0.35,Breadboard Kit,GENERAL_REUSE
IMP004050,A004050,U0026,BORROW,2026-03-01,1,2,3872,0.87,Vernier Caliper,GENERAL_REUSE
IMP004051,A004051,U0668,BORROW,2026-02-26,1,14,138,0.55,Ethernet Cable,GENERAL_REUSE
IMP004052,A004052,U0519,SWAP,2025-12-10,1,0,671,0.61,Desk Lamp,GENERAL_REUSE
IMP004053,A004053,U0384,BORROW,2025-12-28,1,7,320,0.2,Desk Lamp,GENERAL_REUSE
IMP004054,A004054,U0266,GIVEAWAY,2025-10-12,1,0,312,0.78,Ethernet Cable,GENERAL_REUSE
IMP004055,A004055,U0306,BORROW,2025-11-25,1,3,1030,0.2,Vernier Caliper,GENERAL_REUSE
IMP004056,A004056,U0706,BORROW,2026-02-16,1,2,1357,0.46,Bluetooth Keyboard,GENERAL_REUSE
IMP004057,A004057,U0654,SELL,2026-03-16,1,0,78,0.39,Ethernet Cable,GENERAL_REUSE
IMP004058,A004058,U0420,SWAP,2026-06-16,1,0,1848,0.56,Bluetooth Keyboard,GENERAL_REUSE
IMP004059,A004059,U0996,SWAP,2026-02-19,1,0,480,0.4,Mechanical Drawing Set,GENERAL_REUSE
IMP004060,A004060,U0470,SWAP,2026-06-29,1,0,644,0.39,Bluetooth Keyboard,GENERAL_REUSE
IMP004061,A004061,U0122,SELL,2026-03-19,1,0,255,0.51,Desk Lamp,GENERAL_REUSE
IMP004062,A004062,U0158,SWAP,2025-10-13,1,0,506,0.44,USB Flash Drive,GENERAL_REUSE
IMP004063,A004063,U0613,BORROW,2026-02-20,1,5,312,0.89,HDMI Cable,GENERAL_REUSE
IMP004064,A004064,U0473,BORROW,2025-12-11,1,14,172,0.23,Lab Coat,GENERAL_REUSE
IMP004065,A004065,U0499,GIVEAWAY,2026-06-10,1,0,82,0.41,Safety Goggles,GENERAL_REUSE
IMP004066,A004066,U0920,SWAP,2025-09-08,1,0,306,0.36,Desk Lamp,GENERAL_REUSE
IMP004067,A004067,U0931,BORROW,2025-11-08,1,10,957,0.66,Drawing Board,GENERAL_REUSE
IMP004068,A004068,U0723,BORROW,2026-04-29,1,10,1932,0.46,Webcam,GENERAL_REUSE
IMP004069,A004069,U0150,SELL,2025-09-28,1,0,2252,0.53,Vernier Caliper,GENERAL_REUSE
IMP004070,A004070,U0380,GIVEAWAY,2026-03-23,1,0,3325,0.7,Vernier Caliper,GENERAL_REUSE
IMP004071,A004071,U0118,SELL,2025-10-21,1,0,256,0.27,Mechanical Drawing Set,GENERAL_REUSE
IMP004072,A004072,U0636,BORROW,2025-12-12,1,14,864,0.54,Soldering Iron Kit,GENERAL_REUSE
IMP004073,A004073,U0349,GIVEAWAY,2025-10-28,1,0,888,0.74,College Backpack,GENERAL_REUSE
IMP004074,A004074,U0711,BORROW,2025-12-21,1,5,1763,0.41,External Hard Drive,GENERAL_REUSE
IMP004075,A004075,U0311,SELL,2026-06-13,1,0,838,0.25,Arduino Kit,GENERAL_REUSE
IMP004076,A004076,U0877,BORROW,2026-05-07,1,2,1800,0.72,College Backpack,GENERAL_REUSE
IMP004077,A004077,U0050,BORROW,2025-10-18,1,21,99,0.33,Screwdriver Set,GENERAL_REUSE
IMP004078,A004078,U0930,GIVEAWAY,2026-04-29,1,0,1558,0.82,Engineering Drawing Kit,GENERAL_REUSE
IMP004079,A004079,U0487,BORROW,2026-01-15,1,7,280,0.43,Drawing Board,GENERAL_REUSE
IMP004080,A004080,U0519,BORROW,2025-12-31,1,5,300,0.3,Arduino Kit,GENERAL_REUSE
IMP004081,A004081,U0979,SELL,2025-11-10,1,0,555,0.37,Screwdriver Set,GENERAL_REUSE
IMP004082,A004082,U0947,SWAP,2026-01-25,1,0,1828,0.53,Webcam,GENERAL_REUSE
IMP004083,A004083,U0190,SWAP,2026-07-20,1,0,2553,0.46,External Hard Drive,GENERAL_REUSE
IMP004084,A004084,U0995,SWAP,2025-09-16,1,0,186,0.62,Ethernet Cable,GENERAL_REUSE
IMP004085,A004085,U0664,SWAP,2025-11-30,1,0,527,0.31,Presentation Clicker,GENERAL_REUSE
IMP004086,A004086,U0307,SELL,2026-06-16,1,0,247,0.38,Mechanical Drawing Set,GENERAL_REUSE
IMP004087,A004087,U0334,BORROW,2026-07-19,1,3,1190,0.68,Desk Lamp,GENERAL_REUSE
IMP004088,A004088,U0956,BORROW,2026-07-08,1,2,609,0.29,Vernier Caliper,GENERAL_REUSE
IMP004089,A004089,U0509,GIVEAWAY,2026-02-22,1,0,70,0.47,Graph Paper Pack,GENERAL_REUSE
IMP004090,A004090,U0945,BORROW,2025-09-02,1,7,478,0.29,Presentation Clicker,GENERAL_REUSE
IMP004091,A004091,U0442,BORROW,2025-11-07,1,2,684,0.57,Textbook,GENERAL_REUSE
IMP004092,A004092,U0837,GIVEAWAY,2026-05-15,1,0,585,0.39,Webcam,GENERAL_REUSE
IMP004093,A004093,U0747,SWAP,2026-01-07,1,0,884,0.61,Extension Board,GENERAL_REUSE
IMP004094,A004094,U0370,BORROW,2025-11-12,1,2,1476,0.72,College Backpack,GENERAL_REUSE
IMP004095,A004095,U0175,BORROW,2026-03-22,1,14,735,0.49,Soldering Iron Kit,GENERAL_REUSE
IMP004096,A004096,U0349,BORROW,2025-09-24,1,3,1360,0.85,Digital Multimeter,GENERAL_REUSE
IMP004097,A004097,U0298,GIVEAWAY,2025-11-25,1,0,462,0.42,College Backpack,GENERAL_REUSE
IMP004098,A004098,U0584,BORROW,2026-01-07,1,2,214,0.39,Ethernet Cable,GENERAL_REUSE
IMP004099,A004099,U0626,BORROW,2025-11-01,1,10,770,0.44,Bluetooth Keyboard,GENERAL_REUSE
IMP004100,A004100,U0846,BORROW,2026-03-20,1,7,3248,0.56,Vernier Caliper,GENERAL_REUSE
IMP004101,A004101,U0036,BORROW,2025-10-03,1,21,448,0.64,Calculator,EDUCATIONAL
IMP004102,A004102,U0625,GIVEAWAY,2025-11-15,1,0,2330,0.79,College Backpack,GENERAL_REUSE
IMP004103,A004103,U0200,SWAP,2026-02-27,1,0,708,0.59,Textbook,GENERAL_REUSE
IMP004104,A004104,U0336,SWAP,2026-04-12,1,0,604,0.39,Power Bank,GENERAL_REUSE
IMP004105,A004105,U0968,BORROW,2026-05-31,1,5,589,0.62,Tripod,GENERAL_REUSE
IMP004106,A004106,U0977,BORROW,2026-05-13,1,21,476,0.68,Screwdriver Set,GENERAL_REUSE
IMP004107,A004107,U0533,BORROW,2026-07-07,1,3,504,0.24,Tripod,GENERAL_REUSE
IMP004108,A004108,U0874,BORROW,2026-03-09,1,2,1472,0.64,Engineering Drawing Kit,GENERAL_REUSE
IMP004109,A004109,U0502,SWAP,2025-11-05,1,0,1577,0.38,External Hard Drive,GENERAL_REUSE
IMP004110,A004110,U0750,BORROW,2026-03-13,1,10,264,0.48,Textbook,GENERAL_REUSE
IMP004111,A004111,U0477,SELL,2025-11-20,1,0,1072,0.55,Tripod,GENERAL_REUSE
IMP004112,A004112,U0642,SELL,2026-02-04,1,0,819,0.42,Presentation Clicker,GENERAL_REUSE
IMP004113,A004113,U0616,BORROW,2026-05-23,1,2,81,0.27,Safety Goggles,GENERAL_REUSE
IMP004114,A004114,U0628,SWAP,2025-11-09,1,0,615,0.41,Engineering Drawing Kit,GENERAL_REUSE
IMP004115,A004115,U0828,SWAP,2026-06-12,1,0,900,0.6,Bluetooth Keyboard,GENERAL_REUSE
IMP004116,A004116,U0927,BORROW,2026-05-07,1,5,424,0.53,Desk Lamp,GENERAL_REUSE
IMP004117,A004117,U0017,SWAP,2026-06-10,1,0,306,0.47,Textbook,GENERAL_REUSE
IMP004118,A004118,U0360,BORROW,2025-12-12,1,3,1083,0.57,Digital Multimeter,GENERAL_REUSE
IMP004119,A004119,U0082,BORROW,2026-02-21,1,2,720,0.8,Bluetooth Keyboard,GENERAL_REUSE
IMP004120,A004120,U0869,SELL,2026-07-20,1,0,195,0.3,Power Bank,GENERAL_REUSE
IMP004121,A004121,U0484,SWAP,2026-04-02,1,0,536,0.37,Drawing Board,GENERAL_REUSE
IMP004122,A004122,U0788,BORROW,2025-12-12,1,5,248,0.45,Breadboard Kit,GENERAL_REUSE
IMP004123,A004123,U0332,BORROW,2025-11-10,1,21,913,0.83,College Backpack,GENERAL_REUSE
IMP004124,A004124,U0182,BORROW,2026-05-23,1,7,520,0.65,Extension Board,GENERAL_REUSE
IMP004125,A004125,U0655,BORROW,2025-09-03,1,7,256,0.57,Calculator,EDUCATIONAL
IMP004126,A004126,U0247,SELL,2026-07-04,1,0,275,0.55,Engineering Drawing Kit,GENERAL_REUSE
IMP004127,A004127,U0178,SELL,2025-09-10,1,0,936,0.39,Bluetooth Keyboard,GENERAL_REUSE
IMP004128,A004128,U0672,SWAP,2026-05-06,1,0,1298,0.59,Soldering Iron Kit,GENERAL_REUSE
IMP004129,A004129,U0273,BORROW,2025-11-17,1,14,1870,0.55,Arduino Kit,GENERAL_REUSE
IMP004130,A004130,U0961,BORROW,2026-04-30,1,7,342,0.76,Lab Coat,GENERAL_REUSE
IMP004131,A004131,U0561,BORROW,2026-04-05,1,14,81,0.81,Graph Paper Pack,GENERAL_REUSE
IMP004132,A004132,U0253,SELL,2025-12-19,1,0,370,0.39,USB Flash Drive,GENERAL_REUSE
IMP004133,A004133,U0788,GIVEAWAY,2026-03-04,1,0,468,0.78,Ethernet Cable,GENERAL_REUSE
IMP004134,A004134,U0578,BORROW,2025-12-24,1,14,92,0.46,HDMI Cable,GENERAL_REUSE
IMP004135,A004135,U0049,BORROW,2026-04-09,0,10,0,0.0,Vernier Caliper,GENERAL_REUSE
IMP004136,A004136,U0547,SWAP,2026-01-16,1,0,477,0.53,Lab Coat,GENERAL_REUSE
IMP004137,A004137,U0329,BORROW,2026-06-06,1,2,126,0.23,Extension Board,GENERAL_REUSE
IMP004138,A004138,U0552,SWAP,2026-01-11,1,0,56,0.37,Breadboard Kit,GENERAL_REUSE
IMP004139,A004139,U0124,BORROW,2025-12-20,1,7,825,0.55,Power Bank,GENERAL_REUSE
IMP004140,A004140,U0956,GIVEAWAY,2025-11-21,1,0,522,0.58,Screwdriver Set,GENERAL_REUSE
IMP004141,A004141,U0304,BORROW,2025-12-10,1,3,1396,0.57,Headphones,GENERAL_REUSE
IMP004142,A004142,U0331,BORROW,2026-05-08,0,14,0,0.0,Breadboard Kit,GENERAL_REUSE
IMP004143,A004143,U0900,BORROW,2026-06-29,0,21,0,0.0,Extension Board,GENERAL_REUSE
IMP004144,A004144,U0725,SWAP,2026-06-28,1,0,440,0.4,USB Flash Drive,GENERAL_REUSE
IMP004145,A004145,U0133,BORROW,2026-01-13,1,2,262,0.25,Tripod,GENERAL_REUSE
IMP004146,A004146,U0170,SWAP,2025-09-01,1,0,180,0.36,Breadboard Kit,GENERAL_REUSE
IMP004147,A004147,U0850,SELL,2025-10-18,1,0,696,0.48,Mechanical Drawing Set,GENERAL_REUSE
IMP004148,A004148,U0495,SWAP,2025-10-08,1,0,488,0.61,Breadboard Kit,GENERAL_REUSE
IMP004149,A004149,U0922,SWAP,2025-09-06,1,0,1275,0.5,Soldering Iron Kit,GENERAL_REUSE
IMP004150,A004150,U0563,BORROW,2026-07-09,1,2,1885,0.58,External Hard Drive,GENERAL_REUSE
IMP004151,A004151,U0885,BORROW,2025-09-25,1,10,408,0.43,Arduino Kit,GENERAL_REUSE
IMP004152,A004152,U0952,BORROW,2026-06-23,1,21,136,0.34,Lab Coat,GENERAL_REUSE
IMP004153,A004153,U0733,BORROW,2025-12-30,0,10,0,0.0,External Hard Drive,GENERAL_REUSE
IMP004154,A004154,U0350,BORROW,2026-07-25,1,10,1140,0.76,Power Bank,GENERAL_REUSE
IMP004155,A004155,U0865,BORROW,2025-12-29,1,10,793,0.61,College Backpack,GENERAL_REUSE
IMP004156,A004156,U0317,SELL,2026-02-02,1,0,564,0.47,Screwdriver Set,GENERAL_REUSE
IMP004157,A004157,U0208,BORROW,2026-03-23,1,21,780,0.6,Webcam,GENERAL_REUSE
IMP004158,A004158,U0672,BORROW,2026-07-14,1,2,196,0.28,Presentation Clicker,GENERAL_REUSE
IMP004159,A004159,U0516,BORROW,2025-11-23,1,21,136,0.34,Ethernet Cable,GENERAL_REUSE
IMP004160,A004160,U0425,SWAP,2026-02-01,1,0,822,0.35,Engineering Drawing Kit,GENERAL_REUSE
IMP004161,A004161,U0843,SWAP,2026-02-10,1,0,621,0.46,Scientific Calculator,GENERAL_REUSE
IMP004162,A004162,U0550,GIVEAWAY,2025-09-19,1,0,1353,0.41,Vernier Caliper,GENERAL_REUSE
IMP004163,A004163,U0252,SWAP,2025-11-13,1,0,2695,0.49,External Hard Drive,GENERAL_REUSE
IMP004164,A004164,U0905,SWAP,2026-04-27,1,0,1025,0.41,Arduino Kit,GENERAL_REUSE
IMP004165,A004165,U0476,BORROW,2025-10-15,1,2,456,0.48,Calculator,EDUCATIONAL
IMP004166,A004166,U0754,GIVEAWAY,2025-12-17,1,0,364,0.81,Safety Goggles,GENERAL_REUSE
IMP004167,A004167,U0495,GIVEAWAY,2026-06-11,1,0,1314,0.71,Power Bank,GENERAL_REUSE
IMP004168,A004168,U0292,SWAP,2026-04-15,1,0,992,0.62,Screwdriver Set,GENERAL_REUSE
IMP004169,A004169,U0188,BORROW,2026-06-06,1,2,350,0.7,Breadboard Kit,GENERAL_REUSE
IMP004170,A004170,U0856,BORROW,2026-07-06,1,21,195,0.65,Breadboard Kit,GENERAL_REUSE
IMP004171,A004171,U0153,SWAP,2025-12-09,1,0,490,0.49,Bluetooth Keyboard,GENERAL_REUSE
IMP004172,A004172,U0140,BORROW,2026-07-07,1,5,285,0.38,USB Flash Drive,GENERAL_REUSE
IMP004173,A004173,U0856,GIVEAWAY,2026-01-24,1,0,390,0.52,Digital Multimeter,GENERAL_REUSE
IMP004174,A004174,U0966,SELL,2026-01-20,1,0,250,0.5,Digital Multimeter,GENERAL_REUSE
IMP004175,A004175,U0695,BORROW,2026-06-24,1,2,418,0.38,Desk Lamp,GENERAL_REUSE
IMP004176,A004176,U0350,SWAP,2026-01-26,1,0,624,0.43,Python Programming Book,GENERAL_REUSE
IMP004177,A004177,U0536,SELL,2026-07-27,1,0,493,0.34,USB-C Charger,GENERAL_REUSE
IMP004178,A004178,U0335,SWAP,2026-07-13,1,0,80,0.4,Graph Paper Pack,GENERAL_REUSE
IMP004179,A004179,U0979,SELL,2026-06-24,0,0,0,0.0,Desk Lamp,GENERAL_REUSE
IMP004180,A004180,U0091,BORROW,2025-11-10,1,14,475,0.5,Lab Coat,GENERAL_REUSE
IMP004181,A004181,U0113,GIVEAWAY,2026-04-04,1,0,568,0.71,Tripod,GENERAL_REUSE
IMP004182,A004182,U0054,SWAP,2026-04-11,1,0,91,0.26,Safety Goggles,GENERAL_REUSE
IMP004183,A004183,U0755,SELL,2025-12-22,0,0,0,0.0,Vernier Caliper,GENERAL_REUSE
IMP004184,A004184,U0270,SWAP,2025-09-29,1,0,672,0.56,Mechanical Drawing Set,GENERAL_REUSE
IMP004185,A004185,U0474,GIVEAWAY,2026-06-14,1,0,738,0.82,USB-C Charger,GENERAL_REUSE
IMP004186,A004186,U0300,BORROW,2025-09-22,1,14,504,0.53,Extension Board,GENERAL_REUSE
IMP004187,A004187,U0576,BORROW,2026-04-28,1,5,176,0.39,Textbook,GENERAL_REUSE
IMP004188,A004188,U0133,SELL,2026-06-11,1,0,620,0.4,Desk Lamp,GENERAL_REUSE
IMP004189,A004189,U0768,SELL,2026-02-23,1,0,1188,0.54,Power Bank,GENERAL_REUSE
IMP004190,A004190,U0217,SWAP,2025-11-02,1,0,850,0.63,Soldering Iron Kit,GENERAL_REUSE
IMP004191,A004191,U0640,BORROW,2025-10-17,1,7,842,0.51,Screwdriver Set,GENERAL_REUSE
IMP004192,A004192,U0401,GIVEAWAY,2025-10-23,1,0,288,0.64,Lab Coat,GENERAL_REUSE
IMP004193,A004193,U0826,SWAP,2026-03-21,1,0,610,0.33,Headphones,GENERAL_REUSE
IMP004194,A004194,U0246,BORROW,2025-10-03,0,3,0,0.0,Power Bank,GENERAL_REUSE
IMP004195,A004195,U0505,SWAP,2026-04-12,1,0,640,0.32,Scientific Calculator,GENERAL_REUSE
IMP004196,A004196,U0367,SELL,2026-03-04,1,0,1012,0.44,College Backpack,GENERAL_REUSE
IMP004197,A004197,U0678,SWAP,2026-07-02,0,0,0,0.0,Lab Coat,GENERAL_REUSE
IMP004198,A004198,U0180,GIVEAWAY,2026-05-26,1,0,594,0.41,Engineering Drawing Kit,GENERAL_REUSE
IMP004199,A004199,U0972,BORROW,2026-07-07,1,10,408,0.48,Presentation Clicker,GENERAL_REUSE
IMP004200,A004200,U0334,BORROW,2025-11-09,1,3,420,0.7,Extension Board,GENERAL_REUSE
IMP004201,A004201,U0098,BORROW,2026-01-16,0,3,0,0.0,Engineering Drawing Kit,GENERAL_REUSE
IMP004202,A004202,U0022,BORROW,2025-09-09,1,3,738,0.82,Drawing Board,GENERAL_REUSE
IMP004203,A004203,U0566,BORROW,2026-06-16,1,5,713,0.62,Engineering Drawing Kit,GENERAL_REUSE
IMP004204,A004204,U0972,GIVEAWAY,2025-12-23,1,0,672,0.42,Calculator,EDUCATIONAL
IMP004205,A004205,U0240,GIVEAWAY,2025-11-17,1,0,2272,0.64,Webcam,GENERAL_REUSE
IMP004206,A004206,U0354,BORROW,2025-09-28,1,21,152,0.38,Safety Goggles,GENERAL_REUSE
IMP004207,A004207,U0036,BORROW,2025-09-01,1,2,1092,0.84,Tripod,GENERAL_REUSE
IMP004208,A004208,U0128,BORROW,2026-05-26,1,7,518,0.74,Breadboard Kit,GENERAL_REUSE
IMP004209,A004209,U0954,BORROW,2026-04-30,1,2,649,0.59,Drawing Board,GENERAL_REUSE
IMP004210,A004210,U0981,BORROW,2025-10-26,1,2,207,0.46,Calculator,EDUCATIONAL
IMP004211,A004211,U0958,BORROW,2026-05-29,1,7,2400,0.8,Vernier Caliper,GENERAL_REUSE
IMP004212,A004212,U0738,GIVEAWAY,2025-11-08,0,0,0,0.0,Calculator,EDUCATIONAL
IMP004213,A004213,U0518,SELL,2026-03-17,1,0,400,0.5,Calculator,EDUCATIONAL
IMP004214,A004214,U0629,BORROW,2025-12-28,1,7,358,0.65,Textbook,GENERAL_REUSE
IMP004215,A004215,U0785,BORROW,2026-04-02,1,10,306,0.36,Python Programming Book,GENERAL_REUSE
IMP004216,A004216,U0023,BORROW,2025-10-10,1,10,765,0.51,Extension Board,GENERAL_REUSE
IMP004217,A004217,U0553,BORROW,2026-02-03,1,21,2296,0.82,Bluetooth Keyboard,GENERAL_REUSE
IMP004218,A004218,U0778,SELL,2026-05-18,1,0,609,0.42,Screwdriver Set,GENERAL_REUSE
IMP004219,A004219,U0847,BORROW,2025-09-27,1,3,3480,0.87,Vernier Caliper,GENERAL_REUSE
IMP004220,A004220,U0833,SWAP,2026-06-27,1,0,464,0.32,Python Programming Book,GENERAL_REUSE
IMP004221,A004221,U0528,GIVEAWAY,2026-05-24,1,0,504,0.53,Calculator,EDUCATIONAL
IMP004222,A004222,U0435,GIVEAWAY,2026-06-24,1,0,864,0.48,Vernier Caliper,GENERAL_REUSE
IMP004223,A004223,U0219,SWAP,2026-05-10,1,0,414,0.36,Engineering Drawing Kit,GENERAL_REUSE
IMP004224,A004224,U0006,SELL,2025-10-05,1,0,270,0.3,Lab Coat,GENERAL_REUSE
IMP004225,A004225,U0727,GIVEAWAY,2025-09-10,1,0,165,0.55,Ethernet Cable,GENERAL_REUSE
IMP004226,A004226,U0124,BORROW,2026-01-28,0,7,0,0.0,Calculator,EDUCATIONAL
IMP004227,A004227,U0145,GIVEAWAY,2026-04-28,1,0,59,0.59,Graph Paper Pack,GENERAL_REUSE
IMP004228,A004228,U0094,SELL,2025-09-18,0,0,0,0.0,HDMI Cable,GENERAL_REUSE
IMP004229,A004229,U0691,GIVEAWAY,2025-11-03,1,0,928,0.53,Tripod,GENERAL_REUSE
IMP004230,A004230,U0653,SELL,2025-09-19,1,0,84,0.24,Calculator,EDUCATIONAL
IMP004231,A004231,U0460,BORROW,2026-03-09,1,21,304,0.76,USB Flash Drive,GENERAL_REUSE
IMP004232,A004232,U0973,BORROW,2025-10-26,1,7,1282,0.45,Soldering Iron Kit,GENERAL_REUSE
IMP004233,A004233,U0880,BORROW,2026-07-20,1,7,1000,0.29,Headphones,GENERAL_REUSE
IMP004234,A004234,U0068,BORROW,2025-10-29,0,3,0,0.0,Vernier Caliper,GENERAL_REUSE
IMP004235,A004235,U0558,GIVEAWAY,2025-09-30,0,0,0,0.0,HDMI Cable,GENERAL_REUSE
IMP004236,A004236,U0687,GIVEAWAY,2025-12-20,1,0,1276,0.44,College Backpack,GENERAL_REUSE
IMP004237,A004237,U0548,GIVEAWAY,2026-07-27,1,0,270,0.6,Ethernet Cable,GENERAL_REUSE
IMP004238,A004238,U0191,BORROW,2026-05-18,1,10,102,0.29,Safety Goggles,GENERAL_REUSE
IMP004239,A004239,U0616,GIVEAWAY,2026-01-30,1,0,1040,0.77,Scientific Calculator,GENERAL_REUSE
IMP004240,A004240,U0380,SWAP,2026-04-23,1,0,105,0.3,Breadboard Kit,GENERAL_REUSE
IMP004241,A004241,U0950,SWAP,2026-01-27,1,0,870,0.6,Python Programming Book,GENERAL_REUSE
IMP004242,A004242,U0906,GIVEAWAY,2026-01-30,1,0,1134,0.36,Soldering Iron Kit,GENERAL_REUSE
IMP004243,A004243,U0637,GIVEAWAY,2026-01-07,1,0,832,0.45,Digital Multimeter,GENERAL_REUSE
IMP004244,A004244,U0804,SWAP,2026-03-21,1,0,130,0.26,HDMI Cable,GENERAL_REUSE
IMP004245,A004245,U0635,SWAP,2025-11-18,1,0,914,0.63,Mechanical Drawing Set,GENERAL_REUSE
IMP004246,A004246,U0734,BORROW,2025-10-10,1,7,850,0.85,Extension Board,GENERAL_REUSE
IMP004247,A004247,U0576,SWAP,2025-12-07,1,0,406,0.28,Presentation Clicker,GENERAL_REUSE
IMP004248,A004248,U0303,BORROW,2026-03-19,1,10,1740,0.71,Bluetooth Keyboard,GENERAL_REUSE
IMP004249,A004249,U0226,SELL,2026-04-03,1,0,833,0.49,USB-C Charger,GENERAL_REUSE
IMP004250,A004250,U0009,BORROW,2026-06-28,1,5,520,0.65,USB Flash Drive,GENERAL_REUSE
IMP004251,A004251,U0644,BORROW,2025-11-30,1,5,1250,0.51,Bluetooth Keyboard,GENERAL_REUSE
IMP004252,A004252,U0698,GIVEAWAY,2026-02-17,0,0,0,0.0,Ethernet Cable,GENERAL_REUSE
IMP004253,A004253,U0797,BORROW,2026-01-09,1,7,693,0.63,Extension Board,GENERAL_REUSE
IMP004254,A004254,U0819,BORROW,2026-04-13,1,10,980,0.56,Mechanical Drawing Set,GENERAL_REUSE
IMP004255,A004255,U0763,BORROW,2025-10-03,1,5,301,0.43,Breadboard Kit,GENERAL_REUSE
IMP004256,A004256,U0562,SWAP,2025-10-31,1,0,375,0.5,Lab Coat,GENERAL_REUSE
IMP004257,A004257,U0783,BORROW,2026-03-01,1,2,1827,0.63,College Backpack,GENERAL_REUSE
IMP004258,A004258,U0122,BORROW,2026-03-10,1,3,672,0.32,Presentation Clicker,GENERAL_REUSE
IMP004259,A004259,U0873,SWAP,2026-06-15,1,0,483,0.46,Scientific Calculator,GENERAL_REUSE
IMP004260,A004260,U0978,BORROW,2025-09-15,1,2,351,0.54,Drawing Board,GENERAL_REUSE
IMP004261,A004261,U0047,SWAP,2025-10-09,1,0,202,0.27,HDMI Cable,GENERAL_REUSE
IMP004262,A004262,U0747,BORROW,2025-10-17,1,7,1458,0.81,Vernier Caliper,GENERAL_REUSE
IMP004263,A004263,U0893,SWAP,2026-04-11,1,0,651,0.62,USB Flash Drive,GENERAL_REUSE
IMP004264,A004264,U0080,SWAP,2026-03-03,1,0,152,0.38,Ethernet Cable,GENERAL_REUSE
IMP004265,A004265,U0942,GIVEAWAY,2026-03-14,1,0,295,0.59,Desk Lamp,GENERAL_REUSE
IMP004266,A004266,U0544,SWAP,2026-05-10,1,0,456,0.48,Scientific Calculator,GENERAL_REUSE
IMP004267,A004267,U0911,GIVEAWAY,2026-05-02,1,0,1008,0.72,College Backpack,GENERAL_REUSE
IMP004268,A004268,U0795,SWAP,2025-09-04,1,0,615,0.3,USB-C Charger,GENERAL_REUSE
IMP004269,A004269,U0450,GIVEAWAY,2026-05-17,1,0,252,0.63,Screwdriver Set,GENERAL_REUSE
IMP004270,A004270,U0115,SELL,2025-11-22,1,0,441,0.21,Power Bank,GENERAL_REUSE
IMP004271,A004271,U0473,BORROW,2025-12-08,1,2,164,0.47,HDMI Cable,GENERAL_REUSE
IMP004272,A004272,U0812,SWAP,2026-01-24,1,0,1242,0.36,External Hard Drive,GENERAL_REUSE
IMP004273,A004273,U0233,GIVEAWAY,2026-01-15,1,0,768,0.48,USB-C Charger,GENERAL_REUSE
IMP004274,A004274,U0805,GIVEAWAY,2025-12-31,1,0,360,0.72,College Backpack,GENERAL_REUSE
IMP004275,A004275,U0568,SWAP,2026-02-13,1,0,440,0.55,Extension Board,GENERAL_REUSE
IMP004276,A004276,U0636,BORROW,2026-05-30,1,2,1517,0.74,Mechanical Drawing Set,GENERAL_REUSE
IMP004277,A004277,U0771,BORROW,2025-11-10,1,10,924,0.77,Extension Board,GENERAL_REUSE
IMP004278,A004278,U0152,SELL,2026-01-31,1,0,210,0.28,College Backpack,GENERAL_REUSE
IMP004279,A004279,U0179,GIVEAWAY,2026-04-24,1,0,284,0.63,Calculator,EDUCATIONAL
IMP004280,A004280,U0447,BORROW,2026-01-13,1,3,840,0.48,Arduino Kit,GENERAL_REUSE
IMP004281,A004281,U0899,BORROW,2026-07-22,1,10,284,0.81,Textbook,GENERAL_REUSE
IMP004282,A004282,U0830,BORROW,2026-07-24,1,21,332,0.39,Extension Board,GENERAL_REUSE
IMP004283,A004283,U0102,SELL,2026-07-17,0,0,0,0.0,Python Programming Book,GENERAL_REUSE
IMP004284,A004284,U0968,SELL,2026-07-18,1,0,370,0.39,Extension Board,GENERAL_REUSE
IMP004285,A004285,U0613,SWAP,2025-12-10,1,0,455,0.35,Bluetooth Keyboard,GENERAL_REUSE
IMP004286,A004286,U0090,SWAP,2026-06-20,1,0,1024,0.64,Engineering Drawing Kit,GENERAL_REUSE
IMP004287,A004287,U0531,SWAP,2026-02-07,1,0,2644,0.43,External Hard Drive,GENERAL_REUSE
IMP004288,A004288,U0514,BORROW,2026-07-06,1,10,1575,0.5,Soldering Iron Kit,GENERAL_REUSE
IMP004289,A004289,U0263,BORROW,2026-02-06,1,21,574,0.37,Desk Lamp,GENERAL_REUSE
IMP004290,A004290,U0408,BORROW,2025-12-28,1,3,261,0.87,Textbook,GENERAL_REUSE
IMP004291,A004291,U0508,BORROW,2026-07-08,1,2,189,0.27,Breadboard Kit,GENERAL_REUSE
IMP004292,A004292,U0726,SELL,2026-05-07,1,0,560,0.35,Arduino Kit,GENERAL_REUSE
IMP004293,A004293,U0427,BORROW,2026-05-20,1,21,564,0.47,Presentation Clicker,GENERAL_REUSE
IMP004294,A004294,U0449,BORROW,2026-07-16,1,7,2888,0.77,Webcam,GENERAL_REUSE
IMP004295,A004295,U0290,BORROW,2026-01-26,1,7,304,0.38,Python Programming Book,GENERAL_REUSE
IMP004296,A004296,U0736,BORROW,2026-04-12,1,14,105,0.3,Desk Lamp,GENERAL_REUSE
IMP004297,A004297,U0686,SELL,2026-03-10,1,0,790,0.31,Webcam,GENERAL_REUSE
IMP004298,A004298,U0650,BORROW,2026-02-17,0,3,0,0.0,Presentation Clicker,GENERAL_REUSE
IMP004299,A004299,U0941,SWAP,2026-07-12,0,0,0,0.0,Soldering Iron Kit,GENERAL_REUSE
IMP004300,A004300,U0243,GIVEAWAY,2025-09-13,1,0,264,0.44,Extension Board,GENERAL_REUSE
IMP004301,A004301,U0434,BORROW,2025-10-06,1,2,1015,0.35,Vernier Caliper,GENERAL_REUSE
IMP004302,A004302,U0625,BORROW,2026-02-14,1,14,231,0.33,Safety Goggles,GENERAL_REUSE
IMP004303,A004303,U0604,SWAP,2025-10-31,1,0,450,0.31,Desk Lamp,GENERAL_REUSE
IMP004304,A004304,U0462,BORROW,2026-01-14,1,5,838,0.39,Mechanical Drawing Set,GENERAL_REUSE
IMP004305,A004305,U0779,SWAP,2025-10-31,1,0,162,0.36,Calculator,EDUCATIONAL
IMP004306,A004306,U0024,GIVEAWAY,2026-06-28,1,0,512,0.64,HDMI Cable,GENERAL_REUSE
IMP004307,A004307,U0016,SWAP,2026-01-10,1,0,108,0.36,Textbook,GENERAL_REUSE
IMP004308,A004308,U0967,BORROW,2025-09-23,1,2,1152,0.48,Arduino Kit,GENERAL_REUSE
IMP004309,A004309,U0654,SWAP,2026-02-05,1,0,1104,0.48,Scientific Calculator,GENERAL_REUSE
IMP004310,A004310,U0991,BORROW,2026-05-17,1,3,78,0.39,Ethernet Cable,GENERAL_REUSE
IMP004311,A004311,U0260,SWAP,2026-03-20,1,0,204,0.34,Safety Goggles,GENERAL_REUSE
IMP004312,A004312,U0902,BORROW,2026-07-02,1,14,435,0.3,Tripod,GENERAL_REUSE
IMP004313,A004313,U0958,BORROW,2026-02-17,1,3,338,0.25,Arduino Kit,GENERAL_REUSE
IMP004314,A004314,U0673,BORROW,2026-03-11,1,3,156,0.39,Ethernet Cable,GENERAL_REUSE
IMP004315,A004315,U0257,BORROW,2025-10-11,1,2,506,0.44,Arduino Kit,GENERAL_REUSE
IMP004316,A004316,U0633,SELL,2025-12-11,1,0,513,0.38,Calculator,EDUCATIONAL
IMP004317,A004317,U0510,SWAP,2026-02-21,1,0,265,0.53,Ethernet Cable,GENERAL_REUSE
IMP004318,A004318,U0592,BORROW,2026-07-04,1,14,314,0.37,Extension Board,GENERAL_REUSE
IMP004319,A004319,U0244,BORROW,2026-04-29,1,14,880,0.22,Webcam,GENERAL_REUSE
IMP004320,A004320,U0137,GIVEAWAY,2026-07-09,1,0,553,0.79,Screwdriver Set,GENERAL_REUSE
IMP004321,A004321,U0852,SELL,2026-01-11,1,0,396,0.33,Engineering Drawing Kit,GENERAL_REUSE
IMP004322,A004322,U0185,BORROW,2026-02-19,1,5,2176,0.68,Bluetooth Keyboard,GENERAL_REUSE
IMP004323,A004323,U0773,GIVEAWAY,2026-01-03,1,0,426,0.71,Lab Coat,GENERAL_REUSE
IMP004324,A004324,U0895,BORROW,2026-06-04,1,5,78,0.52,Ethernet Cable,GENERAL_REUSE
IMP004325,A004325,U0029,BORROW,2025-10-07,1,2,740,0.74,Lab Coat,GENERAL_REUSE
IMP004326,A004326,U0614,BORROW,2025-12-22,1,21,1131,0.78,Bluetooth Keyboard,GENERAL_REUSE
IMP004327,A004327,U0443,BORROW,2026-03-24,1,3,4180,0.76,External Hard Drive,GENERAL_REUSE
IMP004328,A004328,U0743,BORROW,2025-09-08,1,14,413,0.59,Textbook,GENERAL_REUSE
IMP004329,A004329,U0752,BORROW,2025-12-10,1,7,391,0.46,Textbook,GENERAL_REUSE
IMP004330,A004330,U0560,BORROW,2026-06-11,1,5,1494,0.61,Scientific Calculator,GENERAL_REUSE
IMP004331,A004331,U0489,BORROW,2026-05-19,1,2,518,0.74,Mechanical Drawing Set,GENERAL_REUSE
IMP004332,A004332,U0814,BORROW,2025-09-04,1,3,162,0.65,HDMI Cable,GENERAL_REUSE
IMP004333,A004333,U0039,GIVEAWAY,2026-05-04,1,0,1325,0.53,Webcam,GENERAL_REUSE
IMP004334,A004334,U0469,BORROW,2026-06-05,1,14,1778,0.79,Webcam,GENERAL_REUSE
IMP004335,A004335,U0368,BORROW,2026-04-29,1,5,140,0.56,HDMI Cable,GENERAL_REUSE
IMP004336,A004336,U0486,BORROW,2026-07-23,1,21,1910,0.67,Soldering Iron Kit,GENERAL_REUSE
IMP004337,A004337,U0219,BORROW,2025-11-14,1,3,2400,0.8,Bluetooth Keyboard,GENERAL_REUSE
IMP004338,A004338,U0307,BORROW,2026-01-07,1,14,260,0.4,Tripod,GENERAL_REUSE
IMP004339,A004339,U0748,BORROW,2025-10-18,1,5,132,0.66,Graph Paper Pack,GENERAL_REUSE
IMP004340,A004340,U0174,SELL,2026-05-27,1,0,888,0.48,Mechanical Drawing Set,GENERAL_REUSE
IMP004341,A004341,U0908,SELL,2026-05-03,1,0,540,0.45,Textbook,GENERAL_REUSE
IMP004342,A004342,U0295,BORROW,2026-04-14,1,14,783,0.54,Drawing Board,GENERAL_REUSE
IMP004343,A004343,U0061,GIVEAWAY,2025-11-08,1,0,56,0.56,Graph Paper Pack,GENERAL_REUSE
IMP004344,A004344,U0642,BORROW,2025-11-10,1,3,1394,0.68,Mechanical Drawing Set,GENERAL_REUSE
IMP004345,A004345,U0517,SWAP,2025-09-10,1,0,48,0.48,Graph Paper Pack,GENERAL_REUSE
IMP004346,A004346,U0983,SWAP,2026-05-16,1,0,700,0.56,Desk Lamp,GENERAL_REUSE
IMP004347,A004347,U0101,GIVEAWAY,2025-12-11,1,0,916,0.47,College Backpack,GENERAL_REUSE
IMP004348,A004348,U0611,BORROW,2026-04-02,1,14,1050,0.6,Tripod,GENERAL_REUSE
IMP004349,A004349,U0803,BORROW,2025-10-19,1,2,890,0.89,Textbook,GENERAL_REUSE
IMP004350,A004350,U0834,SWAP,2025-12-15,1,0,1100,0.44,Vernier Caliper,GENERAL_REUSE
IMP004351,A004351,U0676,BORROW,2026-06-25,1,5,220,0.4,Extension Board,GENERAL_REUSE
IMP004352,A004352,U0544,BORROW,2025-10-21,0,21,0,0.0,Engineering Drawing Kit,GENERAL_REUSE
IMP004353,A004353,U0148,SWAP,2025-10-20,1,0,94,0.47,HDMI Cable,GENERAL_REUSE
IMP004354,A004354,U0543,GIVEAWAY,2026-02-15,1,0,540,0.47,Lab Coat,GENERAL_REUSE
IMP004355,A004355,U0532,BORROW,2026-07-12,1,2,342,0.57,College Backpack,GENERAL_REUSE
IMP004356,A004356,U0359,GIVEAWAY,2025-12-20,1,0,220,0.4,Safety Goggles,GENERAL_REUSE
IMP004357,A004357,U0177,SELL,2026-01-28,1,0,684,0.24,College Backpack,GENERAL_REUSE
IMP004358,A004358,U0384,BORROW,2026-06-10,1,14,2200,0.8,External Hard Drive,GENERAL_REUSE
IMP004359,A004359,U0151,GIVEAWAY,2026-01-02,1,0,1638,0.84,Tripod,GENERAL_REUSE
IMP004360,A004360,U0481,SWAP,2026-06-02,1,0,612,0.49,Calculator,EDUCATIONAL
IMP004361,A004361,U0390,BORROW,2026-01-11,1,2,1044,0.87,Textbook,GENERAL_REUSE
IMP004362,A004362,U0529,SWAP,2026-01-19,1,0,1496,0.44,External Hard Drive,GENERAL_REUSE
IMP004363,A004363,U0414,BORROW,2025-10-15,1,7,608,0.76,Engineering Drawing Kit,GENERAL_REUSE
IMP004364,A004364,U0014,BORROW,2025-10-06,1,7,630,0.63,Scientific Calculator,GENERAL_REUSE
IMP004365,A004365,U0751,GIVEAWAY,2026-02-03,1,0,79,0.79,Graph Paper Pack,GENERAL_REUSE
IMP004366,A004366,U0611,SELL,2026-04-12,1,0,870,0.3,Soldering Iron Kit,GENERAL_REUSE
IMP004367,A004367,U0213,BORROW,2026-06-16,1,14,276,0.23,Engineering Drawing Kit,GENERAL_REUSE
IMP004368,A004368,U0691,GIVEAWAY,2026-07-06,1,0,450,0.45,Python Programming Book,GENERAL_REUSE
IMP004369,A004369,U0036,SWAP,2026-04-05,1,0,1054,0.62,Mechanical Drawing Set,GENERAL_REUSE
IMP004370,A004370,U0019,SELL,2026-05-18,1,0,494,0.43,Presentation Clicker,GENERAL_REUSE
IMP004371,A004371,U0980,BORROW,2025-11-05,1,2,2082,0.85,Headphones,GENERAL_REUSE
IMP004372,A004372,U0063,BORROW,2025-10-19,1,21,205,0.41,Safety Goggles,GENERAL_REUSE
IMP004373,A004373,U0925,BORROW,2025-10-30,1,21,1170,0.45,Soldering Iron Kit,GENERAL_REUSE
IMP004374,A004374,U0434,BORROW,2025-09-27,1,10,2862,0.59,Vernier Caliper,GENERAL_REUSE
IMP004375,A004375,U0887,GIVEAWAY,2026-02-04,0,0,0,0.0,Engineering Drawing Kit,GENERAL_REUSE
IMP004376,A004376,U0975,BORROW,2026-05-17,1,21,144,0.41,USB Flash Drive,GENERAL_REUSE
IMP004377,A004377,U0915,BORROW,2026-07-02,1,14,883,0.57,Drawing Board,GENERAL_REUSE
IMP004378,A004378,U0715,BORROW,2025-09-23,1,21,384,0.24,Screwdriver Set,GENERAL_REUSE
IMP004379,A004379,U0743,BORROW,2025-10-16,0,2,0,0.0,Soldering Iron Kit,GENERAL_REUSE
IMP004380,A004380,U0605,GIVEAWAY,2025-12-08,1,0,640,0.64,Headphones,GENERAL_REUSE
IMP004381,A004381,U0612,GIVEAWAY,2025-12-04,1,0,657,0.73,Tripod,GENERAL_REUSE
IMP004382,A004382,U0434,SELL,2026-04-21,1,0,627,0.38,Screwdriver Set,GENERAL_REUSE
IMP004383,A004383,U0350,SELL,2026-03-25,1,0,1269,0.47,Arduino Kit,GENERAL_REUSE
IMP004384,A004384,U0642,BORROW,2026-03-08,1,5,188,0.47,Lab Coat,GENERAL_REUSE
IMP004385,A004385,U0149,BORROW,2026-01-06,1,10,1680,0.8,USB-C Charger,GENERAL_REUSE
IMP004386,A004386,U0311,GIVEAWAY,2026-05-17,1,0,2301,0.78,Bluetooth Keyboard,GENERAL_REUSE
IMP004387,A004387,U0219,BORROW,2025-11-10,1,21,162,0.25,Python Programming Book,GENERAL_REUSE
IMP004388,A004388,U0685,SWAP,2026-01-07,1,0,1088,0.64,Scientific Calculator,GENERAL_REUSE
IMP004389,A004389,U0323,SELL,2026-05-05,1,0,1375,0.55,Vernier Caliper,GENERAL_REUSE
IMP004390,A004390,U0595,GIVEAWAY,2025-10-17,1,0,2982,0.71,External Hard Drive,GENERAL_REUSE
IMP004391,A004391,U0878,BORROW,2025-11-05,1,2,760,0.49,Power Bank,GENERAL_REUSE
IMP004392,A004392,U0599,GIVEAWAY,2025-09-14,1,0,190,0.76,Ethernet Cable,GENERAL_REUSE
IMP004393,A004393,U0271,SELL,2026-03-20,0,0,0,0.0,Arduino Kit,GENERAL_REUSE
IMP004394,A004394,U0674,BORROW,2026-05-17,1,10,160,0.4,Safety Goggles,GENERAL_REUSE
IMP004395,A004395,U0701,SWAP,2026-03-08,1,0,507,0.29,Calculator,EDUCATIONAL
IMP004396,A004396,U0186,GIVEAWAY,2026-05-28,1,0,779,0.41,Mechanical Drawing Set,GENERAL_REUSE
IMP004397,A004397,U0062,BORROW,2026-03-09,1,5,567,0.42,Calculator,EDUCATIONAL
IMP004398,A004398,U0018,SELL,2025-12-16,1,0,330,0.22,Drawing Board,GENERAL_REUSE
IMP004399,A004399,U0243,GIVEAWAY,2026-03-13,1,0,882,0.49,Scientific Calculator,GENERAL_REUSE
IMP004400,A004400,U0345,GIVEAWAY,2026-05-11,1,0,1276,0.69,Digital Multimeter,GENERAL_REUSE
IMP004401,A004401,U0534,BORROW,2026-06-23,1,3,73,0.73,Graph Paper Pack,GENERAL_REUSE
IMP004402,A004402,U0090,SWAP,2026-07-16,1,0,87,0.58,Graph Paper Pack,GENERAL_REUSE
IMP004403,A004403,U0117,BORROW,2026-01-25,1,10,83,0.83,Graph Paper Pack,GENERAL_REUSE
IMP004404,A004404,U0494,GIVEAWAY,2026-05-17,1,0,434,0.51,USB Flash Drive,GENERAL_REUSE
IMP004405,A004405,U0013,SELL,2026-07-06,1,0,208,0.26,USB Flash Drive,GENERAL_REUSE
IMP004406,A004406,U0958,SWAP,2026-04-28,1,0,286,0.26,Scientific Calculator,GENERAL_REUSE
IMP004407,A004407,U0919,GIVEAWAY,2026-06-01,1,0,728,0.52,Screwdriver Set,GENERAL_REUSE
IMP004408,A004408,U0391,BORROW,2025-09-11,1,5,1662,0.25,External Hard Drive,GENERAL_REUSE
IMP004409,A004409,U0722,GIVEAWAY,2026-01-06,1,0,546,0.84,HDMI Cable,GENERAL_REUSE
IMP004410,A004410,U0326,SWAP,2025-11-07,1,0,1180,0.59,Engineering Drawing Kit,GENERAL_REUSE
IMP004411,A004411,U0060,BORROW,2025-12-23,1,10,32,0.32,Graph Paper Pack,GENERAL_REUSE
IMP004412,A004412,U0729,SWAP,2026-04-19,1,0,288,0.36,Power Bank,GENERAL_REUSE
IMP004413,A004413,U0157,SWAP,2025-11-17,0,0,0,0.0,Ethernet Cable,GENERAL_REUSE
IMP004414,A004414,U0628,BORROW,2025-11-09,1,21,1369,0.74,Digital Multimeter,GENERAL_REUSE
IMP004415,A004415,U0652,BORROW,2025-10-11,1,2,945,0.45,Vernier Caliper,GENERAL_REUSE
IMP004416,A004416,U0330,BORROW,2025-11-20,1,2,913,0.83,Digital Multimeter,GENERAL_REUSE
IMP004417,A004417,U0473,BORROW,2026-05-30,1,10,306,0.68,Screwdriver Set,GENERAL_REUSE
IMP004418,A004418,U0904,BORROW,2026-06-30,1,10,708,0.59,Presentation Clicker,GENERAL_REUSE
IMP004419,A004419,U0549,BORROW,2026-07-17,1,7,343,0.49,Soldering Iron Kit,GENERAL_REUSE
IMP004420,A004420,U0351,BORROW,2026-01-08,1,21,220,0.21,Tripod,GENERAL_REUSE
IMP004421,A004421,U0535,BORROW,2025-11-27,1,2,840,0.8,Textbook,GENERAL_REUSE
IMP004422,A004422,U0148,BORROW,2025-10-22,1,7,3120,0.6,External Hard Drive,GENERAL_REUSE
IMP004423,A004423,U0338,BORROW,2025-09-10,1,21,423,0.47,Calculator,EDUCATIONAL
IMP004424,A004424,U0025,SWAP,2026-06-22,1,0,343,0.49,Textbook,GENERAL_REUSE
IMP004425,A004425,U0054,SWAP,2026-06-01,1,0,168,0.42,Breadboard Kit,GENERAL_REUSE
IMP004426,A004426,U0853,BORROW,2025-11-19,1,7,217,0.29,Screwdriver Set,GENERAL_REUSE
IMP004427,A004427,U0934,BORROW,2026-07-28,1,2,455,0.26,Calculator,EDUCATIONAL
IMP004428,A004428,U0155,SWAP,2026-02-11,1,0,867,0.34,Arduino Kit,GENERAL_REUSE
IMP004429,A004429,U0859,GIVEAWAY,2025-11-07,1,0,820,0.4,Arduino Kit,GENERAL_REUSE
IMP004430,A004430,U0868,GIVEAWAY,2026-01-28,1,0,1458,0.81,Screwdriver Set,GENERAL_REUSE
IMP004431,A004431,U0391,BORROW,2026-04-23,1,14,99,0.66,Graph Paper Pack,GENERAL_REUSE
IMP004432,A004432,U0956,BORROW,2025-12-22,1,7,833,0.49,Python Programming Book,GENERAL_REUSE
IMP004433,A004433,U0038,SWAP,2025-09-17,1,0,385,0.35,USB-C Charger,GENERAL_REUSE
IMP004434,A004434,U0168,BORROW,2026-04-22,1,5,390,0.41,Extension Board,GENERAL_REUSE
IMP004435,A004435,U0438,BORROW,2026-02-27,1,5,480,0.64,HDMI Cable,GENERAL_REUSE
IMP004436,A004436,U0609,SWAP,2026-06-06,1,0,306,0.47,Textbook,GENERAL_REUSE
IMP004437,A004437,U0996,BORROW,2025-09-17,1,2,304,0.32,Python Programming Book,GENERAL_REUSE
IMP004438,A004438,U0581,BORROW,2026-01-29,1,5,118,0.79,Graph Paper Pack,GENERAL_REUSE
IMP004439,A004439,U0808,BORROW,2026-01-21,1,10,225,0.25,USB Flash Drive,GENERAL_REUSE
IMP004440,A004440,U0068,BORROW,2025-12-25,1,14,1728,0.27,External Hard Drive,GENERAL_REUSE
IMP004441,A004441,U0520,BORROW,2025-10-21,1,5,1120,0.8,Python Programming Book,GENERAL_REUSE
IMP004442,A004442,U0651,BORROW,2026-01-22,1,5,2008,0.39,External Hard Drive,GENERAL_REUSE
IMP004443,A004443,U0895,GIVEAWAY,2026-05-11,1,0,430,0.41,Screwdriver Set,GENERAL_REUSE
IMP004444,A004444,U0339,GIVEAWAY,2025-12-18,1,0,416,0.52,Python Programming Book,GENERAL_REUSE
IMP004445,A004445,U0672,BORROW,2025-09-21,1,2,403,0.31,Soldering Iron Kit,GENERAL_REUSE
IMP004446,A004446,U0896,GIVEAWAY,2026-01-04,1,0,1518,0.44,External Hard Drive,GENERAL_REUSE
IMP004447,A004447,U0590,SWAP,2026-04-11,1,0,900,0.4,Engineering Drawing Kit,GENERAL_REUSE
IMP004448,A004448,U0152,GIVEAWAY,2025-09-04,1,0,378,0.36,USB-C Charger,GENERAL_REUSE
IMP004449,A004449,U0008,BORROW,2025-10-16,1,5,908,0.55,Digital Multimeter,GENERAL_REUSE
IMP004450,A004450,U0903,GIVEAWAY,2026-01-26,1,0,186,0.62,Textbook,GENERAL_REUSE
IMP004451,A004451,U0163,SWAP,2026-02-06,1,0,742,0.53,Screwdriver Set,GENERAL_REUSE
IMP004452,A004452,U0915,BORROW,2025-12-24,1,2,3070,0.69,Vernier Caliper,GENERAL_REUSE
IMP004453,A004453,U0389,GIVEAWAY,2026-05-28,1,0,914,0.63,Digital Multimeter,GENERAL_REUSE
IMP004454,A004454,U0623,SWAP,2026-02-05,1,0,123,0.41,Safety Goggles,GENERAL_REUSE
IMP004455,A004455,U0330,GIVEAWAY,2025-10-28,1,0,2340,0.52,Vernier Caliper,GENERAL_REUSE
IMP004456,A004456,U0716,GIVEAWAY,2026-06-03,1,0,936,0.48,Webcam,GENERAL_REUSE
IMP004457,A004457,U0119,BORROW,2025-12-07,1,10,1106,0.79,Extension Board,GENERAL_REUSE
IMP004458,A004458,U0460,BORROW,2026-04-29,1,2,150,0.43,Screwdriver Set,GENERAL_REUSE
IMP004459,A004459,U0437,BORROW,2026-02-25,1,5,78,0.31,Safety Goggles,GENERAL_REUSE
IMP004460,A004460,U0705,GIVEAWAY,2026-06-11,1,0,2390,0.81,College Backpack,GENERAL_REUSE
IMP004461,A004461,U0521,BORROW,2025-10-07,1,10,335,0.67,Presentation Clicker,GENERAL_REUSE
IMP004462,A004462,U0453,SELL,2026-02-12,1,0,348,0.29,Headphones,GENERAL_REUSE
IMP004463,A004463,U0185,GIVEAWAY,2026-02-21,1,0,744,0.48,Python Programming Book,GENERAL_REUSE
IMP004464,A004464,U0519,SELL,2025-12-08,1,0,574,0.41,Bluetooth Keyboard,GENERAL_REUSE
IMP004465,A004465,U0678,SWAP,2026-05-23,0,0,0,0.0,Power Bank,GENERAL_REUSE
IMP004466,A004466,U0910,SWAP,2026-02-13,1,0,1219,0.53,Scientific Calculator,GENERAL_REUSE
IMP004467,A004467,U0970,BORROW,2025-10-13,0,5,0,0.0,Webcam,GENERAL_REUSE
IMP004468,A004468,U0322,BORROW,2026-04-22,1,2,155,0.31,Python Programming Book,GENERAL_REUSE
IMP004469,A004469,U0198,SELL,2026-05-12,0,0,0,0.0,Webcam,GENERAL_REUSE
IMP004470,A004470,U0459,BORROW,2026-02-26,1,14,450,0.6,Lab Coat,GENERAL_REUSE
IMP004471,A004471,U0005,SELL,2026-05-31,1,0,285,0.38,Presentation Clicker,GENERAL_REUSE
IMP004472,A004472,U0296,BORROW,2026-04-29,1,21,189,0.21,USB Flash Drive,GENERAL_REUSE
IMP004473,A004473,U0834,BORROW,2025-11-28,1,5,662,0.53,Presentation Clicker,GENERAL_REUSE
IMP004474,A004474,U0721,BORROW,2026-05-27,1,7,418,0.27,Python Programming Book,GENERAL_REUSE
IMP004475,A004475,U0648,BORROW,2025-10-17,0,14,0,0.0,USB Flash Drive,GENERAL_REUSE
IMP004476,A004476,U0827,BORROW,2025-09-23,1,3,399,0.57,USB Flash Drive,GENERAL_REUSE
IMP004477,A004477,U0957,SWAP,2026-04-16,0,0,0,0.0,USB-C Charger,GENERAL_REUSE
IMP004478,A004478,U0370,SWAP,2026-03-15,1,0,116,0.58,Breadboard Kit,GENERAL_REUSE
IMP004479,A004479,U0950,SELL,2025-12-18,1,0,609,0.42,Presentation Clicker,GENERAL_REUSE
IMP004480,A004480,U0915,SELL,2026-05-18,1,0,437,0.46,Mechanical Drawing Set,GENERAL_REUSE
IMP004481,A004481,U0880,GIVEAWAY,2026-04-22,1,0,1162,0.75,Calculator,EDUCATIONAL
IMP004482,A004482,U0681,SELL,2025-10-24,1,0,315,0.3,Tripod,GENERAL_REUSE
IMP004483,A004483,U0621,SELL,2026-01-22,1,0,560,0.4,USB-C Charger,GENERAL_REUSE
IMP004484,A004484,U0107,SELL,2026-03-23,1,0,20,0.39,Graph Paper Pack,GENERAL_REUSE
IMP004485,A004485,U0067,GIVEAWAY,2026-07-19,1,0,455,0.65,Screwdriver Set,GENERAL_REUSE
IMP004486,A004486,U0065,BORROW,2025-10-04,1,14,208,0.32,Safety Goggles,GENERAL_REUSE
IMP004487,A004487,U0532,GIVEAWAY,2026-05-09,1,0,1382,0.79,Presentation Clicker,GENERAL_REUSE
IMP004488,A004488,U0986,BORROW,2026-03-09,1,3,946,0.86,Extension Board,GENERAL_REUSE
IMP004489,A004489,U0758,BORROW,2026-04-07,1,10,833,0.49,Screwdriver Set,GENERAL_REUSE
IMP004490,A004490,U0303,BORROW,2026-07-08,1,21,102,0.41,USB Flash Drive,GENERAL_REUSE
IMP004491,A004491,U0176,BORROW,2026-05-02,1,21,540,0.9,College Backpack,GENERAL_REUSE
IMP004492,A004492,U0925,SWAP,2026-06-19,1,0,425,0.34,Python Programming Book,GENERAL_REUSE
IMP004493,A004493,U0345,BORROW,2026-01-14,1,5,200,0.4,Safety Goggles,GENERAL_REUSE
IMP004494,A004494,U0137,SELL,2026-05-10,1,0,23,0.23,Graph Paper Pack,GENERAL_REUSE
IMP004495,A004495,U0152,BORROW,2026-05-14,1,7,648,0.24,College Backpack,GENERAL_REUSE
IMP004496,A004496,U0460,SWAP,2026-07-07,1,0,377,0.26,Calculator,EDUCATIONAL
IMP004497,A004497,U0195,BORROW,2026-01-16,1,3,308,0.28,Mechanical Drawing Set,GENERAL_REUSE
IMP004498,A004498,U0616,SELL,2025-11-25,1,0,437,0.38,Textbook,GENERAL_REUSE
IMP004499,A004499,U0880,SWAP,2025-09-24,1,0,290,0.58,Breadboard Kit,GENERAL_REUSE
IMP004500,A004500,U0198,GIVEAWAY,2025-11-04,1,0,819,0.78,Calculator,EDUCATIONAL
IMP004501,A004501,U0884,SELL,2026-04-26,1,0,130,0.26,Extension Board,GENERAL_REUSE
IMP004502,A004502,U0909,BORROW,2025-11-28,1,3,1290,0.89,Bluetooth Keyboard,GENERAL_REUSE
IMP004503,A004503,U0400,SWAP,2025-09-05,1,0,2112,0.33,External Hard Drive,GENERAL_REUSE
IMP004504,A004504,U0196,GIVEAWAY,2025-12-22,1,0,427,0.61,Desk Lamp,GENERAL_REUSE
IMP004505,A004505,U0687,BORROW,2026-04-26,0,7,0,0.0,Breadboard Kit,GENERAL_REUSE
IMP004506,A004506,U0804,GIVEAWAY,2026-01-21,1,0,1701,0.81,Presentation Clicker,GENERAL_REUSE
IMP004507,A004507,U0038,BORROW,2026-03-11,1,2,300,0.24,Soldering Iron Kit,GENERAL_REUSE
IMP004508,A004508,U0795,BORROW,2026-05-28,1,21,1380,0.89,Webcam,GENERAL_REUSE
IMP004509,A004509,U0473,BORROW,2026-03-08,1,14,348,0.58,Drawing Board,GENERAL_REUSE
IMP004510,A004510,U0091,SELL,2025-09-07,1,0,918,0.51,Digital Multimeter,GENERAL_REUSE
IMP004511,A004511,U0506,BORROW,2026-03-14,1,21,341,0.62,USB-C Charger,GENERAL_REUSE
IMP004512,A004512,U0623,BORROW,2026-06-12,1,5,1584,0.72,Bluetooth Keyboard,GENERAL_REUSE
IMP004513,A004513,U0329,BORROW,2025-12-23,1,7,434,0.51,Scientific Calculator,GENERAL_REUSE
IMP004514,A004514,U0226,GIVEAWAY,2025-09-08,1,0,371,0.53,Breadboard Kit,GENERAL_REUSE
IMP004515,A004515,U0402,GIVEAWAY,2026-04-23,1,0,18,0.36,Graph Paper Pack,GENERAL_REUSE
IMP004516,A004516,U0350,SWAP,2025-09-06,1,0,1850,0.5,Webcam,GENERAL_REUSE
IMP004517,A004517,U0999,SELL,2025-09-26,1,0,885,0.3,Soldering Iron Kit,GENERAL_REUSE
IMP004518,A004518,U0053,BORROW,2025-09-01,1,3,53,0.53,Graph Paper Pack,GENERAL_REUSE
IMP004519,A004519,U0358,BORROW,2025-09-06,1,7,729,0.54,Vernier Caliper,GENERAL_REUSE
IMP004520,A004520,U0428,BORROW,2025-12-05,0,21,0,0.0,Desk Lamp,GENERAL_REUSE
IMP004521,A004521,U0410,BORROW,2026-02-14,1,2,494,0.47,Textbook,GENERAL_REUSE
IMP004522,A004522,U0766,SWAP,2025-12-30,0,0,0,0.0,Soldering Iron Kit,GENERAL_REUSE
IMP004523,A004523,U0232,BORROW,2026-07-05,1,10,169,0.26,Safety Goggles,GENERAL_REUSE
IMP004524,A004524,U0203,SWAP,2026-02-13,1,0,261,0.58,Ethernet Cable,GENERAL_REUSE
IMP004525,A004525,U0472,SWAP,2026-05-18,1,0,609,0.29,Bluetooth Keyboard,GENERAL_REUSE
IMP004526,A004526,U0918,BORROW,2025-09-19,1,3,812,0.65,Drawing Board,GENERAL_REUSE
IMP004527,A004527,U0038,SWAP,2026-01-12,1,0,364,0.26,Python Programming Book,GENERAL_REUSE
IMP004528,A004528,U0215,GIVEAWAY,2026-02-20,0,0,0,0.0,Breadboard Kit,GENERAL_REUSE
IMP004529,A004529,U0713,BORROW,2026-05-31,1,7,1840,0.8,Bluetooth Keyboard,GENERAL_REUSE
IMP004530,A004530,U0285,BORROW,2025-10-05,1,5,790,0.79,Extension Board,GENERAL_REUSE
IMP004531,A004531,U0992,SELL,2025-12-23,1,0,342,0.36,Tripod,GENERAL_REUSE
IMP004532,A004532,U0807,SELL,2025-12-03,1,0,682,0.31,Vernier Caliper,GENERAL_REUSE
IMP004533,A004533,U0185,SELL,2026-01-23,1,0,192,0.24,Drawing Board,GENERAL_REUSE
IMP004534,A004534,U0343,BORROW,2025-10-16,1,7,320,0.71,Calculator,EDUCATIONAL
IMP004535,A004535,U0878,SWAP,2026-03-25,1,0,320,0.64,Textbook,GENERAL_REUSE
IMP004536,A004536,U0843,GIVEAWAY,2026-01-14,1,0,520,0.52,Python Programming Book,GENERAL_REUSE
IMP004537,A004537,U0428,BORROW,2026-06-08,1,21,1155,0.77,Arduino Kit,GENERAL_REUSE
IMP004538,A004538,U0821,BORROW,2026-06-01,0,3,0,0.0,HDMI Cable,GENERAL_REUSE
IMP004539,A004539,U0809,BORROW,2025-09-16,1,2,1116,0.62,Mechanical Drawing Set,GENERAL_REUSE
IMP004540,A004540,U0162,BORROW,2026-04-02,1,5,279,0.62,Screwdriver Set,GENERAL_REUSE
IMP004541,A004541,U0798,SELL,2026-01-28,1,0,192,0.32,HDMI Cable,GENERAL_REUSE
IMP004542,A004542,U0470,SWAP,2025-12-02,1,0,2170,0.62,External Hard Drive,GENERAL_REUSE
IMP004543,A004543,U0332,BORROW,2026-03-26,1,10,867,0.34,College Backpack,GENERAL_REUSE
IMP004544,A004544,U0989,SWAP,2025-12-29,1,0,758,0.41,Headphones,GENERAL_REUSE
IMP004545,A004545,U0172,BORROW,2026-05-12,1,2,682,0.65,Lab Coat,GENERAL_REUSE
IMP004546,A004546,U0577,BORROW,2026-02-14,1,10,624,0.48,Presentation Clicker,GENERAL_REUSE
IMP004547,A004547,U0330,SWAP,2025-11-25,0,0,0,0.0,Mechanical Drawing Set,GENERAL_REUSE
IMP004548,A004548,U0889,GIVEAWAY,2026-02-18,1,0,663,0.51,Mechanical Drawing Set,GENERAL_REUSE
IMP004549,A004549,U0624,SELL,2025-09-01,1,0,72,0.48,Graph Paper Pack,GENERAL_REUSE
IMP004550,A004550,U0490,BORROW,2025-12-29,0,14,0,0.0,Mechanical Drawing Set,GENERAL_REUSE
IMP004551,A004551,U0842,SELL,2026-05-18,1,0,484,0.51,Extension Board,GENERAL_REUSE
IMP004552,A004552,U0811,BORROW,2026-06-09,1,10,200,0.5,Textbook,GENERAL_REUSE
IMP004553,A004553,U0162,BORROW,2026-06-09,1,2,486,0.81,Drawing Board,GENERAL_REUSE
IMP004554,A004554,U0465,BORROW,2026-03-21,1,7,708,0.24,Soldering Iron Kit,GENERAL_REUSE
IMP004555,A004555,U0992,SWAP,2026-03-30,1,0,930,0.62,Bluetooth Keyboard,GENERAL_REUSE
IMP004556,A004556,U0701,SWAP,2025-12-02,0,0,0,0.0,HDMI Cable,GENERAL_REUSE
IMP004557,A004557,U0564,SELL,2026-01-18,1,0,108,0.27,Screwdriver Set,GENERAL_REUSE
IMP004558,A004558,U0233,BORROW,2026-07-08,1,14,230,0.23,Desk Lamp,GENERAL_REUSE
IMP004559,A004559,U0895,BORROW,2025-10-24,1,3,1694,0.77,Headphones,GENERAL_REUSE
IMP004560,A004560,U0375,BORROW,2026-06-16,1,7,472,0.41,Desk Lamp,GENERAL_REUSE
IMP004561,A004561,U0588,BORROW,2026-02-02,1,10,396,0.61,Lab Coat,GENERAL_REUSE
IMP004562,A004562,U0348,BORROW,2025-12-20,1,7,88,0.25,HDMI Cable,GENERAL_REUSE
IMP004563,A004563,U0813,SELL,2026-07-27,1,0,380,0.4,Soldering Iron Kit,GENERAL_REUSE
IMP004564,A004564,U0556,GIVEAWAY,2025-11-06,1,0,320,0.64,HDMI Cable,GENERAL_REUSE
IMP004565,A004565,U0752,GIVEAWAY,2026-04-14,1,0,504,0.36,Tripod,GENERAL_REUSE
IMP004566,A004566,U0733,BORROW,2025-09-14,1,21,256,0.57,Calculator,EDUCATIONAL
IMP004567,A004567,U0507,BORROW,2026-07-14,1,3,460,0.4,Extension Board,GENERAL_REUSE
IMP004568,A004568,U0217,SWAP,2026-05-01,1,0,2356,0.62,External Hard Drive,GENERAL_REUSE
IMP004569,A004569,U0448,BORROW,2026-07-23,1,21,319,0.29,Presentation Clicker,GENERAL_REUSE
IMP004570,A004570,U0782,BORROW,2026-02-02,1,7,429,0.66,Breadboard Kit,GENERAL_REUSE
IMP004571,A004571,U0707,GIVEAWAY,2026-07-09,1,0,1040,0.65,Soldering Iron Kit,GENERAL_REUSE
IMP004572,A004572,U0168,SELL,2025-09-05,0,0,0,0.0,Breadboard Kit,GENERAL_REUSE
IMP004573,A004573,U0008,BORROW,2026-03-16,1,10,412,0.33,Desk Lamp,GENERAL_REUSE
IMP004574,A004574,U0787,BORROW,2025-10-22,1,2,978,0.85,Desk Lamp,GENERAL_REUSE
IMP004575,A004575,U0673,BORROW,2026-01-11,1,14,338,0.45,Lab Coat,GENERAL_REUSE
IMP004576,A004576,U0326,GIVEAWAY,2026-07-06,1,0,297,0.54,Lab Coat,GENERAL_REUSE
IMP004577,A004577,U0677,BORROW,2026-04-25,1,7,193,0.55,Lab Coat,GENERAL_REUSE
IMP004578,A004578,U0798,SWAP,2025-10-05,1,0,112,0.25,Ethernet Cable,GENERAL_REUSE
IMP004579,A004579,U0683,BORROW,2026-06-02,1,2,672,0.32,Tripod,GENERAL_REUSE
IMP004580,A004580,U0161,BORROW,2026-06-10,1,7,504,0.72,Breadboard Kit,GENERAL_REUSE
IMP004581,A004581,U0140,SWAP,2026-02-05,1,0,308,0.56,Ethernet Cable,GENERAL_REUSE
IMP004582,A004582,U0199,BORROW,2026-01-22,1,5,1681,0.57,Soldering Iron Kit,GENERAL_REUSE
IMP004583,A004583,U0549,SWAP,2026-05-08,1,0,1586,0.52,Vernier Caliper,GENERAL_REUSE
IMP004584,A004584,U0638,SWAP,2025-10-29,1,0,1050,0.6,Tripod,GENERAL_REUSE
IMP004585,A004585,U0648,SELL,2026-03-10,1,0,770,0.44,Screwdriver Set,GENERAL_REUSE
IMP004586,A004586,U0598,SWAP,2026-02-10,1,0,329,0.47,Presentation Clicker,GENERAL_REUSE
IMP004587,A004587,U0497,BORROW,2025-12-19,0,2,0,0.0,Lab Coat,GENERAL_REUSE
IMP004588,A004588,U0426,BORROW,2026-01-06,1,2,483,0.46,Textbook,GENERAL_REUSE
IMP004589,A004589,U0436,BORROW,2026-03-28,1,7,522,0.87,HDMI Cable,GENERAL_REUSE
IMP004590,A004590,U0953,SELL,2026-07-12,1,0,585,0.45,Drawing Board,GENERAL_REUSE
IMP004591,A004591,U0389,BORROW,2026-01-11,1,14,466,0.49,Calculator,EDUCATIONAL
IMP004592,A004592,U0581,SELL,2026-03-26,1,0,114,0.38,HDMI Cable,GENERAL_REUSE
IMP004593,A004593,U0214,BORROW,2026-02-19,1,14,1224,0.79,Soldering Iron Kit,GENERAL_REUSE
IMP004594,A004594,U0969,SELL,2026-03-27,1,0,938,0.28,Soldering Iron Kit,GENERAL_REUSE
IMP004595,A004595,U0056,SWAP,2026-04-18,1,0,52,0.26,HDMI Cable,GENERAL_REUSE
IMP004596,A004596,U0396,SWAP,2026-05-20,1,0,575,0.5,Mechanical Drawing Set,GENERAL_REUSE
IMP004597,A004597,U0162,SWAP,2026-01-04,1,0,130,0.37,USB Flash Drive,GENERAL_REUSE
IMP004598,A004598,U0354,BORROW,2025-11-07,1,10,377,0.29,Calculator,EDUCATIONAL
IMP004599,A004599,U0849,SWAP,2026-06-17,1,0,150,0.43,Calculator,EDUCATIONAL
IMP004600,A004600,U0466,BORROW,2025-09-28,1,14,300,0.4,Lab Coat,GENERAL_REUSE
IMP004601,A004601,U0585,GIVEAWAY,2025-12-10,1,0,390,0.41,Python Programming Book,GENERAL_REUSE
IMP004602,A004602,U0351,BORROW,2026-06-26,1,14,448,0.23,Webcam,GENERAL_REUSE
IMP004603,A004603,U0517,SWAP,2025-10-19,1,0,520,0.4,College Backpack,GENERAL_REUSE
IMP004604,A004604,U0219,SWAP,2026-03-07,1,0,2596,0.44,Vernier Caliper,GENERAL_REUSE
IMP004605,A004605,U0486,BORROW,2026-07-19,1,2,308,0.44,Digital Multimeter,GENERAL_REUSE
IMP004606,A004606,U0468,SELL,2026-05-02,1,0,676,0.41,Screwdriver Set,GENERAL_REUSE
IMP004607,A004607,U0695,SWAP,2026-03-05,1,0,609,0.58,USB Flash Drive,GENERAL_REUSE
IMP004608,A004608,U0283,SWAP,2025-10-04,0,0,0,0.0,USB-C Charger,GENERAL_REUSE
IMP004609,A004609,U0640,SWAP,2026-01-10,1,0,341,0.62,Ethernet Cable,GENERAL_REUSE
IMP004610,A004610,U0301,BORROW,2026-05-20,1,3,360,0.2,Power Bank,GENERAL_REUSE
IMP004611,A004611,U0139,SELL,2026-05-23,1,0,790,0.31,Bluetooth Keyboard,GENERAL_REUSE
IMP004612,A004612,U0206,SELL,2025-09-21,1,0,286,0.22,Extension Board,GENERAL_REUSE
IMP004613,A004613,U0077,BORROW,2026-05-28,0,7,0,0.0,Headphones,GENERAL_REUSE
IMP004614,A004614,U0977,BORROW,2026-05-13,1,7,450,0.6,Python Programming Book,GENERAL_REUSE
IMP004615,A004615,U0981,SELL,2025-11-13,1,0,256,0.27,Calculator,EDUCATIONAL
IMP004616,A004616,U0721,BORROW,2026-06-25,1,21,75,0.25,Textbook,GENERAL_REUSE
IMP004617,A004617,U0757,GIVEAWAY,2025-11-25,1,0,438,0.35,Headphones,GENERAL_REUSE
IMP004618,A004618,U0068,BORROW,2025-12-27,1,3,270,0.49,USB-C Charger,GENERAL_REUSE
IMP004619,A004619,U0085,BORROW,2026-02-15,1,21,375,0.25,Power Bank,GENERAL_REUSE
IMP004620,A004620,U0175,SWAP,2025-09-21,1,0,171,0.38,Ethernet Cable,GENERAL_REUSE
IMP004621,A004621,U0953,SELL,2026-07-24,1,0,572,0.52,USB Flash Drive,GENERAL_REUSE
IMP004622,A004622,U0438,SELL,2026-06-26,1,0,186,0.31,Presentation Clicker,GENERAL_REUSE
IMP004623,A004623,U0396,SWAP,2026-04-03,1,0,558,0.62,Bluetooth Keyboard,GENERAL_REUSE
IMP004624,A004624,U0226,BORROW,2026-03-24,1,14,45,0.3,Safety Goggles,GENERAL_REUSE
IMP004625,A004625,U0531,SELL,2026-06-10,1,0,152,0.38,Scientific Calculator,GENERAL_REUSE
IMP004626,A004626,U0674,BORROW,2026-05-13,1,14,390,0.3,Calculator,EDUCATIONAL
IMP004627,A004627,U0513,BORROW,2026-05-05,1,5,662,0.63,Extension Board,GENERAL_REUSE
IMP004628,A004628,U0010,BORROW,2025-11-07,1,7,638,0.75,Drawing Board,GENERAL_REUSE
IMP004629,A004629,U0296,BORROW,2025-12-25,1,10,2664,0.72,Webcam,GENERAL_REUSE
IMP004630,A004630,U0105,SWAP,2026-06-25,1,0,945,0.63,Bluetooth Keyboard,GENERAL_REUSE
IMP004631,A004631,U0609,BORROW,2025-09-22,1,10,472,0.63,Extension Board,GENERAL_REUSE
IMP004632,A004632,U0289,BORROW,2025-10-02,1,7,812,0.28,Headphones,GENERAL_REUSE
IMP004633,A004633,U0551,BORROW,2026-01-27,1,21,59,0.59,Graph Paper Pack,GENERAL_REUSE
IMP004634,A004634,U0572,BORROW,2025-11-08,1,10,315,0.21,Power Bank,GENERAL_REUSE
IMP004635,A004635,U0081,BORROW,2025-09-22,1,10,536,0.67,Digital Multimeter,GENERAL_REUSE
IMP004636,A004636,U0332,BORROW,2026-06-17,1,21,897,0.46,Mechanical Drawing Set,GENERAL_REUSE
IMP004637,A004637,U0246,GIVEAWAY,2026-04-25,1,0,1558,0.82,Arduino Kit,GENERAL_REUSE
IMP004638,A004638,U0619,BORROW,2026-04-12,1,10,1638,0.84,Power Bank,GENERAL_REUSE
IMP004639,A004639,U0574,SELL,2026-03-11,1,0,135,0.45,USB Flash Drive,GENERAL_REUSE
IMP004640,A004640,U0863,BORROW,2026-02-08,1,21,308,0.77,Ethernet Cable,GENERAL_REUSE
IMP004641,A004641,U0079,GIVEAWAY,2026-04-25,1,0,688,0.43,College Backpack,GENERAL_REUSE
IMP004642,A004642,U0401,BORROW,2026-05-11,1,2,90,0.6,HDMI Cable,GENERAL_REUSE
IMP004643,A004643,U0031,SELL,2026-02-17,0,0,0,0.0,Digital Multimeter,GENERAL_REUSE
IMP004644,A004644,U0757,BORROW,2025-09-03,1,7,1104,0.32,Headphones,GENERAL_REUSE
IMP004645,A004645,U0204,BORROW,2026-01-05,1,10,680,0.8,Tripod,GENERAL_REUSE
IMP004646,A004646,U0500,BORROW,2025-10-30,1,5,315,0.7,Textbook,GENERAL_REUSE
IMP004647,A004647,U0795,BORROW,2026-03-10,1,10,297,0.22,USB-C Charger,GENERAL_REUSE
IMP004648,A004648,U0090,GIVEAWAY,2026-02-02,1,0,492,0.41,Engineering Drawing Kit,GENERAL_REUSE
IMP004649,A004649,U0190,BORROW,2026-07-16,1,5,224,0.56,Calculator,EDUCATIONAL
IMP004650,A004650,U0300,BORROW,2026-05-03,1,7,1377,0.81,Bluetooth Keyboard,GENERAL_REUSE
IMP004651,A004651,U0969,SWAP,2026-07-12,1,0,826,0.57,Bluetooth Keyboard,GENERAL_REUSE
IMP004652,A004652,U0863,SWAP,2025-11-03,1,0,189,0.27,Breadboard Kit,GENERAL_REUSE
IMP004653,A004653,U0058,SWAP,2026-04-05,1,0,222,0.37,Drawing Board,GENERAL_REUSE
IMP004654,A004654,U0836,SWAP,2025-09-11,1,0,1210,0.59,Mechanical Drawing Set,GENERAL_REUSE
IMP004655,A004655,U0603,SWAP,2026-06-17,1,0,490,0.49,Textbook,GENERAL_REUSE
IMP004656,A004656,U0974,SELL,2026-07-23,1,0,230,0.51,Textbook,GENERAL_REUSE
IMP004657,A004657,U0409,BORROW,2025-11-05,1,5,792,0.66,Lab Coat,GENERAL_REUSE
IMP004658,A004658,U0205,GIVEAWAY,2026-06-12,1,0,200,0.4,Safety Goggles,GENERAL_REUSE
IMP004659,A004659,U0117,BORROW,2026-04-24,1,14,344,0.53,Mechanical Drawing Set,GENERAL_REUSE
IMP004660,A004660,U0170,BORROW,2026-02-04,1,21,931,0.49,Webcam,GENERAL_REUSE
IMP004661,A004661,U0240,SELL,2026-06-09,1,0,186,0.31,Breadboard Kit,GENERAL_REUSE
IMP004662,A004662,U0566,BORROW,2026-06-03,1,2,2160,0.4,Vernier Caliper,GENERAL_REUSE
IMP004663,A004663,U0062,SELL,2025-09-10,1,0,272,0.34,Python Programming Book,GENERAL_REUSE
IMP004664,A004664,U0172,SWAP,2025-10-08,0,0,0,0.0,Arduino Kit,GENERAL_REUSE
IMP004665,A004665,U0516,GIVEAWAY,2026-04-19,1,0,559,0.43,USB-C Charger,GENERAL_REUSE
IMP004666,A004666,U0634,SELL,2025-10-12,0,0,0,0.0,Engineering Drawing Kit,GENERAL_REUSE
IMP004667,A004667,U0144,SELL,2026-05-08,1,0,246,0.29,Drawing Board,GENERAL_REUSE
IMP004668,A004668,U0157,SWAP,2026-03-18,1,0,434,0.28,Power Bank,GENERAL_REUSE
IMP004669,A004669,U0771,SWAP,2025-10-27,1,0,495,0.45,Python Programming Book,GENERAL_REUSE
IMP004670,A004670,U0871,GIVEAWAY,2026-06-19,1,0,1014,0.78,Digital Multimeter,GENERAL_REUSE
IMP004671,A004671,U0622,BORROW,2025-11-29,1,14,1764,0.72,Vernier Caliper,GENERAL_REUSE
IMP004672,A004672,U0765,BORROW,2026-02-15,1,14,2194,0.33,External Hard Drive,GENERAL_REUSE
IMP004673,A004673,U0139,SWAP,2026-06-02,1,0,675,0.54,Bluetooth Keyboard,GENERAL_REUSE
IMP004674,A004674,U0089,SELL,2025-11-27,1,0,846,0.47,Digital Multimeter,GENERAL_REUSE
IMP004675,A004675,U0313,SWAP,2026-02-06,1,0,214,0.33,Breadboard Kit,GENERAL_REUSE
IMP004676,A004676,U0554,BORROW,2026-06-06,1,3,793,0.61,Presentation Clicker,GENERAL_REUSE
IMP004677,A004677,U0986,SELL,2026-04-16,1,0,216,0.36,USB Flash Drive,GENERAL_REUSE
IMP004678,A004678,U0213,SWAP,2025-12-09,1,0,108,0.36,Ethernet Cable,GENERAL_REUSE
IMP004679,A004679,U0936,SWAP,2025-11-19,0,0,0,0.0,Extension Board,GENERAL_REUSE
IMP004680,A004680,U0022,SWAP,2026-01-18,1,0,1653,0.57,College Backpack,GENERAL_REUSE
IMP004681,A004681,U0784,SELL,2025-09-14,1,0,192,0.32,Extension Board,GENERAL_REUSE
IMP004682,A004682,U0914,BORROW,2026-03-22,1,10,387,0.43,Drawing Board,GENERAL_REUSE
IMP004683,A004683,U0427,GIVEAWAY,2026-02-06,1,0,696,0.58,Scientific Calculator,GENERAL_REUSE
IMP004684,A004684,U0427,SELL,2025-11-02,1,0,446,0.47,Scientific Calculator,GENERAL_REUSE
IMP004685,A004685,U0040,BORROW,2026-02-28,1,10,4322,0.67,External Hard Drive,GENERAL_REUSE
IMP004686,A004686,U0345,BORROW,2026-04-13,1,14,1215,0.27,External Hard Drive,GENERAL_REUSE
IMP004687,A004687,U0244,BORROW,2025-11-18,1,14,3306,0.87,Webcam,GENERAL_REUSE
IMP004688,A004688,U0359,GIVEAWAY,2025-10-20,1,0,430,0.43,Presentation Clicker,GENERAL_REUSE
IMP004689,A004689,U0066,GIVEAWAY,2025-09-14,1,0,570,0.67,Lab Coat,GENERAL_REUSE
IMP004690,A004690,U0076,SWAP,2026-07-02,1,0,442,0.52,Lab Coat,GENERAL_REUSE
IMP004691,A004691,U0364,GIVEAWAY,2026-04-05,1,0,525,0.5,Desk Lamp,GENERAL_REUSE
IMP004692,A004692,U0234,SWAP,2026-04-04,1,0,682,0.62,USB Flash Drive,GENERAL_REUSE
IMP004693,A004693,U0931,SWAP,2026-01-07,1,0,480,0.6,Drawing Board,GENERAL_REUSE
IMP004694,A004694,U0694,SELL,2026-04-20,1,0,1419,0.43,Arduino Kit,GENERAL_REUSE
IMP004695,A004695,U0944,SELL,2026-01-17,1,0,392,0.28,Extension Board,GENERAL_REUSE
IMP004696,A004696,U0908,BORROW,2025-11-13,1,14,546,0.42,Soldering Iron Kit,GENERAL_REUSE
IMP004697,A004697,U0894,SWAP,2026-05-09,1,0,944,0.59,Bluetooth Keyboard,GENERAL_REUSE
IMP004698,A004698,U0267,SWAP,2025-12-19,1,0,336,0.28,USB Flash Drive,GENERAL_REUSE
IMP004699,A004699,U0202,BORROW,2026-01-18,1,2,999,0.37,College Backpack,GENERAL_REUSE
IMP004700,A004700,U0276,BORROW,2025-11-08,1,7,474,0.73,Lab Coat,GENERAL_REUSE
IMP004701,A004701,U0277,BORROW,2025-10-30,1,14,2340,0.65,Webcam,GENERAL_REUSE
IMP004702,A004702,U0783,SELL,2025-11-06,1,0,298,0.35,Textbook,GENERAL_REUSE
IMP004703,A004703,U0539,BORROW,2026-03-06,1,14,478,0.29,Presentation Clicker,GENERAL_REUSE
IMP004704,A004704,U0538,GIVEAWAY,2026-02-22,1,0,120,0.8,Ethernet Cable,GENERAL_REUSE
IMP004705,A004705,U0352,SELL,2026-06-12,1,0,210,0.3,Screwdriver Set,GENERAL_REUSE
IMP004706,A004706,U0791,BORROW,2026-06-24,1,21,1404,0.78,Headphones,GENERAL_REUSE
IMP004707,A004707,U0131,BORROW,2026-05-22,1,14,1036,0.74,Tripod,GENERAL_REUSE
IMP004708,A004708,U0746,SWAP,2026-04-28,1,0,770,0.44,USB-C Charger,GENERAL_REUSE
IMP004709,A004709,U0278,BORROW,2025-11-25,1,3,512,0.64,Textbook,GENERAL_REUSE
IMP004710,A004710,U0932,GIVEAWAY,2026-07-18,1,0,1314,0.73,College Backpack,GENERAL_REUSE
IMP004711,A004711,U0182,BORROW,2026-05-18,0,7,0,0.0,Screwdriver Set,GENERAL_REUSE
IMP004712,A004712,U0094,BORROW,2025-11-19,1,21,225,0.45,Ethernet Cable,GENERAL_REUSE
IMP004713,A004713,U0390,GIVEAWAY,2025-12-06,1,0,68,0.45,Graph Paper Pack,GENERAL_REUSE
IMP004714,A004714,U0039,BORROW,2025-12-04,1,3,446,0.27,USB-C Charger,GENERAL_REUSE
IMP004715,A004715,U0053,BORROW,2025-09-12,1,10,1421,0.49,Soldering Iron Kit,GENERAL_REUSE
IMP004716,A004716,U0507,BORROW,2026-06-02,1,14,345,0.23,Calculator,EDUCATIONAL
IMP004717,A004717,U0310,SWAP,2026-06-06,1,0,1197,0.63,Arduino Kit,GENERAL_REUSE
IMP004718,A004718,U0017,BORROW,2025-11-20,1,10,1872,0.72,Headphones,GENERAL_REUSE
IMP004719,A004719,U0106,SELL,2026-07-07,1,0,416,0.32,Headphones,GENERAL_REUSE
IMP004720,A004720,U0447,SELL,2026-03-19,1,0,528,0.48,Textbook,GENERAL_REUSE
IMP004721,A004721,U0837,SELL,2025-12-13,1,0,796,0.43,Digital Multimeter,GENERAL_REUSE
IMP004722,A004722,U0206,SWAP,2026-01-07,1,0,387,0.43,Lab Coat,GENERAL_REUSE
IMP004723,A004723,U0177,SWAP,2025-11-17,1,0,362,0.29,Screwdriver Set,GENERAL_REUSE
IMP004724,A004724,U0221,BORROW,2026-07-05,1,2,1498,0.81,Engineering Drawing Kit,GENERAL_REUSE
IMP004725,A004725,U0230,BORROW,2025-10-31,1,5,314,0.37,Python Programming Book,GENERAL_REUSE
IMP004726,A004726,U0686,BORROW,2025-12-09,1,3,204,0.51,Textbook,GENERAL_REUSE
IMP004727,A004727,U0037,SELL,2026-07-02,0,0,0,0.0,Extension Board,GENERAL_REUSE
IMP004728,A004728,U0269,BORROW,2026-05-19,1,14,1050,0.42,Tripod,GENERAL_REUSE
IMP004729,A004729,U0520,BORROW,2026-02-14,1,10,472,0.41,Desk Lamp,GENERAL_REUSE
IMP004730,A004730,U0826,SWAP,2026-03-13,1,0,450,0.31,Screwdriver Set,GENERAL_REUSE
IMP004731,A004731,U0613,BORROW,2026-01-23,1,21,352,0.32,Engineering Drawing Kit,GENERAL_REUSE
IMP004732,A004732,U0074,SWAP,2026-01-17,1,0,136,0.34,Lab Coat,GENERAL_REUSE
IMP004733,A004733,U0467,SELL,2025-12-04,1,0,285,0.38,College Backpack,GENERAL_REUSE
IMP004734,A004734,U0212,SELL,2026-03-31,1,0,1225,0.5,Headphones,GENERAL_REUSE
IMP004735,A004735,U0792,BORROW,2026-04-14,1,7,368,0.49,Breadboard Kit,GENERAL_REUSE
IMP004736,A004736,U0660,GIVEAWAY,2025-12-22,1,0,407,0.74,Ethernet Cable,GENERAL_REUSE
IMP004737,A004737,U0230,SWAP,2026-06-26,1,0,656,0.41,Python Programming Book,GENERAL_REUSE
IMP004738,A004738,U0793,GIVEAWAY,2026-03-18,1,0,112,0.75,Breadboard Kit,GENERAL_REUSE
IMP004739,A004739,U0026,BORROW,2025-12-25,1,2,100,0.67,Graph Paper Pack,GENERAL_REUSE
IMP004740,A004740,U0443,SWAP,2026-07-22,1,0,180,0.45,Breadboard Kit,GENERAL_REUSE
IMP004741,A004741,U0577,SELL,2026-05-12,1,0,414,0.46,Lab Coat,GENERAL_REUSE
IMP004742,A004742,U0058,SWAP,2025-12-10,1,0,736,0.32,Soldering Iron Kit,GENERAL_REUSE
IMP004743,A004743,U0596,BORROW,2026-06-12,1,3,312,0.78,Breadboard Kit,GENERAL_REUSE
IMP004744,A004744,U0186,GIVEAWAY,2026-04-13,1,0,390,0.6,Breadboard Kit,GENERAL_REUSE
IMP004745,A004745,U0159,BORROW,2026-07-18,1,14,115,0.23,Safety Goggles,GENERAL_REUSE
IMP004746,A004746,U0089,GIVEAWAY,2025-11-26,1,0,836,0.44,Presentation Clicker,GENERAL_REUSE
IMP004747,A004747,U0905,GIVEAWAY,2026-03-08,1,0,168,0.67,HDMI Cable,GENERAL_REUSE
IMP004748,A004748,U0314,BORROW,2026-01-06,1,14,368,0.49,Breadboard Kit,GENERAL_REUSE
IMP004749,A004749,U0349,BORROW,2025-12-05,1,3,600,0.75,Drawing Board,GENERAL_REUSE
IMP004750,A004750,U0631,SWAP,2025-12-01,1,0,315,0.63,Ethernet Cable,GENERAL_REUSE
IMP004751,A004751,U0304,BORROW,2025-11-18,1,2,546,0.78,Mechanical Drawing Set,GENERAL_REUSE
IMP004752,A004752,U0520,BORROW,2025-12-13,1,5,132,0.88,Graph Paper Pack,GENERAL_REUSE
IMP004753,A004753,U0512,BORROW,2026-05-11,1,7,1452,0.88,Calculator,EDUCATIONAL
IMP004754,A004754,U0249,BORROW,2026-06-01,1,21,336,0.61,Textbook,GENERAL_REUSE
IMP004755,A004755,U0172,SELL,2026-06-08,1,0,610,0.37,Screwdriver Set,GENERAL_REUSE
IMP004756,A004756,U0772,BORROW,2025-11-16,0,14,0,0.0,Soldering Iron Kit,GENERAL_REUSE
IMP004757,A004757,U0284,BORROW,2026-01-31,1,10,462,0.21,Engineering Drawing Kit,GENERAL_REUSE
IMP004758,A004758,U0140,GIVEAWAY,2025-09-18,1,0,2438,0.65,Webcam,GENERAL_REUSE
IMP004759,A004759,U0769,BORROW,2026-04-14,1,5,206,0.59,Ethernet Cable,GENERAL_REUSE
IMP004760,A004760,U0995,SELL,2025-11-02,0,0,0,0.0,Desk Lamp,GENERAL_REUSE
IMP004761,A004761,U0419,SELL,2025-10-13,1,0,342,0.36,Textbook,GENERAL_REUSE
IMP004762,A004762,U0794,BORROW,2026-01-22,1,14,706,0.83,Presentation Clicker,GENERAL_REUSE
IMP004763,A004763,U0020,GIVEAWAY,2025-11-06,1,0,34,0.69,Graph Paper Pack,GENERAL_REUSE
IMP004764,A004764,U0661,BORROW,2026-03-26,0,14,0,0.0,Extension Board,GENERAL_REUSE
IMP004765,A004765,U0498,BORROW,2025-11-17,1,2,525,0.5,Bluetooth Keyboard,GENERAL_REUSE
IMP004766,A004766,U0306,SWAP,2026-03-17,1,0,826,0.59,Presentation Clicker,GENERAL_REUSE
IMP004767,A004767,U0786,BORROW,2026-05-22,1,7,972,0.54,Mechanical Drawing Set,GENERAL_REUSE
IMP004768,A004768,U0784,BORROW,2026-02-07,1,10,1978,0.46,Vernier Caliper,GENERAL_REUSE
IMP004769,A004769,U0733,GIVEAWAY,2026-03-31,0,0,0,0.0,Tripod,GENERAL_REUSE
IMP004770,A004770,U0842,GIVEAWAY,2026-04-28,1,0,645,0.43,Mechanical Drawing Set,GENERAL_REUSE
IMP004771,A004771,U0497,BORROW,2025-11-11,1,5,332,0.51,Extension Board,GENERAL_REUSE
IMP004772,A004772,U0527,GIVEAWAY,2025-12-30,1,0,609,0.58,Webcam,GENERAL_REUSE
IMP004773,A004773,U0409,BORROW,2026-05-28,1,10,782,0.46,Scientific Calculator,GENERAL_REUSE
IMP004774,A004774,U0686,BORROW,2025-09-13,1,3,396,0.61,Lab Coat,GENERAL_REUSE
IMP004775,A004775,U0387,BORROW,2026-05-04,0,7,0,0.0,Mechanical Drawing Set,GENERAL_REUSE
IMP004776,A004776,U0682,BORROW,2025-09-26,1,5,476,0.68,Breadboard Kit,GENERAL_REUSE
IMP004777,A004777,U0626,BORROW,2026-04-18,1,5,870,0.29,Webcam,GENERAL_REUSE
IMP004778,A004778,U0239,BORROW,2026-03-31,1,21,616,0.77,Extension Board,GENERAL_REUSE
IMP004779,A004779,U0321,BORROW,2026-04-05,1,7,696,0.58,Extension Board,GENERAL_REUSE
IMP004780,A004780,U0571,SELL,2026-02-10,1,0,441,0.21,Mechanical Drawing Set,GENERAL_REUSE
IMP004781,A004781,U0323,BORROW,2026-01-26,1,5,456,0.57,Extension Board,GENERAL_REUSE
IMP004782,A004782,U0097,BORROW,2025-10-04,1,21,690,0.6,Arduino Kit,GENERAL_REUSE
IMP004783,A004783,U0609,GIVEAWAY,2026-03-16,1,0,576,0.36,Digital Multimeter,GENERAL_REUSE
IMP004784,A004784,U0625,GIVEAWAY,2025-12-04,1,0,48,0.48,Graph Paper Pack,GENERAL_REUSE
IMP004785,A004785,U0562,BORROW,2025-10-20,1,3,855,0.9,Desk Lamp,GENERAL_REUSE
IMP004786,A004786,U0316,BORROW,2026-04-06,1,2,874,0.46,Arduino Kit,GENERAL_REUSE
IMP004787,A004787,U0708,BORROW,2026-02-07,1,7,126,0.42,Textbook,GENERAL_REUSE
IMP004788,A004788,U0934,BORROW,2025-09-12,1,3,832,0.64,College Backpack,GENERAL_REUSE
IMP004789,A004789,U0161,GIVEAWAY,2026-03-06,1,0,861,0.42,Mechanical Drawing Set,GENERAL_REUSE
IMP004790,A004790,U0600,GIVEAWAY,2026-06-30,1,0,288,0.72,Extension Board,GENERAL_REUSE
IMP004791,A004791,U0368,BORROW,2026-03-21,1,14,735,0.49,Tripod,GENERAL_REUSE
IMP004792,A004792,U0774,BORROW,2026-01-14,1,2,942,0.65,Mechanical Drawing Set,GENERAL_REUSE
IMP004793,A004793,U0667,BORROW,2026-06-28,0,7,0,0.0,Drawing Board,GENERAL_REUSE
IMP004794,A004794,U0174,GIVEAWAY,2026-03-20,1,0,1209,0.62,USB-C Charger,GENERAL_REUSE
IMP004795,A004795,U0326,SWAP,2025-10-25,1,0,725,0.5,Scientific Calculator,GENERAL_REUSE
IMP004796,A004796,U0266,GIVEAWAY,2026-05-16,1,0,581,0.83,Mechanical Drawing Set,GENERAL_REUSE
IMP004797,A004797,U0748,BORROW,2026-04-25,1,2,684,0.24,Arduino Kit,GENERAL_REUSE
IMP004798,A004798,U0588,SWAP,2026-05-04,1,0,2566,0.59,Vernier Caliper,GENERAL_REUSE
IMP004799,A004799,U0815,SWAP,2025-11-24,1,0,338,0.26,Presentation Clicker,GENERAL_REUSE
IMP004800,A004800,U0460,GIVEAWAY,2026-03-14,1,0,690,0.46,Engineering Drawing Kit,GENERAL_REUSE
IMP004801,A004801,U0159,BORROW,2025-12-10,1,21,1681,0.82,Digital Multimeter,GENERAL_REUSE
IMP004802,A004802,U0659,SWAP,2025-12-26,0,0,0,0.0,USB-C Charger,GENERAL_REUSE
IMP004803,A004803,U0984,BORROW,2026-02-24,1,7,201,0.67,USB Flash Drive,GENERAL_REUSE
IMP004804,A004804,U0256,SELL,2026-06-06,1,0,637,0.49,Calculator,EDUCATIONAL
IMP004805,A004805,U0360,BORROW,2025-11-07,0,7,0,0.0,Soldering Iron Kit,GENERAL_REUSE
IMP004806,A004806,U0798,BORROW,2025-09-29,1,5,737,0.67,Extension Board,GENERAL_REUSE
IMP004807,A004807,U0023,BORROW,2026-03-24,1,10,71,0.71,Graph Paper Pack,GENERAL_REUSE
IMP004808,A004808,U0172,SWAP,2026-01-30,1,0,1364,0.31,Webcam,GENERAL_REUSE
IMP004809,A004809,U0323,BORROW,2025-12-23,1,7,382,0.45,Textbook,GENERAL_REUSE
IMP004810,A004810,U0315,BORROW,2026-01-22,1,7,871,0.67,Python Programming Book,GENERAL_REUSE
IMP004811,A004811,U0785,SWAP,2026-04-13,1,0,916,0.47,College Backpack,GENERAL_REUSE
IMP004812,A004812,U0136,GIVEAWAY,2026-07-15,1,0,1162,0.75,Extension Board,GENERAL_REUSE
IMP004813,A004813,U0031,GIVEAWAY,2026-05-08,1,0,256,0.64,Ethernet Cable,GENERAL_REUSE
IMP004814,A004814,U0991,BORROW,2025-10-30,1,2,2040,0.48,Webcam,GENERAL_REUSE
IMP004815,A004815,U0815,GIVEAWAY,2026-01-16,1,0,414,0.69,College Backpack,GENERAL_REUSE
IMP004816,A004816,U0214,SWAP,2025-11-14,1,0,114,0.57,Ethernet Cable,GENERAL_REUSE
IMP004817,A004817,U0456,SWAP,2025-11-05,1,0,559,0.26,Digital Multimeter,GENERAL_REUSE
IMP004818,A004818,U0693,GIVEAWAY,2026-02-07,1,0,792,0.66,Tripod,GENERAL_REUSE
IMP004819,A004819,U0402,BORROW,2026-05-05,1,2,324,0.54,HDMI Cable,GENERAL_REUSE
IMP004820,A004820,U0540,BORROW,2025-11-04,1,21,170,0.31,Screwdriver Set,GENERAL_REUSE
IMP004821,A004821,U0292,BORROW,2025-10-21,1,21,418,0.76,Screwdriver Set,GENERAL_REUSE
IMP004822,A004822,U0002,GIVEAWAY,2025-11-26,1,0,705,0.47,College Backpack,GENERAL_REUSE
IMP004823,A004823,U0556,SWAP,2025-11-26,1,0,1541,0.46,Bluetooth Keyboard,GENERAL_REUSE
IMP004824,A004824,U0425,GIVEAWAY,2025-09-14,1,0,45,0.45,Graph Paper Pack,GENERAL_REUSE
IMP004825,A004825,U0804,BORROW,2025-10-29,1,3,938,0.67,Arduino Kit,GENERAL_REUSE
IMP004826,A004826,U0775,SELL,2026-05-26,1,0,782,0.46,Desk Lamp,GENERAL_REUSE
IMP004827,A004827,U0423,SWAP,2026-01-25,1,0,1425,0.3,Vernier Caliper,GENERAL_REUSE
IMP004828,A004828,U0325,SWAP,2026-02-17,1,0,583,0.53,Screwdriver Set,GENERAL_REUSE
IMP004829,A004829,U0157,BORROW,2025-10-04,1,7,102,0.41,Ethernet Cable,GENERAL_REUSE
IMP004830,A004830,U0544,BORROW,2026-03-25,1,3,1189,0.58,Mechanical Drawing Set,GENERAL_REUSE
IMP004831,A004831,U0804,SELL,2025-10-31,1,0,1073,0.29,Webcam,GENERAL_REUSE
IMP004832,A004832,U0601,GIVEAWAY,2025-10-03,1,0,1079,0.83,College Backpack,GENERAL_REUSE
IMP004833,A004833,U0130,SWAP,2025-11-21,1,0,258,0.43,Power Bank,GENERAL_REUSE
IMP004834,A004834,U0071,BORROW,2025-10-17,1,10,1763,0.82,Presentation Clicker,GENERAL_REUSE
IMP004835,A004835,U0290,SELL,2026-01-06,1,0,351,0.54,College Backpack,GENERAL_REUSE
IMP004836,A004836,U0894,BORROW,2025-11-27,1,3,1335,0.89,Extension Board,GENERAL_REUSE
IMP004837,A004837,U0702,BORROW,2025-11-23,1,7,874,0.23,External Hard Drive,GENERAL_REUSE
IMP004838,A004838,U0236,SWAP,2025-12-31,1,0,84,0.28,Extension Board,GENERAL_REUSE
IMP004839,A004839,U0362,BORROW,2026-06-23,1,3,1088,0.75,Mechanical Drawing Set,GENERAL_REUSE
IMP004840,A004840,U0369,BORROW,2025-12-10,0,7,0,0.0,Webcam,GENERAL_REUSE
IMP004841,A004841,U0428,BORROW,2026-02-06,1,21,450,0.31,Webcam,GENERAL_REUSE
IMP004842,A004842,U0148,BORROW,2026-01-04,1,5,250,0.25,Calculator,EDUCATIONAL
IMP004843,A004843,U0867,BORROW,2025-10-18,1,14,399,0.21,Arduino Kit,GENERAL_REUSE
IMP004844,A004844,U0278,SELL,2025-09-21,1,0,770,0.23,Arduino Kit,GENERAL_REUSE
IMP004845,A004845,U0648,SWAP,2026-05-29,0,0,0,0.0,Tripod,GENERAL_REUSE
IMP004846,A004846,U0084,BORROW,2025-11-16,1,7,484,0.51,Scientific Calculator,GENERAL_REUSE
IMP004847,A004847,U0314,BORROW,2026-06-26,1,7,1849,0.86,Mechanical Drawing Set,GENERAL_REUSE
IMP004848,A004848,U0796,SELL,2026-07-07,1,0,600,0.4,Headphones,GENERAL_REUSE
IMP004849,A004849,U0515,GIVEAWAY,2026-05-02,1,0,374,0.83,HDMI Cable,GENERAL_REUSE
IMP004850,A004850,U0995,BORROW,2025-12-01,1,14,1725,0.75,Arduino Kit,GENERAL_REUSE
IMP004851,A004851,U0382,GIVEAWAY,2025-10-01,1,0,252,0.56,Safety Goggles,GENERAL_REUSE
IMP004852,A004852,U0750,SELL,2025-10-17,1,0,330,0.33,USB Flash Drive,GENERAL_REUSE
IMP004853,A004853,U0249,BORROW,2025-10-30,1,5,903,0.42,Soldering Iron Kit,GENERAL_REUSE
IMP004854,A004854,U0562,SELL,2026-01-12,1,0,624,0.26,Webcam,GENERAL_REUSE
IMP004855,A004855,U0178,GIVEAWAY,2026-05-03,1,0,486,0.54,USB Flash Drive,GENERAL_REUSE
IMP004856,A004856,U0688,GIVEAWAY,2026-06-18,1,0,819,0.39,Digital Multimeter,GENERAL_REUSE
IMP004857,A004857,U0777,SELL,2025-09-11,1,0,627,0.38,Presentation Clicker,GENERAL_REUSE
IMP004858,A004858,U0059,SWAP,2026-04-11,1,0,164,0.41,Ethernet Cable,GENERAL_REUSE
IMP004859,A004859,U0024,BORROW,2025-11-17,1,3,198,0.36,Mechanical Drawing Set,GENERAL_REUSE
IMP004860,A004860,U0731,BORROW,2026-02-27,1,21,34,0.23,Graph Paper Pack,GENERAL_REUSE
IMP004861,A004861,U0057,SWAP,2026-02-08,0,0,0,0.0,Arduino Kit,GENERAL_REUSE
IMP004862,A004862,U0779,BORROW,2026-03-27,1,2,760,0.31,Headphones,GENERAL_REUSE
IMP004863,A004863,U0429,SWAP,2025-09-15,1,0,210,0.6,Screwdriver Set,GENERAL_REUSE
IMP004864,A004864,U0232,SELL,2026-05-21,1,0,340,0.4,Screwdriver Set,GENERAL_REUSE
IMP004865,A004865,U0864,GIVEAWAY,2026-04-17,1,0,275,0.55,Breadboard Kit,GENERAL_REUSE
IMP004866,A004866,U0620,BORROW,2025-11-21,1,7,441,0.63,Safety Goggles,GENERAL_REUSE
IMP004867,A004867,U1000,SWAP,2026-04-29,1,0,1125,0.5,Arduino Kit,GENERAL_REUSE
IMP004868,A004868,U0097,BORROW,2026-07-10,1,14,574,0.82,Desk Lamp,GENERAL_REUSE
IMP004869,A004869,U0698,GIVEAWAY,2025-09-11,1,0,504,0.84,Lab Coat,GENERAL_REUSE
IMP004870,A004870,U0797,BORROW,2025-11-10,1,2,1050,0.5,College Backpack,GENERAL_REUSE
IMP004871,A004871,U0083,GIVEAWAY,2026-01-03,1,0,1240,0.8,Bluetooth Keyboard,GENERAL_REUSE
IMP004872,A004872,U0721,SWAP,2026-06-19,1,0,371,0.53,Digital Multimeter,GENERAL_REUSE
IMP004873,A004873,U0200,BORROW,2025-11-25,1,5,585,0.45,Headphones,GENERAL_REUSE
IMP004874,A004874,U0453,SWAP,2026-02-20,1,0,468,0.36,College Backpack,GENERAL_REUSE
IMP004875,A004875,U0042,BORROW,2026-06-27,1,5,462,0.66,HDMI Cable,GENERAL_REUSE
IMP004876,A004876,U0578,SWAP,2025-11-02,1,0,378,0.42,Scientific Calculator,GENERAL_REUSE
IMP004877,A004877,U0420,BORROW,2025-09-19,1,2,1404,0.72,Scientific Calculator,GENERAL_REUSE
IMP004878,A004878,U0529,GIVEAWAY,2026-04-06,1,0,225,0.5,HDMI Cable,GENERAL_REUSE
IMP004879,A004879,U0621,GIVEAWAY,2026-04-15,1,0,2050,0.82,Headphones,GENERAL_REUSE
IMP004880,A004880,U0792,BORROW,2025-11-08,1,21,899,0.62,Scientific Calculator,GENERAL_REUSE
IMP004881,A004881,U0744,GIVEAWAY,2026-07-05,1,0,798,0.57,Drawing Board,GENERAL_REUSE
IMP004882,A004882,U0347,BORROW,2025-09-18,1,2,612,0.51,USB Flash Drive,GENERAL_REUSE
IMP004883,A004883,U0194,GIVEAWAY,2026-07-25,1,0,770,0.7,Textbook,GENERAL_REUSE
IMP004884,A004884,U0645,SWAP,2026-02-08,1,0,68,0.27,USB Flash Drive,GENERAL_REUSE
IMP004885,A004885,U0230,SWAP,2026-02-25,1,0,46,0.31,Safety Goggles,GENERAL_REUSE
IMP004886,A004886,U0883,GIVEAWAY,2026-05-27,1,0,1036,0.56,Presentation Clicker,GENERAL_REUSE
IMP004887,A004887,U0632,SWAP,2026-07-24,1,0,64,0.32,Breadboard Kit,GENERAL_REUSE
IMP004888,A004888,U0229,SELL,2025-11-26,1,0,536,0.21,Bluetooth Keyboard,GENERAL_REUSE
IMP004889,A004889,U0441,BORROW,2026-07-18,1,5,817,0.43,Headphones,GENERAL_REUSE
IMP004890,A004890,U0645,GIVEAWAY,2026-04-28,1,0,506,0.44,Engineering Drawing Kit,GENERAL_REUSE
IMP004891,A004891,U0349,GIVEAWAY,2025-12-24,1,0,2184,0.56,Vernier Caliper,GENERAL_REUSE
IMP004892,A004892,U0501,SWAP,2026-01-24,1,0,1209,0.39,Soldering Iron Kit,GENERAL_REUSE
IMP004893,A004893,U0994,BORROW,2026-05-23,0,14,0,0.0,Textbook,GENERAL_REUSE
IMP004894,A004894,U0138,BORROW,2026-03-28,1,10,476,0.68,Safety Goggles,GENERAL_REUSE
IMP004895,A004895,U0925,BORROW,2026-04-26,1,14,682,0.29,Engineering Drawing Kit,GENERAL_REUSE
IMP004896,A004896,U0485,BORROW,2026-07-10,1,7,2880,0.45,External Hard Drive,GENERAL_REUSE
IMP004897,A004897,U0018,BORROW,2026-02-18,0,3,0,0.0,Scientific Calculator,GENERAL_REUSE
IMP004898,A004898,U0076,BORROW,2026-02-08,1,2,68,0.34,Safety Goggles,GENERAL_REUSE
IMP004899,A004899,U0789,GIVEAWAY,2026-06-29,1,0,441,0.63,HDMI Cable,GENERAL_REUSE
IMP004900,A004900,U0557,GIVEAWAY,2025-12-01,1,0,450,0.6,Scientific Calculator,GENERAL_REUSE
IMP004901,A004901,U0762,GIVEAWAY,2026-02-17,1,0,32,0.63,Graph Paper Pack,GENERAL_REUSE
IMP004902,A004902,U0512,BORROW,2026-07-02,0,2,0,0.0,Bluetooth Keyboard,GENERAL_REUSE
IMP004903,A004903,U0182,SWAP,2026-02-21,1,0,174,0.58,HDMI Cable,GENERAL_REUSE
IMP004904,A004904,U0427,BORROW,2026-01-16,1,21,390,0.52,USB Flash Drive,GENERAL_REUSE
IMP004905,A004905,U0698,SWAP,2026-02-21,1,0,989,0.46,Digital Multimeter,GENERAL_REUSE
IMP004906,A004906,U0940,BORROW,2026-06-21,1,7,252,0.21,Desk Lamp,GENERAL_REUSE
IMP004907,A004907,U0921,GIVEAWAY,2025-12-22,1,0,236,0.59,HDMI Cable,GENERAL_REUSE
IMP004908,A004908,U0006,SELL,2025-12-17,1,0,141,0.47,Safety Goggles,GENERAL_REUSE
IMP004909,A004909,U0780,GIVEAWAY,2026-06-02,1,0,410,0.39,Power Bank,GENERAL_REUSE
IMP004910,A004910,U0971,SWAP,2025-11-14,1,0,85,0.34,HDMI Cable,GENERAL_REUSE
IMP004911,A004911,U0240,BORROW,2025-12-15,1,14,652,0.29,Engineering Drawing Kit,GENERAL_REUSE
IMP004912,A004912,U0520,GIVEAWAY,2026-01-08,1,0,1517,0.82,Power Bank,GENERAL_REUSE
IMP004913,A004913,U0373,GIVEAWAY,2025-11-25,1,0,176,0.39,Safety Goggles,GENERAL_REUSE
IMP004914,A004914,U0356,SELL,2026-01-07,1,0,332,0.51,Safety Goggles,GENERAL_REUSE
IMP004915,A004915,U0047,SELL,2026-06-18,1,0,120,0.24,Presentation Clicker,GENERAL_REUSE
IMP004916,A004916,U0590,BORROW,2025-09-14,1,10,740,0.51,Soldering Iron Kit,GENERAL_REUSE
IMP004917,A004917,U0390,SELL,2025-11-21,1,0,468,0.24,Headphones,GENERAL_REUSE
IMP004918,A004918,U0543,BORROW,2026-02-24,1,10,403,0.26,Extension Board,GENERAL_REUSE
IMP004919,A004919,U0773,SWAP,2026-06-07,1,0,646,0.38,Scientific Calculator,GENERAL_REUSE
IMP004920,A004920,U0181,GIVEAWAY,2026-05-11,0,0,0,0.0,Engineering Drawing Kit,GENERAL_REUSE
IMP004921,A004921,U0871,BORROW,2026-05-29,1,7,2176,0.64,Bluetooth Keyboard,GENERAL_REUSE
IMP004922,A004922,U0445,BORROW,2025-09-22,1,10,592,0.74,Calculator,EDUCATIONAL
IMP004923,A004923,U0277,BORROW,2026-02-07,1,3,315,0.21,Extension Board,GENERAL_REUSE
IMP004924,A004924,U0209,SWAP,2026-01-13,1,0,312,0.39,Extension Board,GENERAL_REUSE
IMP004925,A004925,U0008,GIVEAWAY,2026-01-30,0,0,0,0.0,Engineering Drawing Kit,GENERAL_REUSE
IMP004926,A004926,U0426,BORROW,2026-02-24,1,3,168,0.28,HDMI Cable,GENERAL_REUSE
IMP004927,A004927,U0166,SWAP,2025-12-27,1,0,690,0.6,Desk Lamp,GENERAL_REUSE
IMP004928,A004928,U0372,SWAP,2025-09-23,1,0,540,0.36,Extension Board,GENERAL_REUSE
IMP004929,A004929,U0534,GIVEAWAY,2025-11-16,1,0,928,0.53,Desk Lamp,GENERAL_REUSE
IMP004930,A004930,U0292,BORROW,2026-06-14,1,5,540,0.4,Scientific Calculator,GENERAL_REUSE
IMP004931,A004931,U0470,BORROW,2026-06-26,1,10,1040,0.63,Screwdriver Set,GENERAL_REUSE
IMP004932,A004932,U0847,SWAP,2026-03-28,1,0,2562,0.61,Vernier Caliper,GENERAL_REUSE
IMP004933,A004933,U0374,SWAP,2025-09-04,1,0,248,0.45,Ethernet Cable,GENERAL_REUSE
IMP004934,A004934,U0734,SWAP,2025-11-02,1,0,945,0.42,Engineering Drawing Kit,GENERAL_REUSE
IMP004935,A004935,U0836,SWAP,2025-10-31,1,0,284,0.63,Safety Goggles,GENERAL_REUSE
IMP004936,A004936,U0733,SWAP,2026-05-19,1,0,361,0.38,Python Programming Book,GENERAL_REUSE
IMP004937,A004937,U0622,SWAP,2025-10-22,1,0,336,0.42,HDMI Cable,GENERAL_REUSE
IMP004938,A004938,U0218,SELL,2025-11-13,1,0,360,0.3,Power Bank,GENERAL_REUSE
IMP004939,A004939,U0377,BORROW,2026-02-07,1,2,675,0.45,Extension Board,GENERAL_REUSE
IMP004940,A004940,U0793,GIVEAWAY,2026-02-10,1,0,529,0.46,Drawing Board,GENERAL_REUSE
IMP004941,A004941,U0952,BORROW,2026-07-01,1,14,1286,0.83,Arduino Kit,GENERAL_REUSE
IMP004942,A004942,U0833,GIVEAWAY,2025-09-29,1,0,1276,0.58,Tripod,GENERAL_REUSE
IMP004943,A004943,U0366,BORROW,2025-10-06,1,3,102,0.34,Ethernet Cable,GENERAL_REUSE
IMP004944,A004944,U0585,GIVEAWAY,2026-03-01,1,0,120,0.6,Ethernet Cable,GENERAL_REUSE
IMP004945,A004945,U0425,SWAP,2026-06-26,1,0,856,0.59,Power Bank,GENERAL_REUSE
IMP004946,A004946,U0453,BORROW,2026-01-10,0,2,0,0.0,Tripod,GENERAL_REUSE
IMP004947,A004947,U0870,SELL,2026-06-20,0,0,0,0.0,Screwdriver Set,GENERAL_REUSE
IMP004948,A004948,U0472,BORROW,2026-04-21,1,2,400,0.5,Lab Coat,GENERAL_REUSE
IMP004949,A004949,U0440,BORROW,2025-10-25,1,10,1038,0.83,Drawing Board,GENERAL_REUSE
IMP004950,A004950,U0567,BORROW,2026-05-14,1,5,897,0.69,Screwdriver Set,GENERAL_REUSE
IMP004951,A004951,U0509,BORROW,2026-07-05,1,10,88,0.25,Safety Goggles,GENERAL_REUSE
IMP004952,A004952,U0080,BORROW,2025-10-28,1,3,472,0.63,Soldering Iron Kit,GENERAL_REUSE
IMP004953,A004953,U0760,GIVEAWAY,2026-01-01,0,0,0,0.0,HDMI Cable,GENERAL_REUSE
IMP004954,A004954,U0416,BORROW,2026-04-28,1,14,435,0.58,Drawing Board,GENERAL_REUSE
IMP004955,A004955,U0408,BORROW,2026-07-18,0,21,0,0.0,Desk Lamp,GENERAL_REUSE
IMP004956,A004956,U0608,GIVEAWAY,2025-10-27,1,0,1235,0.65,Mechanical Drawing Set,GENERAL_REUSE
IMP004957,A004957,U0995,SWAP,2026-05-23,1,0,960,0.6,Scientific Calculator,GENERAL_REUSE
IMP004958,A004958,U0427,SWAP,2026-01-25,1,0,212,0.47,USB Flash Drive,GENERAL_REUSE
IMP004959,A004959,U0290,BORROW,2026-04-28,1,21,570,0.3,Webcam,GENERAL_REUSE
IMP004960,A004960,U0737,BORROW,2026-05-26,1,3,609,0.87,Screwdriver Set,GENERAL_REUSE
IMP004961,A004961,U0107,BORROW,2026-02-07,1,3,81,0.81,Graph Paper Pack,GENERAL_REUSE
IMP004962,A004962,U0433,BORROW,2026-05-16,1,10,627,0.66,USB Flash Drive,GENERAL_REUSE
IMP004963,A004963,U0888,SWAP,2026-05-28,1,0,126,0.36,Safety Goggles,GENERAL_REUSE
IMP004964,A004964,U0732,BORROW,2025-11-07,1,14,420,0.84,Lab Coat,GENERAL_REUSE
IMP004965,A004965,U0836,GIVEAWAY,2026-05-09,1,0,1188,0.66,USB-C Charger,GENERAL_REUSE
IMP004966,A004966,U0632,GIVEAWAY,2026-03-02,1,0,150,0.6,Safety Goggles,GENERAL_REUSE
IMP004967,A004967,U0720,BORROW,2026-07-07,1,7,5184,0.81,External Hard Drive,GENERAL_REUSE
IMP004968,A004968,U0331,GIVEAWAY,2026-03-08,1,0,665,0.38,Drawing Board,GENERAL_REUSE
IMP004969,A004969,U0723,BORROW,2025-12-09,1,3,1110,0.6,Headphones,GENERAL_REUSE
IMP004970,A004970,U0168,GIVEAWAY,2025-10-18,1,0,140,0.4,Lab Coat,GENERAL_REUSE
IMP004971,A004971,U0634,GIVEAWAY,2025-10-25,1,0,336,0.48,Extension Board,GENERAL_REUSE
IMP004972,A004972,U0338,BORROW,2025-10-04,1,14,1020,0.85,USB-C Charger,GENERAL_REUSE
IMP004973,A004973,U0728,GIVEAWAY,2025-10-11,1,0,1258,0.37,Soldering Iron Kit,GENERAL_REUSE
IMP004974,A004974,U0354,SELL,2026-03-12,1,0,99,0.22,Breadboard Kit,GENERAL_REUSE
IMP004975,A004975,U0717,BORROW,2026-06-08,1,21,336,0.42,Engineering Drawing Kit,GENERAL_REUSE
IMP004976,A004976,U0299,BORROW,2026-03-03,1,14,558,0.62,Arduino Kit,GENERAL_REUSE
IMP004977,A004977,U0737,SWAP,2026-03-03,1,0,122,0.49,HDMI Cable,GENERAL_REUSE
IMP004978,A004978,U0006,BORROW,2025-10-12,1,21,770,0.7,Desk Lamp,GENERAL_REUSE
IMP004979,A004979,U0349,GIVEAWAY,2026-07-25,1,0,928,0.58,College Backpack,GENERAL_REUSE
IMP004980,A004980,U0050,SWAP,2025-09-17,1,0,48,0.48,Graph Paper Pack,GENERAL_REUSE
IMP004981,A004981,U0693,SWAP,2026-07-28,1,0,1312,0.64,Power Bank,GENERAL_REUSE
IMP004982,A004982,U0635,SWAP,2026-03-29,1,0,2365,0.43,External Hard Drive,GENERAL_REUSE
IMP004983,A004983,U0775,GIVEAWAY,2026-04-30,1,0,172,0.69,HDMI Cable,GENERAL_REUSE
IMP004984,A004984,U0971,GIVEAWAY,2025-10-02,1,0,604,0.71,Extension Board,GENERAL_REUSE
IMP004985,A004985,U0508,SWAP,2025-11-25,1,0,342,0.57,Python Programming Book,GENERAL_REUSE
IMP004986,A004986,U0947,SWAP,2026-04-27,1,0,540,0.3,Vernier Caliper,GENERAL_REUSE
IMP004987,A004987,U0444,SELL,2026-07-18,1,0,132,0.44,Lab Coat,GENERAL_REUSE
IMP004988,A004988,U0369,SELL,2025-10-04,1,0,1938,0.51,External Hard Drive,GENERAL_REUSE
IMP004989,A004989,U0300,BORROW,2025-09-19,1,2,120,0.8,Breadboard Kit,GENERAL_REUSE
IMP004990,A004990,U0092,BORROW,2026-05-22,1,7,1188,0.66,Bluetooth Keyboard,GENERAL_REUSE
IMP004991,A004991,U0462,SELL,2025-10-22,1,0,828,0.46,Digital Multimeter,GENERAL_REUSE
IMP004992,A004992,U0534,BORROW,2025-11-03,0,3,0,0.0,Textbook,GENERAL_REUSE
IMP004993,A004993,U0738,BORROW,2025-12-19,1,10,1150,0.59,Scientific Calculator,GENERAL_REUSE
IMP004994,A004994,U0709,SWAP,2026-01-03,1,0,1320,0.44,Vernier Caliper,GENERAL_REUSE
IMP004995,A004995,U0706,SELL,2026-07-02,1,0,56,0.28,Ethernet Cable,GENERAL_REUSE
IMP004996,A004996,U0417,GIVEAWAY,2026-06-07,1,0,288,0.48,Extension Board,GENERAL_REUSE
IMP004997,A004997,U0025,BORROW,2025-12-01,1,7,266,0.59,USB Flash Drive,GENERAL_REUSE
IMP004998,A004998,U0794,BORROW,2026-02-23,1,5,408,0.51,Power Bank,GENERAL_REUSE
IMP004999,A004999,U0495,BORROW,2026-07-01,1,2,897,0.46,Presentation Clicker,GENERAL_REUSE
IMP005000,A005000,U0877,BORROW,2026-01-21,1,3,360,0.45,Drawing Board,GENERAL_REUSE
IMP005001,A005001,U0970,BORROW,2025-12-15,1,3,240,0.6,Desk Lamp,GENERAL_REUSE
IMP005002,A005002,U0302,SELL,2026-03-18,1,0,106,0.53,Ethernet Cable,GENERAL_REUSE
IMP005003,A005003,U0872,BORROW,2025-12-28,1,7,214,0.39,Mechanical Drawing Set,GENERAL_REUSE
IMP005004,A005004,U0447,BORROW,2026-06-23,1,10,155,0.31,Safety Goggles,GENERAL_REUSE
IMP005005,A005005,U0798,SELL,2026-04-22,1,0,399,0.38,Arduino Kit,GENERAL_REUSE
IMP005006,A005006,U0112,GIVEAWAY,2026-01-09,1,0,666,0.36,USB-C Charger,GENERAL_REUSE
IMP005007,A005007,U0111,SWAP,2025-10-17,1,0,4284,0.63,External Hard Drive,GENERAL_REUSE
IMP005008,A005008,U0740,SWAP,2026-01-07,1,0,980,0.4,Scientific Calculator,GENERAL_REUSE
IMP005009,A005009,U0301,GIVEAWAY,2026-01-16,1,0,1572,0.85,Power Bank,GENERAL_REUSE
IMP005010,A005010,U0887,BORROW,2026-06-10,1,5,100,0.25,Ethernet Cable,GENERAL_REUSE
IMP005011,A005011,U0850,GIVEAWAY,2026-06-03,1,0,812,0.65,Mechanical Drawing Set,GENERAL_REUSE
IMP005012,A005012,U0639,GIVEAWAY,2026-03-22,1,0,254,0.39,Lab Coat,GENERAL_REUSE
IMP005013,A005013,U0415,SWAP,2026-02-12,1,0,1102,0.45,Vernier Caliper,GENERAL_REUSE
IMP005014,A005014,U0468,BORROW,2026-04-11,1,7,952,0.56,USB-C Charger,GENERAL_REUSE
IMP005015,A005015,U0563,BORROW,2026-05-20,1,3,260,0.65,Breadboard Kit,GENERAL_REUSE
IMP005016,A005016,U0883,BORROW,2025-11-22,1,3,364,0.56,USB Flash Drive,GENERAL_REUSE
IMP005017,A005017,U0867,BORROW,2026-01-21,1,21,1305,0.87,Python Programming Book,GENERAL_REUSE
IMP005018,A005018,U0871,BORROW,2026-03-30,0,2,0,0.0,Extension Board,GENERAL_REUSE
IMP005019,A005019,U0884,BORROW,2026-03-19,1,10,735,0.49,Mechanical Drawing Set,GENERAL_REUSE
IMP005020,A005020,U0321,SELL,2026-04-05,1,0,528,0.22,Tripod,GENERAL_REUSE
IMP005021,A005021,U0185,GIVEAWAY,2026-04-05,1,0,580,0.61,Extension Board,GENERAL_REUSE
IMP005022,A005022,U0435,BORROW,2026-03-31,1,21,378,0.54,HDMI Cable,GENERAL_REUSE
IMP005023,A005023,U0668,BORROW,2026-05-04,1,10,1038,0.83,Bluetooth Keyboard,GENERAL_REUSE
IMP005024,A005024,U0817,BORROW,2025-10-22,1,21,450,0.3,Power Bank,GENERAL_REUSE
IMP005025,A005025,U0244,SELL,2026-04-15,1,0,810,0.27,Bluetooth Keyboard,GENERAL_REUSE
IMP005026,A005026,U0450,BORROW,2025-10-11,1,7,1026,0.54,Arduino Kit,GENERAL_REUSE
IMP005027,A005027,U0857,SWAP,2026-02-04,1,0,968,0.44,USB-C Charger,GENERAL_REUSE
IMP005028,A005028,U0873,BORROW,2025-12-16,1,10,668,0.89,Engineering Drawing Kit,GENERAL_REUSE
IMP005029,A005029,U0521,BORROW,2026-04-13,1,21,754,0.58,Extension Board,GENERAL_REUSE
IMP005030,A005030,U0615,GIVEAWAY,2025-10-13,1,0,474,0.73,USB Flash Drive,GENERAL_REUSE
IMP005031,A005031,U0131,SELL,2026-02-17,1,0,81,0.54,Graph Paper Pack,GENERAL_REUSE
IMP005032,A005032,U0570,GIVEAWAY,2026-06-03,1,0,96,0.48,Breadboard Kit,GENERAL_REUSE
IMP005033,A005033,U0756,BORROW,2025-12-01,1,5,608,0.81,Mechanical Drawing Set,GENERAL_REUSE
IMP005034,A005034,U0022,SWAP,2026-07-14,1,0,238,0.34,Tripod,GENERAL_REUSE
IMP005035,A005035,U0279,BORROW,2026-02-14,1,2,413,0.55,Drawing Board,GENERAL_REUSE
IMP005036,A005036,U0029,SELL,2025-09-16,1,0,552,0.48,Desk Lamp,GENERAL_REUSE
IMP005037,A005037,U0202,SWAP,2026-01-04,1,0,544,0.34,Desk Lamp,GENERAL_REUSE
IMP005038,A005038,U0198,BORROW,2026-05-23,1,7,2553,0.74,Vernier Caliper,GENERAL_REUSE
IMP005039,A005039,U0207,BORROW,2026-04-30,1,7,473,0.27,Presentation Clicker,GENERAL_REUSE
IMP005040,A005040,U0693,GIVEAWAY,2026-03-04,1,0,122,0.81,HDMI Cable,GENERAL_REUSE
IMP005041,A005041,U0575,BORROW,2026-07-04,1,2,410,0.82,Breadboard Kit,GENERAL_REUSE
IMP005042,A005042,U0983,GIVEAWAY,2026-04-30,1,0,663,0.51,Vernier Caliper,GENERAL_REUSE
IMP005043,A005043,U0656,SWAP,2026-05-24,0,0,0,0.0,College Backpack,GENERAL_REUSE
IMP005044,A005044,U0247,BORROW,2026-06-10,0,2,0,0.0,Textbook,GENERAL_REUSE
IMP005045,A005045,U0921,GIVEAWAY,2026-07-17,1,0,69,0.46,Graph Paper Pack,GENERAL_REUSE
IMP005046,A005046,U0807,GIVEAWAY,2025-09-07,1,0,210,0.42,USB Flash Drive,GENERAL_REUSE
IMP005047,A005047,U0893,BORROW,2025-09-05,1,3,736,0.46,Python Programming Book,GENERAL_REUSE
IMP005048,A005048,U0286,SELL,2026-04-10,1,0,660,0.22,Webcam,GENERAL_REUSE
IMP005049,A005049,U0154,BORROW,2025-09-18,1,7,410,0.39,Desk Lamp,GENERAL_REUSE
IMP005050,A005050,U0587,SWAP,2025-12-29,1,0,594,0.36,Screwdriver Set,GENERAL_REUSE
IMP005051,A005051,U0266,SWAP,2026-06-14,1,0,42,0.28,HDMI Cable,GENERAL_REUSE
IMP005052,A005052,U0635,SWAP,2026-07-15,1,0,536,0.51,Scientific Calculator,GENERAL_REUSE
IMP005053,A005053,U0511,BORROW,2025-11-10,1,3,240,0.48,College Backpack,GENERAL_REUSE
IMP005054,A005054,U0910,GIVEAWAY,2026-01-18,1,0,612,0.68,Tripod,GENERAL_REUSE
IMP005055,A005055,U0519,SWAP,2026-02-10,1,0,775,0.5,Presentation Clicker,GENERAL_REUSE
IMP005056,A005056,U0587,BORROW,2025-10-15,1,14,629,0.37,Mechanical Drawing Set,GENERAL_REUSE
IMP005057,A005057,U0769,GIVEAWAY,2026-05-03,1,0,2730,0.7,Webcam,GENERAL_REUSE
IMP005058,A005058,U0960,BORROW,2026-04-20,1,14,2600,0.52,External Hard Drive,GENERAL_REUSE
IMP005059,A005059,U0834,SELL,2026-07-19,1,0,476,0.28,Screwdriver Set,GENERAL_REUSE
IMP005060,A005060,U0055,GIVEAWAY,2026-07-01,1,0,2310,0.42,External Hard Drive,GENERAL_REUSE
IMP005061,A005061,U0822,SWAP,2026-07-25,1,0,1836,0.54,Soldering Iron Kit,GENERAL_REUSE
IMP005062,A005062,U0864,SWAP,2026-03-19,1,0,1545,0.3,External Hard Drive,GENERAL_REUSE
IMP005063,A005063,U0080,BORROW,2026-01-27,0,3,0,0.0,Engineering Drawing Kit,GENERAL_REUSE
IMP005064,A005064,U0058,SWAP,2025-12-10,1,0,810,0.45,Mechanical Drawing Set,GENERAL_REUSE
IMP005065,A005065,U0335,GIVEAWAY,2026-06-08,1,0,700,0.4,USB-C Charger,GENERAL_REUSE
IMP005066,A005066,U0434,BORROW,2026-05-14,1,7,860,0.86,College Backpack,GENERAL_REUSE
IMP005067,A005067,U0278,BORROW,2026-02-23,1,7,50,0.33,Graph Paper Pack,GENERAL_REUSE
IMP005068,A005068,U0343,BORROW,2026-07-26,1,21,245,0.49,Lab Coat,GENERAL_REUSE
IMP005069,A005069,U0984,BORROW,2025-09-23,1,21,430,0.86,Desk Lamp,GENERAL_REUSE
IMP005070,A005070,U0105,BORROW,2025-11-23,1,14,612,0.72,Python Programming Book,GENERAL_REUSE
IMP005071,A005071,U0516,BORROW,2026-06-01,1,21,1632,0.68,USB-C Charger,GENERAL_REUSE
IMP005072,A005072,U0339,GIVEAWAY,2025-11-08,1,0,1386,0.66,USB-C Charger,GENERAL_REUSE
IMP005073,A005073,U0786,SWAP,2026-01-21,1,0,28,0.56,Graph Paper Pack,GENERAL_REUSE
IMP005074,A005074,U0409,BORROW,2026-01-08,1,10,140,0.31,Scientific Calculator,GENERAL_REUSE
IMP005075,A005075,U0453,SWAP,2026-03-08,1,0,704,0.64,College Backpack,GENERAL_REUSE
IMP005076,A005076,U0200,SWAP,2025-09-14,1,0,384,0.48,Textbook,GENERAL_REUSE
IMP005077,A005077,U0157,BORROW,2026-01-30,1,3,1325,0.53,Headphones,GENERAL_REUSE
IMP005078,A005078,U0122,SELL,2026-01-08,1,0,31,0.31,Graph Paper Pack,GENERAL_REUSE
IMP005079,A005079,U0521,GIVEAWAY,2025-10-30,1,0,410,0.63,Presentation Clicker,GENERAL_REUSE
IMP005080,A005080,U0202,BORROW,2026-03-20,1,2,312,0.48,Python Programming Book,GENERAL_REUSE
IMP005081,A005081,U0941,GIVEAWAY,2026-02-28,1,0,846,0.47,College Backpack,GENERAL_REUSE
IMP005082,A005082,U0772,BORROW,2026-07-13,1,3,255,0.51,Lab Coat,GENERAL_REUSE
IMP005083,A005083,U0736,SWAP,2026-02-27,1,0,946,0.44,Webcam,GENERAL_REUSE
IMP005084,A005084,U0610,GIVEAWAY,2025-12-13,1,0,792,0.36,Power Bank,GENERAL_REUSE
IMP005085,A005085,U0352,BORROW,2025-10-24,1,21,1064,0.76,Drawing Board,GENERAL_REUSE
IMP005086,A005086,U0717,GIVEAWAY,2026-05-17,1,0,188,0.75,Ethernet Cable,GENERAL_REUSE
IMP005087,A005087,U0454,SWAP,2026-04-15,1,0,325,0.65,Lab Coat,GENERAL_REUSE
IMP005088,A005088,U0615,SWAP,2025-11-17,1,0,449,0.29,Power Bank,GENERAL_REUSE
IMP005089,A005089,U0826,SWAP,2026-02-06,1,0,374,0.44,Textbook,GENERAL_REUSE
IMP005090,A005090,U0767,SWAP,2026-04-04,1,0,3197,0.46,External Hard Drive,GENERAL_REUSE
IMP005091,A005091,U0345,SELL,2025-11-05,1,0,253,0.22,Mechanical Drawing Set,GENERAL_REUSE
IMP005092,A005092,U0572,BORROW,2025-12-06,1,5,840,0.7,Textbook,GENERAL_REUSE
IMP005093,A005093,U0355,BORROW,2026-04-28,1,21,476,0.56,Textbook,GENERAL_REUSE
IMP005094,A005094,U0684,BORROW,2025-11-23,1,10,1444,0.76,Webcam,GENERAL_REUSE
IMP005095,A005095,U0690,BORROW,2025-10-14,1,5,840,0.84,Engineering Drawing Kit,GENERAL_REUSE
IMP005096,A005096,U0787,GIVEAWAY,2025-09-03,1,0,796,0.59,Soldering Iron Kit,GENERAL_REUSE
IMP005097,A005097,U0890,BORROW,2026-04-01,1,7,638,0.85,College Backpack,GENERAL_REUSE
IMP005098,A005098,U0190,SWAP,2026-01-28,1,0,512,0.25,Arduino Kit,GENERAL_REUSE
IMP005099,A005099,U0344,GIVEAWAY,2026-03-18,1,0,841,0.58,Drawing Board,GENERAL_REUSE
IMP005100,A005100,U0350,BORROW,2025-09-18,1,3,290,0.58,HDMI Cable,GENERAL_REUSE
IMP005101,A005101,U0604,BORROW,2025-12-31,1,5,1050,0.6,Arduino Kit,GENERAL_REUSE
IMP005102,A005102,U0303,BORROW,2025-10-05,1,2,16,0.31,Graph Paper Pack,GENERAL_REUSE
IMP005103,A005103,U0807,BORROW,2025-12-08,1,3,2096,0.32,External Hard Drive,GENERAL_REUSE
IMP005104,A005104,U0591,SELL,2026-05-23,1,0,130,0.52,USB Flash Drive,GENERAL_REUSE
IMP005105,A005105,U0851,SELL,2025-10-28,1,0,375,0.25,Extension Board,GENERAL_REUSE
IMP005106,A005106,U0342,GIVEAWAY,2026-05-03,1,0,1270,0.77,Python Programming Book,GENERAL_REUSE
IMP005107,A005107,U0007,BORROW,2026-04-28,1,2,114,0.76,Ethernet Cable,GENERAL_REUSE
IMP005108,A005108,U0180,BORROW,2026-03-11,1,2,459,0.54,Desk Lamp,GENERAL_REUSE
IMP005109,A005109,U0786,GIVEAWAY,2026-04-13,1,0,128,0.51,Breadboard Kit,GENERAL_REUSE
IMP005110,A005110,U0074,BORROW,2026-02-28,1,5,1062,0.25,Webcam,GENERAL_REUSE
IMP005111,A005111,U0589,SWAP,2025-10-22,1,0,343,0.49,College Backpack,GENERAL_REUSE
IMP005112,A005112,U0706,GIVEAWAY,2025-09-19,1,0,1053,0.78,USB-C Charger,GENERAL_REUSE
IMP005113,A005113,U0346,BORROW,2025-11-10,1,10,70,0.35,Safety Goggles,GENERAL_REUSE
IMP005114,A005114,U0847,SWAP,2026-03-24,1,0,522,0.58,Mechanical Drawing Set,GENERAL_REUSE
IMP005115,A005115,U0028,SWAP,2025-12-27,1,0,2000,0.31,External Hard Drive,GENERAL_REUSE
IMP005116,A005116,U0464,SWAP,2025-10-08,1,0,222,0.37,Presentation Clicker,GENERAL_REUSE
IMP005117,A005117,U0859,GIVEAWAY,2026-07-14,1,0,1480,0.47,Soldering Iron Kit,GENERAL_REUSE
IMP005118,A005118,U0885,SELL,2025-12-29,1,0,306,0.34,Arduino Kit,GENERAL_REUSE
IMP005119,A005119,U0738,BORROW,2025-09-25,1,5,826,0.57,Headphones,GENERAL_REUSE
IMP005120,A005120,U0553,BORROW,2026-07-13,1,21,120,0.4,Textbook,GENERAL_REUSE
IMP005121,A005121,U0642,SWAP,2026-01-19,1,0,189,0.42,Lab Coat,GENERAL_REUSE
IMP005122,A005122,U1000,SWAP,2026-02-12,1,0,288,0.32,Engineering Drawing Kit,GENERAL_REUSE
IMP005123,A005123,U0748,SWAP,2025-12-30,1,0,1024,0.64,Engineering Drawing Kit,GENERAL_REUSE
IMP005124,A005124,U0784,SELL,2026-03-16,1,0,192,0.35,Python Programming Book,GENERAL_REUSE
IMP005125,A005125,U0392,BORROW,2026-06-22,1,3,78,0.78,Ethernet Cable,GENERAL_REUSE
IMP005126,A005126,U0007,GIVEAWAY,2025-10-20,1,0,288,0.64,Safety Goggles,GENERAL_REUSE
IMP005127,A005127,U0400,BORROW,2025-09-15,1,21,986,0.58,Python Programming Book,GENERAL_REUSE
IMP005128,A005128,U0476,BORROW,2026-06-12,1,2,880,0.88,Textbook,GENERAL_REUSE
IMP005129,A005129,U0899,GIVEAWAY,2026-05-27,1,0,437,0.38,Presentation Clicker,GENERAL_REUSE
IMP005130,A005130,U0533,SWAP,2026-07-23,1,0,1210,0.55,Soldering Iron Kit,GENERAL_REUSE
IMP005131,A005131,U0683,GIVEAWAY,2026-04-11,1,0,580,0.43,Calculator,EDUCATIONAL
IMP005132,A005132,U0631,BORROW,2025-10-07,1,7,1568,0.64,Tripod,GENERAL_REUSE
IMP005133,A005133,U0950,SWAP,2026-05-26,1,0,992,0.31,Bluetooth Keyboard,GENERAL_REUSE
IMP005134,A005134,U0186,BORROW,2026-01-26,1,5,390,0.52,HDMI Cable,GENERAL_REUSE
IMP005135,A005135,U0845,GIVEAWAY,2025-12-08,1,0,740,0.4,Bluetooth Keyboard,GENERAL_REUSE
IMP005136,A005136,U0663,BORROW,2026-04-23,1,2,385,0.7,Ethernet Cable,GENERAL_REUSE
IMP005137,A005137,U0991,BORROW,2025-09-01,1,10,126,0.21,Ethernet Cable,GENERAL_REUSE
IMP005138,A005138,U0650,SWAP,2025-12-17,1,0,314,0.57,Screwdriver Set,GENERAL_REUSE
IMP005139,A005139,U0509,BORROW,2026-03-16,1,21,528,0.22,Arduino Kit,GENERAL_REUSE
IMP005140,A005140,U0606,SELL,2026-06-03,1,0,530,0.2,Bluetooth Keyboard,GENERAL_REUSE
IMP005141,A005141,U0208,BORROW,2026-05-04,1,5,1845,0.82,Soldering Iron Kit,GENERAL_REUSE
IMP005142,A005142,U0410,GIVEAWAY,2026-01-12,1,0,284,0.81,Ethernet Cable,GENERAL_REUSE
IMP005143,A005143,U0248,BORROW,2026-01-02,1,2,44,0.29,Ethernet Cable,GENERAL_REUSE
IMP005144,A005144,U0204,SELL,2026-02-06,1,0,246,0.41,Safety Goggles,GENERAL_REUSE
IMP005145,A005145,U0632,SWAP,2025-12-25,1,0,878,0.45,Digital Multimeter,GENERAL_REUSE
IMP005146,A005146,U0465,BORROW,2025-09-01,1,2,1216,0.64,Digital Multimeter,GENERAL_REUSE
IMP005147,A005147,U0001,SWAP,2025-11-10,1,0,1080,0.48,Headphones,GENERAL_REUSE
IMP005148,A005148,U0840,BORROW,2025-09-14,1,7,507,0.35,Tripod,GENERAL_REUSE
IMP005149,A005149,U0646,BORROW,2025-11-20,1,10,1960,0.7,Bluetooth Keyboard,GENERAL_REUSE
IMP005150,A005150,U0263,SWAP,2026-07-03,1,0,245,0.49,Extension Board,GENERAL_REUSE
IMP005151,A005151,U0796,SWAP,2026-01-22,1,0,914,0.63,Mechanical Drawing Set,GENERAL_REUSE
IMP005152,A005152,U0637,BORROW,2025-09-17,1,2,136,0.21,Textbook,GENERAL_REUSE
IMP005153,A005153,U0399,SWAP,2026-02-17,1,0,690,0.46,Screwdriver Set,GENERAL_REUSE
IMP005154,A005154,U0584,BORROW,2025-10-02,1,7,1458,0.54,Vernier Caliper,GENERAL_REUSE
IMP005155,A005155,U0350,BORROW,2025-11-13,1,10,162,0.65,Textbook,GENERAL_REUSE
IMP005156,A005156,U0311,BORROW,2025-11-29,1,3,962,0.52,Mechanical Drawing Set,GENERAL_REUSE
IMP005157,A005157,U0057,BORROW,2026-06-25,1,3,1463,0.38,External Hard Drive,GENERAL_REUSE
IMP005158,A005158,U0383,SWAP,2025-12-02,1,0,130,0.37,Safety Goggles,GENERAL_REUSE
IMP005159,A005159,U0757,BORROW,2026-01-09,1,2,1012,0.75,Digital Multimeter,GENERAL_REUSE
IMP005160,A005160,U0738,BORROW,2026-04-29,1,7,294,0.31,Drawing Board,GENERAL_REUSE
IMP005161,A005161,U0607,BORROW,2026-01-26,1,10,1022,0.73,Scientific Calculator,GENERAL_REUSE
IMP005162,A005162,U0375,SELL,2026-02-20,1,0,360,0.4,College Backpack,GENERAL_REUSE
IMP005163,A005163,U0209,BORROW,2025-11-28,1,5,1485,0.45,Arduino Kit,GENERAL_REUSE
IMP005164,A005164,U0744,SWAP,2026-03-19,1,0,700,0.25,Soldering Iron Kit,GENERAL_REUSE
IMP005165,A005165,U0341,BORROW,2026-02-22,1,7,330,0.3,Extension Board,GENERAL_REUSE
IMP005166,A005166,U0754,SELL,2026-02-10,1,0,922,0.45,Mechanical Drawing Set,GENERAL_REUSE
IMP005167,A005167,U0995,BORROW,2026-06-17,1,14,1102,0.58,Arduino Kit,GENERAL_REUSE
IMP005168,A005168,U0989,BORROW,2025-10-31,1,10,1166,0.63,Power Bank,GENERAL_REUSE
IMP005169,A005169,U0031,BORROW,2026-07-09,1,14,260,0.52,HDMI Cable,GENERAL_REUSE
IMP005170,A005170,U0570,BORROW,2026-02-06,1,2,192,0.32,USB Flash Drive,GENERAL_REUSE
IMP005171,A005171,U0270,GIVEAWAY,2026-01-27,1,0,462,0.66,Breadboard Kit,GENERAL_REUSE
IMP005172,A005172,U0682,BORROW,2026-07-04,1,3,1610,0.87,Webcam,GENERAL_REUSE
IMP005173,A005173,U0345,BORROW,2026-05-14,1,10,612,0.51,Scientific Calculator,GENERAL_REUSE
IMP005174,A005174,U0108,GIVEAWAY,2026-06-17,1,0,595,0.7,Presentation Clicker,GENERAL_REUSE
IMP005175,A005175,U0537,GIVEAWAY,2026-05-26,1,0,742,0.53,USB-C Charger,GENERAL_REUSE
IMP005176,A005176,U0267,SELL,2026-03-25,1,0,396,0.24,Power Bank,GENERAL_REUSE
IMP005177,A005177,U0143,SWAP,2026-01-10,1,0,944,0.59,Screwdriver Set,GENERAL_REUSE
IMP005178,A005178,U0496,SELL,2025-10-05,1,0,378,0.28,Arduino Kit,GENERAL_REUSE
IMP005179,A005179,U0418,BORROW,2026-01-29,1,10,1840,0.8,Engineering Drawing Kit,GENERAL_REUSE
IMP005180,A005180,U0535,BORROW,2025-10-16,1,3,697,0.41,Digital Multimeter,GENERAL_REUSE
IMP005181,A005181,U0183,SWAP,2026-05-24,1,0,256,0.57,Textbook,GENERAL_REUSE
IMP005182,A005182,U0528,BORROW,2026-06-25,1,21,312,0.78,Ethernet Cable,GENERAL_REUSE
IMP005183,A005183,U0006,GIVEAWAY,2026-01-03,1,0,608,0.81,Calculator,EDUCATIONAL
IMP005184,A005184,U0209,GIVEAWAY,2026-06-20,1,0,3750,0.75,Vernier Caliper,GENERAL_REUSE
IMP005185,A005185,U0834,BORROW,2026-02-27,0,14,0,0.0,Bluetooth Keyboard,GENERAL_REUSE
IMP005186,A005186,U0120,BORROW,2026-02-26,1,7,2714,0.81,Vernier Caliper,GENERAL_REUSE
IMP005187,A005187,U0528,SWAP,2026-06-09,1,0,285,0.57,Safety Goggles,GENERAL_REUSE
IMP005188,A005188,U0243,BORROW,2025-10-19,1,7,260,0.2,Arduino Kit,GENERAL_REUSE
IMP005189,A005189,U0225,BORROW,2025-10-02,1,7,1122,0.68,Digital Multimeter,GENERAL_REUSE
IMP005190,A005190,U0303,GIVEAWAY,2025-10-25,1,0,435,0.58,Digital Multimeter,GENERAL_REUSE
IMP005191,A005191,U0600,GIVEAWAY,2025-12-21,1,0,240,0.4,Drawing Board,GENERAL_REUSE
IMP005192,A005192,U0701,SELL,2026-02-19,1,0,368,0.23,Mechanical Drawing Set,GENERAL_REUSE
IMP005193,A005193,U0648,BORROW,2025-12-10,1,3,1024,0.64,USB-C Charger,GENERAL_REUSE
IMP005194,A005194,U0862,SWAP,2025-11-09,1,0,1357,0.59,Scientific Calculator,GENERAL_REUSE
IMP005195,A005195,U0010,SELL,2026-07-17,1,0,697,0.34,Digital Multimeter,GENERAL_REUSE
IMP005196,A005196,U0192,SWAP,2026-02-13,1,0,296,0.37,Scientific Calculator,GENERAL_REUSE
IMP005197,A005197,U0839,SWAP,2025-11-20,1,0,220,0.44,Breadboard Kit,GENERAL_REUSE
IMP005198,A005198,U0198,BORROW,2026-03-12,0,21,0,0.0,Ethernet Cable,GENERAL_REUSE
IMP005199,A005199,U0127,SWAP,2026-01-12,1,0,387,0.43,Textbook,GENERAL_REUSE
IMP005200,A005200,U0347,SWAP,2026-05-07,1,0,651,0.31,Presentation Clicker,GENERAL_REUSE
IMP005201,A005201,U0305,GIVEAWAY,2026-06-12,1,0,650,0.52,Python Programming Book,GENERAL_REUSE
IMP005202,A005202,U0677,GIVEAWAY,2026-01-22,1,0,1740,0.6,Vernier Caliper,GENERAL_REUSE
IMP005203,A005203,U0474,SWAP,2026-06-17,1,0,662,0.53,Digital Multimeter,GENERAL_REUSE
IMP005204,A005204,U0850,BORROW,2026-01-14,1,3,182,0.52,Textbook,GENERAL_REUSE
IMP005205,A005205,U0604,BORROW,2026-06-12,1,10,222,0.74,Calculator,EDUCATIONAL
IMP005206,A005206,U0005,SWAP,2025-10-07,1,0,878,0.45,Digital Multimeter,GENERAL_REUSE
IMP005207,A005207,U0797,SELL,2025-11-12,1,0,336,0.32,Lab Coat,GENERAL_REUSE
IMP005208,A005208,U0475,SWAP,2025-11-16,1,0,204,0.51,USB Flash Drive,GENERAL_REUSE
IMP005209,A005209,U0356,BORROW,2026-06-04,1,3,84,0.28,Ethernet Cable,GENERAL_REUSE
IMP005210,A005210,U0536,BORROW,2026-04-28,1,14,1306,0.67,Arduino Kit,GENERAL_REUSE
IMP005211,A005211,U0791,BORROW,2026-07-25,1,7,126,0.28,Textbook,GENERAL_REUSE
IMP005212,A005212,U0472,GIVEAWAY,2025-12-12,1,0,510,0.85,Python Programming Book,GENERAL_REUSE
IMP005213,A005213,U0489,SWAP,2026-05-11,1,0,140,0.31,Safety Goggles,GENERAL_REUSE
IMP005214,A005214,U0181,SWAP,2026-02-20,1,0,810,0.54,Desk Lamp,GENERAL_REUSE
IMP005215,A005215,U0053,SWAP,2026-01-30,0,0,0,0.0,Desk Lamp,GENERAL_REUSE
IMP005216,A005216,U0894,BORROW,2025-10-28,1,5,294,0.84,Lab Coat,GENERAL_REUSE
IMP005217,A005217,U0343,SWAP,2026-04-28,1,0,332,0.35,USB Flash Drive,GENERAL_REUSE
IMP005218,A005218,U0160,GIVEAWAY,2025-12-01,1,0,2052,0.57,Webcam,GENERAL_REUSE
IMP005219,A005219,U0140,BORROW,2026-07-18,0,5,0,0.0,Tripod,GENERAL_REUSE
IMP005220,A005220,U0924,BORROW,2026-01-09,1,5,1168,0.73,Engineering Drawing Kit,GENERAL_REUSE
IMP005221,A005221,U0392,BORROW,2025-12-11,1,3,538,0.43,Soldering Iron Kit,GENERAL_REUSE
IMP005222,A005222,U0950,SWAP,2026-06-29,1,0,713,0.62,Digital Multimeter,GENERAL_REUSE
IMP005223,A005223,U0945,BORROW,2026-07-25,1,5,1498,0.81,Engineering Drawing Kit,GENERAL_REUSE
IMP005224,A005224,U0706,BORROW,2026-04-27,1,2,864,0.48,Headphones,GENERAL_REUSE
IMP005225,A005225,U0227,BORROW,2025-10-17,1,7,147,0.49,Ethernet Cable,GENERAL_REUSE
IMP005226,A005226,U0128,BORROW,2025-10-04,1,2,325,0.26,Presentation Clicker,GENERAL_REUSE
IMP005227,A005227,U0787,BORROW,2025-10-09,1,2,2556,0.72,Webcam,GENERAL_REUSE
IMP005228,A005228,U0626,BORROW,2026-05-14,1,14,3108,0.74,Vernier Caliper,GENERAL_REUSE
IMP005229,A005229,U0264,SELL,2026-03-25,1,0,1352,0.53,Arduino Kit,GENERAL_REUSE
IMP005230,A005230,U0973,BORROW,2025-10-30,1,5,270,0.27,Textbook,GENERAL_REUSE
IMP005231,A005231,U0162,SELL,2025-12-04,1,0,836,0.38,Scientific Calculator,GENERAL_REUSE
IMP005232,A005232,U0391,BORROW,2025-10-06,1,3,120,0.24,Breadboard Kit,GENERAL_REUSE
IMP005233,A005233,U0035,SWAP,2026-01-13,1,0,544,0.34,Screwdriver Set,GENERAL_REUSE
IMP005234,A005234,U0680,GIVEAWAY,2025-11-22,1,0,1552,0.69,Soldering Iron Kit,GENERAL_REUSE
IMP005235,A005235,U0840,SWAP,2026-02-01,1,0,912,0.48,Presentation Clicker,GENERAL_REUSE
IMP005236,A005236,U0511,BORROW,2026-06-15,1,2,218,0.23,Tripod,GENERAL_REUSE
IMP005237,A005237,U0140,BORROW,2025-10-14,1,14,600,0.3,Tripod,GENERAL_REUSE
IMP005238,A005238,U0104,SWAP,2025-09-15,1,0,336,0.61,Screwdriver Set,GENERAL_REUSE
IMP005239,A005239,U0820,BORROW,2026-07-08,1,21,950,0.76,Scientific Calculator,GENERAL_REUSE
IMP005240,A005240,U0801,SELL,2026-03-25,1,0,429,0.39,Textbook,GENERAL_REUSE
IMP005241,A005241,U0525,BORROW,2026-04-11,1,10,324,0.24,Calculator,EDUCATIONAL
IMP005242,A005242,U0144,BORROW,2026-03-25,1,21,231,0.42,Desk Lamp,GENERAL_REUSE
IMP005243,A005243,U0964,BORROW,2025-10-15,0,7,0,0.0,Webcam,GENERAL_REUSE
IMP005244,A005244,U0443,GIVEAWAY,2026-07-12,1,0,1357,0.59,Engineering Drawing Kit,GENERAL_REUSE
IMP005245,A005245,U0333,GIVEAWAY,2026-06-18,1,0,1610,0.7,Scientific Calculator,GENERAL_REUSE
IMP005246,A005246,U0669,BORROW,2026-01-06,1,2,1004,0.49,Power Bank,GENERAL_REUSE
IMP005247,A005247,U0364,BORROW,2026-05-14,1,21,100,0.25,HDMI Cable,GENERAL_REUSE
IMP005248,A005248,U0635,SELL,2025-11-28,0,0,0,0.0,USB Flash Drive,GENERAL_REUSE
IMP005249,A005249,U0572,BORROW,2025-12-14,1,7,252,0.84,Safety Goggles,GENERAL_REUSE
IMP005250,A005250,U0794,BORROW,2026-07-03,0,3,0,0.0,Safety Goggles,GENERAL_REUSE
IMP005251,A005251,U0878,SELL,2026-04-14,1,0,886,0.23,Webcam,GENERAL_REUSE
IMP005252,A005252,U0757,GIVEAWAY,2025-12-02,1,0,52,0.52,Graph Paper Pack,GENERAL_REUSE
IMP005253,A005253,U0238,BORROW,2025-10-14,1,14,405,0.9,Textbook,GENERAL_REUSE
IMP005254,A005254,U0483,GIVEAWAY,2026-06-16,1,0,126,0.63,HDMI Cable,GENERAL_REUSE
IMP005255,A005255,U0395,SWAP,2026-02-18,1,0,484,0.51,Extension Board,GENERAL_REUSE
IMP005256,A005256,U0877,SELL,2025-10-11,1,0,459,0.54,Lab Coat,GENERAL_REUSE
IMP005257,A005257,U0522,SELL,2025-10-09,1,0,279,0.31,College Backpack,GENERAL_REUSE
IMP005258,A005258,U0593,SWAP,2026-03-12,1,0,418,0.31,Python Programming Book,GENERAL_REUSE
IMP005259,A005259,U0178,BORROW,2025-09-10,1,7,238,0.25,Mechanical Drawing Set,GENERAL_REUSE
IMP005260,A005260,U0066,SWAP,2026-05-13,1,0,441,0.49,Power Bank,GENERAL_REUSE
IMP005261,A005261,U0202,BORROW,2026-02-14,1,7,774,0.43,Mechanical Drawing Set,GENERAL_REUSE
IMP005262,A005262,U0764,BORROW,2026-06-30,1,2,270,0.45,Safety Goggles,GENERAL_REUSE
IMP005263,A005263,U0785,GIVEAWAY,2026-04-12,1,0,252,0.63,Ethernet Cable,GENERAL_REUSE
IMP005264,A005264,U0580,SWAP,2026-01-09,1,0,690,0.46,Engineering Drawing Kit,GENERAL_REUSE
IMP005265,A005265,U0912,SWAP,2026-05-07,1,0,441,0.63,Breadboard Kit,GENERAL_REUSE
IMP005266,A005266,U0942,BORROW,2026-03-03,0,21,0,0.0,Python Programming Book,GENERAL_REUSE
IMP005267,A005267,U0597,BORROW,2026-03-31,1,21,258,0.43,HDMI Cable,GENERAL_REUSE
IMP005268,A005268,U0032,SELL,2025-11-30,1,0,697,0.41,Scientific Calculator,GENERAL_REUSE
IMP005269,A005269,U0686,SWAP,2025-09-06,1,0,148,0.59,HDMI Cable,GENERAL_REUSE
IMP005270,A005270,U0135,SELL,2025-11-08,1,0,465,0.3,Engineering Drawing Kit,GENERAL_REUSE
IMP005271,A005271,U0311,GIVEAWAY,2026-04-03,1,0,1360,0.8,Tripod,GENERAL_REUSE
IMP005272,A005272,U0065,GIVEAWAY,2026-02-05,1,0,483,0.46,Power Bank,GENERAL_REUSE
IMP005273,A005273,U0033,BORROW,2026-04-08,1,2,1208,0.69,Engineering Drawing Kit,GENERAL_REUSE
IMP005274,A005274,U0342,GIVEAWAY,2025-09-07,1,0,264,0.44,Breadboard Kit,GENERAL_REUSE
IMP005275,A005275,U0402,SELL,2026-03-23,1,0,636,0.31,Engineering Drawing Kit,GENERAL_REUSE
IMP005276,A005276,U0213,BORROW,2025-11-30,0,14,0,0.0,Digital Multimeter,GENERAL_REUSE
IMP005277,A005277,U0988,GIVEAWAY,2026-03-03,1,0,731,0.43,Soldering Iron Kit,GENERAL_REUSE
IMP005278,A005278,U0914,SWAP,2025-12-05,1,0,100,0.4,Ethernet Cable,GENERAL_REUSE
IMP005279,A005279,U0862,SELL,2026-07-04,1,0,2852,0.46,External Hard Drive,GENERAL_REUSE
IMP005280,A005280,U0102,GIVEAWAY,2026-03-30,1,0,1920,0.8,Bluetooth Keyboard,GENERAL_REUSE
IMP005281,A005281,U0409,BORROW,2026-05-01,1,2,180,0.6,Safety Goggles,GENERAL_REUSE
IMP005282,A005282,U0812,SELL,2026-07-10,1,0,330,0.22,Presentation Clicker,GENERAL_REUSE
IMP005283,A005283,U0808,BORROW,2026-02-23,1,21,392,0.56,Extension Board,GENERAL_REUSE
IMP005284,A005284,U0833,SELL,2025-09-01,1,0,234,0.26,USB Flash Drive,GENERAL_REUSE
IMP005285,A005285,U0429,BORROW,2026-01-01,1,10,576,0.64,Scientific Calculator,GENERAL_REUSE
IMP005286,A005286,U0470,BORROW,2025-12-03,1,21,504,0.63,Power Bank,GENERAL_REUSE
IMP005287,A005287,U0541,BORROW,2026-03-15,1,5,480,0.6,Power Bank,GENERAL_REUSE
IMP005288,A005288,U0778,GIVEAWAY,2025-09-10,1,0,280,0.56,Desk Lamp,GENERAL_REUSE
IMP005289,A005289,U0421,SELL,2025-12-09,1,0,486,0.27,Headphones,GENERAL_REUSE
IMP005290,A005290,U0899,BORROW,2025-11-12,1,5,1184,0.74,Drawing Board,GENERAL_REUSE
IMP005291,A005291,U0681,BORROW,2025-12-05,1,3,1008,0.28,Webcam,GENERAL_REUSE
IMP005292,A005292,U0792,SWAP,2026-04-11,1,0,280,0.35,Extension Board,GENERAL_REUSE
IMP005293,A005293,U0769,BORROW,2025-10-25,1,2,1067,0.22,External Hard Drive,GENERAL_REUSE
IMP005294,A005294,U0565,SELL,2025-11-04,1,0,176,0.39,Safety Goggles,GENERAL_REUSE
IMP005295,A005295,U0163,SWAP,2026-01-14,1,0,450,0.45,Extension Board,GENERAL_REUSE
IMP005296,A005296,U0737,BORROW,2025-10-05,1,10,510,0.34,Power Bank,GENERAL_REUSE
IMP005297,A005297,U0767,BORROW,2025-11-18,1,2,195,0.3,Safety Goggles,GENERAL_REUSE
IMP005298,A005298,U0926,BORROW,2026-04-17,1,14,503,0.67,Soldering Iron Kit,GENERAL_REUSE
IMP005299,A005299,U0553,SWAP,2026-05-11,1,0,188,0.29,College Backpack,GENERAL_REUSE
IMP005300,A005300,U0901,BORROW,2026-05-21,0,2,0,0.0,Presentation Clicker,GENERAL_REUSE
IMP005301,A005301,U0912,BORROW,2025-11-09,0,14,0,0.0,Bluetooth Keyboard,GENERAL_REUSE
IMP005302,A005302,U0921,SELL,2025-09-15,1,0,108,0.24,Desk Lamp,GENERAL_REUSE
IMP005303,A005303,U0364,GIVEAWAY,2026-01-16,1,0,531,0.59,Lab Coat,GENERAL_REUSE
IMP005304,A005304,U0549,BORROW,2026-01-07,1,21,370,0.39,Calculator,EDUCATIONAL
IMP005305,A005305,U0940,SWAP,2025-10-12,1,0,288,0.25,Engineering Drawing Kit,GENERAL_REUSE
IMP005306,A005306,U0558,BORROW,2025-11-18,1,2,720,0.45,Webcam,GENERAL_REUSE
IMP005307,A005307,U0988,BORROW,2026-07-28,1,7,234,0.78,HDMI Cable,GENERAL_REUSE
IMP005308,A005308,U0771,BORROW,2026-03-04,1,2,304,0.38,Python Programming Book,GENERAL_REUSE
IMP005309,A005309,U0442,SWAP,2026-05-18,1,0,322,0.43,HDMI Cable,GENERAL_REUSE
IMP005310,A005310,U0686,SELL,2026-04-15,1,0,442,0.52,Desk Lamp,GENERAL_REUSE
IMP005311,A005311,U0735,GIVEAWAY,2025-11-23,1,0,3384,0.67,External Hard Drive,GENERAL_REUSE
IMP005312,A005312,U0633,SWAP,2025-09-20,1,0,976,0.63,Python Programming Book,GENERAL_REUSE
IMP005313,A005313,U0566,BORROW,2026-06-07,1,21,1348,0.55,USB-C Charger,GENERAL_REUSE
IMP005314,A005314,U0496,SELL,2026-04-05,1,0,588,0.28,Arduino Kit,GENERAL_REUSE
IMP005315,A005315,U0822,SWAP,2025-12-24,1,0,928,0.29,Headphones,GENERAL_REUSE
IMP005316,A005316,U0784,SWAP,2026-01-27,1,0,314,0.33,Headphones,GENERAL_REUSE
IMP005317,A005317,U0028,SWAP,2026-01-27,1,0,273,0.39,Safety Goggles,GENERAL_REUSE
IMP005318,A005318,U0639,SWAP,2026-04-28,0,0,0,0.0,Graph Paper Pack,GENERAL_REUSE
IMP005319,A005319,U0916,GIVEAWAY,2026-03-20,1,0,300,0.4,Screwdriver Set,GENERAL_REUSE
IMP005320,A005320,U0198,BORROW,2026-02-20,1,2,529,0.46,Soldering Iron Kit,GENERAL_REUSE
IMP005321,A005321,U0343,SELL,2026-07-13,1,0,300,0.5,Python Programming Book,GENERAL_REUSE
IMP005322,A005322,U0054,BORROW,2025-12-16,1,21,345,0.69,HDMI Cable,GENERAL_REUSE
IMP005323,A005323,U0665,BORROW,2026-03-24,1,10,663,0.51,Extension Board,GENERAL_REUSE
IMP005324,A005324,U0542,GIVEAWAY,2026-01-12,1,0,182,0.52,USB Flash Drive,GENERAL_REUSE
IMP005325,A005325,U0125,GIVEAWAY,2025-10-31,1,0,1040,0.63,Calculator,EDUCATIONAL
IMP005326,A005326,U0591,SWAP,2026-04-30,1,0,435,0.58,Tripod,GENERAL_REUSE
IMP005327,A005327,U0728,BORROW,2026-01-13,1,7,357,0.42,Calculator,EDUCATIONAL
IMP005328,A005328,U0646,BORROW,2026-04-29,1,7,1372,0.61,USB-C Charger,GENERAL_REUSE
IMP005329,A005329,U0463,BORROW,2025-11-19,1,7,538,0.43,Screwdriver Set,GENERAL_REUSE
IMP005330,A005330,U0899,BORROW,2026-05-25,1,10,996,0.83,Digital Multimeter,GENERAL_REUSE
IMP005331,A005331,U0615,SELL,2026-01-14,0,0,0,0.0,USB-C Charger,GENERAL_REUSE
IMP005332,A005332,U0340,BORROW,2026-02-20,1,14,475,0.38,Desk Lamp,GENERAL_REUSE
IMP005333,A005333,U0423,SWAP,2026-06-29,1,0,42,0.28,Ethernet Cable,GENERAL_REUSE
IMP005334,A005334,U0591,BORROW,2026-03-24,1,3,594,0.44,Python Programming Book,GENERAL_REUSE
IMP005335,A005335,U0001,SELL,2026-03-25,1,0,583,0.53,Screwdriver Set,GENERAL_REUSE
IMP005336,A005336,U0446,BORROW,2026-04-29,1,5,1763,0.86,Bluetooth Keyboard,GENERAL_REUSE
IMP005337,A005337,U0682,SELL,2026-02-22,1,0,416,0.52,Lab Coat,GENERAL_REUSE
IMP005338,A005338,U0445,SWAP,2026-04-15,1,0,418,0.38,Headphones,GENERAL_REUSE
IMP005339,A005339,U0002,BORROW,2026-05-10,1,14,468,0.78,Python Programming Book,GENERAL_REUSE
IMP005340,A005340,U0876,GIVEAWAY,2026-04-10,1,0,670,0.67,Soldering Iron Kit,GENERAL_REUSE
IMP005341,A005341,U0317,BORROW,2025-11-05,1,3,450,0.6,College Backpack,GENERAL_REUSE
IMP005342,A005342,U0154,SELL,2025-09-06,1,0,731,0.43,Digital Multimeter,GENERAL_REUSE
IMP005343,A005343,U0487,SWAP,2025-09-16,1,0,212,0.47,Extension Board,GENERAL_REUSE
IMP005344,A005344,U0706,BORROW,2025-09-11,1,3,158,0.63,Textbook,GENERAL_REUSE
IMP005345,A005345,U0388,GIVEAWAY,2026-05-13,1,0,3825,0.85,Vernier Caliper,GENERAL_REUSE
IMP005346,A005346,U0245,SWAP,2026-01-29,1,0,357,0.51,HDMI Cable,GENERAL_REUSE
IMP005347,A005347,U0965,SWAP,2026-04-18,1,0,270,0.27,Mechanical Drawing Set,GENERAL_REUSE
IMP005348,A005348,U0944,SWAP,2026-04-05,0,0,0,0.0,College Backpack,GENERAL_REUSE
IMP005349,A005349,U0461,BORROW,2025-09-08,1,10,756,0.89,Lab Coat,GENERAL_REUSE
IMP005350,A005350,U0311,SELL,2025-11-24,1,0,52,0.26,Breadboard Kit,GENERAL_REUSE
IMP005351,A005351,U0326,SELL,2025-11-16,1,0,388,0.37,Arduino Kit,GENERAL_REUSE
IMP005352,A005352,U0198,GIVEAWAY,2025-12-27,1,0,504,0.36,Vernier Caliper,GENERAL_REUSE
IMP005353,A005353,U0030,BORROW,2025-10-28,1,14,1678,0.61,External Hard Drive,GENERAL_REUSE
IMP005354,A005354,U0591,GIVEAWAY,2026-02-18,1,0,96,0.64,Graph Paper Pack,GENERAL_REUSE
IMP005355,A005355,U0704,BORROW,2025-10-26,1,7,1326,0.34,Webcam,GENERAL_REUSE
IMP005356,A005356,U0531,GIVEAWAY,2026-06-01,1,0,1414,0.69,Soldering Iron Kit,GENERAL_REUSE
IMP005357,A005357,U0058,BORROW,2026-02-28,1,7,232,0.31,HDMI Cable,GENERAL_REUSE
IMP005358,A005358,U0024,SWAP,2026-07-28,1,0,312,0.39,Extension Board,GENERAL_REUSE
IMP005359,A005359,U0323,SWAP,2026-03-08,1,0,212,0.47,Ethernet Cable,GENERAL_REUSE
IMP005360,A005360,U0149,BORROW,2026-03-14,1,7,98,0.28,Breadboard Kit,GENERAL_REUSE
IMP005361,A005361,U0530,GIVEAWAY,2026-03-07,1,0,552,0.48,Arduino Kit,GENERAL_REUSE
IMP005362,A005362,U0494,BORROW,2026-02-27,1,3,270,0.2,Power Bank,GENERAL_REUSE
IMP005363,A005363,U0728,SWAP,2025-10-15,1,0,144,0.48,Calculator,EDUCATIONAL
IMP005364,A005364,U0026,BORROW,2026-05-17,1,5,566,0.87,Breadboard Kit,GENERAL_REUSE
IMP005365,A005365,U0634,BORROW,2026-02-19,1,14,1190,0.7,Digital Multimeter,GENERAL_REUSE
IMP005366,A005366,U0655,SWAP,2025-12-03,1,0,330,0.3,College Backpack,GENERAL_REUSE
IMP005367,A005367,U0755,SELL,2026-06-06,1,0,26,0.26,Graph Paper Pack,GENERAL_REUSE
IMP005368,A005368,U0154,BORROW,2026-06-08,1,14,136,0.21,USB Flash Drive,GENERAL_REUSE
IMP005369,A005369,U0392,BORROW,2026-06-09,1,21,2584,0.76,Soldering Iron Kit,GENERAL_REUSE
IMP005370,A005370,U0659,SWAP,2025-09-16,1,0,576,0.32,Bluetooth Keyboard,GENERAL_REUSE
IMP005371,A005371,U0935,SWAP,2025-12-03,1,0,1222,0.52,College Backpack,GENERAL_REUSE
IMP005372,A005372,U0353,BORROW,2025-10-30,1,21,825,0.75,Desk Lamp,GENERAL_REUSE
IMP005373,A005373,U0591,BORROW,2025-10-01,0,3,0,0.0,Webcam,GENERAL_REUSE
IMP005374,A005374,U0772,BORROW,2026-05-02,1,5,506,0.22,Vernier Caliper,GENERAL_REUSE
IMP005375,A005375,U0430,GIVEAWAY,2026-07-20,1,0,888,0.74,Tripod,GENERAL_REUSE
IMP005376,A005376,U0756,BORROW,2026-05-09,1,14,290,0.83,Safety Goggles,GENERAL_REUSE
IMP005377,A005377,U0808,SELL,2026-01-24,1,0,444,0.37,USB-C Charger,GENERAL_REUSE
IMP005378,A005378,U0614,SELL,2026-07-10,1,0,656,0.32,Arduino Kit,GENERAL_REUSE
IMP005379,A005379,U0114,BORROW,2026-03-28,1,3,160,0.29,Ethernet Cable,GENERAL_REUSE
IMP005380,A005380,U0152,GIVEAWAY,2025-12-25,1,0,798,0.76,Calculator,EDUCATIONAL
IMP005381,A005381,U0937,BORROW,2026-03-14,1,21,666,0.36,Engineering Drawing Kit,GENERAL_REUSE
IMP005382,A005382,U0237,SWAP,2025-11-27,1,0,360,0.3,Digital Multimeter,GENERAL_REUSE
IMP005383,A005383,U0946,BORROW,2026-05-09,1,14,1200,0.8,Extension Board,GENERAL_REUSE
IMP005384,A005384,U0592,BORROW,2025-11-28,1,3,273,0.21,College Backpack,GENERAL_REUSE
IMP005385,A005385,U0999,BORROW,2026-06-20,1,5,279,0.62,Extension Board,GENERAL_REUSE
IMP005386,A005386,U0948,BORROW,2025-11-09,1,10,1066,0.52,Presentation Clicker,GENERAL_REUSE
IMP005387,A005387,U0502,SWAP,2026-01-15,1,0,346,0.63,Ethernet Cable,GENERAL_REUSE
IMP005388,A005388,U0207,GIVEAWAY,2026-05-20,1,0,1977,0.35,Vernier Caliper,GENERAL_REUSE
IMP005389,A005389,U0369,BORROW,2026-04-27,1,2,445,0.89,Textbook,GENERAL_REUSE
IMP005390,A005390,U0664,GIVEAWAY,2026-06-29,1,0,410,0.63,Breadboard Kit,GENERAL_REUSE
IMP005391,A005391,U0883,SWAP,2026-03-29,1,0,742,0.53,Scientific Calculator,GENERAL_REUSE
IMP005392,A005392,U0866,GIVEAWAY,2026-05-12,1,0,370,0.57,HDMI Cable,GENERAL_REUSE
IMP005393,A005393,U0611,BORROW,2025-12-07,1,2,752,0.47,Scientific Calculator,GENERAL_REUSE
IMP005394,A005394,U0482,BORROW,2025-12-03,1,10,784,0.32,Scientific Calculator,GENERAL_REUSE
IMP005395,A005395,U0958,SELL,2025-12-05,1,0,400,0.47,Headphones,GENERAL_REUSE
IMP005396,A005396,U0298,GIVEAWAY,2025-09-23,1,0,1512,0.48,Arduino Kit,GENERAL_REUSE
IMP005397,A005397,U0598,BORROW,2025-12-28,1,14,357,0.42,Python Programming Book,GENERAL_REUSE
IMP005398,A005398,U0481,GIVEAWAY,2025-11-23,1,0,1880,0.8,Bluetooth Keyboard,GENERAL_REUSE
IMP005399,A005399,U0279,SWAP,2026-03-18,1,0,96,0.32,Safety Goggles,GENERAL_REUSE
IMP005400,A005400,U0453,SWAP,2026-05-20,1,0,190,0.38,Ethernet Cable,GENERAL_REUSE
IMP005401,A005401,U0966,SWAP,2025-11-04,0,0,0,0.0,Extension Board,GENERAL_REUSE
IMP005402,A005402,U0497,BORROW,2026-05-14,1,10,650,0.65,Presentation Clicker,GENERAL_REUSE
IMP005403,A005403,U0526,GIVEAWAY,2025-09-15,1,0,555,0.74,Desk Lamp,GENERAL_REUSE
IMP005404,A005404,U0460,SELL,2026-06-11,1,0,611,0.47,Mechanical Drawing Set,GENERAL_REUSE
IMP005405,A005405,U0593,BORROW,2025-10-31,1,3,380,0.33,Lab Coat,GENERAL_REUSE
IMP005406,A005406,U0813,SWAP,2025-11-27,1,0,234,0.39,Ethernet Cable,GENERAL_REUSE
IMP005407,A005407,U0591,SELL,2026-01-21,1,0,259,0.37,Safety Goggles,GENERAL_REUSE
IMP005408,A005408,U0963,BORROW,2026-06-24,0,21,0,0.0,Digital Multimeter,GENERAL_REUSE
IMP005409,A005409,U0480,BORROW,2026-04-09,1,21,561,0.33,Screwdriver Set,GENERAL_REUSE
IMP005410,A005410,U0618,SWAP,2026-04-27,1,0,713,0.62,USB Flash Drive,GENERAL_REUSE
IMP005411,A005411,U0920,BORROW,2025-09-17,1,14,150,0.6,Breadboard Kit,GENERAL_REUSE
IMP005412,A005412,U0121,GIVEAWAY,2025-12-08,1,0,780,0.52,Tripod,GENERAL_REUSE
IMP005413,A005413,U0355,SWAP,2025-12-29,1,0,880,0.55,Drawing Board,GENERAL_REUSE
IMP005414,A005414,U0136,BORROW,2025-10-17,1,10,104,0.26,Calculator,EDUCATIONAL
IMP005415,A005415,U0163,BORROW,2026-06-28,1,5,358,0.65,Textbook,GENERAL_REUSE
IMP005416,A005416,U0569,BORROW,2026-02-07,1,10,1574,0.47,Arduino Kit,GENERAL_REUSE
IMP005417,A005417,U0456,BORROW,2026-01-31,1,14,116,0.58,Graph Paper Pack,GENERAL_REUSE
IMP005418,A005418,U0041,GIVEAWAY,2025-12-13,1,0,500,0.37,Extension Board,GENERAL_REUSE
IMP005419,A005419,U0918,SELL,2026-05-04,1,0,442,0.52,Python Programming Book,GENERAL_REUSE
IMP005420,A005420,U0353,SWAP,2026-01-23,1,0,490,0.35,Tripod,GENERAL_REUSE
IMP005421,A005421,U0950,SWAP,2025-11-17,1,0,1000,0.4,Arduino Kit,GENERAL_REUSE
IMP005422,A005422,U0567,SELL,2025-12-19,1,0,357,0.42,Mechanical Drawing Set,GENERAL_REUSE
IMP005423,A005423,U0870,BORROW,2026-04-06,1,21,1525,0.61,Tripod,GENERAL_REUSE
IMP005424,A005424,U0872,SWAP,2026-03-19,1,0,536,0.63,Bluetooth Keyboard,GENERAL_REUSE
IMP005425,A005425,U0001,SWAP,2025-11-15,1,0,1920,0.64,Vernier Caliper,GENERAL_REUSE
IMP005426,A005426,U0883,BORROW,2026-03-07,1,7,636,0.31,Digital Multimeter,GENERAL_REUSE
IMP005427,A005427,U0289,BORROW,2025-10-04,1,10,74,0.49,Graph Paper Pack,GENERAL_REUSE
IMP005428,A005428,U0809,BORROW,2025-09-13,1,14,336,0.84,Textbook,GENERAL_REUSE
IMP005429,A005429,U0242,BORROW,2026-02-27,1,3,870,0.6,Extension Board,GENERAL_REUSE
IMP005430,A005430,U0141,BORROW,2026-04-11,0,5,0,0.0,Power Bank,GENERAL_REUSE
IMP005431,A005431,U0289,GIVEAWAY,2026-05-22,1,0,234,0.39,Ethernet Cable,GENERAL_REUSE
IMP005432,A005432,U0283,BORROW,2026-01-28,1,7,2392,0.87,Arduino Kit,GENERAL_REUSE
IMP005433,A005433,U0776,SWAP,2026-05-12,1,0,634,0.47,Engineering Drawing Kit,GENERAL_REUSE
IMP005434,A005434,U0960,GIVEAWAY,2026-02-04,1,0,432,0.72,HDMI Cable,GENERAL_REUSE
IMP005435,A005435,U0515,BORROW,2026-01-31,1,21,464,0.32,Digital Multimeter,GENERAL_REUSE
IMP005436,A005436,U0628,BORROW,2025-10-17,1,2,202,0.31,Calculator,EDUCATIONAL
IMP005437,A005437,U0431,BORROW,2026-04-09,1,7,1333,0.86,Screwdriver Set,GENERAL_REUSE
IMP005438,A005438,U0881,SWAP,2026-05-15,1,0,54,0.36,Graph Paper Pack,GENERAL_REUSE
IMP005439,A005439,U0257,BORROW,2026-06-03,1,3,2536,0.89,Soldering Iron Kit,GENERAL_REUSE
IMP005440,A005440,U0347,SWAP,2026-03-01,1,0,640,0.32,Tripod,GENERAL_REUSE
IMP005441,A005441,U0123,SWAP,2025-10-20,1,0,1020,0.6,Presentation Clicker,GENERAL_REUSE
IMP005442,A005442,U0377,SWAP,2026-03-14,0,0,0,0.0,HDMI Cable,GENERAL_REUSE
IMP005443,A005443,U0661,SELL,2026-04-24,1,0,288,0.36,Drawing Board,GENERAL_REUSE
IMP005444,A005444,U0750,SWAP,2026-05-18,1,0,602,0.43,Arduino Kit,GENERAL_REUSE
IMP005445,A005445,U0770,BORROW,2025-12-08,1,5,527,0.34,Bluetooth Keyboard,GENERAL_REUSE
IMP005446,A005446,U0601,SELL,2026-06-15,1,0,720,0.45,Tripod,GENERAL_REUSE
IMP005447,A005447,U0729,SWAP,2026-05-07,1,0,1128,0.47,Scientific Calculator,GENERAL_REUSE
IMP005448,A005448,U0460,SELL,2026-03-07,1,0,448,0.39,USB Flash Drive,GENERAL_REUSE
IMP005449,A005449,U0584,BORROW,2026-05-17,1,14,1410,0.47,Webcam,GENERAL_REUSE
IMP005450,A005450,U0329,GIVEAWAY,2026-02-04,1,0,1007,0.53,Soldering Iron Kit,GENERAL_REUSE
IMP005451,A005451,U0532,GIVEAWAY,2025-11-06,1,0,650,0.52,Desk Lamp,GENERAL_REUSE
IMP005452,A005452,U0029,BORROW,2026-03-21,0,5,0,0.0,Digital Multimeter,GENERAL_REUSE
IMP005453,A005453,U0132,SWAP,2026-03-06,1,0,49,0.49,Graph Paper Pack,GENERAL_REUSE
IMP005454,A005454,U0369,SELL,2026-03-31,1,0,980,0.4,Vernier Caliper,GENERAL_REUSE
IMP005455,A005455,U0558,SWAP,2025-10-10,0,0,0,0.0,Safety Goggles,GENERAL_REUSE
IMP005456,A005456,U0161,BORROW,2025-10-23,1,21,1786,0.76,Scientific Calculator,GENERAL_REUSE
IMP005457,A005457,U0645,BORROW,2025-09-04,1,10,432,0.72,USB Flash Drive,GENERAL_REUSE
IMP005458,A005458,U0643,GIVEAWAY,2025-12-15,0,0,0,0.0,Soldering Iron Kit,GENERAL_REUSE
IMP005459,A005459,U0685,BORROW,2025-12-26,1,10,638,0.51,Desk Lamp,GENERAL_REUSE
IMP005460,A005460,U0165,BORROW,2025-10-22,1,3,315,0.7,Textbook,GENERAL_REUSE
IMP005461,A005461,U0822,BORROW,2026-06-13,1,2,1246,0.89,Bluetooth Keyboard,GENERAL_REUSE
IMP005462,A005462,U0915,SWAP,2026-02-06,1,0,154,0.44,HDMI Cable,GENERAL_REUSE
IMP005463,A005463,U0813,BORROW,2026-03-01,1,2,250,0.5,Python Programming Book,GENERAL_REUSE
IMP005464,A005464,U0126,BORROW,2026-05-23,1,14,264,0.48,Breadboard Kit,GENERAL_REUSE
IMP005465,A005465,U0264,BORROW,2026-05-19,0,3,0,0.0,USB-C Charger,GENERAL_REUSE
IMP005466,A005466,U0398,BORROW,2025-12-08,1,21,1513,0.89,Python Programming Book,GENERAL_REUSE
IMP005467,A005467,U0772,BORROW,2025-10-04,1,10,520,0.8,Textbook,GENERAL_REUSE
IMP005468,A005468,U0611,BORROW,2026-06-04,1,21,957,0.33,Headphones,GENERAL_REUSE
IMP005469,A005469,U0289,BORROW,2026-03-24,1,3,528,0.44,College Backpack,GENERAL_REUSE
IMP005470,A005470,U0457,SWAP,2026-01-28,1,0,338,0.45,HDMI Cable,GENERAL_REUSE
IMP005471,A005471,U0324,SWAP,2026-07-21,1,0,58,0.58,Ethernet Cable,GENERAL_REUSE
IMP005472,A005472,U0254,BORROW,2026-01-01,1,3,2079,0.66,Arduino Kit,GENERAL_REUSE
IMP005473,A005473,U0664,BORROW,2025-11-18,1,3,410,0.39,Power Bank,GENERAL_REUSE
IMP005474,A005474,U0040,BORROW,2026-03-11,1,5,1496,0.88,Presentation Clicker,GENERAL_REUSE
IMP005475,A005475,U0253,BORROW,2025-11-27,1,5,688,0.25,Headphones,GENERAL_REUSE
IMP005476,A005476,U0635,SWAP,2026-03-23,1,0,387,0.43,USB-C Charger,GENERAL_REUSE
IMP005477,A005477,U0464,BORROW,2026-06-18,1,5,78,0.26,USB Flash Drive,GENERAL_REUSE
IMP005478,A005478,U0117,BORROW,2026-04-21,1,14,4916,0.87,Vernier Caliper,GENERAL_REUSE
IMP005479,A005479,U0350,SWAP,2026-01-19,1,0,2560,0.64,External Hard Drive,GENERAL_REUSE
IMP005480,A005480,U0386,SWAP,2026-07-20,1,0,174,0.29,USB Flash Drive,GENERAL_REUSE
IMP005481,A005481,U0831,BORROW,2025-11-07,1,14,165,0.22,Desk Lamp,GENERAL_REUSE
IMP005482,A005482,U0139,SWAP,2026-01-19,0,0,0,0.0,Calculator,EDUCATIONAL
IMP005483,A005483,U0161,GIVEAWAY,2025-11-17,1,0,2163,0.42,Vernier Caliper,GENERAL_REUSE
IMP005484,A005484,U0076,BORROW,2026-03-17,1,7,270,0.77,Ethernet Cable,GENERAL_REUSE
IMP005485,A005485,U0370,BORROW,2026-01-26,1,3,54,0.27,Graph Paper Pack,GENERAL_REUSE
IMP005486,A005486,U0050,BORROW,2026-01-12,1,14,676,0.33,Arduino Kit,GENERAL_REUSE
IMP005487,A005487,U0426,SWAP,2025-09-27,1,0,1332,0.65,Tripod,GENERAL_REUSE
IMP005488,A005488,U0351,BORROW,2025-10-20,1,2,3248,0.73,External Hard Drive,GENERAL_REUSE
IMP005489,A005489,U0299,SWAP,2025-09-13,1,0,358,0.55,Drawing Board,GENERAL_REUSE
IMP005490,A005490,U0023,BORROW,2026-07-11,1,3,2096,0.33,External Hard Drive,GENERAL_REUSE
IMP005491,A005491,U0901,GIVEAWAY,2025-09-25,1,0,882,0.42,Tripod,GENERAL_REUSE
IMP005492,A005492,U0326,SWAP,2026-07-12,1,0,516,0.43,USB Flash Drive,GENERAL_REUSE
IMP005493,A005493,U0461,BORROW,2025-10-12,1,7,312,0.52,Ethernet Cable,GENERAL_REUSE
IMP005494,A005494,U0052,BORROW,2026-07-19,1,14,1349,0.71,Scientific Calculator,GENERAL_REUSE
IMP005495,A005495,U0538,GIVEAWAY,2025-12-15,1,0,1176,0.48,Headphones,GENERAL_REUSE
IMP005496,A005496,U0987,BORROW,2026-07-21,1,7,302,0.67,Calculator,EDUCATIONAL
IMP005497,A005497,U0953,GIVEAWAY,2025-10-30,1,0,2482,0.73,Headphones,GENERAL_REUSE
IMP005498,A005498,U0326,SWAP,2026-03-21,1,0,144,0.32,Scientific Calculator,GENERAL_REUSE
IMP005499,A005499,U0358,BORROW,2026-05-30,1,2,390,0.78,Extension Board,GENERAL_REUSE
IMP005500,A005500,U0697,BORROW,2026-02-20,1,3,1026,0.38,Soldering Iron Kit,GENERAL_REUSE
IMP005501,A005501,U0055,BORROW,2026-03-26,1,7,364,0.52,Textbook,GENERAL_REUSE
IMP005502,A005502,U0455,SWAP,2025-11-24,1,0,1204,0.56,Digital Multimeter,GENERAL_REUSE
IMP005503,A005503,U0570,BORROW,2025-09-08,1,10,66,0.66,Graph Paper Pack,GENERAL_REUSE
IMP005504,A005504,U0810,GIVEAWAY,2025-10-30,1,0,1280,0.8,Screwdriver Set,GENERAL_REUSE
IMP005505,A005505,U0563,BORROW,2026-07-22,1,10,2166,0.76,Arduino Kit,GENERAL_REUSE
IMP005506,A005506,U0655,SWAP,2026-01-13,1,0,255,0.3,USB Flash Drive,GENERAL_REUSE
IMP005507,A005507,U0177,SELL,2026-02-04,1,0,713,0.46,Power Bank,GENERAL_REUSE
IMP005508,A005508,U0616,BORROW,2026-06-26,1,21,2712,0.48,External Hard Drive,GENERAL_REUSE
IMP005509,A005509,U0166,GIVEAWAY,2025-11-15,1,0,2432,0.38,External Hard Drive,GENERAL_REUSE
IMP005510,A005510,U0386,GIVEAWAY,2025-12-27,1,0,2009,0.82,USB-C Charger,GENERAL_REUSE
IMP005511,A005511,U0626,BORROW,2026-07-10,0,21,0,0.0,Drawing Board,GENERAL_REUSE
IMP005512,A005512,U0614,SWAP,2026-07-21,1,0,963,0.55,Power Bank,GENERAL_REUSE
IMP005513,A005513,U0109,BORROW,2025-10-01,1,5,16,0.32,Graph Paper Pack,GENERAL_REUSE
IMP005514,A005514,U0236,BORROW,2025-10-08,1,5,560,0.56,Tripod,GENERAL_REUSE
IMP005515,A005515,U0029,BORROW,2026-02-01,0,21,0,0.0,Arduino Kit,GENERAL_REUSE
IMP005516,A005516,U0298,BORROW,2026-01-02,1,21,230,0.46,Ethernet Cable,GENERAL_REUSE
IMP005517,A005517,U0622,BORROW,2026-06-08,1,5,1056,0.66,Python Programming Book,GENERAL_REUSE
IMP005518,A005518,U0362,BORROW,2026-04-07,1,7,506,0.44,Soldering Iron Kit,GENERAL_REUSE
IMP005519,A005519,U0347,BORROW,2026-05-28,1,21,294,0.49,Arduino Kit,GENERAL_REUSE
IMP005520,A005520,U0869,SWAP,2026-06-24,1,0,2154,0.59,Webcam,GENERAL_REUSE
IMP005521,A005521,U0692,SWAP,2026-01-10,1,0,480,0.64,Desk Lamp,GENERAL_REUSE
IMP005522,A005522,U0914,SWAP,2025-11-29,1,0,697,0.41,USB-C Charger,GENERAL_REUSE
IMP005523,A005523,U0323,SELL,2025-09-05,1,0,242,0.23,Calculator,EDUCATIONAL
IMP005524,A005524,U0779,GIVEAWAY,2025-09-29,1,0,1105,0.65,USB-C Charger,GENERAL_REUSE
IMP005525,A005525,U0597,BORROW,2026-07-11,0,3,0,0.0,Lab Coat,GENERAL_REUSE
IMP005526,A005526,U0251,BORROW,2026-05-24,1,5,308,0.44,USB-C Charger,GENERAL_REUSE
IMP005527,A005527,U0773,SWAP,2025-10-21,1,0,1414,0.28,External Hard Drive,GENERAL_REUSE
IMP005528,A005528,U0050,GIVEAWAY,2026-05-12,1,0,644,0.46,Extension Board,GENERAL_REUSE
IMP005529,A005529,U0031,GIVEAWAY,2026-07-26,1,0,100,0.5,Graph Paper Pack,GENERAL_REUSE
IMP005530,A005530,U0754,BORROW,2025-09-19,1,3,31,0.31,Graph Paper Pack,GENERAL_REUSE
IMP005531,A005531,U0667,SELL,2026-02-20,1,0,743,0.55,Engineering Drawing Kit,GENERAL_REUSE
IMP005532,A005532,U0313,BORROW,2025-11-27,1,2,220,0.55,Extension Board,GENERAL_REUSE
IMP005533,A005533,U0291,BORROW,2026-01-09,1,10,1739,0.47,Webcam,GENERAL_REUSE
IMP005534,A005534,U0797,BORROW,2026-05-23,1,10,748,0.68,Power Bank,GENERAL_REUSE
IMP005535,A005535,U0778,GIVEAWAY,2026-01-04,1,0,302,0.55,Lab Coat,GENERAL_REUSE
IMP005536,A005536,U0727,BORROW,2025-11-05,1,10,1147,0.74,College Backpack,GENERAL_REUSE
IMP005537,A005537,U0097,BORROW,2026-07-01,1,21,697,0.34,Engineering Drawing Kit,GENERAL_REUSE
IMP005538,A005538,U0707,BORROW,2025-10-07,1,10,792,0.44,Power Bank,GENERAL_REUSE
IMP005539,A005539,U0126,SWAP,2026-01-28,1,0,160,0.29,Breadboard Kit,GENERAL_REUSE
IMP005540,A005540,U0620,GIVEAWAY,2025-10-22,1,0,328,0.41,Lab Coat,GENERAL_REUSE
IMP005541,A005541,U0622,GIVEAWAY,2025-12-08,1,0,474,0.79,Safety Goggles,GENERAL_REUSE
IMP005542,A005542,U0134,SWAP,2025-10-30,1,0,946,0.44,Tripod,GENERAL_REUSE
IMP005543,A005543,U0633,SELL,2026-02-19,1,0,688,0.51,Python Programming Book,GENERAL_REUSE
IMP005544,A005544,U0759,BORROW,2025-09-29,1,2,1364,0.62,Soldering Iron Kit,GENERAL_REUSE
IMP005545,A005545,U0810,BORROW,2025-09-16,1,3,817,0.86,Python Programming Book,GENERAL_REUSE
IMP005546,A005546,U0564,SWAP,2025-10-01,1,0,478,0.29,Mechanical Drawing Set,GENERAL_REUSE
IMP005547,A005547,U0648,SWAP,2026-01-17,1,0,432,0.32,Python Programming Book,GENERAL_REUSE
IMP005548,A005548,U0373,BORROW,2025-12-06,1,21,231,0.77,Safety Goggles,GENERAL_REUSE
IMP005549,A005549,U0433,BORROW,2025-11-15,1,2,2308,0.81,Arduino Kit,GENERAL_REUSE
IMP005550,A005550,U0381,GIVEAWAY,2025-10-21,1,0,390,0.39,Extension Board,GENERAL_REUSE
IMP005551,A005551,U0161,BORROW,2026-05-31,1,10,207,0.46,Textbook,GENERAL_REUSE
IMP005552,A005552,U0373,GIVEAWAY,2025-11-08,1,0,413,0.55,Headphones,GENERAL_REUSE
IMP005553,A005553,U0969,BORROW,2025-11-11,1,2,168,0.21,Extension Board,GENERAL_REUSE
IMP005554,A005554,U0631,BORROW,2026-02-28,1,21,435,0.87,HDMI Cable,GENERAL_REUSE
IMP005555,A005555,U0229,SWAP,2025-12-24,1,0,656,0.57,USB Flash Drive,GENERAL_REUSE
IMP005556,A005556,U0725,BORROW,2026-05-14,0,10,0,0.0,Graph Paper Pack,GENERAL_REUSE
IMP005557,A005557,U0226,BORROW,2026-01-21,1,21,891,0.81,Headphones,GENERAL_REUSE
IMP005558,A005558,U0504,SELL,2026-06-05,1,0,273,0.42,Safety Goggles,GENERAL_REUSE
IMP005559,A005559,U0299,BORROW,2026-06-21,1,10,817,0.38,Soldering Iron Kit,GENERAL_REUSE
IMP005560,A005560,U0626,GIVEAWAY,2026-01-22,1,0,1458,0.81,Bluetooth Keyboard,GENERAL_REUSE
IMP005561,A005561,U0088,GIVEAWAY,2025-10-08,1,0,908,0.55,College Backpack,GENERAL_REUSE
IMP005562,A005562,U0844,BORROW,2026-06-03,1,10,506,0.46,Desk Lamp,GENERAL_REUSE
IMP005563,A005563,U0607,SWAP,2026-06-01,1,0,700,0.56,Tripod,GENERAL_REUSE
IMP005564,A005564,U0580,BORROW,2025-10-01,1,21,30,0.2,Ethernet Cable,GENERAL_REUSE
IMP005565,A005565,U0518,BORROW,2025-10-26,1,21,552,0.46,Mechanical Drawing Set,GENERAL_REUSE
IMP005566,A005566,U0487,BORROW,2026-01-06,1,7,702,0.54,Calculator,EDUCATIONAL
IMP005567,A005567,U0067,BORROW,2026-06-24,1,2,540,0.45,College Backpack,GENERAL_REUSE
IMP005568,A005568,U0130,BORROW,2025-10-21,1,14,220,0.63,HDMI Cable,GENERAL_REUSE
IMP005569,A005569,U0363,SWAP,2026-01-16,1,0,63,0.63,Ethernet Cable,GENERAL_REUSE
IMP005570,A005570,U0641,BORROW,2026-04-19,1,2,999,0.74,College Backpack,GENERAL_REUSE
IMP005571,A005571,U0197,BORROW,2026-04-01,0,5,0,0.0,Mechanical Drawing Set,GENERAL_REUSE
IMP005572,A005572,U0234,GIVEAWAY,2025-10-07,1,0,608,0.64,Textbook,GENERAL_REUSE
IMP005573,A005573,U0790,BORROW,2026-01-10,1,5,1494,0.61,USB-C Charger,GENERAL_REUSE
IMP005574,A005574,U0247,GIVEAWAY,2026-05-03,1,0,266,0.59,USB Flash Drive,GENERAL_REUSE
IMP005575,A005575,U0290,BORROW,2026-07-12,1,5,336,0.21,Calculator,EDUCATIONAL
IMP005576,A005576,U0257,SELL,2026-02-28,1,0,326,0.31,USB Flash Drive,GENERAL_REUSE
IMP005577,A005577,U0212,SWAP,2026-05-10,0,0,0,0.0,Presentation Clicker,GENERAL_REUSE
IMP005578,A005578,U0608,BORROW,2026-02-26,1,3,1705,0.62,External Hard Drive,GENERAL_REUSE
IMP005579,A005579,U0306,SWAP,2026-06-16,1,0,405,0.27,Mechanical Drawing Set,GENERAL_REUSE
IMP005580,A005580,U0414,BORROW,2025-10-18,1,2,912,0.76,Webcam,GENERAL_REUSE
IMP005581,A005581,U0301,SWAP,2025-12-09,1,0,194,0.43,Extension Board,GENERAL_REUSE
IMP005582,A005582,U0410,SELL,2026-01-03,1,0,361,0.38,Power Bank,GENERAL_REUSE
IMP005583,A005583,U0349,BORROW,2026-02-24,1,21,1131,0.58,College Backpack,GENERAL_REUSE
IMP005584,A005584,U0474,SWAP,2026-04-07,1,0,458,0.61,Power Bank,GENERAL_REUSE
IMP005585,A005585,U0398,BORROW,2026-01-11,0,7,0,0.0,Lab Coat,GENERAL_REUSE
IMP005586,A005586,U0766,SELL,2026-07-08,1,0,776,0.47,Bluetooth Keyboard,GENERAL_REUSE
IMP005587,A005587,U0686,GIVEAWAY,2025-11-15,1,0,1382,0.79,Tripod,GENERAL_REUSE
IMP005588,A005588,U0019,BORROW,2025-09-12,1,3,945,0.63,Power Bank,GENERAL_REUSE
IMP005589,A005589,U0111,SWAP,2026-07-22,1,0,324,0.54,USB Flash Drive,GENERAL_REUSE
IMP005590,A005590,U0246,GIVEAWAY,2026-01-01,1,0,462,0.84,USB Flash Drive,GENERAL_REUSE
IMP005591,A005591,U0579,SWAP,2025-11-25,1,0,770,0.55,Vernier Caliper,GENERAL_REUSE
IMP005592,A005592,U0784,BORROW,2026-02-04,1,10,221,0.34,Desk Lamp,GENERAL_REUSE
IMP005593,A005593,U0963,BORROW,2026-03-22,1,5,1100,0.88,Python Programming Book,GENERAL_REUSE
IMP005594,A005594,U0124,BORROW,2025-10-10,1,21,312,0.78,Desk Lamp,GENERAL_REUSE
IMP005595,A005595,U0828,GIVEAWAY,2025-09-18,1,0,484,0.51,Textbook,GENERAL_REUSE
IMP005596,A005596,U0255,BORROW,2026-05-16,1,21,516,0.24,Digital Multimeter,GENERAL_REUSE
IMP005597,A005597,U0900,BORROW,2025-10-25,1,7,1360,0.68,Bluetooth Keyboard,GENERAL_REUSE
IMP005598,A005598,U0511,SELL,2025-11-11,1,0,262,0.25,Desk Lamp,GENERAL_REUSE
IMP005599,A005599,U0545,BORROW,2025-12-08,1,5,840,0.56,Bluetooth Keyboard,GENERAL_REUSE
IMP005600,A005600,U0293,BORROW,2026-03-17,1,21,1139,0.67,Power Bank,GENERAL_REUSE
IMP005601,A005601,U0873,GIVEAWAY,2026-02-03,1,0,1421,0.58,Soldering Iron Kit,GENERAL_REUSE
IMP005602,A005602,U0967,SWAP,2026-03-28,1,0,90,0.6,Graph Paper Pack,GENERAL_REUSE
IMP005603,A005603,U0631,BORROW,2025-12-09,1,14,344,0.53,Desk Lamp,GENERAL_REUSE
IMP005604,A005604,U0915,GIVEAWAY,2025-11-09,1,0,52,0.35,Graph Paper Pack,GENERAL_REUSE
IMP005605,A005605,U0767,SELL,2026-06-30,1,0,168,0.48,Ethernet Cable,GENERAL_REUSE
IMP005606,A005606,U0372,BORROW,2025-10-17,1,5,390,0.39,Python Programming Book,GENERAL_REUSE
IMP005607,A005607,U0224,SWAP,2025-09-02,1,0,1131,0.39,College Backpack,GENERAL_REUSE
IMP005608,A005608,U0018,GIVEAWAY,2025-10-06,1,0,90,0.6,Graph Paper Pack,GENERAL_REUSE
IMP005609,A005609,U0092,BORROW,2025-12-22,1,2,1038,0.67,Drawing Board,GENERAL_REUSE
IMP005610,A005610,U0819,BORROW,2025-10-12,1,7,875,0.7,Digital Multimeter,GENERAL_REUSE
IMP005611,A005611,U0127,GIVEAWAY,2025-10-25,1,0,2390,0.59,Webcam,GENERAL_REUSE
IMP005612,A005612,U0925,GIVEAWAY,2026-03-10,1,0,562,0.45,Bluetooth Keyboard,GENERAL_REUSE
IMP005613,A005613,U0934,BORROW,2025-12-18,1,7,817,0.86,Calculator,EDUCATIONAL
IMP005614,A005614,U0848,BORROW,2026-06-07,1,10,1134,0.63,USB-C Charger,GENERAL_REUSE
IMP005615,A005615,U0039,SWAP,2025-09-05,1,0,1075,0.5,Vernier Caliper,GENERAL_REUSE
IMP005616,A005616,U0196,BORROW,2025-10-16,1,2,230,0.46,HDMI Cable,GENERAL_REUSE
IMP005617,A005617,U0760,BORROW,2026-05-27,1,5,1170,0.78,Bluetooth Keyboard,GENERAL_REUSE
IMP005618,A005618,U0255,BORROW,2026-02-09,1,3,156,0.24,Breadboard Kit,GENERAL_REUSE
IMP005619,A005619,U0564,GIVEAWAY,2026-04-20,1,0,1574,0.67,Scientific Calculator,GENERAL_REUSE
IMP005620,A005620,U0308,BORROW,2026-02-25,1,21,1578,0.77,Power Bank,GENERAL_REUSE
IMP005621,A005621,U0765,SWAP,2025-11-15,1,0,1476,0.41,Webcam,GENERAL_REUSE
IMP005622,A005622,U0571,SELL,2026-05-25,1,0,126,0.28,Safety Goggles,GENERAL_REUSE
IMP005623,A005623,U0154,BORROW,2026-05-17,1,2,825,0.5,USB-C Charger,GENERAL_REUSE
IMP005624,A005624,U0323,SELL,2026-04-04,1,0,104,0.26,Ethernet Cable,GENERAL_REUSE
IMP005625,A005625,U0447,BORROW,2026-05-31,1,5,372,0.24,USB-C Charger,GENERAL_REUSE
IMP005626,A005626,U0900,BORROW,2026-07-15,0,7,0,0.0,Screwdriver Set,GENERAL_REUSE
IMP005627,A005627,U0330,BORROW,2025-09-01,1,3,966,0.69,Calculator,EDUCATIONAL
IMP005628,A005628,U0043,GIVEAWAY,2026-04-15,1,0,1312,0.75,Engineering Drawing Kit,GENERAL_REUSE
IMP005629,A005629,U0928,SELL,2026-03-07,1,0,150,0.23,USB Flash Drive,GENERAL_REUSE
IMP005630,A005630,U0464,BORROW,2026-03-20,1,21,138,0.69,Graph Paper Pack,GENERAL_REUSE
IMP005631,A005631,U0454,SWAP,2026-02-16,1,0,228,0.57,Ethernet Cable,GENERAL_REUSE
IMP005632,A005632,U0529,BORROW,2026-05-22,1,21,522,0.29,Digital Multimeter,GENERAL_REUSE
IMP005633,A005633,U0495,SELL,2026-03-04,1,0,68,0.27,Safety Goggles,GENERAL_REUSE
IMP005634,A005634,U0129,BORROW,2026-05-12,1,10,294,0.28,Drawing Board,GENERAL_REUSE
IMP005635,A005635,U0158,BORROW,2026-05-17,1,2,714,0.84,USB Flash Drive,GENERAL_REUSE
IMP005636,A005636,U0283,BORROW,2025-11-27,1,14,147,0.49,HDMI Cable,GENERAL_REUSE
IMP005637,A005637,U0468,BORROW,2026-03-19,1,14,860,0.4,USB-C Charger,GENERAL_REUSE
IMP005638,A005638,U0487,BORROW,2026-03-04,1,7,143,0.26,Ethernet Cable,GENERAL_REUSE
IMP005639,A005639,U0984,BORROW,2026-01-22,1,2,2242,0.65,External Hard Drive,GENERAL_REUSE
IMP005640,A005640,U0727,BORROW,2026-06-05,1,3,380,0.33,Soldering Iron Kit,GENERAL_REUSE
IMP005641,A005641,U0980,GIVEAWAY,2025-11-02,1,0,1068,0.61,Screwdriver Set,GENERAL_REUSE
IMP005642,A005642,U0966,GIVEAWAY,2026-03-26,1,0,627,0.57,College Backpack,GENERAL_REUSE
IMP005643,A005643,U0795,BORROW,2026-07-20,1,2,758,0.41,Mechanical Drawing Set,GENERAL_REUSE
IMP005644,A005644,U0680,GIVEAWAY,2026-07-12,1,0,1038,0.67,Tripod,GENERAL_REUSE
IMP005645,A005645,U0904,BORROW,2025-12-03,1,5,292,0.39,Calculator,EDUCATIONAL
IMP005646,A005646,U0248,BORROW,2026-01-29,1,14,1029,0.42,USB-C Charger,GENERAL_REUSE
IMP005647,A005647,U0954,SELL,2026-01-23,1,0,560,0.35,Calculator,EDUCATIONAL
IMP005648,A005648,U0673,SWAP,2026-01-28,1,0,700,0.28,College Backpack,GENERAL_REUSE
IMP005649,A005649,U0874,GIVEAWAY,2026-04-03,1,0,1122,0.68,Engineering Drawing Kit,GENERAL_REUSE
IMP005650,A005650,U0176,GIVEAWAY,2025-12-13,1,0,710,0.71,Python Programming Book,GENERAL_REUSE
IMP005651,A005651,U0590,BORROW,2025-09-02,0,21,0,0.0,Vernier Caliper,GENERAL_REUSE
IMP005652,A005652,U0078,SELL,2026-06-27,1,0,176,0.44,Textbook,GENERAL_REUSE
IMP005653,A005653,U0706,BORROW,2025-11-02,1,10,306,0.34,Bluetooth Keyboard,GENERAL_REUSE
IMP005654,A005654,U0608,GIVEAWAY,2026-05-21,1,0,1172,0.35,Webcam,GENERAL_REUSE
IMP005655,A005655,U0401,BORROW,2026-05-15,1,3,2883,0.62,Vernier Caliper,GENERAL_REUSE
IMP005656,A005656,U0586,BORROW,2025-12-18,1,10,493,0.29,Python Programming Book,GENERAL_REUSE
IMP005657,A005657,U0067,BORROW,2025-10-29,1,5,288,0.48,USB Flash Drive,GENERAL_REUSE
IMP005658,A005658,U0593,BORROW,2026-03-02,1,2,150,0.75,Ethernet Cable,GENERAL_REUSE
IMP005659,A005659,U0627,BORROW,2025-11-10,1,7,630,0.7,Textbook,GENERAL_REUSE
IMP005660,A005660,U0596,BORROW,2026-06-22,1,2,429,0.39,USB-C Charger,GENERAL_REUSE
IMP005661,A005661,U0757,BORROW,2025-09-14,1,14,959,0.27,Webcam,GENERAL_REUSE
IMP005662,A005662,U0316,BORROW,2025-12-05,1,2,297,0.33,Presentation Clicker,GENERAL_REUSE
IMP005663,A005663,U0002,SWAP,2026-01-15,1,0,112,0.32,HDMI Cable,GENERAL_REUSE
IMP005664,A005664,U0857,BORROW,2025-11-09,0,7,0,0.0,Vernier Caliper,GENERAL_REUSE
IMP005665,A005665,U0793,BORROW,2026-01-23,1,21,2740,0.87,Arduino Kit,GENERAL_REUSE
IMP005666,A005666,U0930,BORROW,2026-01-21,1,2,228,0.57,Textbook,GENERAL_REUSE
IMP005667,A005667,U0565,SWAP,2025-10-23,1,0,165,0.55,USB Flash Drive,GENERAL_REUSE
IMP005668,A005668,U0635,GIVEAWAY,2025-12-14,1,0,2228,0.81,Bluetooth Keyboard,GENERAL_REUSE
IMP005669,A005669,U0798,BORROW,2025-11-23,1,3,135,0.3,Ethernet Cable,GENERAL_REUSE
IMP005670,A005670,U0569,BORROW,2025-11-13,1,2,1175,0.47,Engineering Drawing Kit,GENERAL_REUSE
IMP005671,A005671,U0346,BORROW,2026-06-21,1,7,2725,0.5,Vernier Caliper,GENERAL_REUSE
IMP005672,A005672,U0239,SWAP,2026-06-01,1,0,750,0.5,Extension Board,GENERAL_REUSE
IMP005673,A005673,U0370,BORROW,2026-06-17,1,21,184,0.46,Screwdriver Set,GENERAL_REUSE
IMP005674,A005674,U0665,SWAP,2026-03-28,1,0,1976,0.52,External Hard Drive,GENERAL_REUSE
IMP005675,A005675,U0550,SELL,2025-09-13,1,0,572,0.52,Python Programming Book,GENERAL_REUSE
IMP005676,A005676,U0087,GIVEAWAY,2025-11-12,1,0,540,0.36,Mechanical Drawing Set,GENERAL_REUSE
IMP005677,A005677,U0993,BORROW,2026-02-15,1,5,3362,0.82,External Hard Drive,GENERAL_REUSE
IMP005678,A005678,U0509,BORROW,2025-12-04,1,5,247,0.38,Textbook,GENERAL_REUSE
IMP005679,A005679,U0182,SELL,2026-07-18,1,0,57,0.38,Ethernet Cable,GENERAL_REUSE
IMP005680,A005680,U0948,BORROW,2026-01-09,1,5,1849,0.86,USB-C Charger,GENERAL_REUSE
IMP005681,A005681,U0852,BORROW,2025-12-07,1,2,469,0.67,Calculator,EDUCATIONAL
IMP005682,A005682,U0191,GIVEAWAY,2026-04-11,1,0,286,0.52,Textbook,GENERAL_REUSE
IMP005683,A005683,U0335,SELL,2026-03-19,1,0,437,0.23,Soldering Iron Kit,GENERAL_REUSE
IMP005684,A005684,U0405,SWAP,2026-05-27,1,0,132,0.33,Lab Coat,GENERAL_REUSE
IMP005685,A005685,U0103,BORROW,2026-03-12,1,10,793,0.61,Screwdriver Set,GENERAL_REUSE
IMP005686,A005686,U0446,GIVEAWAY,2026-06-30,1,0,182,0.52,Lab Coat,GENERAL_REUSE
IMP005687,A005687,U0431,BORROW,2025-11-26,1,5,640,0.61,USB Flash Drive,GENERAL_REUSE
IMP005688,A005688,U0804,BORROW,2025-12-11,1,10,956,0.49,Headphones,GENERAL_REUSE
IMP005689,A005689,U0288,SELL,2025-12-26,1,0,126,0.28,Safety Goggles,GENERAL_REUSE
IMP005690,A005690,U0287,BORROW,2025-09-24,1,14,148,0.37,Python Programming Book,GENERAL_REUSE
IMP005691,A005691,U0015,BORROW,2025-12-21,1,10,1245,0.83,Tripod,GENERAL_REUSE
IMP005692,A005692,U0457,BORROW,2025-11-07,1,14,403,0.31,College Backpack,GENERAL_REUSE
IMP005693,A005693,U0474,SELL,2026-01-09,1,0,572,0.52,Soldering Iron Kit,GENERAL_REUSE
IMP005694,A005694,U0814,SELL,2026-04-25,1,0,396,0.33,Lab Coat,GENERAL_REUSE
IMP005695,A005695,U0846,GIVEAWAY,2026-04-12,1,0,1634,0.76,Tripod,GENERAL_REUSE
IMP005696,A005696,U0858,SWAP,2025-09-24,0,0,0,0.0,Ethernet Cable,GENERAL_REUSE
IMP005697,A005697,U0123,GIVEAWAY,2025-12-18,1,0,648,0.81,Presentation Clicker,GENERAL_REUSE
IMP005698,A005698,U0535,SWAP,2026-03-08,1,0,768,0.64,Extension Board,GENERAL_REUSE
IMP005699,A005699,U0875,BORROW,2025-11-27,1,14,193,0.55,Ethernet Cable,GENERAL_REUSE
IMP005700,A005700,U0377,BORROW,2025-11-19,1,2,228,0.38,USB Flash Drive,GENERAL_REUSE
IMP005701,A005701,U0236,BORROW,2025-11-29,1,21,304,0.76,Breadboard Kit,GENERAL_REUSE
IMP005702,A005702,U0615,SELL,2026-01-27,1,0,116,0.21,Drawing Board,GENERAL_REUSE
IMP005703,A005703,U0644,SELL,2026-05-11,1,0,574,0.41,Tripod,GENERAL_REUSE
IMP005704,A005704,U0179,BORROW,2026-03-16,1,10,468,0.85,Calculator,EDUCATIONAL
IMP005705,A005705,U0753,BORROW,2026-03-21,1,10,564,0.23,Webcam,GENERAL_REUSE
IMP005706,A005706,U0146,SWAP,2026-06-24,1,0,502,0.59,Tripod,GENERAL_REUSE
IMP005707,A005707,U0554,BORROW,2026-05-18,0,3,0,0.0,Graph Paper Pack,GENERAL_REUSE
IMP005708,A005708,U0863,SELL,2025-09-17,1,0,828,0.36,Vernier Caliper,GENERAL_REUSE
IMP005709,A005709,U0747,SWAP,2025-10-15,1,0,500,0.5,Mechanical Drawing Set,GENERAL_REUSE
IMP005710,A005710,U0608,BORROW,2025-11-30,1,2,4972,0.88,Vernier Caliper,GENERAL_REUSE
IMP005711,A005711,U0057,BORROW,2026-02-03,1,21,1023,0.62,Desk Lamp,GENERAL_REUSE
IMP005712,A005712,U0482,BORROW,2025-11-04,1,5,330,0.44,Breadboard Kit,GENERAL_REUSE
IMP005713,A005713,U0376,SWAP,2026-07-12,1,0,220,0.4,Extension Board,GENERAL_REUSE
IMP005714,A005714,U0592,SWAP,2026-04-24,1,0,585,0.45,College Backpack,GENERAL_REUSE
IMP005715,A005715,U0211,SWAP,2026-07-27,0,0,0,0.0,HDMI Cable,GENERAL_REUSE
IMP005716,A005716,U0265,BORROW,2025-09-07,1,21,820,0.82,Screwdriver Set,GENERAL_REUSE
IMP005717,A005717,U0878,SWAP,2026-04-21,1,0,756,0.63,Presentation Clicker,GENERAL_REUSE
IMP005718,A005718,U0688,BORROW,2026-07-22,1,5,192,0.35,Lab Coat,GENERAL_REUSE
IMP005719,A005719,U0469,GIVEAWAY,2025-10-19,1,0,1172,0.71,Screwdriver Set,GENERAL_REUSE
IMP005720,A005720,U0471,BORROW,2026-07-14,0,7,0,0.0,Power Bank,GENERAL_REUSE
IMP005721,A005721,U0956,SWAP,2026-06-09,1,0,580,0.29,USB-C Charger,GENERAL_REUSE
IMP005722,A005722,U0339,GIVEAWAY,2025-12-24,1,0,594,0.36,Headphones,GENERAL_REUSE
IMP005723,A005723,U0468,SWAP,2025-12-04,1,0,442,0.26,Power Bank,GENERAL_REUSE
IMP005724,A005724,U0164,SELL,2025-11-21,1,0,152,0.38,Ethernet Cable,GENERAL_REUSE
IMP005725,A005725,U0588,BORROW,2025-11-23,1,10,960,0.6,Mechanical Drawing Set,GENERAL_REUSE
IMP005726,A005726,U0179,BORROW,2026-01-02,1,2,598,0.63,Power Bank,GENERAL_REUSE
IMP005727,A005727,U0576,SELL,2026-01-03,1,0,1092,0.52,Bluetooth Keyboard,GENERAL_REUSE
IMP005728,A005728,U0221,GIVEAWAY,2026-05-25,1,0,172,0.49,Ethernet Cable,GENERAL_REUSE
IMP005729,A005729,U0100,BORROW,2025-10-27,1,3,406,0.28,Webcam,GENERAL_REUSE
IMP005730,A005730,U0995,BORROW,2026-04-29,1,5,750,0.6,Extension Board,GENERAL_REUSE
IMP005731,A005731,U0658,GIVEAWAY,2026-01-18,1,0,1620,0.81,Headphones,GENERAL_REUSE
IMP005732,A005732,U0786,SWAP,2025-09-25,1,0,705,0.47,Tripod,GENERAL_REUSE
IMP005733,A005733,U0486,GIVEAWAY,2026-04-17,1,0,1260,0.84,Mechanical Drawing Set,GENERAL_REUSE
IMP005734,A005734,U0438,SWAP,2026-04-12,1,0,598,0.52,Lab Coat,GENERAL_REUSE
IMP005735,A005735,U0961,SWAP,2025-11-15,1,0,690,0.6,Desk Lamp,GENERAL_REUSE
IMP005736,A005736,U0470,SWAP,2026-05-14,1,0,78,0.39,Breadboard Kit,GENERAL_REUSE
IMP005737,A005737,U0809,SWAP,2025-10-02,1,0,384,0.32,Bluetooth Keyboard,GENERAL_REUSE
IMP005738,A005738,U0694,GIVEAWAY,2025-12-28,1,0,527,0.62,College Backpack,GENERAL_REUSE
IMP005739,A005739,U0671,BORROW,2026-06-28,1,2,574,0.82,Breadboard Kit,GENERAL_REUSE
IMP005740,A005740,U0233,SWAP,2026-06-22,1,0,608,0.45,Scientific Calculator,GENERAL_REUSE
IMP005741,A005741,U0817,BORROW,2025-12-04,1,10,237,0.79,Safety Goggles,GENERAL_REUSE
IMP005742,A005742,U0240,SWAP,2026-07-09,1,0,1092,0.52,Engineering Drawing Kit,GENERAL_REUSE
IMP005743,A005743,U0249,BORROW,2026-06-15,1,3,255,0.34,Breadboard Kit,GENERAL_REUSE
IMP005744,A005744,U0249,BORROW,2026-04-24,1,21,1360,0.68,Headphones,GENERAL_REUSE
IMP005745,A005745,U0158,SWAP,2026-01-01,1,0,975,0.5,Headphones,GENERAL_REUSE
IMP005746,A005746,U0431,BORROW,2026-05-22,1,7,287,0.82,Lab Coat,GENERAL_REUSE
IMP005747,A005747,U0949,SWAP,2026-01-08,1,0,980,0.4,Headphones,GENERAL_REUSE
IMP005748,A005748,U0910,SELL,2025-09-13,1,0,2496,0.52,External Hard Drive,GENERAL_REUSE
IMP005749,A005749,U0187,SWAP,2026-05-05,1,0,819,0.63,College Backpack,GENERAL_REUSE
IMP005750,A005750,U0556,BORROW,2025-12-12,1,5,170,0.2,Python Programming Book,GENERAL_REUSE
IMP005751,A005751,U0113,BORROW,2026-02-26,1,14,286,0.52,USB Flash Drive,GENERAL_REUSE
IMP005752,A005752,U0592,GIVEAWAY,2026-04-30,1,0,220,0.63,Ethernet Cable,GENERAL_REUSE
IMP005753,A005753,U0809,BORROW,2025-12-23,1,5,494,0.23,Engineering Drawing Kit,GENERAL_REUSE
IMP005754,A005754,U0228,GIVEAWAY,2026-01-15,1,0,581,0.83,Power Bank,GENERAL_REUSE
IMP005755,A005755,U0398,BORROW,2026-04-09,1,3,468,0.26,Presentation Clicker,GENERAL_REUSE
IMP005756,A005756,U0839,BORROW,2026-05-14,1,7,682,0.65,Bluetooth Keyboard,GENERAL_REUSE
IMP005757,A005757,U0538,SELL,2026-01-13,1,0,846,0.36,Engineering Drawing Kit,GENERAL_REUSE
IMP005758,A005758,U0222,BORROW,2026-02-28,1,14,520,0.52,Textbook,GENERAL_REUSE
IMP005759,A005759,U0864,SWAP,2025-12-07,1,0,356,0.31,USB Flash Drive,GENERAL_REUSE
IMP005760,A005760,U0240,SWAP,2026-07-17,1,0,810,0.54,Calculator,EDUCATIONAL
IMP005761,A005761,U0782,SWAP,2026-05-13,1,0,944,0.59,Drawing Board,GENERAL_REUSE
IMP005762,A005762,U0316,BORROW,2026-04-17,1,7,468,0.78,Lab Coat,GENERAL_REUSE
IMP005763,A005763,U0425,BORROW,2026-06-23,1,3,437,0.46,Calculator,EDUCATIONAL
IMP005764,A005764,U0839,BORROW,2026-02-16,1,7,315,0.3,Textbook,GENERAL_REUSE
IMP005765,A005765,U0983,BORROW,2026-04-13,1,5,1200,0.75,Digital Multimeter,GENERAL_REUSE
IMP005766,A005766,U0171,SELL,2026-02-15,1,0,46,0.23,Ethernet Cable,GENERAL_REUSE
IMP005767,A005767,U0734,BORROW,2025-10-29,1,10,476,0.68,Tripod,GENERAL_REUSE
IMP005768,A005768,U0386,SWAP,2025-10-24,1,0,583,0.53,Headphones,GENERAL_REUSE
IMP005769,A005769,U0426,GIVEAWAY,2026-07-05,1,0,446,0.81,USB Flash Drive,GENERAL_REUSE
IMP005770,A005770,U0392,SWAP,2026-02-27,1,0,468,0.26,Bluetooth Keyboard,GENERAL_REUSE
IMP005771,A005771,U0982,BORROW,2026-01-12,1,5,407,0.74,Desk Lamp,GENERAL_REUSE
IMP005772,A005772,U0865,SELL,2025-11-23,1,0,212,0.25,Python Programming Book,GENERAL_REUSE
IMP005773,A005773,U0640,SWAP,2026-01-03,1,0,14,0.27,Graph Paper Pack,GENERAL_REUSE
IMP005774,A005774,U0926,GIVEAWAY,2025-10-29,1,0,189,0.63,Ethernet Cable,GENERAL_REUSE
IMP005775,A005775,U0453,BORROW,2026-01-31,1,5,144,0.24,Presentation Clicker,GENERAL_REUSE
IMP005776,A005776,U0422,BORROW,2025-09-25,0,3,0,0.0,Safety Goggles,GENERAL_REUSE
IMP005777,A005777,U0251,GIVEAWAY,2025-09-20,1,0,474,0.79,USB-C Charger,GENERAL_REUSE
IMP005778,A005778,U0682,BORROW,2025-11-14,1,21,126,0.42,Ethernet Cable,GENERAL_REUSE
IMP005779,A005779,U0788,SELL,2026-01-02,1,0,248,0.45,Screwdriver Set,GENERAL_REUSE
IMP005780,A005780,U0252,GIVEAWAY,2026-05-07,1,0,600,0.4,Tripod,GENERAL_REUSE
IMP005781,A005781,U0138,GIVEAWAY,2025-11-06,1,0,600,0.8,HDMI Cable,GENERAL_REUSE
IMP005782,A005782,U0612,GIVEAWAY,2025-12-17,1,0,175,0.7,HDMI Cable,GENERAL_REUSE
IMP005783,A005783,U0792,SELL,2026-07-05,1,0,510,0.2,Bluetooth Keyboard,GENERAL_REUSE
IMP005784,A005784,U0965,BORROW,2025-10-03,1,5,92,0.23,Calculator,EDUCATIONAL
IMP005785,A005785,U0241,SWAP,2025-10-21,1,0,330,0.55,Ethernet Cable,GENERAL_REUSE
IMP005786,A005786,U0294,SELL,2026-03-22,0,0,0,0.0,HDMI Cable,GENERAL_REUSE
IMP005787,A005787,U0404,BORROW,2025-11-01,1,3,220,0.22,Extension Board,GENERAL_REUSE
IMP005788,A005788,U0398,GIVEAWAY,2026-02-18,1,0,4428,0.72,External Hard Drive,GENERAL_REUSE
IMP005789,A005789,U0532,SELL,2026-07-07,1,0,656,0.32,Vernier Caliper,GENERAL_REUSE
IMP005790,A005790,U0881,GIVEAWAY,2026-01-11,1,0,667,0.58,Scientific Calculator,GENERAL_REUSE
IMP005791,A005791,U0589,BORROW,2026-07-09,1,21,1740,0.71,Headphones,GENERAL_REUSE
IMP005792,A005792,U0381,BORROW,2026-07-10,1,21,972,0.72,Engineering Drawing Kit,GENERAL_REUSE
IMP005793,A005793,U0660,BORROW,2025-11-02,1,14,850,0.34,Headphones,GENERAL_REUSE
IMP005794,A005794,U0937,GIVEAWAY,2025-11-22,1,0,99,0.66,Graph Paper Pack,GENERAL_REUSE
IMP005795,A005795,U0475,BORROW,2026-03-01,1,14,286,0.26,Python Programming Book,GENERAL_REUSE
IMP005796,A005796,U0161,BORROW,2026-05-28,1,10,1339,0.57,Bluetooth Keyboard,GENERAL_REUSE
IMP005797,A005797,U0527,SWAP,2026-04-24,1,0,1045,0.55,Tripod,GENERAL_REUSE
IMP005798,A005798,U0025,GIVEAWAY,2026-06-09,1,0,1722,0.65,Arduino Kit,GENERAL_REUSE
IMP005799,A005799,U0500,BORROW,2026-01-01,0,7,0,0.0,Desk Lamp,GENERAL_REUSE
IMP005800,A005800,U0055,BORROW,2025-12-15,1,2,194,0.43,USB Flash Drive,GENERAL_REUSE
IMP005801,A005801,U0301,SELL,2026-05-17,1,0,442,0.52,Bluetooth Keyboard,GENERAL_REUSE
IMP005802,A005802,U0318,BORROW,2026-03-01,1,14,609,0.58,Power Bank,GENERAL_REUSE
IMP005803,A005803,U0969,BORROW,2026-05-07,1,5,1280,0.4,Arduino Kit,GENERAL_REUSE
IMP005804,A005804,U0113,SELL,2026-06-27,1,0,145,0.29,Extension Board,GENERAL_REUSE
IMP005805,A005805,U0306,SELL,2025-11-24,0,0,0,0.0,Presentation Clicker,GENERAL_REUSE
IMP005806,A005806,U0240,BORROW,2026-04-28,1,10,1128,0.37,Headphones,GENERAL_REUSE
IMP005807,A005807,U0332,SWAP,2025-10-12,0,0,0,0.0,Power Bank,GENERAL_REUSE
IMP005808,A005808,U0798,SWAP,2025-10-17,1,0,240,0.32,Digital Multimeter,GENERAL_REUSE
IMP005809,A005809,U0396,BORROW,2026-01-19,1,7,246,0.41,Desk Lamp,GENERAL_REUSE
IMP005810,A005810,U0036,BORROW,2025-11-09,1,2,358,0.55,Drawing Board,GENERAL_REUSE
IMP005811,A005811,U0187,BORROW,2026-01-06,1,21,493,0.58,Presentation Clicker,GENERAL_REUSE
IMP005812,A005812,U0726,GIVEAWAY,2026-05-14,1,0,476,0.56,Engineering Drawing Kit,GENERAL_REUSE
IMP005813,A005813,U0298,SWAP,2026-06-09,1,0,176,0.27,Tripod,GENERAL_REUSE
IMP005814,A005814,U0086,BORROW,2026-06-23,1,21,3300,0.88,Webcam,GENERAL_REUSE
IMP005815,A005815,U0212,BORROW,2025-11-30,1,10,465,0.62,USB Flash Drive,GENERAL_REUSE
IMP005816,A005816,U0427,GIVEAWAY,2026-01-25,1,0,62,0.62,Graph Paper Pack,GENERAL_REUSE
IMP005817,A005817,U0052,GIVEAWAY,2026-04-25,1,0,335,0.67,Python Programming Book,GENERAL_REUSE
IMP005818,A005818,U0384,BORROW,2026-04-21,1,3,667,0.46,Bluetooth Keyboard,GENERAL_REUSE
IMP005819,A005819,U0903,SELL,2026-05-23,0,0,0,0.0,Breadboard Kit,GENERAL_REUSE
IMP005820,A005820,U0268,SWAP,2025-10-23,1,0,354,0.59,Ethernet Cable,GENERAL_REUSE
IMP005821,A005821,U0143,BORROW,2025-12-06,1,3,158,0.79,Breadboard Kit,GENERAL_REUSE
IMP005822,A005822,U0125,SWAP,2026-07-14,1,0,352,0.44,Extension Board,GENERAL_REUSE
IMP005823,A005823,U0610,BORROW,2025-10-19,1,7,2268,0.84,Arduino Kit,GENERAL_REUSE
IMP005824,A005824,U0877,SWAP,2026-02-27,1,0,987,0.42,Scientific Calculator,GENERAL_REUSE
IMP005825,A005825,U0496,SWAP,2026-02-16,1,0,975,0.5,Vernier Caliper,GENERAL_REUSE
IMP005826,A005826,U0503,BORROW,2025-09-26,1,2,207,0.69,Screwdriver Set,GENERAL_REUSE
IMP005827,A005827,U0580,GIVEAWAY,2025-10-22,1,0,609,0.58,USB Flash Drive,GENERAL_REUSE
IMP005828,A005828,U0903,BORROW,2026-07-08,1,3,174,0.87,Breadboard Kit,GENERAL_REUSE
IMP005829,A005829,U0423,GIVEAWAY,2026-05-23,1,0,294,0.49,Presentation Clicker,GENERAL_REUSE
IMP005830,A005830,U0395,SWAP,2026-07-14,1,0,330,0.33,Drawing Board,GENERAL_REUSE
IMP005831,A005831,U0429,GIVEAWAY,2025-10-30,1,0,570,0.67,Python Programming Book,GENERAL_REUSE
IMP005832,A005832,U0551,BORROW,2026-05-29,1,5,568,0.71,Drawing Board,GENERAL_REUSE
IMP005833,A005833,U0723,BORROW,2025-10-16,1,14,2014,0.79,Vernier Caliper,GENERAL_REUSE
IMP005834,A005834,U0736,BORROW,2025-09-02,1,2,475,0.25,Engineering Drawing Kit,GENERAL_REUSE
IMP005835,A005835,U0313,BORROW,2026-03-09,1,5,570,0.38,Screwdriver Set,GENERAL_REUSE
IMP005836,A005836,U0063,SWAP,2026-02-07,1,0,136,0.34,Ethernet Cable,GENERAL_REUSE
IMP005837,A005837,U0651,BORROW,2026-07-15,1,21,126,0.23,Desk Lamp,GENERAL_REUSE
IMP005838,A005838,U0793,SWAP,2026-06-14,1,0,186,0.31,Breadboard Kit,GENERAL_REUSE
IMP005839,A005839,U0840,BORROW,2025-09-29,1,14,1424,0.73,Power Bank,GENERAL_REUSE
IMP005840,A005840,U0795,GIVEAWAY,2026-02-09,1,0,288,0.64,Safety Goggles,GENERAL_REUSE
IMP005841,A005841,U0928,BORROW,2026-05-17,1,10,326,0.31,Drawing Board,GENERAL_REUSE
IMP005842,A005842,U0845,BORROW,2025-12-05,1,5,220,0.4,Calculator,EDUCATIONAL
IMP005843,A005843,U0252,SWAP,2026-05-07,1,0,285,0.3,Textbook,GENERAL_REUSE
IMP005844,A005844,U0167,GIVEAWAY,2025-12-08,1,0,4455,0.81,Vernier Caliper,GENERAL_REUSE
IMP005845,A005845,U0809,BORROW,2026-01-16,1,3,435,0.58,Mechanical Drawing Set,GENERAL_REUSE
IMP005846,A005846,U0899,BORROW,2026-01-12,1,3,897,0.78,Engineering Drawing Kit,GENERAL_REUSE
IMP005847,A005847,U0579,GIVEAWAY,2026-06-23,1,0,486,0.36,Bluetooth Keyboard,GENERAL_REUSE
IMP005848,A005848,U0475,SELL,2025-09-04,1,0,61,0.41,Graph Paper Pack,GENERAL_REUSE
IMP005849,A005849,U0180,BORROW,2026-06-07,1,14,310,0.69,Extension Board,GENERAL_REUSE
IMP005850,A005850,U0291,SWAP,2026-04-16,1,0,94,0.47,Ethernet Cable,GENERAL_REUSE
IMP005851,A005851,U0359,GIVEAWAY,2026-02-22,0,0,0,0.0,USB Flash Drive,GENERAL_REUSE
IMP005852,A005852,U0127,BORROW,2026-02-06,1,3,150,0.75,Graph Paper Pack,GENERAL_REUSE
IMP005853,A005853,U0394,SELL,2026-03-01,1,0,627,0.38,Calculator,EDUCATIONAL
IMP005854,A005854,U0867,GIVEAWAY,2025-12-08,1,0,997,0.57,Vernier Caliper,GENERAL_REUSE
IMP005855,A005855,U0819,GIVEAWAY,2026-04-18,1,0,989,0.46,Engineering Drawing Kit,GENERAL_REUSE
IMP005856,A005856,U0111,BORROW,2026-01-14,1,10,1550,0.25,External Hard Drive,GENERAL_REUSE
IMP005857,A005857,U0343,BORROW,2026-07-11,1,14,918,0.68,Bluetooth Keyboard,GENERAL_REUSE
IMP005858,A005858,U0510,GIVEAWAY,2025-10-30,1,0,2730,0.53,External Hard Drive,GENERAL_REUSE
IMP005859,A005859,U0428,SWAP,2026-07-28,1,0,525,0.5,Calculator,EDUCATIONAL
IMP005860,A005860,U0323,SWAP,2026-01-07,1,0,234,0.26,Bluetooth Keyboard,GENERAL_REUSE
IMP005861,A005861,U0856,SELL,2026-05-12,1,0,858,0.35,USB-C Charger,GENERAL_REUSE
IMP005862,A005862,U0712,GIVEAWAY,2025-12-21,1,0,882,0.41,Bluetooth Keyboard,GENERAL_REUSE
IMP005863,A005863,U0011,BORROW,2025-12-23,1,10,1725,0.69,Tripod,GENERAL_REUSE
IMP005864,A005864,U0194,GIVEAWAY,2026-07-26,1,0,725,0.58,Screwdriver Set,GENERAL_REUSE
IMP005865,A005865,U0586,BORROW,2025-11-10,1,21,720,0.48,Scientific Calculator,GENERAL_REUSE
IMP005866,A005866,U0466,SWAP,2026-02-02,1,0,176,0.39,Lab Coat,GENERAL_REUSE
IMP005867,A005867,U0412,BORROW,2026-05-16,1,3,649,0.59,Drawing Board,GENERAL_REUSE
IMP005868,A005868,U0455,GIVEAWAY,2026-01-17,1,0,752,0.47,Bluetooth Keyboard,GENERAL_REUSE
IMP005869,A005869,U0041,BORROW,2026-02-17,1,3,412,0.75,Screwdriver Set,GENERAL_REUSE
IMP005870,A005870,U0133,BORROW,2026-01-10,1,21,368,0.32,Extension Board,GENERAL_REUSE
IMP005871,A005871,U0660,SELL,2026-03-22,1,0,510,0.51,Engineering Drawing Kit,GENERAL_REUSE
IMP005872,A005872,U0773,GIVEAWAY,2026-07-28,1,0,798,0.84,Calculator,EDUCATIONAL
IMP005873,A005873,U0410,BORROW,2026-01-08,1,5,150,0.5,HDMI Cable,GENERAL_REUSE
IMP005874,A005874,U0486,SWAP,2025-12-20,1,0,609,0.58,Drawing Board,GENERAL_REUSE
IMP005875,A005875,U0173,BORROW,2026-03-12,1,5,429,0.22,Bluetooth Keyboard,GENERAL_REUSE
IMP005876,A005876,U0985,SELL,2026-03-25,1,0,292,0.39,Tripod,GENERAL_REUSE
IMP005877,A005877,U0217,SWAP,2025-12-25,1,0,232,0.31,Desk Lamp,GENERAL_REUSE
IMP005878,A005878,U0235,BORROW,2026-04-30,1,21,1209,0.78,Power Bank,GENERAL_REUSE
IMP005879,A005879,U0075,BORROW,2025-11-07,1,2,1598,0.47,Vernier Caliper,GENERAL_REUSE
IMP005880,A005880,U0837,BORROW,2025-10-08,1,14,660,0.66,Extension Board,GENERAL_REUSE
IMP005881,A005881,U0032,BORROW,2025-10-11,1,21,1602,0.89,Python Programming Book,GENERAL_REUSE
IMP005882,A005882,U0428,GIVEAWAY,2026-07-15,1,0,30,0.59,Graph Paper Pack,GENERAL_REUSE
IMP005883,A005883,U0478,SELL,2025-12-08,1,0,1440,0.43,Bluetooth Keyboard,GENERAL_REUSE
IMP005884,A005884,U0620,BORROW,2026-07-20,1,2,221,0.26,Python Programming Book,GENERAL_REUSE
IMP005885,A005885,U0280,BORROW,2026-05-08,0,7,0,0.0,Headphones,GENERAL_REUSE
IMP005886,A005886,U0149,BORROW,2026-01-13,1,7,188,0.25,Desk Lamp,GENERAL_REUSE
IMP005887,A005887,U0208,SELL,2025-11-17,1,0,1425,0.38,Webcam,GENERAL_REUSE
IMP005888,A005888,U0930,BORROW,2026-02-22,1,10,264,0.88,HDMI Cable,GENERAL_REUSE
IMP005889,A005889,U0424,BORROW,2025-10-15,1,7,440,0.44,Mechanical Drawing Set,GENERAL_REUSE
IMP005890,A005890,U0331,BORROW,2026-06-10,1,21,306,0.36,Textbook,GENERAL_REUSE
IMP005891,A005891,U0163,BORROW,2026-01-11,1,14,1224,0.72,Digital Multimeter,GENERAL_REUSE
IMP005892,A005892,U0607,GIVEAWAY,2025-09-29,1,0,240,0.48,Ethernet Cable,GENERAL_REUSE
IMP005893,A005893,U0401,BORROW,2026-04-11,0,3,0,0.0,USB-C Charger,GENERAL_REUSE
IMP005894,A005894,U0496,BORROW,2025-10-08,0,3,0,0.0,Python Programming Book,GENERAL_REUSE
IMP005895,A005895,U0153,BORROW,2025-12-25,0,2,0,0.0,Extension Board,GENERAL_REUSE
IMP005896,A005896,U0862,SELL,2026-07-20,1,0,552,0.46,Digital Multimeter,GENERAL_REUSE
IMP005897,A005897,U0490,BORROW,2026-05-15,1,10,585,0.45,Extension Board,GENERAL_REUSE
IMP005898,A005898,U0114,SELL,2026-01-28,1,0,292,0.39,Desk Lamp,GENERAL_REUSE
IMP005899,A005899,U0204,SELL,2025-09-17,1,0,710,0.29,Vernier Caliper,GENERAL_REUSE
IMP005900,A005900,U0261,GIVEAWAY,2025-10-17,1,0,200,0.5,Lab Coat,GENERAL_REUSE
IMP005901,A005901,U0740,BORROW,2025-10-17,1,5,3605,0.7,Vernier Caliper,GENERAL_REUSE
IMP005902,A005902,U0312,SWAP,2026-01-25,0,0,0,0.0,Headphones,GENERAL_REUSE
IMP005903,A005903,U0013,BORROW,2025-09-03,1,3,255,0.85,Breadboard Kit,GENERAL_REUSE
IMP005904,A005904,U0077,GIVEAWAY,2026-06-20,1,0,775,0.62,Headphones,GENERAL_REUSE
IMP005905,A005905,U0742,BORROW,2025-10-16,1,14,864,0.64,USB-C Charger,GENERAL_REUSE
IMP005906,A005906,U0342,BORROW,2025-12-27,1,21,542,0.35,Digital Multimeter,GENERAL_REUSE
IMP005907,A005907,U0287,SELL,2026-05-15,1,0,426,0.23,Digital Multimeter,GENERAL_REUSE
IMP005908,A005908,U0499,SWAP,2026-07-15,1,0,550,0.5,Textbook,GENERAL_REUSE
IMP005909,A005909,U0530,SWAP,2026-02-21,1,0,2047,0.46,External Hard Drive,GENERAL_REUSE
IMP005910,A005910,U0961,BORROW,2026-01-11,1,5,918,0.36,Soldering Iron Kit,GENERAL_REUSE
IMP005911,A005911,U0225,SWAP,2026-01-13,1,0,420,0.29,Presentation Clicker,GENERAL_REUSE
IMP005912,A005912,U0905,BORROW,2026-03-05,1,2,714,0.51,Scientific Calculator,GENERAL_REUSE
IMP005913,A005913,U0539,GIVEAWAY,2025-12-01,1,0,750,0.6,Digital Multimeter,GENERAL_REUSE
IMP005914,A005914,U0826,BORROW,2025-09-06,1,10,924,0.84,Soldering Iron Kit,GENERAL_REUSE
IMP005915,A005915,U0317,BORROW,2026-06-14,1,14,494,0.52,Tripod,GENERAL_REUSE
IMP005916,A005916,U0245,GIVEAWAY,2026-06-10,1,0,1567,0.57,Webcam,GENERAL_REUSE
IMP005917,A005917,U0826,BORROW,2026-03-08,1,5,878,0.45,Engineering Drawing Kit,GENERAL_REUSE
IMP005918,A005918,U0613,SWAP,2025-09-14,1,0,476,0.28,Python Programming Book,GENERAL_REUSE
IMP005919,A005919,U0857,SWAP,2026-07-13,1,0,660,0.3,Headphones,GENERAL_REUSE
IMP005920,A005920,U0510,GIVEAWAY,2026-02-07,1,0,667,0.58,Vernier Caliper,GENERAL_REUSE
IMP005921,A005921,U0770,SWAP,2025-10-04,1,0,256,0.27,Extension Board,GENERAL_REUSE
IMP005922,A005922,U0124,BORROW,2026-01-09,1,10,704,0.64,Presentation Clicker,GENERAL_REUSE
IMP005923,A005923,U0972,GIVEAWAY,2025-11-17,1,0,274,0.61,Screwdriver Set,GENERAL_REUSE
IMP005924,A005924,U0489,BORROW,2026-05-11,1,2,672,0.64,Webcam,GENERAL_REUSE
IMP005925,A005925,U0031,BORROW,2026-01-01,1,2,814,0.37,Scientific Calculator,GENERAL_REUSE
IMP005926,A005926,U0112,BORROW,2025-11-29,1,10,1144,0.52,Webcam,GENERAL_REUSE
IMP005927,A005927,U0945,BORROW,2026-06-26,1,2,615,0.41,Bluetooth Keyboard,GENERAL_REUSE
IMP005928,A005928,U0408,SELL,2026-03-11,1,0,462,0.37,Power Bank,GENERAL_REUSE
IMP005929,A005929,U0398,SWAP,2025-09-28,1,0,406,0.28,Extension Board,GENERAL_REUSE
IMP005930,A005930,U0272,GIVEAWAY,2026-03-29,1,0,1386,0.77,Desk Lamp,GENERAL_REUSE
IMP005931,A005931,U0728,BORROW,2025-11-25,1,14,660,0.4,Digital Multimeter,GENERAL_REUSE
IMP005932,A005932,U0671,GIVEAWAY,2026-04-07,1,0,765,0.51,USB-C Charger,GENERAL_REUSE
IMP005933,A005933,U0660,BORROW,2025-09-13,1,21,1190,0.61,Digital Multimeter,GENERAL_REUSE
IMP005934,A005934,U0805,BORROW,2026-03-30,1,2,1350,0.45,College Backpack,GENERAL_REUSE
IMP005935,A005935,U0593,SWAP,2026-05-26,0,0,0,0.0,Scientific Calculator,GENERAL_REUSE
IMP005936,A005936,U0655,BORROW,2026-05-16,1,5,2640,0.66,External Hard Drive,GENERAL_REUSE
IMP005937,A005937,U0082,SELL,2026-02-16,1,0,248,0.55,Calculator,EDUCATIONAL
IMP005938,A005938,U0542,GIVEAWAY,2025-10-01,1,0,2520,0.84,Headphones,GENERAL_REUSE
IMP005939,A005939,U0346,GIVEAWAY,2026-05-21,1,0,1470,0.7,Presentation Clicker,GENERAL_REUSE
IMP005940,A005940,U0810,BORROW,2026-06-27,1,10,1204,0.73,Digital Multimeter,GENERAL_REUSE
IMP005941,A005941,U0912,SWAP,2025-09-08,1,0,169,0.26,USB-C Charger,GENERAL_REUSE
IMP005942,A005942,U0355,GIVEAWAY,2026-01-14,1,0,2627,0.71,Webcam,GENERAL_REUSE
IMP005943,A005943,U0250,BORROW,2025-09-28,1,10,152,0.76,Breadboard Kit,GENERAL_REUSE
IMP005944,A005944,U0164,GIVEAWAY,2025-09-06,1,0,255,0.51,Breadboard Kit,GENERAL_REUSE
IMP005945,A005945,U0144,GIVEAWAY,2025-09-08,1,0,666,0.74,Power Bank,GENERAL_REUSE
IMP005946,A005946,U0254,GIVEAWAY,2026-03-24,1,0,380,0.76,Extension Board,GENERAL_REUSE
IMP005947,A005947,U0752,BORROW,2025-09-02,1,7,319,0.58,Ethernet Cable,GENERAL_REUSE
IMP005948,A005948,U0660,BORROW,2026-04-24,1,14,200,0.21,USB Flash Drive,GENERAL_REUSE
IMP005949,A005949,U0907,GIVEAWAY,2025-10-04,1,0,314,0.37,Python Programming Book,GENERAL_REUSE
IMP005950,A005950,U0673,GIVEAWAY,2026-05-26,1,0,842,0.51,Bluetooth Keyboard,GENERAL_REUSE
IMP005951,A005951,U0971,SWAP,2026-01-13,1,0,208,0.32,Lab Coat,GENERAL_REUSE
IMP005952,A005952,U0871,BORROW,2026-01-03,1,21,375,0.25,Tripod,GENERAL_REUSE
IMP005953,A005953,U0121,BORROW,2026-07-01,1,21,592,0.37,Soldering Iron Kit,GENERAL_REUSE
IMP005954,A005954,U0371,BORROW,2026-04-28,1,5,290,0.83,Textbook,GENERAL_REUSE
IMP005955,A005955,U0339,SWAP,2026-03-08,1,0,364,0.28,Bluetooth Keyboard,GENERAL_REUSE
IMP005956,A005956,U0579,GIVEAWAY,2025-11-14,1,0,1102,0.35,Headphones,GENERAL_REUSE
IMP005957,A005957,U0539,BORROW,2026-03-31,1,14,518,0.74,HDMI Cable,GENERAL_REUSE
IMP005958,A005958,U0389,SELL,2026-06-04,1,0,336,0.32,Extension Board,GENERAL_REUSE
IMP005959,A005959,U0956,BORROW,2026-03-26,1,21,1668,0.71,Headphones,GENERAL_REUSE
IMP005960,A005960,U0263,BORROW,2025-11-06,1,3,220,0.22,Drawing Board,GENERAL_REUSE
IMP005961,A005961,U0438,BORROW,2026-07-03,1,3,1621,0.69,College Backpack,GENERAL_REUSE
IMP005962,A005962,U0223,BORROW,2026-07-07,1,2,412,0.75,Scientific Calculator,GENERAL_REUSE
IMP005963,A005963,U0612,BORROW,2026-07-23,1,14,230,0.27,Python Programming Book,GENERAL_REUSE
IMP005964,A005964,U0547,SWAP,2025-09-16,1,0,660,0.6,Drawing Board,GENERAL_REUSE
IMP005965,A005965,U0819,BORROW,2026-03-05,1,3,322,0.23,Tripod,GENERAL_REUSE
IMP005966,A005966,U0142,SELL,2025-11-15,1,0,92,0.23,Screwdriver Set,GENERAL_REUSE
IMP005967,A005967,U0762,BORROW,2026-04-13,1,2,1312,0.64,Engineering Drawing Kit,GENERAL_REUSE
IMP005968,A005968,U0524,GIVEAWAY,2026-04-21,1,0,510,0.51,Extension Board,GENERAL_REUSE
IMP005969,A005969,U0557,SELL,2025-10-11,1,0,126,0.42,HDMI Cable,GENERAL_REUSE
IMP005970,A005970,U0757,GIVEAWAY,2026-07-24,1,0,302,0.67,Textbook,GENERAL_REUSE
IMP005971,A005971,U0058,GIVEAWAY,2025-11-05,1,0,451,0.41,Engineering Drawing Kit,GENERAL_REUSE
IMP005972,A005972,U0133,BORROW,2026-02-12,1,5,3472,0.53,External Hard Drive,GENERAL_REUSE
IMP005973,A005973,U0565,BORROW,2026-02-26,1,21,1034,0.53,Presentation Clicker,GENERAL_REUSE
IMP005974,A005974,U0913,SWAP,2025-12-03,1,0,624,0.43,Power Bank,GENERAL_REUSE
IMP005975,A005975,U0371,GIVEAWAY,2026-05-26,1,0,903,0.43,Tripod,GENERAL_REUSE
IMP005976,A005976,U0017,BORROW,2025-10-28,1,14,270,0.3,College Backpack,GENERAL_REUSE
IMP005977,A005977,U0074,BORROW,2026-02-09,1,10,336,0.61,Safety Goggles,GENERAL_REUSE
IMP005978,A005978,U0076,BORROW,2025-12-16,1,10,2190,0.73,Bluetooth Keyboard,GENERAL_REUSE
IMP005979,A005979,U0200,BORROW,2025-12-24,1,2,2030,0.33,External Hard Drive,GENERAL_REUSE
IMP005980,A005980,U0155,BORROW,2025-12-21,0,10,0,0.0,Drawing Board,GENERAL_REUSE
IMP005981,A005981,U0012,BORROW,2026-04-08,1,10,364,0.81,Textbook,GENERAL_REUSE
IMP005982,A005982,U0022,SELL,2025-10-24,1,0,186,0.31,Safety Goggles,GENERAL_REUSE
IMP005983,A005983,U0609,BORROW,2026-04-03,1,3,333,0.74,Safety Goggles,GENERAL_REUSE
IMP005984,A005984,U0610,GIVEAWAY,2025-11-22,1,0,370,0.39,Textbook,GENERAL_REUSE
IMP005985,A005985,U0913,GIVEAWAY,2026-06-19,1,0,294,0.42,Breadboard Kit,GENERAL_REUSE
IMP005986,A005986,U0666,SWAP,2026-01-27,1,0,1040,0.63,Scientific Calculator,GENERAL_REUSE
IMP005987,A005987,U0038,SWAP,2026-01-29,1,0,660,0.6,Textbook,GENERAL_REUSE
IMP005988,A005988,U0092,BORROW,2026-04-08,1,3,130,0.37,Ethernet Cable,GENERAL_REUSE
IMP005989,A005989,U0313,SWAP,2025-12-13,1,0,150,0.6,Safety Goggles,GENERAL_REUSE
IMP005990,A005990,U0770,GIVEAWAY,2026-04-09,1,0,285,0.57,Breadboard Kit,GENERAL_REUSE
IMP005991,A005991,U0953,GIVEAWAY,2026-07-26,1,0,675,0.54,Desk Lamp,GENERAL_REUSE
IMP005992,A005992,U0041,BORROW,2026-06-02,1,3,1131,0.87,College Backpack,GENERAL_REUSE
IMP005993,A005993,U0723,BORROW,2026-06-17,1,21,50,0.33,Graph Paper Pack,GENERAL_REUSE
IMP005994,A005994,U0751,SWAP,2026-02-23,1,0,798,0.55,Screwdriver Set,GENERAL_REUSE
IMP005995,A005995,U0101,SWAP,2025-11-03,1,0,486,0.36,Engineering Drawing Kit,GENERAL_REUSE
IMP005996,A005996,U0533,SELL,2026-04-18,1,0,720,0.3,Scientific Calculator,GENERAL_REUSE
IMP005997,A005997,U0593,GIVEAWAY,2026-03-13,1,0,1080,0.72,Presentation Clicker,GENERAL_REUSE
IMP005998,A005998,U0557,BORROW,2026-06-17,1,3,237,0.79,HDMI Cable,GENERAL_REUSE
IMP005999,A005999,U0382,SWAP,2026-02-26,1,0,2340,0.65,External Hard Drive,GENERAL_REUSE
IMP006000,A006000,U0036,BORROW,2026-02-18,1,5,472,0.41,Scientific Calculator,GENERAL_REUSE
IMP006001,A006001,U0602,SELL,2026-06-26,1,0,368,0.21,Drawing Board,GENERAL_REUSE
IMP006002,A006002,U0285,BORROW,2026-07-25,1,14,420,0.7,Digital Multimeter,GENERAL_REUSE
IMP006003,A006003,U0156,BORROW,2026-06-04,0,21,0,0.0,Extension Board,GENERAL_REUSE
IMP006004,A006004,U0463,SELL,2025-11-24,1,0,270,0.27,Textbook,GENERAL_REUSE
IMP006005,A006005,U0737,BORROW,2026-07-05,1,21,336,0.28,Python Programming Book,GENERAL_REUSE
IMP006006,A006006,U0484,GIVEAWAY,2026-02-08,1,0,1708,0.67,Bluetooth Keyboard,GENERAL_REUSE
IMP006007,A006007,U0337,SELL,2026-06-19,1,0,1690,0.49,Headphones,GENERAL_REUSE
IMP006008,A006008,U0239,BORROW,2026-07-09,1,2,1027,0.79,College Backpack,GENERAL_REUSE
IMP006009,A006009,U0773,SWAP,2026-03-05,1,0,662,0.63,Python Programming Book,GENERAL_REUSE
IMP006010,A006010,U0056,SWAP,2025-11-13,1,0,688,0.43,Digital Multimeter,GENERAL_REUSE
IMP006011,A006011,U0640,BORROW,2026-06-04,1,21,992,0.62,Engineering Drawing Kit,GENERAL_REUSE
IMP006012,A006012,U0090,BORROW,2026-03-28,1,3,407,0.37,Mechanical Drawing Set,GENERAL_REUSE
IMP006013,A006013,U0540,BORROW,2026-06-26,1,3,608,0.45,Bluetooth Keyboard,GENERAL_REUSE
IMP006014,A006014,U0630,BORROW,2026-02-28,1,14,1591,0.86,Headphones,GENERAL_REUSE
IMP006015,A006015,U0593,SELL,2025-10-10,0,0,0,0.0,Vernier Caliper,GENERAL_REUSE
IMP006016,A006016,U0966,BORROW,2026-02-07,1,14,51,0.51,Graph Paper Pack,GENERAL_REUSE
IMP006017,A006017,U0634,BORROW,2026-04-10,1,21,198,0.33,Textbook,GENERAL_REUSE
IMP006018,A006018,U0639,BORROW,2026-05-15,1,14,572,0.44,Extension Board,GENERAL_REUSE
IMP006019,A006019,U0402,BORROW,2025-11-16,1,3,288,0.64,Lab Coat,GENERAL_REUSE
IMP006020,A006020,U0272,SWAP,2026-05-31,1,0,675,0.27,Bluetooth Keyboard,GENERAL_REUSE
IMP006021,A006021,U0213,SWAP,2025-11-10,1,0,143,0.26,Scientific Calculator,GENERAL_REUSE
IMP006022,A006022,U0221,GIVEAWAY,2026-06-10,1,0,1716,0.78,Headphones,GENERAL_REUSE
IMP006023,A006023,U0366,SWAP,2025-09-06,1,0,256,0.64,Lab Coat,GENERAL_REUSE
IMP006024,A006024,U0467,BORROW,2026-06-21,1,5,385,0.7,Engineering Drawing Kit,GENERAL_REUSE
IMP006025,A006025,U0625,SELL,2025-09-24,1,0,1120,0.4,Headphones,GENERAL_REUSE
IMP006026,A006026,U0800,GIVEAWAY,2026-05-22,1,0,94,0.63,Ethernet Cable,GENERAL_REUSE
IMP006027,A006027,U0930,SELL,2025-09-25,1,0,874,0.53,Calculator,EDUCATIONAL
IMP006028,A006028,U0385,SWAP,2026-05-14,1,0,400,0.4,Presentation Clicker,GENERAL_REUSE
IMP006029,A006029,U0575,BORROW,2026-04-16,1,14,250,0.25,Lab Coat,GENERAL_REUSE
IMP006030,A006030,U0363,SWAP,2026-01-21,1,0,214,0.61,HDMI Cable,GENERAL_REUSE
IMP006031,A006031,U0827,BORROW,2025-11-04,1,21,888,0.48,USB-C Charger,GENERAL_REUSE
IMP006032,A006032,U0088,SWAP,2026-05-13,1,0,135,0.3,Desk Lamp,GENERAL_REUSE
IMP006033,A006033,U0112,SWAP,2026-07-16,1,0,76,0.38,Graph Paper Pack,GENERAL_REUSE
IMP006034,A006034,U0879,BORROW,2026-02-19,1,2,611,0.26,Scientific Calculator,GENERAL_REUSE
IMP006035,A006035,U0042,BORROW,2026-02-01,1,5,1330,0.7,Digital Multimeter,GENERAL_REUSE
IMP006036,A006036,U0048,BORROW,2026-01-13,1,21,1374,0.67,Engineering Drawing Kit,GENERAL_REUSE
IMP006037,A006037,U0219,SWAP,2026-05-12,1,0,1584,0.48,Soldering Iron Kit,GENERAL_REUSE
IMP006038,A006038,U0014,BORROW,2026-01-06,1,7,427,0.57,Desk Lamp,GENERAL_REUSE
IMP006039,A006039,U0355,SWAP,2026-07-16,1,0,496,0.62,Scientific Calculator,GENERAL_REUSE
IMP006040,A006040,U0338,GIVEAWAY,2025-12-08,1,0,1952,0.64,Headphones,GENERAL_REUSE
IMP006041,A006041,U0612,GIVEAWAY,2026-02-05,1,0,720,0.45,Calculator,EDUCATIONAL
IMP006042,A006042,U0032,GIVEAWAY,2025-11-10,1,0,507,0.78,USB Flash Drive,GENERAL_REUSE
IMP006043,A006043,U0398,SWAP,2026-05-16,1,0,1364,0.62,Tripod,GENERAL_REUSE
IMP006044,A006044,U0856,GIVEAWAY,2026-02-08,1,0,364,0.52,USB-C Charger,GENERAL_REUSE
IMP006045,A006045,U0647,GIVEAWAY,2025-09-12,1,0,1434,0.47,Webcam,GENERAL_REUSE
IMP006046,A006046,U0942,SELL,2025-09-23,0,0,0,0.0,College Backpack,GENERAL_REUSE
IMP006047,A006047,U0531,SWAP,2025-09-30,1,0,319,0.58,Desk Lamp,GENERAL_REUSE
IMP006048,A006048,U0032,BORROW,2025-12-26,1,7,928,0.58,Mechanical Drawing Set,GENERAL_REUSE
IMP006049,A006049,U0548,SWAP,2026-03-28,0,0,0,0.0,Calculator,EDUCATIONAL
IMP006050,A006050,U0085,GIVEAWAY,2026-06-01,1,0,1098,0.61,College Backpack,GENERAL_REUSE
IMP006051,A006051,U0837,BORROW,2026-06-16,1,10,689,0.26,Headphones,GENERAL_REUSE
IMP006052,A006052,U0463,BORROW,2026-02-02,1,2,105,0.42,HDMI Cable,GENERAL_REUSE
IMP006053,A006053,U0993,GIVEAWAY,2026-07-24,1,0,1008,0.84,Tripod,GENERAL_REUSE
IMP006054,A006054,U0392,GIVEAWAY,2026-07-27,1,0,429,0.78,HDMI Cable,GENERAL_REUSE
IMP006055,A006055,U0873,BORROW,2026-01-07,1,3,2982,0.89,Bluetooth Keyboard,GENERAL_REUSE
IMP006056,A006056,U0633,BORROW,2026-03-14,1,21,504,0.63,Desk Lamp,GENERAL_REUSE
IMP006057,A006057,U0220,BORROW,2026-02-01,1,21,712,0.89,Textbook,GENERAL_REUSE
IMP006058,A006058,U0115,SELL,2025-12-24,1,0,462,0.22,Presentation Clicker,GENERAL_REUSE
IMP006059,A006059,U0537,BORROW,2026-02-07,1,21,32,0.21,Graph Paper Pack,GENERAL_REUSE
IMP006060,A006060,U0670,SELL,2026-07-02,1,0,779,0.41,Engineering Drawing Kit,GENERAL_REUSE
IMP006061,A006061,U0806,SWAP,2026-07-23,1,0,513,0.54,Extension Board,GENERAL_REUSE
IMP006062,A006062,U0266,BORROW,2025-12-13,1,14,55,0.22,Safety Goggles,GENERAL_REUSE
IMP006063,A006063,U0210,BORROW,2026-02-24,1,5,670,0.67,Python Programming Book,GENERAL_REUSE
IMP006064,A006064,U0842,SWAP,2026-05-12,1,0,115,0.46,Ethernet Cable,GENERAL_REUSE
IMP006065,A006065,U0338,SWAP,2025-09-01,1,0,840,0.56,Extension Board,GENERAL_REUSE
IMP006066,A006066,U0008,BORROW,2025-11-11,1,3,644,0.56,Extension Board,GENERAL_REUSE
IMP006067,A006067,U0506,SWAP,2025-09-18,1,0,243,0.27,Scientific Calculator,GENERAL_REUSE
IMP006068,A006068,U0526,BORROW,2025-09-11,1,10,1966,0.57,Webcam,GENERAL_REUSE
IMP006069,A006069,U0986,GIVEAWAY,2026-02-08,1,0,452,0.43,Screwdriver Set,GENERAL_REUSE
IMP006070,A006070,U0903,BORROW,2026-01-03,1,21,520,0.8,Calculator,EDUCATIONAL
IMP006071,A006071,U0799,SWAP,2025-11-30,1,0,1034,0.53,Vernier Caliper,GENERAL_REUSE
IMP006072,A006072,U0946,GIVEAWAY,2026-06-28,1,0,1574,0.67,Engineering Drawing Kit,GENERAL_REUSE
IMP006073,A006073,U0636,BORROW,2026-05-09,1,5,350,0.7,Textbook,GENERAL_REUSE
IMP006074,A006074,U0730,GIVEAWAY,2025-09-03,1,0,136,0.39,Ethernet Cable,GENERAL_REUSE
IMP006075,A006075,U0677,SWAP,2026-02-22,1,0,512,0.31,Calculator,EDUCATIONAL
IMP006076,A006076,U0316,BORROW,2026-07-24,1,7,72,0.36,Safety Goggles,GENERAL_REUSE
IMP006077,A006077,U0192,GIVEAWAY,2026-07-28,1,0,1375,0.55,Headphones,GENERAL_REUSE
IMP006078,A006078,U0345,SWAP,2026-03-11,1,0,644,0.39,Power Bank,GENERAL_REUSE
IMP006079,A006079,U0373,SWAP,2025-11-18,1,0,458,0.61,Power Bank,GENERAL_REUSE
IMP006080,A006080,U0732,SWAP,2026-05-20,1,0,420,0.28,Tripod,GENERAL_REUSE
IMP006081,A006081,U0749,BORROW,2025-10-10,1,2,165,0.22,HDMI Cable,GENERAL_REUSE
IMP006082,A006082,U0575,BORROW,2026-06-07,1,2,1722,0.84,Digital Multimeter,GENERAL_REUSE
IMP006083,A006083,U0905,GIVEAWAY,2026-06-09,1,0,4123,0.62,External Hard Drive,GENERAL_REUSE
IMP006084,A006084,U0312,BORROW,2025-11-04,1,2,5548,0.81,External Hard Drive,GENERAL_REUSE
IMP006085,A006085,U0520,BORROW,2026-05-08,1,14,1578,0.77,Vernier Caliper,GENERAL_REUSE
IMP006086,A006086,U0645,GIVEAWAY,2026-03-14,1,0,1606,0.73,Power Bank,GENERAL_REUSE
IMP006087,A006087,U0753,BORROW,2026-01-21,1,10,473,0.86,Ethernet Cable,GENERAL_REUSE
IMP006088,A006088,U0499,GIVEAWAY,2026-06-15,1,0,1998,0.74,Vernier Caliper,GENERAL_REUSE
IMP006089,A006089,U0153,SELL,2026-01-03,1,0,1018,0.55,Tripod,GENERAL_REUSE
IMP006090,A006090,U0730,SWAP,2025-09-18,1,0,480,0.48,Power Bank,GENERAL_REUSE
IMP006091,A006091,U0340,BORROW,2026-04-27,1,3,460,0.46,Bluetooth Keyboard,GENERAL_REUSE
IMP006092,A006092,U0328,SWAP,2026-02-19,1,0,513,0.57,Screwdriver Set,GENERAL_REUSE
IMP006093,A006093,U0193,BORROW,2025-10-08,1,10,312,0.52,Drawing Board,GENERAL_REUSE
IMP006094,A006094,U0322,BORROW,2025-12-14,1,21,1650,0.75,Bluetooth Keyboard,GENERAL_REUSE
IMP006095,A006095,U0939,BORROW,2026-04-23,1,5,551,0.38,Presentation Clicker,GENERAL_REUSE
IMP006096,A006096,U0222,GIVEAWAY,2025-12-07,1,0,2204,0.76,College Backpack,GENERAL_REUSE
IMP006097,A006097,U0939,BORROW,2026-05-14,1,21,2788,0.82,Arduino Kit,GENERAL_REUSE
IMP006098,A006098,U0272,GIVEAWAY,2026-06-06,1,0,1254,0.57,Digital Multimeter,GENERAL_REUSE
IMP006099,A006099,U0598,SWAP,2025-12-28,1,0,222,0.37,Safety Goggles,GENERAL_REUSE
IMP006100,A006100,U0334,SELL,2025-11-01,1,0,88,0.25,Extension Board,GENERAL_REUSE
IMP006101,A006101,U0048,GIVEAWAY,2025-11-27,1,0,1785,0.85,Engineering Drawing Kit,GENERAL_REUSE
IMP006102,A006102,U0881,BORROW,2026-03-01,1,5,217,0.31,Mechanical Drawing Set,GENERAL_REUSE
IMP006103,A006103,U0215,BORROW,2026-01-06,1,2,1346,0.69,Headphones,GENERAL_REUSE
IMP006104,A006104,U0360,SELL,2025-11-07,1,0,138,0.23,Desk Lamp,GENERAL_REUSE
IMP006105,A006105,U0692,SWAP,2026-06-14,1,0,1323,0.49,Webcam,GENERAL_REUSE
IMP006106,A006106,U0342,SWAP,2026-03-26,1,0,824,0.61,Extension Board,GENERAL_REUSE
IMP006107,A006107,U0384,GIVEAWAY,2026-05-18,1,0,297,0.54,Breadboard Kit,GENERAL_REUSE
IMP006108,A006108,U0905,GIVEAWAY,2026-07-28,1,0,1008,0.84,Screwdriver Set,GENERAL_REUSE
IMP006109,A006109,U0956,GIVEAWAY,2025-11-08,1,0,252,0.84,Safety Goggles,GENERAL_REUSE
IMP006110,A006110,U0285,BORROW,2025-10-21,1,2,196,0.56,Ethernet Cable,GENERAL_REUSE
IMP006111,A006111,U0567,BORROW,2026-01-11,1,5,462,0.37,Python Programming Book,GENERAL_REUSE
IMP006112,A006112,U0944,BORROW,2026-01-31,1,7,88,0.22,Ethernet Cable,GENERAL_REUSE
IMP006113,A006113,U0165,BORROW,2026-01-01,1,7,84,0.24,HDMI Cable,GENERAL_REUSE
IMP006114,A006114,U0328,SWAP,2025-11-13,1,0,594,0.54,Drawing Board,GENERAL_REUSE
IMP006115,A006115,U0459,SWAP,2026-04-27,1,0,256,0.57,Safety Goggles,GENERAL_REUSE
IMP006116,A006116,U0243,BORROW,2026-07-14,1,3,740,0.29,Webcam,GENERAL_REUSE
IMP006117,A006117,U0673,BORROW,2026-04-07,1,2,668,0.89,Screwdriver Set,GENERAL_REUSE
IMP006118,A006118,U0965,GIVEAWAY,2026-04-16,1,0,135,0.45,Textbook,GENERAL_REUSE
IMP006119,A006119,U0953,BORROW,2025-12-21,0,2,0,0.0,Digital Multimeter,GENERAL_REUSE
IMP006120,A006120,U0738,SWAP,2026-06-19,1,0,1480,0.63,USB-C Charger,GENERAL_REUSE
IMP006121,A006121,U0323,SWAP,2025-10-26,1,0,504,0.48,Lab Coat,GENERAL_REUSE
IMP006122,A006122,U0030,SWAP,2026-01-16,1,0,2580,0.4,External Hard Drive,GENERAL_REUSE
IMP006123,A006123,U0510,GIVEAWAY,2026-03-23,1,0,1200,0.75,Desk Lamp,GENERAL_REUSE
IMP006124,A006124,U0899,SWAP,2025-11-29,1,0,368,0.49,Desk Lamp,GENERAL_REUSE
IMP006125,A006125,U0780,BORROW,2026-05-07,1,5,18,0.37,Graph Paper Pack,GENERAL_REUSE
IMP006126,A006126,U0802,SELL,2026-07-05,1,0,1311,0.46,External Hard Drive,GENERAL_REUSE
IMP006127,A006127,U0881,SELL,2026-02-16,1,0,1800,0.36,Vernier Caliper,GENERAL_REUSE
IMP006128,A006128,U0642,GIVEAWAY,2026-05-24,1,0,656,0.41,Digital Multimeter,GENERAL_REUSE
IMP006129,A006129,U0770,GIVEAWAY,2026-07-12,1,0,4064,0.63,External Hard Drive,GENERAL_REUSE
IMP006130,A006130,U0222,GIVEAWAY,2025-11-28,1,0,700,0.7,College Backpack,GENERAL_REUSE
IMP006131,A006131,U0584,BORROW,2026-07-03,1,7,451,0.82,Safety Goggles,GENERAL_REUSE
IMP006132,A006132,U0045,SWAP,2025-09-24,1,0,420,0.42,Scientific Calculator,GENERAL_REUSE
IMP006133,A006133,U0609,BORROW,2026-05-07,1,2,2780,0.51,Vernier Caliper,GENERAL_REUSE
IMP006134,A006134,U0020,SWAP,2026-06-12,1,0,512,0.64,USB Flash Drive,GENERAL_REUSE
IMP006135,A006135,U0313,GIVEAWAY,2026-07-26,1,0,756,0.56,Extension Board,GENERAL_REUSE
IMP006136,A006136,U0986,GIVEAWAY,2026-07-27,1,0,675,0.54,Python Programming Book,GENERAL_REUSE
IMP006137,A006137,U0279,BORROW,2025-10-28,1,10,364,0.28,Screwdriver Set,GENERAL_REUSE
IMP006138,A006138,U0516,SELL,2026-07-27,1,0,392,0.29,Desk Lamp,GENERAL_REUSE
IMP006139,A006139,U0461,GIVEAWAY,2026-07-28,1,0,2535,0.78,Vernier Caliper,GENERAL_REUSE
IMP006140,A006140,U0717,SELL,2025-10-16,1,0,693,0.33,Vernier Caliper,GENERAL_REUSE
IMP006141,A006141,U0364,BORROW,2025-09-22,1,10,1862,0.73,Soldering Iron Kit,GENERAL_REUSE
IMP006142,A006142,U0300,GIVEAWAY,2026-02-16,0,0,0,0.0,Power Bank,GENERAL_REUSE
IMP006143,A006143,U0344,GIVEAWAY,2026-02-24,1,0,744,0.48,Tripod,GENERAL_REUSE
IMP006144,A006144,U0468,SWAP,2025-12-24,1,0,490,0.49,Desk Lamp,GENERAL_REUSE
IMP006145,A006145,U0052,BORROW,2026-02-04,1,2,100,0.4,Textbook,GENERAL_REUSE
IMP006146,A006146,U0603,GIVEAWAY,2026-01-14,1,0,649,0.59,Textbook,GENERAL_REUSE
IMP006147,A006147,U0551,BORROW,2026-05-13,1,7,3071,0.83,Vernier Caliper,GENERAL_REUSE
IMP006148,A006148,U0694,BORROW,2025-09-23,1,3,138,0.46,Breadboard Kit,GENERAL_REUSE
IMP006149,A006149,U0210,BORROW,2026-02-13,1,5,315,0.45,Safety Goggles,GENERAL_REUSE
IMP006150,A006150,U0623,GIVEAWAY,2026-02-20,1,0,525,0.7,HDMI Cable,GENERAL_REUSE
IMP006151,A006151,U0151,BORROW,2025-12-22,1,2,1538,0.75,College Backpack,GENERAL_REUSE
IMP006152,A006152,U0669,BORROW,2026-03-18,1,10,1238,0.75,Screwdriver Set,GENERAL_REUSE
IMP006153,A006153,U0570,BORROW,2025-10-31,1,10,5032,0.74,External Hard Drive,GENERAL_REUSE
IMP006154,A006154,U0201,SWAP,2026-02-14,1,0,260,0.52,Safety Goggles,GENERAL_REUSE
IMP006155,A006155,U0969,SWAP,2025-11-03,1,0,266,0.59,Breadboard Kit,GENERAL_REUSE
IMP006156,A006156,U0528,SWAP,2026-02-20,1,0,451,0.41,Lab Coat,GENERAL_REUSE
IMP006157,A006157,U0721,GIVEAWAY,2026-07-08,1,0,957,0.66,Scientific Calculator,GENERAL_REUSE
IMP006158,A006158,U0716,SELL,2026-06-06,1,0,384,0.24,Calculator,EDUCATIONAL
IMP006159,A006159,U0432,SWAP,2026-02-17,1,0,119,0.34,Safety Goggles,GENERAL_REUSE
IMP006160,A006160,U0718,BORROW,2025-11-08,1,3,100,0.25,Lab Coat,GENERAL_REUSE
IMP006161,A006161,U0426,SWAP,2025-09-12,1,0,1004,0.49,Digital Multimeter,GENERAL_REUSE
IMP006162,A006162,U0205,SWAP,2026-03-01,1,0,462,0.42,Python Programming Book,GENERAL_REUSE
IMP006163,A006163,U0800,SWAP,2026-04-19,1,0,975,0.26,Webcam,GENERAL_REUSE
IMP006164,A006164,U0819,BORROW,2025-12-20,1,5,594,0.66,Screwdriver Set,GENERAL_REUSE
IMP006165,A006165,U0274,GIVEAWAY,2026-01-24,1,0,235,0.47,Ethernet Cable,GENERAL_REUSE
IMP006166,A006166,U0588,SWAP,2025-11-05,1,0,860,0.43,Scientific Calculator,GENERAL_REUSE
IMP006167,A006167,U0377,BORROW,2025-09-04,1,7,1202,0.65,Tripod,GENERAL_REUSE
IMP006168,A006168,U0963,SELL,2025-11-30,1,0,704,0.44,Python Programming Book,GENERAL_REUSE
IMP006169,A006169,U0481,SWAP,2025-09-12,1,0,1050,0.6,Screwdriver Set,GENERAL_REUSE
IMP006170,A006170,U0453,BORROW,2026-04-04,1,7,340,0.85,Extension Board,GENERAL_REUSE
IMP006171,A006171,U0280,GIVEAWAY,2026-05-01,1,0,1160,0.58,Mechanical Drawing Set,GENERAL_REUSE
IMP006172,A006172,U0506,SWAP,2026-07-11,1,0,343,0.49,HDMI Cable,GENERAL_REUSE
IMP006173,A006173,U0633,SWAP,2026-03-21,1,0,610,0.33,USB-C Charger,GENERAL_REUSE
IMP006174,A006174,U0364,GIVEAWAY,2025-10-18,1,0,442,0.68,Calculator,EDUCATIONAL
IMP006175,A006175,U0918,SELL,2026-02-04,1,0,462,0.28,Screwdriver Set,GENERAL_REUSE
IMP006176,A006176,U0245,SWAP,2025-10-11,1,0,648,0.35,Engineering Drawing Kit,GENERAL_REUSE
IMP006177,A006177,U0410,BORROW,2025-11-20,1,10,1065,0.71,Engineering Drawing Kit,GENERAL_REUSE
IMP006178,A006178,U0138,BORROW,2026-01-10,1,2,693,0.33,Engineering Drawing Kit,GENERAL_REUSE
IMP006179,A006179,U0283,BORROW,2026-04-27,0,10,0,0.0,HDMI Cable,GENERAL_REUSE
IMP006180,A006180,U0879,BORROW,2025-10-07,1,2,380,0.33,Vernier Caliper,GENERAL_REUSE
IMP006181,A006181,U0853,SELL,2026-05-19,1,0,833,0.34,Vernier Caliper,GENERAL_REUSE
IMP006182,A006182,U0685,SELL,2026-01-07,0,0,0,0.0,College Backpack,GENERAL_REUSE
IMP006183,A006183,U0433,SWAP,2025-11-12,1,0,341,0.31,Extension Board,GENERAL_REUSE
IMP006184,A006184,U0149,SWAP,2025-11-16,1,0,1287,0.39,Soldering Iron Kit,GENERAL_REUSE
IMP006185,A006185,U0759,BORROW,2025-11-27,1,5,555,0.37,Bluetooth Keyboard,GENERAL_REUSE
IMP006186,A006186,U0582,BORROW,2026-01-27,1,3,1548,0.86,Soldering Iron Kit,GENERAL_REUSE
IMP006187,A006187,U0894,BORROW,2025-12-18,1,3,75,0.5,Breadboard Kit,GENERAL_REUSE
IMP006188,A006188,U0519,SELL,2026-04-29,1,0,682,0.39,Calculator,EDUCATIONAL
IMP006189,A006189,U0743,BORROW,2026-01-27,1,14,446,0.47,Extension Board,GENERAL_REUSE
IMP006190,A006190,U0640,SWAP,2026-06-29,1,0,1722,0.28,External Hard Drive,GENERAL_REUSE
IMP006191,A006191,U0681,BORROW,2026-07-27,1,7,660,0.88,Lab Coat,GENERAL_REUSE
IMP006192,A006192,U0354,BORROW,2025-09-04,1,10,374,0.83,Safety Goggles,GENERAL_REUSE
IMP006193,A006193,U0031,SELL,2026-04-28,1,0,428,0.45,Desk Lamp,GENERAL_REUSE
IMP006194,A006194,U0530,BORROW,2026-07-10,1,3,1995,0.7,Soldering Iron Kit,GENERAL_REUSE
IMP006195,A006195,U0476,SELL,2026-04-02,1,0,1190,0.28,Webcam,GENERAL_REUSE
IMP006196,A006196,U0489,BORROW,2026-05-11,1,2,672,0.79,Desk Lamp,GENERAL_REUSE
IMP006197,A006197,U0953,GIVEAWAY,2026-04-04,0,0,0,0.0,Soldering Iron Kit,GENERAL_REUSE
IMP006198,A006198,U0390,GIVEAWAY,2025-10-16,1,0,208,0.52,Screwdriver Set,GENERAL_REUSE
IMP006199,A006199,U0505,BORROW,2025-09-28,1,14,260,0.26,Headphones,GENERAL_REUSE
IMP006200,A006200,U0901,BORROW,2026-01-26,1,21,1505,0.43,External Hard Drive,GENERAL_REUSE
IMP006201,A006201,U0341,BORROW,2025-09-12,1,10,336,0.21,Soldering Iron Kit,GENERAL_REUSE
IMP006202,A006202,U0557,BORROW,2026-02-01,0,14,0,0.0,Mechanical Drawing Set,GENERAL_REUSE
IMP006203,A006203,U0051,BORROW,2026-07-21,1,2,989,0.86,Mechanical Drawing Set,GENERAL_REUSE
IMP006204,A006204,U0450,GIVEAWAY,2026-06-09,1,0,720,0.8,Scientific Calculator,GENERAL_REUSE
IMP006205,A006205,U0300,SWAP,2026-06-03,0,0,0,0.0,Drawing Board,GENERAL_REUSE
IMP006206,A006206,U0446,BORROW,2026-02-09,1,10,1408,0.88,Screwdriver Set,GENERAL_REUSE
IMP006207,A006207,U0904,BORROW,2025-11-17,1,3,1826,0.44,External Hard Drive,GENERAL_REUSE
IMP006208,A006208,U0378,BORROW,2026-03-06,0,14,0,0.0,College Backpack,GENERAL_REUSE
IMP006209,A006209,U0233,GIVEAWAY,2026-04-07,1,0,438,0.35,Calculator,EDUCATIONAL
IMP006210,A006210,U0381,SWAP,2026-03-06,1,0,915,0.61,Drawing Board,GENERAL_REUSE
IMP006211,A006211,U0853,BORROW,2026-03-23,1,14,160,0.8,Breadboard Kit,GENERAL_REUSE
IMP006212,A006212,U0765,BORROW,2026-06-28,1,3,28,0.55,Graph Paper Pack,GENERAL_REUSE
IMP006213,A006213,U0937,SWAP,2026-07-18,1,0,672,0.32,Arduino Kit,GENERAL_REUSE
IMP006214,A006214,U0398,SWAP,2026-02-13,1,0,735,0.49,Engineering Drawing Kit,GENERAL_REUSE
IMP006215,A006215,U0978,BORROW,2025-10-16,1,2,462,0.77,Lab Coat,GENERAL_REUSE
IMP006216,A006216,U0374,BORROW,2026-03-10,1,7,1624,0.56,College Backpack,GENERAL_REUSE
IMP006217,A006217,U0016,BORROW,2025-11-22,0,7,0,0.0,Drawing Board,GENERAL_REUSE
IMP006218,A006218,U0707,BORROW,2026-04-13,1,7,174,0.58,Safety Goggles,GENERAL_REUSE
IMP006219,A006219,U0714,BORROW,2025-11-04,1,14,3132,0.87,Vernier Caliper,GENERAL_REUSE
IMP006220,A006220,U0941,SWAP,2026-03-30,1,0,160,0.32,Ethernet Cable,GENERAL_REUSE
IMP006221,A006221,U0190,SWAP,2026-03-29,1,0,143,0.26,Ethernet Cable,GENERAL_REUSE
IMP006222,A006222,U0363,GIVEAWAY,2026-02-09,1,0,552,0.65,Calculator,EDUCATIONAL
IMP006223,A006223,U0306,BORROW,2026-02-24,1,3,242,0.22,Extension Board,GENERAL_REUSE
IMP006224,A006224,U0779,SWAP,2025-12-26,1,0,678,0.59,Arduino Kit,GENERAL_REUSE
IMP006225,A006225,U0647,BORROW,2026-01-04,1,10,406,0.28,Mechanical Drawing Set,GENERAL_REUSE
IMP006226,A006226,U0110,BORROW,2026-05-18,1,2,2030,0.7,Headphones,GENERAL_REUSE
IMP006227,A006227,U0186,GIVEAWAY,2026-05-25,1,0,546,0.84,Screwdriver Set,GENERAL_REUSE
IMP006228,A006228,U0234,GIVEAWAY,2026-03-07,1,0,576,0.64,Screwdriver Set,GENERAL_REUSE
IMP006229,A006229,U0570,SELL,2025-12-04,1,0,375,0.25,Tripod,GENERAL_REUSE
IMP006230,A006230,U0783,BORROW,2025-12-09,1,3,384,0.48,USB Flash Drive,GENERAL_REUSE
IMP006231,A006231,U0629,BORROW,2026-06-21,1,2,1170,0.78,Engineering Drawing Kit,GENERAL_REUSE
IMP006232,A006232,U0702,GIVEAWAY,2026-06-25,1,0,630,0.63,Presentation Clicker,GENERAL_REUSE
IMP006233,A006233,U0131,BORROW,2026-02-19,1,7,525,0.75,HDMI Cable,GENERAL_REUSE
IMP006234,A006234,U0845,BORROW,2026-06-16,1,21,819,0.63,Soldering Iron Kit,GENERAL_REUSE
IMP006235,A006235,U0159,SELL,2026-03-06,1,0,270,0.36,Headphones,GENERAL_REUSE
IMP006236,A006236,U0458,SELL,2026-02-10,1,0,388,0.25,Drawing Board,GENERAL_REUSE
IMP006237,A006237,U0445,SWAP,2026-01-17,1,0,298,0.35,Headphones,GENERAL_REUSE
IMP006238,A006238,U0533,GIVEAWAY,2026-06-29,1,0,375,0.5,Presentation Clicker,GENERAL_REUSE
IMP006239,A006239,U0543,GIVEAWAY,2025-11-26,1,0,777,0.37,Vernier Caliper,GENERAL_REUSE
IMP006240,A006240,U0047,BORROW,2026-01-21,1,14,162,0.54,HDMI Cable,GENERAL_REUSE
IMP006241,A006241,U0144,BORROW,2026-05-17,1,10,384,0.64,Tripod,GENERAL_REUSE
IMP006242,A006242,U0819,GIVEAWAY,2026-01-25,1,0,688,0.51,Mechanical Drawing Set,GENERAL_REUSE
IMP006243,A006243,U0503,SELL,2026-01-21,1,0,280,0.35,Power Bank,GENERAL_REUSE
IMP006244,A006244,U0913,BORROW,2026-02-01,1,10,442,0.68,Drawing Board,GENERAL_REUSE
IMP006245,A006245,U0941,BORROW,2026-03-04,1,2,159,0.53,Safety Goggles,GENERAL_REUSE
IMP006246,A006246,U0249,BORROW,2025-10-04,1,7,799,0.34,Engineering Drawing Kit,GENERAL_REUSE
IMP006247,A006247,U0995,BORROW,2025-11-22,1,7,855,0.29,Soldering Iron Kit,GENERAL_REUSE
IMP006248,A006248,U0121,SWAP,2026-06-25,1,0,168,0.28,Lab Coat,GENERAL_REUSE
IMP006249,A006249,U0748,GIVEAWAY,2026-07-06,1,0,550,0.44,Extension Board,GENERAL_REUSE
IMP006250,A006250,U0425,SWAP,2025-10-18,1,0,420,0.56,College Backpack,GENERAL_REUSE
IMP006251,A006251,U0608,SWAP,2026-05-11,1,0,1638,0.42,Vernier Caliper,GENERAL_REUSE
IMP006252,A006252,U0572,BORROW,2026-01-05,1,3,1848,0.77,USB-C Charger,GENERAL_REUSE
IMP006253,A006253,U0526,GIVEAWAY,2026-03-14,1,0,918,0.54,USB-C Charger,GENERAL_REUSE
IMP006254,A006254,U0936,SELL,2026-05-08,1,0,2415,0.46,Vernier Caliper,GENERAL_REUSE
IMP006255,A006255,U0561,BORROW,2026-01-14,1,21,988,0.76,Extension Board,GENERAL_REUSE
IMP006256,A006256,U0388,BORROW,2025-09-16,1,5,999,0.54,Power Bank,GENERAL_REUSE
IMP006257,A006257,U0018,BORROW,2026-05-25,1,14,1696,0.64,Headphones,GENERAL_REUSE
IMP006258,A006258,U0115,GIVEAWAY,2025-11-12,1,0,746,0.71,Lab Coat,GENERAL_REUSE
IMP006259,A006259,U0734,BORROW,2025-10-08,1,2,252,0.42,HDMI Cable,GENERAL_REUSE
IMP006260,A006260,U0982,SWAP,2026-03-24,1,0,540,0.3,College Backpack,GENERAL_REUSE
IMP006261,A006261,U0010,BORROW,2026-03-09,1,7,1376,0.64,Webcam,GENERAL_REUSE
IMP006262,A006262,U0014,GIVEAWAY,2026-07-02,1,0,2507,0.46,External Hard Drive,GENERAL_REUSE
IMP006263,A006263,U0898,GIVEAWAY,2025-09-19,1,0,266,0.76,Ethernet Cable,GENERAL_REUSE
IMP006264,A006264,U0544,SWAP,2026-03-15,1,0,1458,0.55,Headphones,GENERAL_REUSE
IMP006265,A006265,U0818,BORROW,2026-02-19,1,21,686,0.49,College Backpack,GENERAL_REUSE
IMP006266,A006266,U0740,GIVEAWAY,2026-03-15,1,0,1260,0.84,Calculator,EDUCATIONAL
IMP006267,A006267,U0938,BORROW,2026-06-27,1,10,472,0.35,Python Programming Book,GENERAL_REUSE
IMP006268,A006268,U0437,BORROW,2025-12-23,1,3,1616,0.53,Headphones,GENERAL_REUSE
IMP006269,A006269,U0165,BORROW,2026-05-05,1,21,266,0.76,Breadboard Kit,GENERAL_REUSE
IMP006270,A006270,U0926,SELL,2025-11-05,1,0,108,0.54,Graph Paper Pack,GENERAL_REUSE
IMP006271,A006271,U0070,BORROW,2025-12-17,1,3,2079,0.66,Soldering Iron Kit,GENERAL_REUSE
IMP006272,A006272,U0911,SELL,2026-03-26,1,0,116,0.29,Screwdriver Set,GENERAL_REUSE
IMP006273,A006273,U0810,GIVEAWAY,2026-02-11,1,0,1422,0.79,Mechanical Drawing Set,GENERAL_REUSE
IMP006274,A006274,U0193,SWAP,2025-10-13,0,0,0,0.0,College Backpack,GENERAL_REUSE
IMP006275,A006275,U0277,GIVEAWAY,2026-02-02,1,0,963,0.55,Power Bank,GENERAL_REUSE
IMP006276,A006276,U0168,BORROW,2025-09-07,0,2,0,0.0,USB-C Charger,GENERAL_REUSE
IMP006277,A006277,U0242,BORROW,2026-05-27,1,5,608,0.45,Desk Lamp,GENERAL_REUSE
IMP006278,A006278,U0574,BORROW,2026-05-08,1,5,1066,0.79,Digital Multimeter,GENERAL_REUSE
IMP006279,A006279,U0522,BORROW,2026-06-29,1,3,1148,0.85,Extension Board,GENERAL_REUSE
IMP006280,A006280,U0679,SWAP,2026-04-10,1,0,323,0.34,Scientific Calculator,GENERAL_REUSE
IMP006281,A006281,U0222,BORROW,2026-05-21,1,21,758,0.41,USB-C Charger,GENERAL_REUSE
IMP006282,A006282,U0979,BORROW,2026-05-10,1,7,248,0.62,Ethernet Cable,GENERAL_REUSE
IMP006283,A006283,U0312,GIVEAWAY,2026-05-28,1,0,1064,0.56,Engineering Drawing Kit,GENERAL_REUSE
IMP006284,A006284,U0989,SELL,2026-03-26,1,0,171,0.38,Lab Coat,GENERAL_REUSE
IMP006285,A006285,U0175,BORROW,2025-12-15,1,2,436,0.67,Desk Lamp,GENERAL_REUSE
IMP006286,A006286,U0703,GIVEAWAY,2025-12-07,1,0,292,0.65,Extension Board,GENERAL_REUSE
IMP006287,A006287,U0001,SWAP,2026-07-02,1,0,512,0.31,Mechanical Drawing Set,GENERAL_REUSE
IMP006288,A006288,U0990,BORROW,2026-04-05,1,21,1336,0.81,Drawing Board,GENERAL_REUSE
IMP006289,A006289,U0002,BORROW,2026-01-22,1,7,2560,0.8,Headphones,GENERAL_REUSE
IMP006290,A006290,U0590,SWAP,2025-09-21,1,0,326,0.31,Textbook,GENERAL_REUSE
IMP006291,A006291,U0816,BORROW,2026-07-20,1,14,455,0.7,Engineering Drawing Kit,GENERAL_REUSE
IMP006292,A006292,U0290,BORROW,2026-07-07,1,10,99,0.33,Ethernet Cable,GENERAL_REUSE
IMP006293,A006293,U0463,GIVEAWAY,2026-03-24,1,0,1800,0.75,Webcam,GENERAL_REUSE
IMP006294,A006294,U0986,GIVEAWAY,2026-02-10,1,0,202,0.81,Ethernet Cable,GENERAL_REUSE
IMP006295,A006295,U0862,BORROW,2026-06-15,1,21,760,0.49,Python Programming Book,GENERAL_REUSE
IMP006296,A006296,U0119,SELL,2026-06-19,0,0,0,0.0,Soldering Iron Kit,GENERAL_REUSE
IMP006297,A006297,U0834,GIVEAWAY,2025-12-02,1,0,1036,0.74,Headphones,GENERAL_REUSE
IMP006298,A006298,U0917,BORROW,2025-11-20,1,14,1305,0.87,Screwdriver Set,GENERAL_REUSE
IMP006299,A006299,U0703,BORROW,2025-11-03,1,14,1210,0.41,Bluetooth Keyboard,GENERAL_REUSE
IMP006300,A006300,U0916,BORROW,2026-07-16,0,7,0,0.0,Arduino Kit,GENERAL_REUSE
IMP006301,A006301,U0835,SELL,2026-05-11,1,0,754,0.26,College Backpack,GENERAL_REUSE
IMP006302,A006302,U0476,BORROW,2026-07-14,1,7,292,0.73,HDMI Cable,GENERAL_REUSE
IMP006303,A006303,U0438,BORROW,2026-02-09,1,10,672,0.64,Screwdriver Set,GENERAL_REUSE
IMP006304,A006304,U0693,BORROW,2026-04-05,1,2,564,0.49,Vernier Caliper,GENERAL_REUSE
IMP006305,A006305,U0190,BORROW,2025-10-20,1,2,38,0.38,Graph Paper Pack,GENERAL_REUSE
IMP006306,A006306,U0282,BORROW,2026-02-18,1,21,98,0.65,Graph Paper Pack,GENERAL_REUSE
IMP006307,A006307,U0504,BORROW,2026-07-25,1,21,360,0.6,Power Bank,GENERAL_REUSE
IMP006308,A006308,U0626,SWAP,2026-06-21,1,0,214,0.33,Scientific Calculator,GENERAL_REUSE
IMP006309,A006309,U0740,SWAP,2026-02-13,1,0,387,0.43,Mechanical Drawing Set,GENERAL_REUSE
IMP006310,A006310,U0263,GIVEAWAY,2026-01-28,1,0,162,0.54,Ethernet Cable,GENERAL_REUSE
IMP006311,A006311,U0825,BORROW,2026-05-13,1,14,1072,0.65,Arduino Kit,GENERAL_REUSE
IMP006312,A006312,U0861,BORROW,2025-10-11,1,10,916,0.47,Power Bank,GENERAL_REUSE
IMP006313,A006313,U0540,BORROW,2026-04-19,0,2,0,0.0,Scientific Calculator,GENERAL_REUSE
IMP006314,A006314,U0859,SWAP,2026-02-21,1,0,162,0.65,HDMI Cable,GENERAL_REUSE
IMP006315,A006315,U0941,SWAP,2026-06-21,1,0,1484,0.53,Bluetooth Keyboard,GENERAL_REUSE
IMP006316,A006316,U0469,BORROW,2025-12-13,1,10,382,0.51,USB Flash Drive,GENERAL_REUSE
IMP006317,A006317,U0417,GIVEAWAY,2026-05-01,1,0,260,0.65,USB Flash Drive,GENERAL_REUSE
IMP006318,A006318,U0712,BORROW,2026-07-13,1,3,1013,0.81,Screwdriver Set,GENERAL_REUSE
IMP006319,A006319,U0469,GIVEAWAY,2026-01-17,1,0,455,0.7,USB-C Charger,GENERAL_REUSE
IMP006320,A006320,U0392,GIVEAWAY,2025-11-05,1,0,1458,0.81,Bluetooth Keyboard,GENERAL_REUSE
IMP006321,A006321,U0061,SELL,2026-01-05,1,0,555,0.37,Drawing Board,GENERAL_REUSE
IMP006322,A006322,U0951,BORROW,2025-09-19,0,3,0,0.0,Webcam,GENERAL_REUSE
IMP006323,A006323,U0845,SWAP,2025-12-12,1,0,3090,0.6,Vernier Caliper,GENERAL_REUSE
IMP006324,A006324,U0111,SELL,2026-04-24,1,0,94,0.47,HDMI Cable,GENERAL_REUSE
IMP006325,A006325,U0636,BORROW,2026-03-05,1,5,924,0.84,USB-C Charger,GENERAL_REUSE
IMP006326,A006326,U0402,GIVEAWAY,2026-05-16,1,0,812,0.56,Digital Multimeter,GENERAL_REUSE
IMP006327,A006327,U0414,SWAP,2025-10-04,1,0,1295,0.35,Webcam,GENERAL_REUSE
IMP006328,A006328,U0397,BORROW,2025-12-06,1,21,513,0.57,Drawing Board,GENERAL_REUSE
IMP006329,A006329,U0568,BORROW,2026-03-14,1,10,630,0.42,Extension Board,GENERAL_REUSE
IMP006330,A006330,U0552,BORROW,2026-01-18,0,5,0,0.0,Bluetooth Keyboard,GENERAL_REUSE
IMP006331,A006331,U0914,BORROW,2026-07-08,1,21,243,0.27,Extension Board,GENERAL_REUSE
IMP006332,A006332,U0915,BORROW,2025-10-26,1,21,1860,0.62,Webcam,GENERAL_REUSE
IMP006333,A006333,U0096,BORROW,2026-06-23,1,14,836,0.44,Webcam,GENERAL_REUSE
IMP006334,A006334,U0954,SWAP,2026-07-20,1,0,2508,0.44,Vernier Caliper,GENERAL_REUSE
IMP006335,A006335,U0501,GIVEAWAY,2026-04-29,1,0,1190,0.85,Soldering Iron Kit,GENERAL_REUSE
IMP006336,A006336,U0467,SELL,2025-10-13,1,0,125,0.25,Lab Coat,GENERAL_REUSE
IMP006337,A006337,U0266,SELL,2025-10-30,1,0,161,0.46,Calculator,EDUCATIONAL
IMP006338,A006338,U0335,SELL,2026-07-21,1,0,621,0.46,Engineering Drawing Kit,GENERAL_REUSE
IMP006339,A006339,U0712,BORROW,2026-04-20,1,3,312,0.24,Screwdriver Set,GENERAL_REUSE
IMP006340,A006340,U0574,BORROW,2026-03-09,1,2,98,0.39,Safety Goggles,GENERAL_REUSE
IMP006341,A006341,U0807,BORROW,2026-05-23,1,10,165,0.3,Textbook,GENERAL_REUSE
IMP006342,A006342,U0190,GIVEAWAY,2025-10-25,1,0,966,0.84,Digital Multimeter,GENERAL_REUSE
IMP006343,A006343,U0627,SELL,2026-01-31,1,0,882,0.43,Engineering Drawing Kit,GENERAL_REUSE
IMP006344,A006344,U0895,SELL,2026-02-15,1,0,644,0.46,College Backpack,GENERAL_REUSE
IMP006345,A006345,U0680,GIVEAWAY,2026-06-18,1,0,610,0.61,Arduino Kit,GENERAL_REUSE
IMP006346,A006346,U0148,BORROW,2025-09-12,1,2,111,0.74,Graph Paper Pack,GENERAL_REUSE
IMP006347,A006347,U0339,BORROW,2025-09-19,1,10,690,0.69,Extension Board,GENERAL_REUSE
IMP006348,A006348,U0405,BORROW,2026-06-29,1,2,458,0.61,Breadboard Kit,GENERAL_REUSE
IMP006349,A006349,U0227,BORROW,2025-09-30,1,14,1080,0.72,Calculator,EDUCATIONAL
IMP006350,A006350,U0879,BORROW,2026-02-10,1,3,798,0.42,Power Bank,GENERAL_REUSE
IMP006351,A006351,U0956,SWAP,2025-10-22,1,0,147,0.49,Desk Lamp,GENERAL_REUSE
IMP006352,A006352,U0407,BORROW,2025-10-12,1,3,166,0.37,Breadboard Kit,GENERAL_REUSE
IMP006353,A006353,U0188,BORROW,2026-01-25,1,5,494,0.26,Arduino Kit,GENERAL_REUSE
IMP006354,A006354,U0669,SWAP,2026-03-23,1,0,2044,0.61,Soldering Iron Kit,GENERAL_REUSE
IMP006355,A006355,U0891,GIVEAWAY,2025-10-23,1,0,98,0.39,HDMI Cable,GENERAL_REUSE
IMP006356,A006356,U0626,BORROW,2026-05-31,1,2,756,0.72,Engineering Drawing Kit,GENERAL_REUSE
IMP006357,A006357,U0600,SWAP,2026-04-25,1,0,621,0.46,Engineering Drawing Kit,GENERAL_REUSE
IMP006358,A006358,U0044,BORROW,2026-01-26,1,10,636,0.53,Screwdriver Set,GENERAL_REUSE
IMP006359,A006359,U0139,BORROW,2026-05-20,1,10,84,0.24,Breadboard Kit,GENERAL_REUSE
IMP006360,A006360,U0838,SELL,2026-04-21,0,0,0,0.0,Mechanical Drawing Set,GENERAL_REUSE
IMP006361,A006361,U0727,GIVEAWAY,2025-09-07,0,0,0,0.0,Presentation Clicker,GENERAL_REUSE
IMP006362,A006362,U0240,BORROW,2026-04-14,1,14,744,0.24,Headphones,GENERAL_REUSE
IMP006363,A006363,U0921,SWAP,2026-07-25,1,0,186,0.31,Digital Multimeter,GENERAL_REUSE
IMP006364,A006364,U0840,SWAP,2026-02-18,1,0,375,0.5,College Backpack,GENERAL_REUSE
IMP006365,A006365,U0601,SWAP,2025-09-03,1,0,441,0.63,Power Bank,GENERAL_REUSE
IMP006366,A006366,U0136,GIVEAWAY,2025-11-25,1,0,605,0.55,Desk Lamp,GENERAL_REUSE
IMP006367,A006367,U0545,SELL,2026-05-25,1,0,120,0.3,Textbook,GENERAL_REUSE
IMP006368,A006368,U0485,SWAP,2026-01-04,1,0,1292,0.63,Presentation Clicker,GENERAL_REUSE
IMP006369,A006369,U0458,BORROW,2026-03-15,0,2,0,0.0,USB Flash Drive,GENERAL_REUSE
IMP006370,A006370,U0470,BORROW,2026-06-13,1,7,603,0.67,Bluetooth Keyboard,GENERAL_REUSE
IMP006371,A006371,U0735,GIVEAWAY,2026-01-22,1,0,1944,0.72,Headphones,GENERAL_REUSE
IMP006372,A006372,U0370,BORROW,2026-04-18,1,3,1482,0.76,Scientific Calculator,GENERAL_REUSE
IMP006373,A006373,U0160,GIVEAWAY,2025-12-25,1,0,842,0.51,Drawing Board,GENERAL_REUSE
IMP006374,A006374,U0797,BORROW,2025-09-26,0,5,0,0.0,College Backpack,GENERAL_REUSE
IMP006375,A006375,U0913,BORROW,2025-09-06,1,5,280,0.33,Desk Lamp,GENERAL_REUSE
IMP006376,A006376,U0102,BORROW,2026-06-30,1,21,1040,0.4,Soldering Iron Kit,GENERAL_REUSE
IMP006377,A006377,U0273,BORROW,2025-09-29,1,14,812,0.56,Desk Lamp,GENERAL_REUSE
IMP006378,A006378,U0806,BORROW,2025-11-16,1,2,612,0.68,Lab Coat,GENERAL_REUSE
IMP006379,A006379,U0832,GIVEAWAY,2026-05-05,1,0,2370,0.79,College Backpack,GENERAL_REUSE
IMP006380,A006380,U0697,BORROW,2026-07-11,1,3,1387,0.73,Arduino Kit,GENERAL_REUSE
IMP006381,A006381,U0718,SELL,2026-02-16,1,0,52,0.35,Graph Paper Pack,GENERAL_REUSE
IMP006382,A006382,U0995,BORROW,2026-07-05,1,3,225,0.75,Textbook,GENERAL_REUSE
IMP006383,A006383,U0039,BORROW,2026-02-08,1,10,1015,0.7,Screwdriver Set,GENERAL_REUSE
IMP006384,A006384,U0638,BORROW,2025-12-07,1,7,783,0.58,Screwdriver Set,GENERAL_REUSE
IMP006385,A006385,U0138,SWAP,2026-03-11,1,0,196,0.49,Desk Lamp,GENERAL_REUSE
IMP006386,A006386,U0033,GIVEAWAY,2025-11-07,1,0,460,0.4,Mechanical Drawing Set,GENERAL_REUSE
IMP006387,A006387,U0313,BORROW,2026-05-18,1,5,315,0.9,Lab Coat,GENERAL_REUSE
IMP006388,A006388,U0035,BORROW,2026-06-15,1,10,2881,0.67,Vernier Caliper,GENERAL_REUSE
IMP006389,A006389,U0098,GIVEAWAY,2026-06-28,1,0,399,0.42,Desk Lamp,GENERAL_REUSE
IMP006390,A006390,U0185,SWAP,2026-02-26,1,0,224,0.56,Desk Lamp,GENERAL_REUSE
IMP006391,A006391,U0312,BORROW,2026-04-02,0,10,0,0.0,Arduino Kit,GENERAL_REUSE
IMP006392,A006392,U0335,BORROW,2026-02-25,1,7,640,0.61,Desk Lamp,GENERAL_REUSE
IMP006393,A006393,U0989,BORROW,2025-12-16,1,21,1804,0.82,Arduino Kit,GENERAL_REUSE
IMP006394,A006394,U0075,GIVEAWAY,2025-09-05,1,0,572,0.44,Screwdriver Set,GENERAL_REUSE
IMP006395,A006395,U0016,GIVEAWAY,2026-03-09,1,0,2691,0.78,Bluetooth Keyboard,GENERAL_REUSE
IMP006396,A006396,U0082,BORROW,2025-12-20,1,7,746,0.71,Calculator,EDUCATIONAL
IMP006397,A006397,U0071,GIVEAWAY,2025-12-12,1,0,975,0.75,Soldering Iron Kit,GENERAL_REUSE
IMP006398,A006398,U0567,BORROW,2026-02-10,1,10,346,0.63,Drawing Board,GENERAL_REUSE
IMP006399,A006399,U0894,SELL,2026-01-24,1,0,903,0.43,Bluetooth Keyboard,GENERAL_REUSE
IMP006400,A006400,U0916,BORROW,2026-07-04,1,14,71,0.71,Graph Paper Pack,GENERAL_REUSE
IMP006401,A006401,U0915,BORROW,2026-06-11,1,10,429,0.26,Screwdriver Set,GENERAL_REUSE
IMP006402,A006402,U0945,GIVEAWAY,2026-05-10,1,0,1659,0.79,Digital Multimeter,GENERAL_REUSE
IMP006403,A006403,U0473,SWAP,2026-03-28,1,0,126,0.63,Safety Goggles,GENERAL_REUSE
IMP006404,A006404,U0980,GIVEAWAY,2025-11-28,1,0,528,0.48,Engineering Drawing Kit,GENERAL_REUSE
IMP006405,A006405,U0579,BORROW,2026-03-22,1,2,396,0.72,Safety Goggles,GENERAL_REUSE
IMP006406,A006406,U0938,GIVEAWAY,2026-03-21,1,0,88,0.44,HDMI Cable,GENERAL_REUSE
IMP006407,A006407,U0008,GIVEAWAY,2026-03-20,1,0,155,0.62,Ethernet Cable,GENERAL_REUSE
IMP006408,A006408,U0449,BORROW,2026-04-23,1,7,483,0.46,USB Flash Drive,GENERAL_REUSE
IMP006409,A006409,U0980,BORROW,2026-01-10,1,2,1232,0.77,Drawing Board,GENERAL_REUSE
IMP006410,A006410,U0673,GIVEAWAY,2026-06-14,1,0,200,0.4,Drawing Board,GENERAL_REUSE
IMP006411,A006411,U0375,BORROW,2026-01-14,1,3,1725,0.69,College Backpack,GENERAL_REUSE
IMP006412,A006412,U0142,BORROW,2025-10-20,0,5,0,0.0,Presentation Clicker,GENERAL_REUSE
IMP006413,A006413,U0448,BORROW,2026-05-08,1,7,320,0.8,Lab Coat,GENERAL_REUSE
IMP006414,A006414,U0411,BORROW,2026-07-06,1,3,292,0.39,Breadboard Kit,GENERAL_REUSE
IMP006415,A006415,U0931,SWAP,2026-01-14,1,0,38,0.38,Graph Paper Pack,GENERAL_REUSE
IMP006416,A006416,U0447,BORROW,2025-10-07,1,5,352,0.88,Ethernet Cable,GENERAL_REUSE
IMP006417,A006417,U0093,BORROW,2025-11-08,1,2,140,0.2,Desk Lamp,GENERAL_REUSE
IMP006418,A006418,U0011,SELL,2026-06-29,1,0,256,0.32,Python Programming Book,GENERAL_REUSE
IMP006419,A006419,U0797,BORROW,2025-11-15,1,5,238,0.28,USB Flash Drive,GENERAL_REUSE
IMP006420,A006420,U0624,SWAP,2026-02-18,1,0,627,0.38,Drawing Board,GENERAL_REUSE
IMP006421,A006421,U0813,SELL,2025-12-23,1,0,462,0.44,Presentation Clicker,GENERAL_REUSE
IMP006422,A006422,U0528,BORROW,2026-04-20,1,21,3219,0.87,Webcam,GENERAL_REUSE
IMP006423,A006423,U0766,GIVEAWAY,2026-06-25,1,0,1551,0.66,Headphones,GENERAL_REUSE
IMP006424,A006424,U0070,SWAP,2026-01-09,1,0,630,0.45,Arduino Kit,GENERAL_REUSE
IMP006425,A006425,U0273,BORROW,2025-09-20,1,5,61,0.61,Graph Paper Pack,GENERAL_REUSE
IMP006426,A006426,U0603,SELL,2026-07-03,1,0,462,0.21,USB-C Charger,GENERAL_REUSE
IMP006427,A006427,U0589,SELL,2026-02-26,1,0,374,0.22,Tripod,GENERAL_REUSE
IMP006428,A006428,U0861,BORROW,2026-07-01,1,21,636,0.67,Python Programming Book,GENERAL_REUSE
IMP006429,A006429,U0584,BORROW,2026-04-06,1,10,1314,0.73,Tripod,GENERAL_REUSE
IMP006430,A006430,U0369,BORROW,2025-10-10,1,2,1068,0.61,Bluetooth Keyboard,GENERAL_REUSE
IMP006431,A006431,U0098,BORROW,2026-01-11,0,21,0,0.0,Graph Paper Pack,GENERAL_REUSE
IMP006432,A006432,U0911,BORROW,2025-12-23,1,5,120,0.24,Drawing Board,GENERAL_REUSE
IMP006433,A006433,U0064,GIVEAWAY,2026-06-03,1,0,1072,0.65,Screwdriver Set,GENERAL_REUSE
IMP006434,A006434,U0742,GIVEAWAY,2025-11-11,1,0,2173,0.82,Webcam,GENERAL_REUSE
IMP006435,A006435,U0187,BORROW,2026-04-12,1,7,388,0.21,Headphones,GENERAL_REUSE
IMP006436,A006436,U0646,GIVEAWAY,2025-11-16,1,0,72,0.48,Graph Paper Pack,GENERAL_REUSE
IMP006437,A006437,U0051,SWAP,2026-05-15,1,0,290,0.58,Mechanical Drawing Set,GENERAL_REUSE
IMP006438,A006438,U0676,SWAP,2026-03-27,1,0,462,0.28,Presentation Clicker,GENERAL_REUSE
IMP006439,A006439,U0061,BORROW,2026-06-26,1,14,828,0.36,Arduino Kit,GENERAL_REUSE
IMP006440,A006440,U0184,SWAP,2025-12-11,1,0,59,0.59,Graph Paper Pack,GENERAL_REUSE
IMP006441,A006441,U0079,SWAP,2025-12-29,1,0,640,0.4,Engineering Drawing Kit,GENERAL_REUSE
IMP006442,A006442,U0792,BORROW,2026-05-16,1,7,183,0.61,HDMI Cable,GENERAL_REUSE
IMP006443,A006443,U0621,SWAP,2026-06-13,1,0,612,0.34,Tripod,GENERAL_REUSE
IMP006444,A006444,U0011,SELL,2026-02-11,1,0,325,0.5,Extension Board,GENERAL_REUSE
IMP006445,A006445,U0673,BORROW,2026-01-03,1,5,914,0.87,USB-C Charger,GENERAL_REUSE
IMP006446,A006446,U0559,BORROW,2025-10-31,1,3,122,0.27,USB Flash Drive,GENERAL_REUSE
IMP006447,A006447,U0772,BORROW,2026-03-28,1,3,200,0.8,HDMI Cable,GENERAL_REUSE
IMP006448,A006448,U0466,GIVEAWAY,2025-11-17,1,0,662,0.49,Scientific Calculator,GENERAL_REUSE
IMP006449,A006449,U0567,BORROW,2025-12-24,1,5,612,0.34,Headphones,GENERAL_REUSE
IMP006450,A006450,U0509,SWAP,2025-12-28,1,0,132,0.44,Textbook,GENERAL_REUSE
IMP006451,A006451,U0215,BORROW,2025-11-13,1,5,138,0.23,College Backpack,GENERAL_REUSE
IMP006452,A006452,U0076,BORROW,2026-05-07,1,5,884,0.61,Digital Multimeter,GENERAL_REUSE
IMP006453,A006453,U0993,SWAP,2026-02-26,1,0,2035,0.37,External Hard Drive,GENERAL_REUSE
IMP006454,A006454,U0496,GIVEAWAY,2025-12-12,1,0,507,0.35,Power Bank,GENERAL_REUSE
IMP006455,A006455,U0019,BORROW,2025-10-09,1,21,272,0.32,Presentation Clicker,GENERAL_REUSE
IMP006456,A006456,U0807,BORROW,2026-06-30,1,5,215,0.43,Lab Coat,GENERAL_REUSE
IMP006457,A006457,U0231,SWAP,2025-12-31,0,0,0,0.0,USB-C Charger,GENERAL_REUSE
IMP006458,A006458,U0653,GIVEAWAY,2026-06-12,1,0,338,0.75,USB Flash Drive,GENERAL_REUSE
IMP006459,A006459,U0010,BORROW,2026-06-23,1,3,138,0.25,Lab Coat,GENERAL_REUSE
IMP006460,A006460,U0777,BORROW,2026-05-01,1,21,258,0.43,HDMI Cable,GENERAL_REUSE
IMP006461,A006461,U0067,SWAP,2026-06-12,1,0,806,0.62,Scientific Calculator,GENERAL_REUSE
IMP006462,A006462,U0565,BORROW,2025-11-07,1,3,225,0.3,Lab Coat,GENERAL_REUSE
IMP006463,A006463,U0601,SWAP,2026-06-02,1,0,1071,0.42,Arduino Kit,GENERAL_REUSE
IMP006464,A006464,U0136,BORROW,2026-03-29,1,3,168,0.42,Extension Board,GENERAL_REUSE
IMP006465,A006465,U0970,BORROW,2026-06-22,1,10,420,0.42,Textbook,GENERAL_REUSE
IMP006466,A006466,U0714,BORROW,2026-07-24,1,21,1120,0.64,Desk Lamp,GENERAL_REUSE
IMP006467,A006467,U0925,BORROW,2026-05-09,1,5,4046,0.87,External Hard Drive,GENERAL_REUSE
IMP006468,A006468,U0604,SWAP,2025-12-23,1,0,427,0.61,Mechanical Drawing Set,GENERAL_REUSE
IMP006469,A006469,U0939,SWAP,2025-11-04,1,0,57,0.38,Graph Paper Pack,GENERAL_REUSE
IMP006470,A006470,U0914,SWAP,2026-02-16,1,0,976,0.63,Power Bank,GENERAL_REUSE
IMP006471,A006471,U0230,SWAP,2025-11-19,1,0,1617,0.49,Webcam,GENERAL_REUSE
IMP006472,A006472,U0063,SWAP,2025-11-19,1,0,1550,0.62,College Backpack,GENERAL_REUSE
IMP006473,A006473,U0021,BORROW,2025-09-27,1,3,165,0.22,Mechanical Drawing Set,GENERAL_REUSE
IMP006474,A006474,U0543,BORROW,2026-03-26,1,10,720,0.24,Vernier Caliper,GENERAL_REUSE
IMP006475,A006475,U0720,SWAP,2026-07-21,1,0,162,0.65,HDMI Cable,GENERAL_REUSE
IMP006476,A006476,U0659,BORROW,2025-11-20,1,21,1160,0.58,Tripod,GENERAL_REUSE
IMP006477,A006477,U0245,BORROW,2026-03-01,1,14,1166,0.53,Engineering Drawing Kit,GENERAL_REUSE
IMP006478,A006478,U0204,SWAP,2026-01-23,1,0,1802,0.53,Bluetooth Keyboard,GENERAL_REUSE
IMP006479,A006479,U0456,SWAP,2025-11-14,1,0,2135,0.61,Vernier Caliper,GENERAL_REUSE
IMP006480,A006480,U0223,SWAP,2026-04-07,1,0,2813,0.58,External Hard Drive,GENERAL_REUSE
IMP006481,A006481,U0277,GIVEAWAY,2026-02-20,0,0,0,0.0,College Backpack,GENERAL_REUSE
IMP006482,A006482,U0724,BORROW,2026-05-13,1,2,237,0.79,Ethernet Cable,GENERAL_REUSE
IMP006483,A006483,U0472,SWAP,2025-12-10,1,0,102,0.51,Graph Paper Pack,GENERAL_REUSE
IMP006484,A006484,U0087,GIVEAWAY,2025-09-12,1,0,775,0.62,Screwdriver Set,GENERAL_REUSE
IMP006485,A006485,U0806,SWAP,2026-04-23,0,0,0,0.0,Digital Multimeter,GENERAL_REUSE
IMP006486,A006486,U0723,BORROW,2025-12-12,1,21,885,0.59,USB-C Charger,GENERAL_REUSE
IMP006487,A006487,U0416,BORROW,2026-06-22,1,14,1456,0.71,Mechanical Drawing Set,GENERAL_REUSE
IMP006488,A006488,U0198,BORROW,2026-04-22,1,10,422,0.65,USB-C Charger,GENERAL_REUSE
IMP006489,A006489,U0529,BORROW,2026-01-01,1,21,1226,0.57,Mechanical Drawing Set,GENERAL_REUSE
IMP006490,A006490,U0725,SELL,2026-05-20,1,0,1350,0.27,Vernier Caliper,GENERAL_REUSE
IMP006491,A006491,U0792,BORROW,2026-04-04,1,21,2409,0.73,Headphones,GENERAL_REUSE
IMP006492,A006492,U0767,SWAP,2026-04-25,1,0,216,0.48,Desk Lamp,GENERAL_REUSE
IMP006493,A006493,U0492,SELL,2026-06-13,0,0,0,0.0,Arduino Kit,GENERAL_REUSE
IMP006494,A006494,U0682,BORROW,2026-01-16,1,14,1260,0.72,Screwdriver Set,GENERAL_REUSE
IMP006495,A006495,U0077,BORROW,2026-04-07,1,2,260,0.4,Desk Lamp,GENERAL_REUSE
IMP006496,A006496,U0603,BORROW,2026-04-20,1,5,702,0.52,Digital Multimeter,GENERAL_REUSE
IMP006497,A006497,U0200,BORROW,2026-02-23,0,5,0,0.0,Vernier Caliper,GENERAL_REUSE
IMP006498,A006498,U0470,BORROW,2026-01-11,1,2,1166,0.63,Digital Multimeter,GENERAL_REUSE
IMP006499,A006499,U0832,SWAP,2025-11-19,1,0,542,0.35,Drawing Board,GENERAL_REUSE
IMP006500,A006500,U0970,BORROW,2025-12-17,0,21,0,0.0,Power Bank,GENERAL_REUSE
IMP006501,A006501,U0408,BORROW,2025-12-09,1,21,564,0.49,Mechanical Drawing Set,GENERAL_REUSE
IMP006502,A006502,U0053,GIVEAWAY,2026-07-19,1,0,3196,0.68,Vernier Caliper,GENERAL_REUSE
IMP006503,A006503,U0037,BORROW,2025-11-16,1,7,556,0.53,Extension Board,GENERAL_REUSE
IMP006504,A006504,U0689,SWAP,2025-11-18,1,0,408,0.51,USB Flash Drive,GENERAL_REUSE
IMP006505,A006505,U0290,SWAP,2026-07-28,1,0,254,0.39,Scientific Calculator,GENERAL_REUSE
IMP006506,A006506,U0329,SWAP,2025-11-06,1,0,2132,0.49,Vernier Caliper,GENERAL_REUSE
IMP006507,A006507,U0094,GIVEAWAY,2026-02-25,1,0,212,0.53,Breadboard Kit,GENERAL_REUSE
IMP006508,A006508,U0796,BORROW,2025-10-31,1,21,410,0.39,Power Bank,GENERAL_REUSE
IMP006509,A006509,U0845,GIVEAWAY,2026-04-20,1,0,808,0.49,Soldering Iron Kit,GENERAL_REUSE
IMP006510,A006510,U0658,SELL,2025-09-22,1,0,475,0.5,Digital Multimeter,GENERAL_REUSE
IMP006511,A006511,U0151,GIVEAWAY,2025-10-23,1,0,1950,0.78,Webcam,GENERAL_REUSE
IMP006512,A006512,U0196,GIVEAWAY,2026-05-18,1,0,360,0.8,USB Flash Drive,GENERAL_REUSE
IMP006513,A006513,U0019,SWAP,2026-02-17,1,0,702,0.39,Soldering Iron Kit,GENERAL_REUSE
IMP006514,A006514,U0616,BORROW,2025-12-08,1,10,1452,0.83,Drawing Board,GENERAL_REUSE
IMP006515,A006515,U0987,BORROW,2025-12-16,1,21,32,0.32,Graph Paper Pack,GENERAL_REUSE
IMP006516,A006516,U0567,BORROW,2025-11-28,0,5,0,0.0,College Backpack,GENERAL_REUSE
IMP006517,A006517,U0082,BORROW,2026-04-02,1,14,640,0.61,Presentation Clicker,GENERAL_REUSE
IMP006518,A006518,U0989,BORROW,2026-04-19,1,5,592,0.32,Soldering Iron Kit,GENERAL_REUSE
IMP006519,A006519,U0593,SELL,2025-10-16,1,0,1075,0.5,Digital Multimeter,GENERAL_REUSE
IMP006520,A006520,U0521,BORROW,2025-12-03,1,3,520,0.52,Mechanical Drawing Set,GENERAL_REUSE
IMP006521,A006521,U0961,SWAP,2026-03-10,1,0,1728,0.54,Bluetooth Keyboard,GENERAL_REUSE
IMP006522,A006522,U0468,BORROW,2025-11-24,1,21,782,0.46,Digital Multimeter,GENERAL_REUSE
IMP006523,A006523,U0963,SWAP,2026-06-19,1,0,148,0.27,USB-C Charger,GENERAL_REUSE
IMP006524,A006524,U0593,BORROW,2025-12-30,1,3,61,0.41,Graph Paper Pack,GENERAL_REUSE
IMP006525,A006525,U0917,BORROW,2026-07-01,1,7,448,0.69,Breadboard Kit,GENERAL_REUSE
IMP006526,A006526,U0851,BORROW,2025-12-20,1,21,150,0.2,Digital Multimeter,GENERAL_REUSE
IMP006527,A006527,U0491,SELL,2025-10-12,1,0,583,0.53,Screwdriver Set,GENERAL_REUSE
IMP006528,A006528,U0257,BORROW,2026-02-06,1,21,2088,0.58,External Hard Drive,GENERAL_REUSE
IMP006529,A006529,U0825,SWAP,2025-12-03,1,0,189,0.54,Ethernet Cable,GENERAL_REUSE
IMP006530,A006530,U0315,SWAP,2025-11-19,1,0,285,0.57,Calculator,EDUCATIONAL
IMP006531,A006531,U0484,SELL,2026-04-29,1,0,390,0.52,Mechanical Drawing Set,GENERAL_REUSE
IMP006532,A006532,U0732,SWAP,2025-11-04,1,0,1276,0.37,Vernier Caliper,GENERAL_REUSE
IMP006533,A006533,U0393,GIVEAWAY,2026-04-16,1,0,61,0.41,Safety Goggles,GENERAL_REUSE
IMP006534,A006534,U0646,BORROW,2026-07-18,1,5,1146,0.79,Mechanical Drawing Set,GENERAL_REUSE
IMP006535,A006535,U0267,GIVEAWAY,2026-06-15,1,0,2828,0.65,External Hard Drive,GENERAL_REUSE
IMP006536,A006536,U0270,SWAP,2025-11-21,1,0,560,0.56,Python Programming Book,GENERAL_REUSE
IMP006537,A006537,U0642,BORROW,2025-12-12,1,21,375,0.25,Arduino Kit,GENERAL_REUSE
IMP006538,A006538,U0926,BORROW,2026-07-10,1,7,66,0.44,Breadboard Kit,GENERAL_REUSE
IMP006539,A006539,U0644,BORROW,2026-04-11,1,14,288,0.36,Lab Coat,GENERAL_REUSE
IMP006540,A006540,U0933,BORROW,2025-12-14,1,7,308,0.77,Ethernet Cable,GENERAL_REUSE
IMP006541,A006541,U0480,SWAP,2026-01-11,1,0,130,0.52,HDMI Cable,GENERAL_REUSE
IMP006542,A006542,U0361,BORROW,2025-12-21,1,3,399,0.21,Engineering Drawing Kit,GENERAL_REUSE
IMP006543,A006543,U0580,BORROW,2026-02-19,1,5,618,0.65,Extension Board,GENERAL_REUSE
IMP006544,A006544,U0519,SWAP,2026-03-01,1,0,325,0.26,Digital Multimeter,GENERAL_REUSE
IMP006545,A006545,U0046,BORROW,2025-11-20,1,10,1304,0.79,Bluetooth Keyboard,GENERAL_REUSE
IMP006546,A006546,U0907,BORROW,2026-03-08,1,2,608,0.76,Extension Board,GENERAL_REUSE
IMP006547,A006547,U0321,BORROW,2025-11-03,1,21,480,0.48,Scientific Calculator,GENERAL_REUSE
IMP006548,A006548,U0871,GIVEAWAY,2025-10-29,1,0,338,0.52,Breadboard Kit,GENERAL_REUSE
IMP006549,A006549,U0011,BORROW,2025-11-25,1,2,290,0.83,Ethernet Cable,GENERAL_REUSE
IMP006550,A006550,U0443,SWAP,2025-12-19,1,0,174,0.58,Safety Goggles,GENERAL_REUSE
IMP006551,A006551,U0337,SELL,2025-10-31,1,0,156,0.39,Desk Lamp,GENERAL_REUSE
IMP006552,A006552,U0144,BORROW,2026-04-16,1,14,242,0.21,Engineering Drawing Kit,GENERAL_REUSE
IMP006553,A006553,U0948,BORROW,2026-01-01,1,10,555,0.74,Tripod,GENERAL_REUSE
IMP006554,A006554,U0604,SWAP,2026-01-17,1,0,864,0.36,Arduino Kit,GENERAL_REUSE
IMP006555,A006555,U0468,BORROW,2025-09-04,1,3,962,0.77,Drawing Board,GENERAL_REUSE
IMP006556,A006556,U0850,BORROW,2025-11-23,1,3,1104,0.69,College Backpack,GENERAL_REUSE
IMP006557,A006557,U0085,SWAP,2025-10-07,1,0,234,0.52,USB Flash Drive,GENERAL_REUSE
IMP006558,A006558,U0999,BORROW,2026-02-10,0,10,0,0.0,Desk Lamp,GENERAL_REUSE
IMP006559,A006559,U0112,BORROW,2026-01-23,1,2,284,0.71,Calculator,EDUCATIONAL
IMP006560,A006560,U0031,SWAP,2026-02-22,1,0,1440,0.6,Arduino Kit,GENERAL_REUSE
IMP006561,A006561,U0086,BORROW,2025-09-06,1,10,936,0.24,Vernier Caliper,GENERAL_REUSE
IMP006562,A006562,U0327,BORROW,2026-07-11,1,2,1038,0.83,Screwdriver Set,GENERAL_REUSE
IMP006563,A006563,U0085,GIVEAWAY,2026-06-26,1,0,576,0.48,Presentation Clicker,GENERAL_REUSE
IMP006564,A006564,U0788,BORROW,2026-01-04,1,3,208,0.52,Breadboard Kit,GENERAL_REUSE
IMP006565,A006565,U0557,GIVEAWAY,2026-04-09,1,0,2618,0.77,External Hard Drive,GENERAL_REUSE
IMP006566,A006566,U0023,SELL,2026-06-21,1,0,380,0.4,Scientific Calculator,GENERAL_REUSE
IMP006567,A006567,U0117,BORROW,2026-07-19,1,14,47,0.47,Graph Paper Pack,GENERAL_REUSE
IMP006568,A006568,U0635,BORROW,2026-07-19,1,10,405,0.3,Desk Lamp,GENERAL_REUSE
IMP006569,A006569,U0895,GIVEAWAY,2026-01-12,1,0,168,0.56,USB Flash Drive,GENERAL_REUSE
IMP006570,A006570,U0687,BORROW,2026-07-06,1,5,472,0.45,Textbook,GENERAL_REUSE
IMP006571,A006571,U0586,SWAP,2026-07-27,1,0,352,0.64,Mechanical Drawing Set,GENERAL_REUSE
IMP006572,A006572,U0309,SWAP,2026-04-06,1,0,910,0.52,USB-C Charger,GENERAL_REUSE
IMP006573,A006573,U0905,GIVEAWAY,2026-04-25,0,0,0,0.0,Safety Goggles,GENERAL_REUSE
IMP006574,A006574,U0242,BORROW,2025-11-19,0,7,0,0.0,Python Programming Book,GENERAL_REUSE
IMP006575,A006575,U0404,SWAP,2025-10-11,1,0,594,0.27,Soldering Iron Kit,GENERAL_REUSE
IMP006576,A006576,U0757,SELL,2026-03-31,1,0,610,0.37,Presentation Clicker,GENERAL_REUSE
IMP006577,A006577,U0018,BORROW,2026-07-16,1,7,1054,0.43,USB-C Charger,GENERAL_REUSE
IMP006578,A006578,U0210,BORROW,2025-12-16,1,21,218,0.23,Digital Multimeter,GENERAL_REUSE
IMP006579,A006579,U0563,SWAP,2025-11-01,1,0,427,0.57,Lab Coat,GENERAL_REUSE
IMP006580,A006580,U0292,BORROW,2026-04-13,1,7,522,0.29,Engineering Drawing Kit,GENERAL_REUSE
IMP006581,A006581,U0946,BORROW,2026-05-17,1,10,1116,0.62,Mechanical Drawing Set,GENERAL_REUSE
IMP006582,A006582,U0854,BORROW,2026-03-19,1,21,150,0.3,Extension Board,GENERAL_REUSE
IMP006583,A006583,U0839,BORROW,2026-07-26,1,21,161,0.46,Desk Lamp,GENERAL_REUSE
IMP006584,A006584,U0948,BORROW,2026-07-08,1,21,324,0.72,Ethernet Cable,GENERAL_REUSE
IMP006585,A006585,U0413,SWAP,2026-01-04,1,0,567,0.27,Tripod,GENERAL_REUSE
IMP006586,A006586,U0016,BORROW,2026-07-20,1,5,1869,0.89,Arduino Kit,GENERAL_REUSE
IMP006587,A006587,U0232,BORROW,2025-11-02,1,21,230,0.46,Extension Board,GENERAL_REUSE
IMP006588,A006588,U0776,SWAP,2025-09-18,1,0,682,0.35,Digital Multimeter,GENERAL_REUSE
IMP006589,A006589,U0886,BORROW,2025-09-14,1,10,1386,0.47,Arduino Kit,GENERAL_REUSE
IMP006590,A006590,U0310,SWAP,2025-09-24,1,0,228,0.38,Presentation Clicker,GENERAL_REUSE
IMP006591,A006591,U0629,BORROW,2026-05-31,1,10,743,0.55,Engineering Drawing Kit,GENERAL_REUSE
IMP006592,A006592,U0691,BORROW,2026-05-23,1,10,98,0.49,Breadboard Kit,GENERAL_REUSE
IMP006593,A006593,U0808,BORROW,2026-06-28,1,2,693,0.63,USB Flash Drive,GENERAL_REUSE
IMP006594,A006594,U0925,BORROW,2025-12-06,1,14,703,0.37,Mechanical Drawing Set,GENERAL_REUSE
IMP006595,A006595,U0142,GIVEAWAY,2026-06-18,1,0,324,0.81,Lab Coat,GENERAL_REUSE
IMP006596,A006596,U0112,BORROW,2025-09-28,1,14,346,0.33,Scientific Calculator,GENERAL_REUSE
IMP006597,A006597,U0089,GIVEAWAY,2026-02-03,1,0,882,0.49,Presentation Clicker,GENERAL_REUSE
IMP006598,A006598,U0906,BORROW,2025-10-01,1,7,2967,0.86,Headphones,GENERAL_REUSE
IMP006599,A006599,U0236,BORROW,2026-03-22,1,21,646,0.38,Webcam,GENERAL_REUSE
IMP006600,A006600,U0022,SWAP,2026-03-23,1,0,156,0.26,Safety Goggles,GENERAL_REUSE
IMP006601,A006601,U0654,SWAP,2026-05-05,1,0,1736,0.31,External Hard Drive,GENERAL_REUSE
IMP006602,A006602,U0918,BORROW,2025-09-04,1,5,715,0.65,Extension Board,GENERAL_REUSE
IMP006603,A006603,U0484,BORROW,2026-06-21,1,3,830,0.83,USB Flash Drive,GENERAL_REUSE
IMP006604,A006604,U0296,BORROW,2025-10-30,1,5,248,0.33,HDMI Cable,GENERAL_REUSE
IMP006605,A006605,U0510,SWAP,2026-01-04,1,0,150,0.43,Safety Goggles,GENERAL_REUSE
IMP006606,A006606,U0889,BORROW,2026-07-08,1,10,497,0.71,Lab Coat,GENERAL_REUSE
IMP006607,A006607,U0229,GIVEAWAY,2026-06-25,1,0,162,0.36,Breadboard Kit,GENERAL_REUSE
IMP006608,A006608,U0247,BORROW,2026-05-09,1,14,1333,0.62,Presentation Clicker,GENERAL_REUSE
IMP006609,A006609,U0645,BORROW,2026-06-12,1,21,516,0.24,Tripod,GENERAL_REUSE
IMP006610,A006610,U0404,SELL,2025-09-17,1,0,688,0.25,Vernier Caliper,GENERAL_REUSE
IMP006611,A006611,U0525,SWAP,2026-03-27,1,0,70,0.28,Ethernet Cable,GENERAL_REUSE
IMP006612,A006612,U0693,BORROW,2026-01-16,1,3,294,0.49,Presentation Clicker,GENERAL_REUSE
IMP006613,A006613,U0269,BORROW,2025-09-15,1,3,1750,0.7,Arduino Kit,GENERAL_REUSE
IMP006614,A006614,U0886,SELL,2025-12-24,1,0,195,0.26,Engineering Drawing Kit,GENERAL_REUSE
IMP006615,A006615,U0837,SWAP,2025-10-10,1,0,944,0.32,College Backpack,GENERAL_REUSE
IMP006616,A006616,U0520,BORROW,2026-03-25,1,21,141,0.47,HDMI Cable,GENERAL_REUSE
IMP006617,A006617,U0975,GIVEAWAY,2026-05-18,1,0,210,0.35,Breadboard Kit,GENERAL_REUSE
IMP006618,A006618,U0385,BORROW,2025-10-24,1,3,1688,0.75,Arduino Kit,GENERAL_REUSE
IMP006619,A006619,U0609,BORROW,2026-07-22,1,21,3204,0.72,External Hard Drive,GENERAL_REUSE
IMP006620,A006620,U0128,BORROW,2026-01-12,1,5,649,0.22,College Backpack,GENERAL_REUSE
IMP006621,A006621,U0451,SWAP,2026-07-17,1,0,1606,0.51,Headphones,GENERAL_REUSE
IMP006622,A006622,U0853,BORROW,2026-07-02,1,7,320,0.64,HDMI Cable,GENERAL_REUSE
IMP006623,A006623,U0310,BORROW,2026-02-19,1,10,1474,0.44,Headphones,GENERAL_REUSE
IMP006624,A006624,U0714,SELL,2026-03-30,0,0,0,0.0,Vernier Caliper,GENERAL_REUSE
IMP006625,A006625,U0484,SELL,2026-04-27,1,0,512,0.31,Calculator,EDUCATIONAL
IMP006626,A006626,U0951,GIVEAWAY,2026-02-15,1,0,1132,0.73,Bluetooth Keyboard,GENERAL_REUSE
IMP006627,A006627,U0189,BORROW,2026-07-05,1,7,90,0.36,Ethernet Cable,GENERAL_REUSE
IMP006628,A006628,U0845,BORROW,2025-09-21,0,10,0,0.0,HDMI Cable,GENERAL_REUSE
IMP006629,A006629,U0352,SWAP,2026-06-17,1,0,540,0.3,Engineering Drawing Kit,GENERAL_REUSE
IMP006630,A006630,U0166,GIVEAWAY,2026-03-24,1,0,72,0.48,Graph Paper Pack,GENERAL_REUSE
IMP006631,A006631,U0421,SELL,2026-01-29,1,0,202,0.31,Arduino Kit,GENERAL_REUSE
IMP006632,A006632,U0767,BORROW,2025-11-03,1,14,1062,0.59,Power Bank,GENERAL_REUSE
IMP006633,A006633,U0356,SWAP,2025-12-28,1,0,720,0.45,Digital Multimeter,GENERAL_REUSE
IMP006634,A006634,U0430,BORROW,2026-02-23,1,5,121,0.22,Ethernet Cable,GENERAL_REUSE
IMP006635,A006635,U0709,BORROW,2025-12-26,1,5,61,0.41,Safety Goggles,GENERAL_REUSE
IMP006636,A006636,U0647,BORROW,2026-01-11,1,2,620,0.62,Tripod,GENERAL_REUSE
IMP006637,A006637,U0969,BORROW,2026-05-28,1,7,756,0.63,Drawing Board,GENERAL_REUSE
IMP006638,A006638,U0716,BORROW,2026-06-19,1,3,252,0.84,Calculator,EDUCATIONAL
IMP006639,A006639,U0781,BORROW,2025-10-12,1,5,686,0.49,Bluetooth Keyboard,GENERAL_REUSE
IMP006640,A006640,U0066,SWAP,2026-07-25,1,0,210,0.3,Power Bank,GENERAL_REUSE
IMP006641,A006641,U0123,SELL,2026-07-12,1,0,1113,0.53,Vernier Caliper,GENERAL_REUSE
IMP006642,A006642,U0909,SELL,2026-02-13,1,0,98,0.39,Safety Goggles,GENERAL_REUSE
IMP006643,A006643,U0963,SWAP,2025-11-22,1,0,130,0.37,Safety Goggles,GENERAL_REUSE
IMP006644,A006644,U0676,GIVEAWAY,2026-02-15,0,0,0,0.0,External Hard Drive,GENERAL_REUSE
IMP006645,A006645,U0615,BORROW,2025-11-01,1,14,348,0.58,HDMI Cable,GENERAL_REUSE
IMP006646,A006646,U1000,GIVEAWAY,2025-10-14,1,0,945,0.45,Arduino Kit,GENERAL_REUSE
IMP006647,A006647,U0245,SELL,2026-05-21,1,0,576,0.32,Headphones,GENERAL_REUSE
IMP006648,A006648,U0242,BORROW,2026-07-03,1,5,399,0.57,HDMI Cable,GENERAL_REUSE
IMP006649,A006649,U0151,BORROW,2026-02-14,1,14,546,0.52,USB-C Charger,GENERAL_REUSE
IMP006650,A006650,U0922,BORROW,2026-03-08,1,10,796,0.27,Bluetooth Keyboard,GENERAL_REUSE
IMP006651,A006651,U0109,SWAP,2026-07-24,1,0,656,0.57,Soldering Iron Kit,GENERAL_REUSE
IMP006652,A006652,U0601,SWAP,2026-03-24,1,0,1176,0.49,Vernier Caliper,GENERAL_REUSE
IMP006653,A006653,U0961,SELL,2026-03-18,1,0,516,0.43,Screwdriver Set,GENERAL_REUSE
IMP006654,A006654,U0242,BORROW,2026-03-23,1,3,145,0.29,USB Flash Drive,GENERAL_REUSE
IMP006655,A006655,U0173,BORROW,2026-05-04,1,5,2700,0.9,Headphones,GENERAL_REUSE
IMP006656,A006656,U0752,SWAP,2026-01-16,1,0,954,0.53,Tripod,GENERAL_REUSE
IMP006657,A006657,U0121,GIVEAWAY,2026-01-29,1,0,171,0.38,USB Flash Drive,GENERAL_REUSE
IMP006658,A006658,U0437,GIVEAWAY,2025-12-18,1,0,1018,0.55,USB-C Charger,GENERAL_REUSE
IMP006659,A006659,U0854,SWAP,2025-10-30,1,0,232,0.58,Ethernet Cable,GENERAL_REUSE
IMP006660,A006660,U0009,GIVEAWAY,2025-09-15,1,0,2438,0.65,Webcam,GENERAL_REUSE
IMP006661,A006661,U0653,SWAP,2025-09-20,1,0,399,0.38,Extension Board,GENERAL_REUSE
IMP006662,A006662,U0770,SWAP,2026-01-22,0,0,0,0.0,Scientific Calculator,GENERAL_REUSE
IMP006663,A006663,U0207,SWAP,2026-04-04,0,0,0,0.0,Webcam,GENERAL_REUSE
IMP006664,A006664,U0431,SWAP,2026-01-28,1,0,52,0.52,Graph Paper Pack,GENERAL_REUSE
IMP006665,A006665,U0959,BORROW,2025-10-06,1,5,357,0.42,Bluetooth Keyboard,GENERAL_REUSE
IMP006666,A006666,U0604,GIVEAWAY,2026-01-09,1,0,944,0.37,Bluetooth Keyboard,GENERAL_REUSE
IMP006667,A006667,U0893,BORROW,2025-12-11,1,10,122,0.27,Ethernet Cable,GENERAL_REUSE
IMP006668,A006668,U0684,BORROW,2026-01-26,1,10,1013,0.81,Vernier Caliper,GENERAL_REUSE
IMP006669,A006669,U0934,BORROW,2026-05-26,1,14,1210,0.41,Bluetooth Keyboard,GENERAL_REUSE
IMP006670,A006670,U0146,SWAP,2026-02-04,1,0,160,0.29,HDMI Cable,GENERAL_REUSE
IMP006671,A006671,U0779,SELL,2026-02-20,1,0,913,0.29,Soldering Iron Kit,GENERAL_REUSE
IMP006672,A006672,U0441,SELL,2025-10-25,1,0,238,0.28,Soldering Iron Kit,GENERAL_REUSE
IMP006673,A006673,U0792,SWAP,2026-05-12,1,0,688,0.55,Arduino Kit,GENERAL_REUSE
IMP006674,A006674,U0962,BORROW,2026-05-13,1,7,522,0.36,Drawing Board,GENERAL_REUSE
IMP006675,A006675,U0828,BORROW,2026-07-03,1,21,760,0.39,Vernier Caliper,GENERAL_REUSE
IMP006676,A006676,U0227,SWAP,2026-01-28,1,0,194,0.43,Ethernet Cable,GENERAL_REUSE
IMP006677,A006677,U0004,BORROW,2026-03-06,1,14,912,0.76,Digital Multimeter,GENERAL_REUSE
IMP006678,A006678,U0274,GIVEAWAY,2026-01-27,1,0,390,0.52,HDMI Cable,GENERAL_REUSE
IMP006679,A006679,U0720,BORROW,2025-10-20,1,5,666,0.36,Power Bank,GENERAL_REUSE
IMP006680,A006680,U0498,BORROW,2026-03-20,1,21,532,0.76,Python Programming Book,GENERAL_REUSE
IMP006681,A006681,U0236,SWAP,2026-07-10,1,0,232,0.29,USB Flash Drive,GENERAL_REUSE
IMP006682,A006682,U0150,BORROW,2026-02-19,1,7,332,0.35,Mechanical Drawing Set,GENERAL_REUSE
IMP006683,A006683,U0148,SELL,2026-06-11,1,0,116,0.21,Textbook,GENERAL_REUSE
IMP006684,A006684,U0034,GIVEAWAY,2026-05-04,1,0,724,0.63,Lab Coat,GENERAL_REUSE
IMP006685,A006685,U0339,BORROW,2026-05-12,1,14,292,0.39,Lab Coat,GENERAL_REUSE
IMP006686,A006686,U0006,BORROW,2026-01-05,0,5,0,0.0,Scientific Calculator,GENERAL_REUSE
IMP006687,A006687,U0532,BORROW,2026-01-14,1,3,144,0.48,Screwdriver Set,GENERAL_REUSE
IMP006688,A006688,U0359,BORROW,2025-09-04,1,14,1418,0.63,Soldering Iron Kit,GENERAL_REUSE
IMP006689,A006689,U0087,BORROW,2025-11-01,1,5,2109,0.38,External Hard Drive,GENERAL_REUSE
IMP006690,A006690,U0116,BORROW,2026-01-07,1,21,35,0.7,Graph Paper Pack,GENERAL_REUSE
IMP006691,A006691,U0398,SWAP,2026-01-01,1,0,938,0.28,Arduino Kit,GENERAL_REUSE
IMP006692,A006692,U0362,BORROW,2026-07-20,1,2,232,0.31,Extension Board,GENERAL_REUSE
IMP006693,A006693,U0397,BORROW,2025-10-18,1,2,1035,0.69,Extension Board,GENERAL_REUSE
IMP006694,A006694,U0586,GIVEAWAY,2025-10-03,1,0,284,0.81,Safety Goggles,GENERAL_REUSE
IMP006695,A006695,U0045,GIVEAWAY,2025-10-22,1,0,1407,0.67,Tripod,GENERAL_REUSE
IMP006696,A006696,U0607,BORROW,2025-10-01,0,7,0,0.0,College Backpack,GENERAL_REUSE
IMP006697,A006697,U0553,SWAP,2025-10-15,1,0,1152,0.64,Engineering Drawing Kit,GENERAL_REUSE
IMP006698,A006698,U0706,SWAP,2026-06-07,1,0,208,0.26,Scientific Calculator,GENERAL_REUSE
IMP006699,A006699,U0283,BORROW,2026-03-27,1,7,1272,0.48,Bluetooth Keyboard,GENERAL_REUSE
IMP006700,A006700,U0057,BORROW,2026-07-15,1,5,273,0.21,Mechanical Drawing Set,GENERAL_REUSE
IMP006701,A006701,U0104,BORROW,2026-07-07,1,3,2066,0.81,Bluetooth Keyboard,GENERAL_REUSE
IMP006702,A006702,U0468,GIVEAWAY,2025-10-27,1,0,736,0.46,Extension Board,GENERAL_REUSE
IMP006703,A006703,U0406,GIVEAWAY,2026-06-27,1,0,1360,0.85,Presentation Clicker,GENERAL_REUSE
IMP006704,A006704,U0216,BORROW,2026-01-17,1,21,1230,0.82,College Backpack,GENERAL_REUSE
IMP006705,A006705,U0805,BORROW,2025-09-25,1,21,2691,0.78,Bluetooth Keyboard,GENERAL_REUSE
IMP006706,A006706,U0533,BORROW,2026-02-25,1,10,460,0.4,Scientific Calculator,GENERAL_REUSE
IMP006707,A006707,U0209,GIVEAWAY,2026-02-07,1,0,640,0.4,Scientific Calculator,GENERAL_REUSE
IMP006708,A006708,U0376,GIVEAWAY,2025-11-07,1,0,1088,0.68,College Backpack,GENERAL_REUSE
IMP006709,A006709,U0070,SELL,2026-01-30,1,0,162,0.27,Ethernet Cable,GENERAL_REUSE
IMP006710,A006710,U0424,BORROW,2026-06-03,0,5,0,0.0,Desk Lamp,GENERAL_REUSE
IMP006711,A006711,U0851,BORROW,2026-03-31,1,2,1645,0.7,Engineering Drawing Kit,GENERAL_REUSE
IMP006712,A006712,U0539,GIVEAWAY,2026-02-25,1,0,1833,0.47,Vernier Caliper,GENERAL_REUSE
IMP006713,A006713,U0008,BORROW,2026-02-06,1,7,946,0.44,College Backpack,GENERAL_REUSE
IMP006714,A006714,U0249,BORROW,2026-05-15,1,10,585,0.78,Lab Coat,GENERAL_REUSE
IMP006715,A006715,U0088,SWAP,2026-03-15,1,0,376,0.47,Scientific Calculator,GENERAL_REUSE
IMP006716,A006716,U0892,GIVEAWAY,2026-06-23,1,0,618,0.65,Webcam,GENERAL_REUSE
IMP006717,A006717,U0419,BORROW,2026-01-13,1,21,594,0.27,Headphones,GENERAL_REUSE
IMP006718,A006718,U0773,BORROW,2025-09-21,1,10,742,0.53,Tripod,GENERAL_REUSE
IMP006719,A006719,U0902,SWAP,2026-04-20,1,0,108,0.27,Ethernet Cable,GENERAL_REUSE
IMP006720,A006720,U0299,BORROW,2026-05-20,1,3,1764,0.84,Engineering Drawing Kit,GENERAL_REUSE
IMP006721,A006721,U0863,BORROW,2026-04-29,1,21,1600,0.8,Bluetooth Keyboard,GENERAL_REUSE
IMP006722,A006722,U0614,BORROW,2025-09-15,1,2,814,0.37,Headphones,GENERAL_REUSE
IMP006723,A006723,U0725,BORROW,2026-02-15,1,5,486,0.81,Mechanical Drawing Set,GENERAL_REUSE
IMP006724,A006724,U0350,BORROW,2025-10-08,1,10,4785,0.87,Vernier Caliper,GENERAL_REUSE
IMP006725,A006725,U0917,BORROW,2026-07-11,1,21,330,0.55,Breadboard Kit,GENERAL_REUSE
IMP006726,A006726,U0984,GIVEAWAY,2026-03-24,1,0,468,0.85,Engineering Drawing Kit,GENERAL_REUSE
IMP006727,A006727,U0540,GIVEAWAY,2026-06-18,1,0,70,0.47,Ethernet Cable,GENERAL_REUSE
IMP006728,A006728,U0611,BORROW,2026-01-11,1,14,540,0.27,Power Bank,GENERAL_REUSE
IMP006729,A006729,U0045,SWAP,2025-10-24,1,0,158,0.35,Safety Goggles,GENERAL_REUSE
IMP006730,A006730,U0133,BORROW,2025-12-04,1,5,1125,0.75,Desk Lamp,GENERAL_REUSE
IMP006731,A006731,U0519,BORROW,2026-03-10,1,14,100,0.67,Graph Paper Pack,GENERAL_REUSE
IMP006732,A006732,U0872,BORROW,2025-11-25,1,2,268,0.67,Calculator,EDUCATIONAL
IMP006733,A006733,U0205,GIVEAWAY,2025-10-26,1,0,300,0.75,Ethernet Cable,GENERAL_REUSE
IMP006734,A006734,U0743,BORROW,2026-02-20,1,7,841,0.29,Headphones,GENERAL_REUSE
IMP006735,A006735,U0991,SWAP,2025-09-15,1,0,215,0.43,Extension Board,GENERAL_REUSE
IMP006736,A006736,U0439,BORROW,2025-11-19,0,14,0,0.0,Extension Board,GENERAL_REUSE
IMP006737,A006737,U0721,BORROW,2026-04-01,1,21,1445,0.85,Desk Lamp,GENERAL_REUSE
IMP006738,A006738,U0610,GIVEAWAY,2025-11-03,1,0,4017,0.78,Vernier Caliper,GENERAL_REUSE
IMP006739,A006739,U0960,SELL,2025-12-29,1,0,455,0.26,Mechanical Drawing Set,GENERAL_REUSE
IMP006740,A006740,U0148,BORROW,2025-11-26,1,3,434,0.62,Safety Goggles,GENERAL_REUSE
IMP006741,A006741,U0477,BORROW,2025-09-13,1,2,520,0.52,Screwdriver Set,GENERAL_REUSE
IMP006742,A006742,U0689,SWAP,2026-05-18,1,0,612,0.49,USB-C Charger,GENERAL_REUSE
IMP006743,A006743,U0564,SWAP,2026-02-12,1,0,362,0.29,USB-C Charger,GENERAL_REUSE
IMP006744,A006744,U0891,SELL,2025-12-18,1,0,989,0.46,Mechanical Drawing Set,GENERAL_REUSE
IMP006745,A006745,U0832,GIVEAWAY,2026-04-20,1,0,378,0.54,Calculator,EDUCATIONAL
IMP006746,A006746,U0702,GIVEAWAY,2026-07-08,1,0,520,0.4,Extension Board,GENERAL_REUSE
IMP006747,A006747,U0180,BORROW,2026-03-16,0,5,0,0.0,Textbook,GENERAL_REUSE
IMP006748,A006748,U0754,SELL,2025-09-07,1,0,820,0.4,Engineering Drawing Kit,GENERAL_REUSE
IMP006749,A006749,U0923,SELL,2025-10-29,1,0,450,0.31,Bluetooth Keyboard,GENERAL_REUSE
IMP006750,A006750,U0476,BORROW,2025-10-12,1,7,428,0.45,Mechanical Drawing Set,GENERAL_REUSE
IMP006751,A006751,U0286,BORROW,2026-04-04,0,21,0,0.0,Headphones,GENERAL_REUSE
IMP006752,A006752,U0061,SWAP,2026-03-23,1,0,1396,0.57,Engineering Drawing Kit,GENERAL_REUSE
IMP006753,A006753,U0408,BORROW,2026-06-30,1,3,1554,0.37,Vernier Caliper,GENERAL_REUSE
IMP006754,A006754,U0834,BORROW,2025-10-16,1,14,253,0.23,Power Bank,GENERAL_REUSE
IMP006755,A006755,U0623,SWAP,2025-12-12,0,0,0,0.0,Extension Board,GENERAL_REUSE
IMP006756,A006756,U0383,SWAP,2025-12-24,1,0,214,0.61,HDMI Cable,GENERAL_REUSE
IMP006757,A006757,U0006,GIVEAWAY,2025-12-18,1,0,92,0.46,Safety Goggles,GENERAL_REUSE
IMP006758,A006758,U0202,GIVEAWAY,2025-09-11,1,0,238,0.68,Screwdriver Set,GENERAL_REUSE
IMP006759,A006759,U0995,SWAP,2026-05-20,1,0,125,0.5,Safety Goggles,GENERAL_REUSE
IMP006760,A006760,U0945,SWAP,2026-06-14,1,0,726,0.44,Python Programming Book,GENERAL_REUSE
IMP006761,A006761,U0192,BORROW,2026-03-14,1,14,40,0.79,Graph Paper Pack,GENERAL_REUSE
IMP006762,A006762,U0825,GIVEAWAY,2026-03-23,1,0,377,0.58,USB Flash Drive,GENERAL_REUSE
IMP006763,A006763,U0279,GIVEAWAY,2026-07-27,1,0,500,0.37,Arduino Kit,GENERAL_REUSE
IMP006764,A006764,U0715,BORROW,2026-01-08,1,5,908,0.79,Presentation Clicker,GENERAL_REUSE
IMP006765,A006765,U0443,BORROW,2026-02-11,1,2,150,0.2,Lab Coat,GENERAL_REUSE
IMP006766,A006766,U0513,SWAP,2026-05-27,1,0,690,0.3,Bluetooth Keyboard,GENERAL_REUSE
IMP006767,A006767,U0290,BORROW,2026-01-25,1,21,600,0.8,HDMI Cable,GENERAL_REUSE
IMP006768,A006768,U0332,GIVEAWAY,2025-09-02,1,0,473,0.43,USB-C Charger,GENERAL_REUSE
IMP006769,A006769,U0448,SELL,2025-12-29,1,0,320,0.4,Python Programming Book,GENERAL_REUSE
IMP006770,A006770,U0221,BORROW,2025-09-03,1,2,4017,0.78,Vernier Caliper,GENERAL_REUSE
IMP006771,A006771,U0421,GIVEAWAY,2026-03-16,1,0,410,0.63,Breadboard Kit,GENERAL_REUSE
IMP006772,A006772,U0329,SWAP,2026-02-05,1,0,1250,0.51,Vernier Caliper,GENERAL_REUSE
IMP006773,A006773,U0195,BORROW,2026-01-26,1,10,160,0.4,Safety Goggles,GENERAL_REUSE
IMP006774,A006774,U0226,BORROW,2025-12-02,0,5,0,0.0,College Backpack,GENERAL_REUSE
IMP006775,A006775,U0160,BORROW,2025-09-24,1,3,132,0.53,Safety Goggles,GENERAL_REUSE
IMP006776,A006776,U0546,SWAP,2025-09-02,1,0,372,0.31,Power Bank,GENERAL_REUSE
IMP006777,A006777,U0675,GIVEAWAY,2025-12-19,1,0,336,0.61,Ethernet Cable,GENERAL_REUSE
IMP006778,A006778,U0464,GIVEAWAY,2025-11-16,1,0,915,0.61,Headphones,GENERAL_REUSE
IMP006779,A006779,U0982,BORROW,2025-09-13,1,21,270,0.45,Python Programming Book,GENERAL_REUSE
IMP006780,A006780,U0240,SWAP,2026-04-01,0,0,0,0.0,Python Programming Book,GENERAL_REUSE
IMP006781,A006781,U0663,BORROW,2025-10-16,1,5,900,0.72,Desk Lamp,GENERAL_REUSE
IMP006782,A006782,U0847,BORROW,2026-06-06,1,10,341,0.31,Python Programming Book,GENERAL_REUSE
IMP006783,A006783,U0769,SWAP,2026-02-07,1,0,366,0.43,Scientific Calculator,GENERAL_REUSE
IMP006784,A006784,U0547,BORROW,2026-06-11,1,14,1271,0.82,Desk Lamp,GENERAL_REUSE
IMP006785,A006785,U0185,GIVEAWAY,2026-04-24,1,0,629,0.37,Digital Multimeter,GENERAL_REUSE
IMP006786,A006786,U0778,SWAP,2026-05-16,1,0,392,0.49,Drawing Board,GENERAL_REUSE
IMP006787,A006787,U0313,GIVEAWAY,2026-05-08,1,0,80,0.8,Graph Paper Pack,GENERAL_REUSE
IMP006788,A006788,U0229,BORROW,2026-03-16,1,21,660,0.3,College Backpack,GENERAL_REUSE
IMP006789,A006789,U0854,BORROW,2025-10-12,1,14,532,0.56,Mechanical Drawing Set,GENERAL_REUSE
IMP006790,A006790,U0012,BORROW,2025-09-27,1,14,2145,0.55,External Hard Drive,GENERAL_REUSE
IMP006791,A006791,U0093,SWAP,2026-06-21,1,0,58,0.29,Graph Paper Pack,GENERAL_REUSE
IMP006792,A006792,U0490,BORROW,2026-01-22,1,21,456,0.38,Scientific Calculator,GENERAL_REUSE
IMP006793,A006793,U0821,SWAP,2026-02-09,1,0,846,0.47,Presentation Clicker,GENERAL_REUSE
IMP006794,A006794,U0141,GIVEAWAY,2025-11-28,1,0,741,0.39,Scientific Calculator,GENERAL_REUSE
IMP006795,A006795,U0387,BORROW,2025-10-13,1,5,740,0.87,Webcam,GENERAL_REUSE
IMP006796,A006796,U0125,BORROW,2026-03-27,1,7,418,0.44,Webcam,GENERAL_REUSE
IMP006797,A006797,U0148,SELL,2026-02-01,1,0,922,0.41,Soldering Iron Kit,GENERAL_REUSE
IMP006798,A006798,U0134,BORROW,2026-02-19,1,14,800,0.64,Python Programming Book,GENERAL_REUSE
IMP006799,A006799,U0550,SWAP,2026-06-11,0,0,0,0.0,External Hard Drive,GENERAL_REUSE
IMP006800,A006800,U0152,SWAP,2026-01-13,1,0,494,0.38,Calculator,EDUCATIONAL
IMP006801,A006801,U0438,SELL,2026-06-27,1,0,298,0.35,Python Programming Book,GENERAL_REUSE
IMP006802,A006802,U0501,SELL,2026-07-03,1,0,420,0.35,Headphones,GENERAL_REUSE
IMP006803,A006803,U0713,SWAP,2026-02-10,1,0,936,0.48,Power Bank,GENERAL_REUSE
IMP006804,A006804,U0204,SELL,2025-11-29,1,0,748,0.44,Python Programming Book,GENERAL_REUSE
IMP006805,A006805,U0182,SWAP,2025-12-07,1,0,212,0.25,Soldering Iron Kit,GENERAL_REUSE
IMP006806,A006806,U0638,GIVEAWAY,2026-02-23,1,0,1046,0.51,Vernier Caliper,GENERAL_REUSE
IMP006807,A006807,U0497,BORROW,2026-04-25,1,7,1215,0.81,Power Bank,GENERAL_REUSE
IMP006808,A006808,U0048,GIVEAWAY,2025-09-22,1,0,1264,0.79,Mechanical Drawing Set,GENERAL_REUSE
IMP006809,A006809,U0846,SELL,2025-12-28,1,0,412,0.25,Screwdriver Set,GENERAL_REUSE
IMP006810,A006810,U0112,BORROW,2025-09-13,1,14,275,0.25,Mechanical Drawing Set,GENERAL_REUSE
IMP006811,A006811,U0464,SWAP,2026-04-24,1,0,81,0.27,Screwdriver Set,GENERAL_REUSE
IMP006812,A006812,U0781,BORROW,2026-01-13,1,2,116,0.58,Safety Goggles,GENERAL_REUSE
IMP006813,A006813,U0063,SELL,2025-12-04,1,0,438,0.25,Drawing Board,GENERAL_REUSE
IMP006814,A006814,U0410,BORROW,2026-05-17,1,7,154,0.28,Breadboard Kit,GENERAL_REUSE
IMP006815,A006815,U0731,BORROW,2026-05-21,1,14,1200,0.75,Screwdriver Set,GENERAL_REUSE
IMP006816,A006816,U0394,GIVEAWAY,2026-04-26,1,0,1544,0.63,Scientific Calculator,GENERAL_REUSE
IMP006817,A006817,U0479,BORROW,2026-02-09,1,14,1215,0.81,Calculator,EDUCATIONAL
IMP006818,A006818,U0894,BORROW,2026-03-13,1,14,329,0.47,Safety Goggles,GENERAL_REUSE
IMP006819,A006819,U0291,BORROW,2025-11-02,1,21,1162,0.83,Desk Lamp,GENERAL_REUSE
IMP006820,A006820,U0247,BORROW,2026-07-17,1,14,478,0.87,College Backpack,GENERAL_REUSE
IMP006821,A006821,U0523,BORROW,2026-07-09,1,7,746,0.71,Lab Coat,GENERAL_REUSE
IMP006822,A006822,U0132,BORROW,2026-02-10,1,5,504,0.53,USB Flash Drive,GENERAL_REUSE
IMP006823,A006823,U0800,BORROW,2026-04-07,1,3,375,0.75,Ethernet Cable,GENERAL_REUSE
IMP006824,A006824,U0391,SELL,2025-10-14,1,0,662,0.49,Power Bank,GENERAL_REUSE
IMP006825,A006825,U0169,SWAP,2026-02-13,1,0,195,0.3,Drawing Board,GENERAL_REUSE
IMP006826,A006826,U0225,SWAP,2026-03-04,1,0,2145,0.39,Vernier Caliper,GENERAL_REUSE
IMP006827,A006827,U0415,GIVEAWAY,2026-04-30,0,0,0,0.0,Calculator,EDUCATIONAL
IMP006828,A006828,U0502,BORROW,2025-09-05,1,21,634,0.47,Soldering Iron Kit,GENERAL_REUSE
IMP006829,A006829,U0819,BORROW,2026-05-09,1,14,1368,0.72,College Backpack,GENERAL_REUSE
IMP006830,A006830,U0121,GIVEAWAY,2025-09-11,1,0,648,0.72,College Backpack,GENERAL_REUSE
IMP006831,A006831,U0329,SELL,2025-09-03,1,0,604,0.39,Python Programming Book,GENERAL_REUSE
IMP006832,A006832,U0528,BORROW,2026-03-20,1,5,1189,0.58,Vernier Caliper,GENERAL_REUSE
IMP006833,A006833,U0800,GIVEAWAY,2026-06-10,1,0,190,0.38,Scientific Calculator,GENERAL_REUSE
IMP006834,A006834,U0701,BORROW,2026-02-12,0,10,0,0.0,Engineering Drawing Kit,GENERAL_REUSE
IMP006835,A006835,U0550,GIVEAWAY,2026-07-23,1,0,72,0.48,Ethernet Cable,GENERAL_REUSE
IMP006836,A006836,U0896,GIVEAWAY,2026-03-04,1,0,1170,0.45,Headphones,GENERAL_REUSE
IMP006837,A006837,U0013,SWAP,2026-01-15,1,0,258,0.47,Mechanical Drawing Set,GENERAL_REUSE
IMP006838,A006838,U0494,SELL,2025-12-11,0,0,0,0.0,Calculator,EDUCATIONAL
IMP006839,A006839,U0701,GIVEAWAY,2026-06-18,1,0,1376,0.64,Arduino Kit,GENERAL_REUSE
IMP006840,A006840,U0652,BORROW,2026-07-14,1,5,341,0.62,Calculator,EDUCATIONAL
IMP006841,A006841,U0812,BORROW,2026-01-09,1,5,2590,0.74,External Hard Drive,GENERAL_REUSE
IMP006842,A006842,U0884,GIVEAWAY,2025-09-26,1,0,525,0.5,Presentation Clicker,GENERAL_REUSE
IMP006843,A006843,U0930,SWAP,2026-07-28,1,0,516,0.43,Desk Lamp,GENERAL_REUSE
IMP006844,A006844,U0532,BORROW,2026-03-17,1,5,560,0.59,Soldering Iron Kit,GENERAL_REUSE
IMP006845,A006845,U0764,GIVEAWAY,2025-10-07,1,0,735,0.49,Extension Board,GENERAL_REUSE
IMP006846,A006846,U0839,BORROW,2026-05-07,1,5,202,0.27,Digital Multimeter,GENERAL_REUSE
IMP006847,A006847,U0545,BORROW,2026-01-22,1,21,1178,0.76,Engineering Drawing Kit,GENERAL_REUSE
IMP006848,A006848,U0359,BORROW,2025-09-10,1,5,609,0.42,Mechanical Drawing Set,GENERAL_REUSE
IMP006849,A006849,U0991,BORROW,2026-04-18,1,21,810,0.81,Presentation Clicker,GENERAL_REUSE
IMP006850,A006850,U0393,BORROW,2025-10-12,1,5,460,0.23,Presentation Clicker,GENERAL_REUSE
IMP006851,A006851,U0498,GIVEAWAY,2025-09-08,1,0,1482,0.57,Headphones,GENERAL_REUSE
IMP006852,A006852,U0084,SWAP,2026-07-01,1,0,1848,0.28,External Hard Drive,GENERAL_REUSE
IMP006853,A006853,U0872,SELL,2025-10-12,1,0,350,0.5,Safety Goggles,GENERAL_REUSE
IMP006854,A006854,U0023,GIVEAWAY,2025-11-26,1,0,944,0.51,Digital Multimeter,GENERAL_REUSE
IMP006855,A006855,U0705,SWAP,2026-02-21,1,0,204,0.34,College Backpack,GENERAL_REUSE
IMP006856,A006856,U0360,BORROW,2026-02-26,1,14,1075,0.86,Desk Lamp,GENERAL_REUSE
IMP006857,A006857,U0095,BORROW,2026-02-04,1,21,561,0.51,College Backpack,GENERAL_REUSE
IMP006858,A006858,U0299,BORROW,2025-11-01,0,14,0,0.0,Extension Board,GENERAL_REUSE
IMP006859,A006859,U0025,GIVEAWAY,2026-07-09,1,0,243,0.54,Calculator,EDUCATIONAL
IMP006860,A006860,U0640,BORROW,2026-04-27,1,14,769,0.57,Engineering Drawing Kit,GENERAL_REUSE
IMP006861,A006861,U0616,BORROW,2025-11-20,1,10,472,0.35,Extension Board,GENERAL_REUSE
IMP006862,A006862,U0956,BORROW,2026-05-06,1,10,704,0.64,Screwdriver Set,GENERAL_REUSE
IMP006863,A006863,U0752,GIVEAWAY,2026-03-05,1,0,2635,0.62,Webcam,GENERAL_REUSE
IMP006864,A006864,U0553,BORROW,2026-06-30,1,21,186,0.62,HDMI Cable,GENERAL_REUSE
IMP006865,A006865,U0301,BORROW,2025-10-26,1,21,216,0.36,Ethernet Cable,GENERAL_REUSE
IMP006866,A006866,U0371,BORROW,2026-04-16,1,5,480,0.64,Tripod,GENERAL_REUSE
IMP006867,A006867,U0793,GIVEAWAY,2026-02-11,1,0,1700,0.68,Engineering Drawing Kit,GENERAL_REUSE
IMP006868,A006868,U0187,SWAP,2025-09-02,0,0,0,0.0,Scientific Calculator,GENERAL_REUSE
IMP006869,A006869,U0604,BORROW,2026-04-23,1,14,1826,0.83,Tripod,GENERAL_REUSE
IMP006870,A006870,U0774,SELL,2025-10-01,1,0,84,0.42,HDMI Cable,GENERAL_REUSE
IMP006871,A006871,U0342,BORROW,2025-09-19,1,3,846,0.47,Headphones,GENERAL_REUSE
IMP006872,A006872,U0453,SWAP,2026-02-24,1,0,102,0.29,Calculator,EDUCATIONAL
IMP006873,A006873,U0438,SWAP,2026-07-12,1,0,292,0.53,Ethernet Cable,GENERAL_REUSE
IMP006874,A006874,U0058,GIVEAWAY,2026-03-21,1,0,1173,0.51,Tripod,GENERAL_REUSE
IMP006875,A006875,U0883,GIVEAWAY,2026-01-07,1,0,1134,0.54,Arduino Kit,GENERAL_REUSE
IMP006876,A006876,U0519,BORROW,2025-12-06,1,7,2948,0.88,Headphones,GENERAL_REUSE
IMP006877,A006877,U0331,SWAP,2026-03-16,1,0,284,0.63,USB Flash Drive,GENERAL_REUSE
IMP006878,A006878,U0111,SWAP,2025-09-29,1,0,465,0.62,Headphones,GENERAL_REUSE
IMP006879,A006879,U0772,BORROW,2025-09-03,1,14,796,0.59,Engineering Drawing Kit,GENERAL_REUSE
IMP006880,A006880,U0619,SWAP,2025-11-10,1,0,1032,0.59,Arduino Kit,GENERAL_REUSE
IMP006881,A006881,U0714,SWAP,2026-07-02,1,0,444,0.37,Python Programming Book,GENERAL_REUSE
IMP006882,A006882,U0853,BORROW,2026-04-25,1,2,162,0.54,USB Flash Drive,GENERAL_REUSE
IMP006883,A006883,U0478,BORROW,2026-05-25,1,14,1024,0.64,Mechanical Drawing Set,GENERAL_REUSE
IMP006884,A006884,U0538,SWAP,2025-11-28,1,0,88,0.44,HDMI Cable,GENERAL_REUSE
IMP006885,A006885,U0999,GIVEAWAY,2026-07-19,1,0,2139,0.69,Headphones,GENERAL_REUSE
IMP006886,A006886,U0382,BORROW,2026-01-14,1,2,636,0.41,Tripod,GENERAL_REUSE
IMP006887,A006887,U0292,GIVEAWAY,2025-10-27,1,0,1591,0.74,College Backpack,GENERAL_REUSE
IMP006888,A006888,U0184,BORROW,2026-06-22,1,2,1078,0.49,Headphones,GENERAL_REUSE
IMP006889,A006889,U0161,GIVEAWAY,2026-04-19,1,0,175,0.5,Ethernet Cable,GENERAL_REUSE
IMP006890,A006890,U0979,SELL,2026-03-03,1,0,1862,0.28,External Hard Drive,GENERAL_REUSE
IMP006891,A006891,U0229,GIVEAWAY,2025-11-27,1,0,470,0.47,Lab Coat,GENERAL_REUSE
IMP006892,A006892,U0838,SWAP,2025-12-01,1,0,472,0.41,Presentation Clicker,GENERAL_REUSE
IMP006893,A006893,U0231,SWAP,2025-10-14,1,0,261,0.58,Textbook,GENERAL_REUSE
IMP006894,A006894,U0181,BORROW,2026-03-28,1,21,1100,0.5,Arduino Kit,GENERAL_REUSE
IMP006895,A006895,U0436,SWAP,2025-12-03,1,0,84,0.56,Graph Paper Pack,GENERAL_REUSE
IMP006896,A006896,U0537,SELL,2025-11-18,1,0,450,0.53,Scientific Calculator,GENERAL_REUSE
IMP006897,A006897,U0989,BORROW,2025-12-19,1,14,494,0.52,Lab Coat,GENERAL_REUSE
IMP006898,A006898,U0929,SWAP,2026-02-13,1,0,1500,0.6,Scientific Calculator,GENERAL_REUSE
IMP006899,A006899,U0569,GIVEAWAY,2026-02-27,1,0,1485,0.55,Vernier Caliper,GENERAL_REUSE
IMP006900,A006900,U0494,GIVEAWAY,2025-12-12,1,0,392,0.56,Screwdriver Set,GENERAL_REUSE
IMP006901,A006901,U0202,SELL,2026-05-21,1,0,648,0.36,Digital Multimeter,GENERAL_REUSE
IMP006902,A006902,U0862,SELL,2026-07-13,1,0,352,0.32,USB Flash Drive,GENERAL_REUSE
IMP006903,A006903,U0755,BORROW,2026-05-30,1,2,1032,0.86,Screwdriver Set,GENERAL_REUSE
IMP006904,A006904,U0544,SWAP,2026-06-25,1,0,240,0.6,Screwdriver Set,GENERAL_REUSE
IMP006905,A006905,U0462,BORROW,2026-06-27,1,10,1125,0.9,Calculator,EDUCATIONAL
IMP006906,A006906,U0686,SELL,2026-06-16,1,0,300,0.4,Engineering Drawing Kit,GENERAL_REUSE
IMP006907,A006907,U0237,BORROW,2026-06-12,1,2,3990,0.84,External Hard Drive,GENERAL_REUSE
IMP006908,A006908,U0570,SWAP,2026-04-17,1,0,203,0.58,HDMI Cable,GENERAL_REUSE
IMP006909,A006909,U0066,SWAP,2026-04-10,1,0,767,0.26,Bluetooth Keyboard,GENERAL_REUSE
IMP006910,A006910,U0697,SELL,2025-09-22,1,0,140,0.35,USB Flash Drive,GENERAL_REUSE
IMP006911,A006911,U0298,SWAP,2025-09-11,1,0,684,0.38,Engineering Drawing Kit,GENERAL_REUSE
IMP006912,A006912,U0974,SELL,2025-10-09,1,0,662,0.53,Extension Board,GENERAL_REUSE
IMP006913,A006913,U0616,BORROW,2026-04-06,1,7,308,0.77,Safety Goggles,GENERAL_REUSE
IMP006914,A006914,U0032,BORROW,2026-02-08,1,7,1230,0.82,Scientific Calculator,GENERAL_REUSE
IMP006915,A006915,U0903,SWAP,2026-02-10,1,0,1705,0.55,Soldering Iron Kit,GENERAL_REUSE
IMP006916,A006916,U0169,BORROW,2025-11-25,1,3,180,0.3,Tripod,GENERAL_REUSE
IMP006917,A006917,U0062,SWAP,2026-07-28,1,0,250,0.5,Safety Goggles,GENERAL_REUSE
IMP006918,A006918,U0919,GIVEAWAY,2026-04-26,1,0,403,0.62,Calculator,EDUCATIONAL
IMP006919,A006919,U0642,GIVEAWAY,2026-03-10,1,0,600,0.6,USB Flash Drive,GENERAL_REUSE
IMP006920,A006920,U0617,BORROW,2025-12-08,1,5,996,0.83,USB Flash Drive,GENERAL_REUSE
IMP006921,A006921,U0745,SWAP,2026-03-06,1,0,610,0.53,Desk Lamp,GENERAL_REUSE
IMP006922,A006922,U0169,BORROW,2026-04-18,1,2,392,0.49,Textbook,GENERAL_REUSE
IMP006923,A006923,U0695,BORROW,2026-04-09,1,21,400,0.4,College Backpack,GENERAL_REUSE
IMP006924,A006924,U0581,BORROW,2025-11-03,1,10,1624,0.57,Soldering Iron Kit,GENERAL_REUSE
IMP006925,A006925,U0743,SELL,2026-06-23,1,0,20,0.2,Graph Paper Pack,GENERAL_REUSE
IMP006926,A006926,U0394,SELL,2026-07-09,1,0,32,0.21,Graph Paper Pack,GENERAL_REUSE
IMP006927,A006927,U0970,BORROW,2025-11-08,1,14,620,0.4,Power Bank,GENERAL_REUSE
IMP006928,A006928,U0028,BORROW,2026-02-17,1,3,862,0.69,Presentation Clicker,GENERAL_REUSE
IMP006929,A006929,U0960,GIVEAWAY,2026-03-10,1,0,808,0.49,Presentation Clicker,GENERAL_REUSE
IMP006930,A006930,U0698,BORROW,2025-10-08,1,21,1050,0.75,Bluetooth Keyboard,GENERAL_REUSE
IMP006931,A006931,U0704,BORROW,2025-10-11,1,14,424,0.53,HDMI Cable,GENERAL_REUSE
IMP006932,A006932,U0048,SWAP,2026-02-11,1,0,1113,0.53,Tripod,GENERAL_REUSE
IMP006933,A006933,U0228,BORROW,2026-02-07,1,3,1480,0.8,USB-C Charger,GENERAL_REUSE
IMP006934,A006934,U0345,BORROW,2026-02-08,0,10,0,0.0,Breadboard Kit,GENERAL_REUSE
IMP006935,A006935,U0159,SELL,2025-11-13,1,0,1326,0.52,Headphones,GENERAL_REUSE
IMP006936,A006936,U0304,SWAP,2025-11-30,1,0,17,0.34,Graph Paper Pack,GENERAL_REUSE
IMP006937,A006937,U0047,BORROW,2025-12-29,1,14,120,0.24,Ethernet Cable,GENERAL_REUSE
IMP006938,A006938,U0347,BORROW,2026-05-06,1,2,2244,0.88,Soldering Iron Kit,GENERAL_REUSE
IMP006939,A006939,U0978,SWAP,2025-12-12,1,0,280,0.51,HDMI Cable,GENERAL_REUSE
IMP006940,A006940,U0258,BORROW,2025-11-09,1,5,352,0.22,Extension Board,GENERAL_REUSE
IMP006941,A006941,U0701,BORROW,2026-03-06,1,5,1938,0.76,Bluetooth Keyboard,GENERAL_REUSE
IMP006942,A006942,U0236,GIVEAWAY,2026-05-31,1,0,585,0.78,Breadboard Kit,GENERAL_REUSE
IMP006943,A006943,U0273,GIVEAWAY,2025-10-02,1,0,128,0.85,Graph Paper Pack,GENERAL_REUSE
IMP006944,A006944,U0481,BORROW,2025-09-15,1,3,825,0.3,Arduino Kit,GENERAL_REUSE
IMP006945,A006945,U0910,BORROW,2026-01-18,1,21,608,0.45,Arduino Kit,GENERAL_REUSE
IMP006946,A006946,U0014,BORROW,2025-12-18,1,3,488,0.61,HDMI Cable,GENERAL_REUSE
IMP006947,A006947,U0228,SWAP,2025-10-29,1,0,616,0.28,Tripod,GENERAL_REUSE
IMP006948,A006948,U0573,SWAP,2025-09-10,1,0,1018,0.55,College Backpack,GENERAL_REUSE
IMP006949,A006949,U0397,SELL,2025-12-04,1,0,98,0.49,Ethernet Cable,GENERAL_REUSE
IMP006950,A006950,U0239,BORROW,2026-04-17,1,2,914,0.63,Desk Lamp,GENERAL_REUSE
IMP006951,A006951,U0189,GIVEAWAY,2025-10-18,1,0,270,0.36,Digital Multimeter,GENERAL_REUSE
IMP006952,A006952,U0289,BORROW,2026-02-15,1,3,57,0.57,Graph Paper Pack,GENERAL_REUSE
IMP006953,A006953,U0495,BORROW,2025-11-17,1,21,576,0.72,HDMI Cable,GENERAL_REUSE
IMP006954,A006954,U0190,GIVEAWAY,2025-12-25,0,0,0,0.0,Breadboard Kit,GENERAL_REUSE
IMP006955,A006955,U0537,GIVEAWAY,2026-02-26,1,0,1235,0.65,Webcam,GENERAL_REUSE
IMP006956,A006956,U0109,BORROW,2025-10-10,1,5,357,0.42,Calculator,EDUCATIONAL
IMP006957,A006957,U0593,BORROW,2026-07-27,1,2,700,0.7,Lab Coat,GENERAL_REUSE
IMP006958,A006958,U0152,BORROW,2025-09-22,1,7,662,0.49,Calculator,EDUCATIONAL
IMP006959,A006959,U0315,BORROW,2025-09-10,1,14,320,0.32,Lab Coat,GENERAL_REUSE
IMP006960,A006960,U0890,SWAP,2025-10-09,1,0,552,0.46,Screwdriver Set,GENERAL_REUSE
IMP006961,A006961,U0422,BORROW,2025-10-16,1,7,202,0.45,Breadboard Kit,GENERAL_REUSE
IMP006962,A006962,U0560,GIVEAWAY,2026-02-02,1,0,495,0.45,Digital Multimeter,GENERAL_REUSE
IMP006963,A006963,U0879,SWAP,2025-10-31,1,0,341,0.62,Calculator,EDUCATIONAL
IMP006964,A006964,U0809,SELL,2026-05-25,1,0,332,0.51,Extension Board,GENERAL_REUSE
IMP006965,A006965,U0437,BORROW,2025-09-02,1,21,75,0.25,Breadboard Kit,GENERAL_REUSE
IMP006966,A006966,U0255,GIVEAWAY,2026-04-17,1,0,634,0.47,Power Bank,GENERAL_REUSE
IMP006967,A006967,U0388,SWAP,2026-06-29,1,0,585,0.45,Screwdriver Set,GENERAL_REUSE
IMP006968,A006968,U0374,BORROW,2026-06-01,0,7,0,0.0,Soldering Iron Kit,GENERAL_REUSE
IMP006969,A006969,U0232,SWAP,2025-10-11,1,0,279,0.62,Ethernet Cable,GENERAL_REUSE
IMP006970,A006970,U0665,BORROW,2026-04-23,1,5,630,0.42,Extension Board,GENERAL_REUSE
IMP006971,A006971,U0363,SELL,2026-02-23,1,0,158,0.21,Breadboard Kit,GENERAL_REUSE
IMP006972,A006972,U0515,SELL,2025-12-15,1,0,188,0.29,Scientific Calculator,GENERAL_REUSE
IMP006973,A006973,U0928,BORROW,2025-10-27,1,5,252,0.63,HDMI Cable,GENERAL_REUSE
IMP006974,A006974,U0806,SWAP,2026-04-27,1,0,182,0.26,Tripod,GENERAL_REUSE
IMP006975,A006975,U0817,GIVEAWAY,2025-12-28,1,0,741,0.57,Scientific Calculator,GENERAL_REUSE
IMP006976,A006976,U0958,SWAP,2026-01-19,0,0,0,0.0,Tripod,GENERAL_REUSE
IMP006977,A006977,U0219,BORROW,2026-02-17,1,21,682,0.65,Textbook,GENERAL_REUSE
IMP006978,A006978,U0246,BORROW,2025-12-01,1,14,622,0.83,Calculator,EDUCATIONAL
IMP006979,A006979,U0781,SWAP,2026-04-05,1,0,435,0.3,Mechanical Drawing Set,GENERAL_REUSE
IMP006980,A006980,U0739,SWAP,2026-04-15,1,0,2226,0.53,Webcam,GENERAL_REUSE
IMP006981,A006981,U0240,SELL,2026-05-09,1,0,440,0.55,Textbook,GENERAL_REUSE
IMP006982,A006982,U0907,SWAP,2025-11-25,1,0,665,0.35,Presentation Clicker,GENERAL_REUSE
IMP006983,A006983,U0728,BORROW,2025-11-20,1,5,98,0.49,HDMI Cable,GENERAL_REUSE
IMP006984,A006984,U0622,GIVEAWAY,2026-05-31,1,0,1820,0.56,Vernier Caliper,GENERAL_REUSE
IMP006985,A006985,U0141,SWAP,2026-03-17,1,0,1450,0.5,Headphones,GENERAL_REUSE
IMP006986,A006986,U0283,BORROW,2026-04-15,1,21,3157,0.77,Vernier Caliper,GENERAL_REUSE
IMP006987,A006987,U0209,BORROW,2026-06-23,1,14,713,0.62,Tripod,GENERAL_REUSE
IMP006988,A006988,U0839,GIVEAWAY,2026-03-01,1,0,1078,0.49,Power Bank,GENERAL_REUSE
IMP006989,A006989,U0339,BORROW,2025-11-28,1,7,222,0.74,Breadboard Kit,GENERAL_REUSE
IMP006990,A006990,U0957,SELL,2026-01-15,1,0,425,0.5,Lab Coat,GENERAL_REUSE
IMP006991,A006991,U0187,GIVEAWAY,2025-11-07,1,0,750,0.79,Extension Board,GENERAL_REUSE
IMP006992,A006992,U0104,SWAP,2026-01-13,1,0,385,0.55,Lab Coat,GENERAL_REUSE
IMP006993,A006993,U0376,GIVEAWAY,2026-01-02,1,0,468,0.39,Tripod,GENERAL_REUSE
IMP006994,A006994,U0059,GIVEAWAY,2026-04-22,1,0,79,0.79,Graph Paper Pack,GENERAL_REUSE
IMP006995,A006995,U0950,BORROW,2026-01-31,1,2,862,0.75,USB Flash Drive,GENERAL_REUSE
IMP006996,A006996,U0906,BORROW,2026-04-07,1,5,3280,0.82,External Hard Drive,GENERAL_REUSE
IMP006997,A006997,U0547,BORROW,2026-03-06,0,10,0,0.0,Webcam,GENERAL_REUSE
IMP006998,A006998,U0249,GIVEAWAY,2026-03-15,1,0,536,0.63,Mechanical Drawing Set,GENERAL_REUSE
IMP006999,A006999,U0127,BORROW,2026-02-12,1,10,1708,0.67,Webcam,GENERAL_REUSE
IMP007000,A007000,U0665,BORROW,2026-04-19,1,14,645,0.3,Bluetooth Keyboard,GENERAL_REUSE
IMP007001,A007001,U0681,SWAP,2026-04-03,0,0,0,0.0,Screwdriver Set,GENERAL_REUSE
IMP007002,A007002,U0707,BORROW,2026-06-25,1,3,1104,0.47,Headphones,GENERAL_REUSE
IMP007003,A007003,U0430,SELL,2026-01-18,1,0,330,0.44,Breadboard Kit,GENERAL_REUSE
IMP007004,A007004,U0083,BORROW,2026-05-01,1,7,555,0.74,Screwdriver Set,GENERAL_REUSE
IMP007005,A007005,U0923,BORROW,2025-10-14,1,14,1860,0.6,Soldering Iron Kit,GENERAL_REUSE
IMP007006,A007006,U0443,BORROW,2026-02-25,1,7,2280,0.8,External Hard Drive,GENERAL_REUSE
IMP007007,A007007,U0431,GIVEAWAY,2026-02-06,1,0,483,0.69,Mechanical Drawing Set,GENERAL_REUSE
IMP007008,A007008,U0475,SWAP,2026-02-08,1,0,715,0.55,Python Programming Book,GENERAL_REUSE
IMP007009,A007009,U0860,BORROW,2025-09-11,1,21,504,0.72,HDMI Cable,GENERAL_REUSE
IMP007010,A007010,U0723,BORROW,2025-09-13,1,7,1278,0.71,Presentation Clicker,GENERAL_REUSE
IMP007011,A007011,U0436,SWAP,2026-03-25,1,0,330,0.55,USB Flash Drive,GENERAL_REUSE
IMP007012,A007012,U0103,BORROW,2026-03-22,1,10,1843,0.38,External Hard Drive,GENERAL_REUSE
IMP007013,A007013,U0991,SELL,2026-06-07,1,0,266,0.38,USB-C Charger,GENERAL_REUSE
IMP007014,A007014,U0649,SELL,2026-04-06,1,0,204,0.34,Calculator,EDUCATIONAL
IMP007015,A007015,U0431,BORROW,2025-09-16,1,2,176,0.27,Tripod,GENERAL_REUSE
IMP007016,A007016,U0401,BORROW,2025-11-09,1,2,261,0.58,Extension Board,GENERAL_REUSE
IMP007017,A007017,U0695,SELL,2026-04-06,1,0,372,0.24,Power Bank,GENERAL_REUSE
IMP007018,A007018,U0020,BORROW,2026-05-06,1,10,171,0.57,Breadboard Kit,GENERAL_REUSE
IMP007019,A007019,U0668,SELL,2025-12-21,1,0,530,0.53,USB Flash Drive,GENERAL_REUSE
IMP007020,A007020,U0698,BORROW,2026-07-04,1,14,1058,0.73,Bluetooth Keyboard,GENERAL_REUSE
IMP007021,A007021,U0538,BORROW,2025-10-05,1,5,60,0.3,Ethernet Cable,GENERAL_REUSE
IMP007022,A007022,U0043,GIVEAWAY,2026-07-10,1,0,1224,0.72,Digital Multimeter,GENERAL_REUSE
IMP007023,A007023,U0613,BORROW,2026-07-07,0,10,0,0.0,Webcam,GENERAL_REUSE
IMP007024,A007024,U0100,GIVEAWAY,2025-10-23,1,0,385,0.77,Ethernet Cable,GENERAL_REUSE
IMP007025,A007025,U0565,BORROW,2026-07-17,1,10,574,0.41,Bluetooth Keyboard,GENERAL_REUSE
IMP007026,A007026,U0173,SWAP,2026-03-04,1,0,532,0.56,Tripod,GENERAL_REUSE
IMP007027,A007027,U0824,BORROW,2026-07-04,1,21,435,0.58,Mechanical Drawing Set,GENERAL_REUSE
IMP007028,A007028,U0992,GIVEAWAY,2025-10-06,1,0,741,0.39,Digital Multimeter,GENERAL_REUSE
IMP007029,A007029,U0568,SWAP,2026-01-21,1,0,743,0.55,College Backpack,GENERAL_REUSE
IMP007030,A007030,U0020,GIVEAWAY,2026-03-27,1,0,1110,0.74,Mechanical Drawing Set,GENERAL_REUSE
IMP007031,A007031,U0645,BORROW,2026-05-08,1,14,385,0.77,Digital Multimeter,GENERAL_REUSE
IMP007032,A007032,U0348,SWAP,2026-07-14,1,0,551,0.58,Lab Coat,GENERAL_REUSE
IMP007033,A007033,U0825,BORROW,2026-02-27,1,5,997,0.57,Engineering Drawing Kit,GENERAL_REUSE
IMP007034,A007034,U0147,SWAP,2026-05-07,0,0,0,0.0,Extension Board,GENERAL_REUSE
IMP007035,A007035,U0011,BORROW,2026-01-25,1,5,42,0.83,Graph Paper Pack,GENERAL_REUSE
IMP007036,A007036,U0765,SWAP,2025-10-14,1,0,621,0.46,Presentation Clicker,GENERAL_REUSE
IMP007037,A007037,U0986,BORROW,2026-02-07,1,21,528,0.66,Lab Coat,GENERAL_REUSE
IMP007038,A007038,U0007,BORROW,2025-10-28,1,7,663,0.78,Webcam,GENERAL_REUSE
IMP007039,A007039,U0395,GIVEAWAY,2025-10-23,1,0,676,0.41,Drawing Board,GENERAL_REUSE
IMP007040,A007040,U0402,BORROW,2025-10-31,1,21,690,0.69,Arduino Kit,GENERAL_REUSE
IMP007041,A007041,U0922,BORROW,2025-10-20,1,3,2040,0.85,Engineering Drawing Kit,GENERAL_REUSE
IMP007042,A007042,U0153,GIVEAWAY,2026-06-27,1,0,1008,0.65,Desk Lamp,GENERAL_REUSE
IMP007043,A007043,U0718,GIVEAWAY,2025-09-26,1,0,270,0.77,Calculator,EDUCATIONAL
IMP007044,A007044,U0314,SWAP,2026-02-24,1,0,738,0.36,Presentation Clicker,GENERAL_REUSE
IMP007045,A007045,U0453,BORROW,2025-12-31,1,14,3658,0.77,External Hard Drive,GENERAL_REUSE
IMP007046,A007046,U0770,SELL,2026-06-01,1,0,132,0.22,Safety Goggles,GENERAL_REUSE
IMP007047,A007047,U0977,BORROW,2026-02-27,1,2,264,0.24,Python Programming Book,GENERAL_REUSE
IMP007048,A007048,U0552,GIVEAWAY,2026-02-11,1,0,2014,0.79,Bluetooth Keyboard,GENERAL_REUSE
IMP007049,A007049,U0381,BORROW,2025-11-30,1,10,1175,0.5,Scientific Calculator,GENERAL_REUSE
IMP007050,A007050,U0340,BORROW,2026-01-28,1,7,230,0.51,USB Flash Drive,GENERAL_REUSE
IMP007051,A007051,U0678,BORROW,2026-03-25,1,10,273,0.42,HDMI Cable,GENERAL_REUSE
IMP007052,A007052,U0539,SELL,2026-02-10,1,0,1620,0.54,Webcam,GENERAL_REUSE
IMP007053,A007053,U0041,BORROW,2025-10-30,1,3,370,0.57,USB-C Charger,GENERAL_REUSE
IMP007054,A007054,U0944,SELL,2026-01-04,0,0,0,0.0,Power Bank,GENERAL_REUSE
IMP007055,A007055,U0943,BORROW,2025-09-25,1,3,680,0.8,USB-C Charger,GENERAL_REUSE
IMP007056,A007056,U0684,SWAP,2026-01-03,1,0,1008,0.42,Tripod,GENERAL_REUSE
IMP007057,A007057,U0067,SELL,2026-06-20,1,0,575,0.5,Mechanical Drawing Set,GENERAL_REUSE
IMP007058,A007058,U0057,BORROW,2026-06-23,1,3,39,0.78,Graph Paper Pack,GENERAL_REUSE
IMP007059,A007059,U0155,BORROW,2026-06-20,1,14,363,0.66,Screwdriver Set,GENERAL_REUSE
IMP007060,A007060,U0452,BORROW,2026-06-20,1,7,884,0.61,Screwdriver Set,GENERAL_REUSE
IMP007061,A007061,U0986,BORROW,2026-03-23,1,10,1125,0.5,Scientific Calculator,GENERAL_REUSE
IMP007062,A007062,U0697,SWAP,2026-04-14,1,0,1518,0.44,Vernier Caliper,GENERAL_REUSE
IMP007063,A007063,U0851,BORROW,2025-09-27,0,3,0,0.0,Lab Coat,GENERAL_REUSE
IMP007064,A007064,U0759,BORROW,2026-03-01,1,5,1037,0.34,Soldering Iron Kit,GENERAL_REUSE
IMP007065,A007065,U0530,SWAP,2025-10-09,1,0,162,0.36,Safety Goggles,GENERAL_REUSE
IMP007066,A007066,U0793,BORROW,2026-04-05,1,2,1458,0.54,Arduino Kit,GENERAL_REUSE
IMP007067,A007067,U0567,BORROW,2025-11-04,1,10,2156,0.77,Bluetooth Keyboard,GENERAL_REUSE
IMP007068,A007068,U0826,BORROW,2026-02-26,1,21,1596,0.56,Soldering Iron Kit,GENERAL_REUSE
IMP007069,A007069,U0323,GIVEAWAY,2025-11-10,1,0,2320,0.4,Vernier Caliper,GENERAL_REUSE
IMP007070,A007070,U0914,BORROW,2026-07-05,1,2,510,0.85,Ethernet Cable,GENERAL_REUSE
IMP007071,A007071,U0089,SWAP,2026-01-08,1,0,368,0.49,Extension Board,GENERAL_REUSE
IMP007072,A007072,U0694,GIVEAWAY,2025-10-13,1,0,2013,0.66,Vernier Caliper,GENERAL_REUSE
IMP007073,A007073,U0840,SELL,2025-12-12,1,0,390,0.41,Soldering Iron Kit,GENERAL_REUSE
IMP007074,A007074,U0919,BORROW,2025-11-16,1,21,598,0.46,College Backpack,GENERAL_REUSE
IMP007075,A007075,U0195,GIVEAWAY,2026-02-26,1,0,1029,0.42,Headphones,GENERAL_REUSE
IMP007076,A007076,U0407,BORROW,2026-03-14,1,3,2242,0.76,Headphones,GENERAL_REUSE
IMP007077,A007077,U0247,BORROW,2026-06-28,1,21,455,0.7,Tripod,GENERAL_REUSE
IMP007078,A007078,U0757,GIVEAWAY,2026-02-14,0,0,0,0.0,Lab Coat,GENERAL_REUSE
IMP007079,A007079,U0923,SWAP,2026-04-23,1,0,540,0.4,Desk Lamp,GENERAL_REUSE
IMP007080,A007080,U0781,SWAP,2025-12-07,1,0,713,0.46,Mechanical Drawing Set,GENERAL_REUSE
IMP007081,A007081,U0262,BORROW,2025-11-30,1,14,234,0.39,Textbook,GENERAL_REUSE
IMP007082,A007082,U0834,SWAP,2026-03-07,1,0,182,0.26,Python Programming Book,GENERAL_REUSE
IMP007083,A007083,U0621,GIVEAWAY,2026-02-13,0,0,0,0.0,Lab Coat,GENERAL_REUSE
IMP007084,A007084,U0807,BORROW,2026-04-23,1,10,567,0.54,USB Flash Drive,GENERAL_REUSE
IMP007085,A007085,U0412,BORROW,2026-02-26,1,21,1081,0.46,Scientific Calculator,GENERAL_REUSE
IMP007086,A007086,U0023,SELL,2026-07-14,1,0,629,0.37,Drawing Board,GENERAL_REUSE
IMP007087,A007087,U0239,BORROW,2026-04-27,1,5,440,0.55,Engineering Drawing Kit,GENERAL_REUSE
IMP007088,A007088,U0243,SWAP,2025-09-09,1,0,168,0.28,Desk Lamp,GENERAL_REUSE
IMP007089,A007089,U0473,BORROW,2026-03-05,1,21,992,0.32,Headphones,GENERAL_REUSE
IMP007090,A007090,U0960,BORROW,2025-09-06,1,7,218,0.87,Breadboard Kit,GENERAL_REUSE
IMP007091,A007091,U0720,SWAP,2026-06-01,0,0,0,0.0,Digital Multimeter,GENERAL_REUSE
IMP007092,A007092,U0526,BORROW,2025-11-18,1,14,2546,0.76,External Hard Drive,GENERAL_REUSE
IMP007093,A007093,U0916,GIVEAWAY,2026-05-29,1,0,518,0.74,HDMI Cable,GENERAL_REUSE
IMP007094,A007094,U0249,BORROW,2025-10-21,1,21,142,0.71,Breadboard Kit,GENERAL_REUSE
IMP007095,A007095,U0340,BORROW,2025-10-09,1,21,50,0.5,Graph Paper Pack,GENERAL_REUSE
IMP007096,A007096,U0830,SWAP,2025-09-04,0,0,0,0.0,Engineering Drawing Kit,GENERAL_REUSE
IMP007097,A007097,U0291,SWAP,2026-04-22,1,0,480,0.6,Drawing Board,GENERAL_REUSE
IMP007098,A007098,U0435,BORROW,2025-11-09,1,3,58,0.39,Graph Paper Pack,GENERAL_REUSE
IMP007099,A007099,U0509,SELL,2026-04-13,1,0,371,0.53,Desk Lamp,GENERAL_REUSE
IMP007100,A007100,U0023,SELL,2026-01-26,1,0,126,0.36,Lab Coat,GENERAL_REUSE
IMP007101,A007101,U0209,BORROW,2026-04-29,1,7,130,0.29,HDMI Cable,GENERAL_REUSE
IMP007102,A007102,U0468,SWAP,2026-03-31,1,0,1920,0.3,External Hard Drive,GENERAL_REUSE
IMP007103,A007103,U0602,BORROW,2026-02-14,1,5,178,0.51,Breadboard Kit,GENERAL_REUSE
IMP007104,A007104,U0406,SWAP,2026-03-02,1,0,102,0.51,Graph Paper Pack,GENERAL_REUSE
IMP007105,A007105,U0824,SWAP,2025-10-21,1,0,300,0.5,Safety Goggles,GENERAL_REUSE
IMP007106,A007106,U0351,BORROW,2026-02-17,1,2,56,0.28,Graph Paper Pack,GENERAL_REUSE
IMP007107,A007107,U0965,SWAP,2025-12-15,1,0,1736,0.62,External Hard Drive,GENERAL_REUSE
IMP007108,A007108,U0342,SWAP,2025-12-25,1,0,494,0.38,Drawing Board,GENERAL_REUSE
IMP007109,A007109,U0204,SWAP,2025-09-18,1,0,375,0.3,Desk Lamp,GENERAL_REUSE
IMP007110,A007110,U0540,BORROW,2025-10-09,1,7,1250,0.41,Soldering Iron Kit,GENERAL_REUSE
IMP007111,A007111,U0162,GIVEAWAY,2025-10-23,1,0,172,0.49,Safety Goggles,GENERAL_REUSE
IMP007112,A007112,U0639,BORROW,2026-03-29,1,3,400,0.4,USB Flash Drive,GENERAL_REUSE
IMP007113,A007113,U0715,BORROW,2026-07-22,1,10,1134,0.63,Python Programming Book,GENERAL_REUSE
IMP007114,A007114,U0588,GIVEAWAY,2026-07-17,1,0,420,0.84,Ethernet Cable,GENERAL_REUSE
IMP007115,A007115,U0571,SWAP,2025-12-06,0,0,0,0.0,Vernier Caliper,GENERAL_REUSE
IMP007116,A007116,U0268,BORROW,2026-02-27,1,2,874,0.46,Soldering Iron Kit,GENERAL_REUSE
IMP007117,A007117,U0335,BORROW,2026-04-09,0,7,0,0.0,USB-C Charger,GENERAL_REUSE
IMP007118,A007118,U0461,BORROW,2025-12-23,1,10,341,0.31,Calculator,EDUCATIONAL
IMP007119,A007119,U0820,BORROW,2025-10-22,1,10,1246,0.47,College Backpack,GENERAL_REUSE
IMP007120,A007120,U0476,GIVEAWAY,2026-05-09,1,0,1634,0.38,External Hard Drive,GENERAL_REUSE
IMP007121,A007121,U0483,BORROW,2025-12-13,1,7,400,0.4,Python Programming Book,GENERAL_REUSE
IMP007122,A007122,U0004,SWAP,2026-07-14,1,0,184,0.41,Ethernet Cable,GENERAL_REUSE
IMP007123,A007123,U0729,BORROW,2026-03-13,1,5,375,0.5,Textbook,GENERAL_REUSE
IMP007124,A007124,U0171,BORROW,2026-06-19,0,2,0,0.0,Webcam,GENERAL_REUSE
IMP007125,A007125,U0460,GIVEAWAY,2025-12-19,1,0,81,0.81,Graph Paper Pack,GENERAL_REUSE
IMP007126,A007126,U0357,BORROW,2026-07-18,1,10,2244,0.88,Bluetooth Keyboard,GENERAL_REUSE
IMP007127,A007127,U0552,BORROW,2026-04-13,1,10,1292,0.47,Soldering Iron Kit,GENERAL_REUSE
IMP007128,A007128,U0244,SWAP,2026-05-17,1,0,527,0.62,College Backpack,GENERAL_REUSE
IMP007129,A007129,U0910,BORROW,2025-12-10,1,3,1089,0.66,Screwdriver Set,GENERAL_REUSE
IMP007130,A007130,U0705,BORROW,2025-12-16,1,2,1700,0.68,College Backpack,GENERAL_REUSE
IMP007131,A007131,U0810,BORROW,2025-09-13,1,21,528,0.48,USB Flash Drive,GENERAL_REUSE
IMP007132,A007132,U0517,BORROW,2026-03-18,1,5,586,0.51,Engineering Drawing Kit,GENERAL_REUSE
IMP007133,A007133,U0598,BORROW,2026-07-14,1,10,264,0.44,Breadboard Kit,GENERAL_REUSE
IMP007134,A007134,U0158,SWAP,2026-01-13,1,0,18,0.35,Graph Paper Pack,GENERAL_REUSE
IMP007135,A007135,U0971,BORROW,2026-06-23,1,3,744,0.62,USB-C Charger,GENERAL_REUSE
IMP007136,A007136,U0256,BORROW,2025-12-16,0,7,0,0.0,Presentation Clicker,GENERAL_REUSE
IMP007137,A007137,U0808,BORROW,2025-12-23,1,14,883,0.57,Drawing Board,GENERAL_REUSE
IMP007138,A007138,U0779,BORROW,2025-11-20,0,14,0,0.0,Safety Goggles,GENERAL_REUSE
IMP007139,A007139,U0854,BORROW,2025-10-15,1,7,2135,0.61,External Hard Drive,GENERAL_REUSE
IMP007140,A007140,U0271,BORROW,2025-12-26,1,7,324,0.36,USB Flash Drive,GENERAL_REUSE
IMP007141,A007141,U0630,SELL,2025-09-09,1,0,330,0.3,Power Bank,GENERAL_REUSE
IMP007142,A007142,U0993,BORROW,2025-12-01,0,21,0,0.0,Headphones,GENERAL_REUSE
IMP007143,A007143,U0235,BORROW,2026-06-19,0,21,0,0.0,Graph Paper Pack,GENERAL_REUSE
IMP007144,A007144,U0046,BORROW,2026-02-10,1,5,1349,0.71,Mechanical Drawing Set,GENERAL_REUSE
IMP007145,A007145,U0545,SWAP,2026-01-02,1,0,512,0.25,Vernier Caliper,GENERAL_REUSE
IMP007146,A007146,U0934,GIVEAWAY,2026-02-13,1,0,638,0.44,Desk Lamp,GENERAL_REUSE
IMP007147,A007147,U0963,BORROW,2025-12-19,1,2,2623,0.61,External Hard Drive,GENERAL_REUSE
IMP007148,A007148,U0370,SELL,2026-02-24,1,0,377,0.26,Scientific Calculator,GENERAL_REUSE
IMP007149,A007149,U0637,BORROW,2026-06-03,1,3,1185,0.79,Headphones,GENERAL_REUSE
IMP007150,A007150,U0610,BORROW,2026-04-22,1,3,527,0.31,Power Bank,GENERAL_REUSE
IMP007151,A007151,U0751,GIVEAWAY,2026-04-18,1,0,287,0.41,USB Flash Drive,GENERAL_REUSE
IMP007152,A007152,U0194,GIVEAWAY,2026-07-14,1,0,954,0.53,Desk Lamp,GENERAL_REUSE
IMP007153,A007153,U0254,BORROW,2026-03-16,0,2,0,0.0,Bluetooth Keyboard,GENERAL_REUSE
IMP007154,A007154,U0037,BORROW,2025-09-21,0,3,0,0.0,Screwdriver Set,GENERAL_REUSE
IMP007155,A007155,U0506,BORROW,2026-06-27,1,14,304,0.38,Digital Multimeter,GENERAL_REUSE
IMP007156,A007156,U0257,BORROW,2025-10-25,1,14,332,0.35,Mechanical Drawing Set,GENERAL_REUSE
IMP007157,A007157,U0165,SWAP,2025-12-08,1,0,220,0.55,Textbook,GENERAL_REUSE
IMP007158,A007158,U0876,BORROW,2026-02-12,1,5,21,0.21,Graph Paper Pack,GENERAL_REUSE
IMP007159,A007159,U0417,BORROW,2025-09-12,1,14,112,0.32,Ethernet Cable,GENERAL_REUSE
IMP007160,A007160,U0269,BORROW,2026-05-07,1,5,1581,0.62,College Backpack,GENERAL_REUSE
IMP007161,A007161,U0954,SELL,2026-05-12,1,0,1032,0.35,Bluetooth Keyboard,GENERAL_REUSE
IMP007162,A007162,U0500,BORROW,2026-07-23,1,7,456,0.48,Lab Coat,GENERAL_REUSE
IMP007163,A007163,U0030,BORROW,2026-07-28,1,21,267,0.89,Safety Goggles,GENERAL_REUSE
IMP007164,A007164,U0369,SELL,2026-02-25,1,0,1144,0.44,Soldering Iron Kit,GENERAL_REUSE
IMP007165,A007165,U0944,SELL,2026-01-02,1,0,253,0.23,Mechanical Drawing Set,GENERAL_REUSE
IMP007166,A007166,U0744,BORROW,2026-06-20,1,14,178,0.71,Safety Goggles,GENERAL_REUSE
IMP007167,A007167,U0793,BORROW,2026-02-04,1,5,440,0.44,Calculator,EDUCATIONAL
IMP007168,A007168,U0272,BORROW,2025-12-09,1,14,2116,0.83,Bluetooth Keyboard,GENERAL_REUSE
IMP007169,A007169,U0892,SWAP,2025-11-15,1,0,472,0.63,Lab Coat,GENERAL_REUSE
IMP007170,A007170,U0058,BORROW,2026-01-26,1,14,544,0.64,Calculator,EDUCATIONAL
IMP007171,A007171,U0882,BORROW,2025-09-08,1,14,540,0.72,HDMI Cable,GENERAL_REUSE
IMP007172,A007172,U0117,GIVEAWAY,2025-10-02,1,0,266,0.59,HDMI Cable,GENERAL_REUSE
IMP007173,A007173,U0385,GIVEAWAY,2026-06-28,1,0,724,0.69,Extension Board,GENERAL_REUSE
IMP007174,A007174,U0335,BORROW,2026-02-28,1,10,568,0.71,Lab Coat,GENERAL_REUSE
IMP007175,A007175,U0697,BORROW,2025-10-30,0,10,0,0.0,Tripod,GENERAL_REUSE
IMP007176,A007176,U0770,GIVEAWAY,2026-07-25,1,0,1425,0.5,Vernier Caliper,GENERAL_REUSE
IMP007177,A007177,U0562,SWAP,2026-04-09,1,0,310,0.31,Lab Coat,GENERAL_REUSE
IMP007178,A007178,U0233,BORROW,2026-06-09,1,5,1127,0.49,Bluetooth Keyboard,GENERAL_REUSE
IMP007179,A007179,U0150,SWAP,2026-07-16,1,0,322,0.43,Presentation Clicker,GENERAL_REUSE
IMP007180,A007180,U0670,SWAP,2026-06-16,1,0,527,0.31,Screwdriver Set,GENERAL_REUSE
IMP007181,A007181,U0690,GIVEAWAY,2026-05-26,1,0,840,0.7,Presentation Clicker,GENERAL_REUSE
IMP007182,A007182,U0780,BORROW,2026-03-06,1,14,814,0.44,Mechanical Drawing Set,GENERAL_REUSE
IMP007183,A007183,U0718,BORROW,2026-07-18,1,5,740,0.4,Mechanical Drawing Set,GENERAL_REUSE
IMP007184,A007184,U0829,BORROW,2026-02-14,1,3,234,0.67,Calculator,EDUCATIONAL
IMP007185,A007185,U0739,GIVEAWAY,2026-02-23,1,0,296,0.74,Ethernet Cable,GENERAL_REUSE
IMP007186,A007186,U0657,SELL,2025-10-05,1,0,266,0.41,Arduino Kit,GENERAL_REUSE
IMP007187,A007187,U0438,BORROW,2025-09-16,1,10,735,0.49,Power Bank,GENERAL_REUSE
IMP007188,A007188,U0655,BORROW,2026-07-01,1,5,188,0.25,Drawing Board,GENERAL_REUSE
IMP007189,A007189,U0441,BORROW,2026-04-18,1,5,288,0.36,Extension Board,GENERAL_REUSE
IMP007190,A007190,U0007,BORROW,2026-01-26,1,14,959,0.27,Webcam,GENERAL_REUSE
IMP007191,A007191,U0838,GIVEAWAY,2025-11-28,1,0,240,0.4,Arduino Kit,GENERAL_REUSE
IMP007192,A007192,U0005,BORROW,2025-10-06,1,10,55,0.55,Graph Paper Pack,GENERAL_REUSE
IMP007193,A007193,U0130,GIVEAWAY,2026-02-07,1,0,1856,0.79,Engineering Drawing Kit,GENERAL_REUSE
IMP007194,A007194,U0086,GIVEAWAY,2025-10-28,1,0,1053,0.78,Screwdriver Set,GENERAL_REUSE
IMP007195,A007195,U0815,SWAP,2026-03-18,1,0,650,0.52,Digital Multimeter,GENERAL_REUSE
IMP007196,A007196,U0534,SWAP,2026-04-23,1,0,330,0.6,College Backpack,GENERAL_REUSE
IMP007197,A007197,U0893,BORROW,2026-04-07,1,21,931,0.69,Calculator,EDUCATIONAL
IMP007198,A007198,U0868,BORROW,2025-09-26,1,3,162,0.25,HDMI Cable,GENERAL_REUSE
IMP007199,A007199,U0461,SELL,2026-01-15,1,0,78,0.39,Graph Paper Pack,GENERAL_REUSE
IMP007200,A007200,U0460,BORROW,2026-04-29,1,7,3081,0.79,Vernier Caliper,GENERAL_REUSE
IMP007201,A007201,U0244,BORROW,2025-09-12,0,7,0,0.0,Vernier Caliper,GENERAL_REUSE
IMP007202,A007202,U0154,BORROW,2025-10-15,1,14,264,0.44,Safety Goggles,GENERAL_REUSE
IMP007203,A007203,U0935,BORROW,2026-06-15,1,7,728,0.52,Arduino Kit,GENERAL_REUSE
IMP007204,A007204,U0437,BORROW,2025-11-03,1,21,420,0.84,Scientific Calculator,GENERAL_REUSE
IMP007205,A007205,U0203,SWAP,2026-05-23,1,0,1150,0.59,Headphones,GENERAL_REUSE
IMP007206,A007206,U0306,BORROW,2026-06-18,1,3,549,0.61,College Backpack,GENERAL_REUSE
IMP007207,A007207,U0023,SELL,2026-05-05,1,0,420,0.4,Extension Board,GENERAL_REUSE
IMP007208,A007208,U0260,BORROW,2026-06-30,1,3,412,0.75,Desk Lamp,GENERAL_REUSE
IMP007209,A007209,U0428,BORROW,2025-12-04,1,7,1210,0.59,Power Bank,GENERAL_REUSE
IMP007210,A007210,U0651,GIVEAWAY,2026-02-14,1,0,551,0.58,Python Programming Book,GENERAL_REUSE
IMP007211,A007211,U0837,BORROW,2026-05-13,1,10,198,0.22,Lab Coat,GENERAL_REUSE
IMP007212,A007212,U0118,GIVEAWAY,2026-07-16,0,0,0,0.0,Bluetooth Keyboard,GENERAL_REUSE
IMP007213,A007213,U0575,SWAP,2026-06-13,1,0,540,0.36,Bluetooth Keyboard,GENERAL_REUSE
IMP007214,A007214,U0217,SWAP,2025-11-13,1,0,143,0.26,Safety Goggles,GENERAL_REUSE
IMP007215,A007215,U0789,BORROW,2026-06-09,1,21,742,0.33,Headphones,GENERAL_REUSE
IMP007216,A007216,U0236,GIVEAWAY,2025-10-14,1,0,1368,0.76,Python Programming Book,GENERAL_REUSE
IMP007217,A007217,U0299,BORROW,2026-02-17,1,5,870,0.6,Vernier Caliper,GENERAL_REUSE
IMP007218,A007218,U0442,BORROW,2025-12-30,1,5,570,0.6,Digital Multimeter,GENERAL_REUSE
IMP007219,A007219,U0495,BORROW,2026-06-26,1,5,430,0.41,Python Programming Book,GENERAL_REUSE
IMP007220,A007220,U0604,BORROW,2025-12-18,1,10,414,0.69,Power Bank,GENERAL_REUSE
IMP007221,A007221,U0492,SWAP,2026-05-17,1,0,480,0.3,Scientific Calculator,GENERAL_REUSE
IMP007222,A007222,U0739,GIVEAWAY,2026-04-21,1,0,320,0.4,USB Flash Drive,GENERAL_REUSE
IMP007223,A007223,U0371,BORROW,2026-05-29,1,2,224,0.56,Screwdriver Set,GENERAL_REUSE
IMP007224,A007224,U0282,BORROW,2025-09-10,1,14,540,0.54,Lab Coat,GENERAL_REUSE
IMP007225,A007225,U0259,BORROW,2025-09-21,1,7,1221,0.74,Mechanical Drawing Set,GENERAL_REUSE
IMP007226,A007226,U0109,BORROW,2026-01-18,1,5,522,0.87,HDMI Cable,GENERAL_REUSE
IMP007227,A007227,U0004,BORROW,2026-07-28,1,10,136,0.39,Lab Coat,GENERAL_REUSE
IMP007228,A007228,U0751,BORROW,2026-06-16,1,7,1700,0.5,Arduino Kit,GENERAL_REUSE
IMP007229,A007229,U0255,BORROW,2026-06-27,1,21,2829,0.82,Headphones,GENERAL_REUSE
IMP007230,A007230,U0122,SWAP,2026-04-26,1,0,1944,0.54,Webcam,GENERAL_REUSE
IMP007231,A007231,U0579,BORROW,2025-12-31,1,3,1972,0.58,Webcam,GENERAL_REUSE
IMP007232,A007232,U0612,BORROW,2025-10-12,1,5,112,0.25,Ethernet Cable,GENERAL_REUSE
IMP007233,A007233,U0433,BORROW,2026-04-01,1,14,54,0.54,Graph Paper Pack,GENERAL_REUSE
IMP007234,A007234,U0806,SWAP,2025-10-20,1,0,189,0.42,Ethernet Cable,GENERAL_REUSE
IMP007235,A007235,U0228,BORROW,2026-03-28,1,7,207,0.69,Breadboard Kit,GENERAL_REUSE
IMP007236,A007236,U0318,BORROW,2026-01-30,1,5,735,0.42,Tripod,GENERAL_REUSE
IMP007237,A007237,U0616,BORROW,2026-07-22,1,5,1132,0.73,Extension Board,GENERAL_REUSE
IMP007238,A007238,U0191,BORROW,2026-01-03,1,10,1380,0.4,External Hard Drive,GENERAL_REUSE
IMP007239,A007239,U0430,BORROW,2026-05-02,1,14,31,0.31,Graph Paper Pack,GENERAL_REUSE
IMP007240,A007240,U0133,BORROW,2026-03-13,1,7,1200,0.49,College Backpack,GENERAL_REUSE
IMP007241,A007241,U0757,BORROW,2025-12-16,1,14,792,0.72,Scientific Calculator,GENERAL_REUSE
IMP007242,A007242,U0696,SWAP,2025-12-31,1,0,234,0.52,HDMI Cable,GENERAL_REUSE
IMP007243,A007243,U0694,BORROW,2026-05-20,1,7,934,0.89,Drawing Board,GENERAL_REUSE
IMP007244,A007244,U0154,SWAP,2026-06-24,1,0,344,0.43,Textbook,GENERAL_REUSE
IMP007245,A007245,U0427,GIVEAWAY,2026-04-12,1,0,1102,0.58,College Backpack,GENERAL_REUSE
IMP007246,A007246,U0936,BORROW,2026-01-13,0,10,0,0.0,External Hard Drive,GENERAL_REUSE
IMP007247,A007247,U0548,SWAP,2026-01-08,1,0,425,0.25,Digital Multimeter,GENERAL_REUSE
IMP007248,A007248,U0590,BORROW,2025-12-09,1,21,1458,0.81,Screwdriver Set,GENERAL_REUSE
IMP007249,A007249,U0920,BORROW,2026-07-24,1,14,1131,0.78,Digital Multimeter,GENERAL_REUSE
IMP007250,A007250,U0114,BORROW,2026-01-17,1,2,736,0.64,Calculator,EDUCATIONAL
IMP007251,A007251,U0486,GIVEAWAY,2025-10-24,1,0,580,0.58,Presentation Clicker,GENERAL_REUSE
IMP007252,A007252,U0367,GIVEAWAY,2026-07-21,1,0,868,0.56,Python Programming Book,GENERAL_REUSE
IMP007253,A007253,U0147,GIVEAWAY,2025-09-21,1,0,176,0.39,HDMI Cable,GENERAL_REUSE
IMP007254,A007254,U0425,SWAP,2025-09-15,1,0,980,0.49,Bluetooth Keyboard,GENERAL_REUSE
IMP007255,A007255,U0006,BORROW,2026-06-05,1,21,731,0.43,Power Bank,GENERAL_REUSE
IMP007256,A007256,U0212,BORROW,2026-07-08,1,3,369,0.41,Power Bank,GENERAL_REUSE
IMP007257,A007257,U0822,BORROW,2026-02-05,1,5,1206,0.67,Digital Multimeter,GENERAL_REUSE
IMP007258,A007258,U0157,BORROW,2025-11-07,1,5,2368,0.74,Soldering Iron Kit,GENERAL_REUSE
IMP007259,A007259,U0986,SWAP,2025-12-03,1,0,660,0.44,Screwdriver Set,GENERAL_REUSE
IMP007260,A007260,U0512,BORROW,2025-12-17,1,14,74,0.21,Screwdriver Set,GENERAL_REUSE
IMP007261,A007261,U0403,BORROW,2026-02-04,1,2,450,0.53,Engineering Drawing Kit,GENERAL_REUSE
IMP007262,A007262,U0857,GIVEAWAY,2026-03-07,1,0,225,0.45,Ethernet Cable,GENERAL_REUSE
IMP007263,A007263,U0006,BORROW,2025-10-09,1,21,102,0.29,Desk Lamp,GENERAL_REUSE
IMP007264,A007264,U0219,BORROW,2025-10-31,1,14,891,0.54,Screwdriver Set,GENERAL_REUSE
IMP007265,A007265,U0027,SWAP,2026-05-22,1,0,1592,0.49,Soldering Iron Kit,GENERAL_REUSE
IMP007266,A007266,U0721,BORROW,2025-09-15,1,3,72,0.24,HDMI Cable,GENERAL_REUSE
IMP007267,A007267,U0406,BORROW,2025-09-11,1,7,561,0.34,Screwdriver Set,GENERAL_REUSE
IMP007268,A007268,U0059,BORROW,2026-07-14,1,10,266,0.59,Ethernet Cable,GENERAL_REUSE
IMP007269,A007269,U0819,BORROW,2025-09-21,0,2,0,0.0,Digital Multimeter,GENERAL_REUSE
IMP007270,A007270,U0906,BORROW,2026-02-17,1,5,427,0.61,USB Flash Drive,GENERAL_REUSE
IMP007271,A007271,U0036,BORROW,2025-12-13,1,5,248,0.31,Breadboard Kit,GENERAL_REUSE
IMP007272,A007272,U0775,BORROW,2026-05-04,1,21,168,0.48,Screwdriver Set,GENERAL_REUSE
IMP007273,A007273,U0666,BORROW,2025-12-10,1,21,243,0.81,Calculator,EDUCATIONAL
IMP007274,A007274,U0853,BORROW,2025-09-17,1,14,2016,0.84,Bluetooth Keyboard,GENERAL_REUSE
IMP007275,A007275,U0114,BORROW,2025-09-22,0,3,0,0.0,Breadboard Kit,GENERAL_REUSE
IMP007276,A007276,U0451,BORROW,2026-05-12,1,2,324,0.72,Safety Goggles,GENERAL_REUSE
IMP007277,A007277,U0087,BORROW,2025-11-30,1,7,770,0.77,Desk Lamp,GENERAL_REUSE
IMP007278,A007278,U0470,SWAP,2026-01-02,1,0,315,0.3,Power Bank,GENERAL_REUSE
IMP007279,A007279,U0446,BORROW,2026-07-16,1,21,477,0.53,Power Bank,GENERAL_REUSE
IMP007280,A007280,U0975,BORROW,2026-07-18,0,21,0,0.0,Python Programming Book,GENERAL_REUSE
IMP007281,A007281,U0208,BORROW,2025-11-19,1,5,512,0.41,Mechanical Drawing Set,GENERAL_REUSE
IMP007282,A007282,U0544,GIVEAWAY,2026-02-24,1,0,1155,0.7,Desk Lamp,GENERAL_REUSE
IMP007283,A007283,U0600,BORROW,2026-06-03,1,7,192,0.35,Ethernet Cable,GENERAL_REUSE
IMP007284,A007284,U0489,BORROW,2025-11-15,1,10,630,0.35,USB-C Charger,GENERAL_REUSE
IMP007285,A007285,U0401,GIVEAWAY,2025-09-03,1,0,1008,0.63,Digital Multimeter,GENERAL_REUSE
IMP007286,A007286,U0902,SWAP,2026-04-07,1,0,522,0.58,Textbook,GENERAL_REUSE
IMP007287,A007287,U0504,BORROW,2026-07-17,1,21,1708,0.61,Bluetooth Keyboard,GENERAL_REUSE
IMP007288,A007288,U0181,SWAP,2026-04-01,1,0,170,0.31,Extension Board,GENERAL_REUSE
IMP007289,A007289,U0772,SWAP,2026-04-29,1,0,1202,0.37,Webcam,GENERAL_REUSE
IMP007290,A007290,U0390,SWAP,2026-06-16,1,0,825,0.33,Webcam,GENERAL_REUSE
IMP007291,A007291,U0905,SWAP,2026-06-23,1,0,1584,0.48,Soldering Iron Kit,GENERAL_REUSE
IMP007292,A007292,U0361,GIVEAWAY,2026-07-11,1,0,446,0.81,Drawing Board,GENERAL_REUSE
IMP007293,A007293,U0398,GIVEAWAY,2025-10-13,1,0,4012,0.59,External Hard Drive,GENERAL_REUSE
IMP007294,A007294,U0108,SWAP,2025-11-08,1,0,1173,0.51,Bluetooth Keyboard,GENERAL_REUSE
IMP007295,A007295,U0529,GIVEAWAY,2026-03-24,1,0,1863,0.81,Engineering Drawing Kit,GENERAL_REUSE
IMP007296,A007296,U0542,BORROW,2026-01-08,1,14,1242,0.71,USB-C Charger,GENERAL_REUSE
IMP007297,A007297,U0103,BORROW,2026-03-10,1,7,729,0.54,Bluetooth Keyboard,GENERAL_REUSE
IMP007298,A007298,U0217,SWAP,2026-07-01,1,0,396,0.33,USB Flash Drive,GENERAL_REUSE
IMP007299,A007299,U0913,GIVEAWAY,2026-06-01,1,0,999,0.74,Calculator,EDUCATIONAL
IMP007300,A007300,U0790,BORROW,2025-11-14,1,10,1435,0.82,Desk Lamp,GENERAL_REUSE
IMP007301,A007301,U0372,SWAP,2025-09-02,1,0,362,0.25,Power Bank,GENERAL_REUSE
IMP007302,A007302,U0176,BORROW,2026-01-09,1,14,1360,0.4,Bluetooth Keyboard,GENERAL_REUSE
IMP007303,A007303,U0581,SWAP,2026-04-01,1,0,494,0.47,Screwdriver Set,GENERAL_REUSE
IMP007304,A007304,U0270,BORROW,2026-01-10,1,5,396,0.44,Lab Coat,GENERAL_REUSE
IMP007305,A007305,U0340,BORROW,2026-07-21,1,3,1070,0.69,Presentation Clicker,GENERAL_REUSE
IMP007306,A007306,U0994,BORROW,2025-12-29,1,2,468,0.52,USB Flash Drive,GENERAL_REUSE
IMP007307,A007307,U0597,SWAP,2025-09-10,1,0,477,0.53,USB Flash Drive,GENERAL_REUSE
IMP007308,A007308,U0816,BORROW,2026-05-06,1,10,420,0.56,Engineering Drawing Kit,GENERAL_REUSE
IMP007309,A007309,U0418,BORROW,2025-09-27,1,14,1260,0.36,Soldering Iron Kit,GENERAL_REUSE
IMP007310,A007310,U0110,GIVEAWAY,2025-10-26,1,0,3476,0.79,Vernier Caliper,GENERAL_REUSE
IMP007311,A007311,U0707,BORROW,2025-09-08,1,3,997,0.57,USB-C Charger,GENERAL_REUSE
IMP007312,A007312,U0461,SWAP,2025-12-29,1,0,658,0.47,Power Bank,GENERAL_REUSE
IMP007313,A007313,U0155,BORROW,2026-04-19,0,5,0,0.0,Textbook,GENERAL_REUSE
IMP007314,A007314,U0316,BORROW,2026-02-23,1,14,712,0.89,Screwdriver Set,GENERAL_REUSE
IMP007315,A007315,U0029,BORROW,2026-04-09,1,14,3519,0.69,Vernier Caliper,GENERAL_REUSE
IMP007316,A007316,U0775,BORROW,2026-03-21,1,10,675,0.45,Extension Board,GENERAL_REUSE
IMP007317,A007317,U0756,BORROW,2025-12-08,1,10,328,0.73,Safety Goggles,GENERAL_REUSE
IMP007318,A007318,U0972,GIVEAWAY,2026-02-04,1,0,572,0.44,Mechanical Drawing Set,GENERAL_REUSE
IMP007319,A007319,U0768,BORROW,2026-03-05,1,10,88,0.22,Ethernet Cable,GENERAL_REUSE
IMP007320,A007320,U0556,SELL,2025-11-11,1,0,636,0.53,Lab Coat,GENERAL_REUSE
IMP007321,A007321,U0122,BORROW,2026-07-27,1,14,1701,0.81,Tripod,GENERAL_REUSE
IMP007322,A007322,U0923,BORROW,2026-01-10,1,7,238,0.53,HDMI Cable,GENERAL_REUSE
IMP007323,A007323,U0822,BORROW,2026-04-19,1,3,77,0.22,Lab Coat,GENERAL_REUSE
IMP007324,A007324,U0838,SELL,2026-03-09,1,0,882,0.43,Presentation Clicker,GENERAL_REUSE
IMP007325,A007325,U0200,BORROW,2025-09-01,1,14,118,0.79,Graph Paper Pack,GENERAL_REUSE
IMP007326,A007326,U0402,SELL,2026-07-02,1,0,270,0.45,Desk Lamp,GENERAL_REUSE
IMP007327,A007327,U0460,BORROW,2026-06-09,1,2,452,0.43,Drawing Board,GENERAL_REUSE
IMP007328,A007328,U0671,SELL,2026-03-11,1,0,360,0.45,Drawing Board,GENERAL_REUSE
IMP007329,A007329,U0259,BORROW,2026-01-13,1,10,800,0.64,Presentation Clicker,GENERAL_REUSE
IMP007330,A007330,U0927,SWAP,2025-09-05,1,0,118,0.47,Breadboard Kit,GENERAL_REUSE
IMP007331,A007331,U0660,GIVEAWAY,2025-09-03,1,0,357,0.51,Safety Goggles,GENERAL_REUSE
IMP007332,A007332,U0022,SWAP,2025-11-07,1,0,222,0.37,Python Programming Book,GENERAL_REUSE
IMP007333,A007333,U0669,SELL,2026-04-11,1,0,218,0.23,Screwdriver Set,GENERAL_REUSE
IMP007334,A007334,U0129,BORROW,2025-12-23,1,5,297,0.22,Extension Board,GENERAL_REUSE
IMP007335,A007335,U0427,SWAP,2026-06-01,1,0,1815,0.55,Bluetooth Keyboard,GENERAL_REUSE
IMP007336,A007336,U0477,BORROW,2026-05-04,1,7,1168,0.73,Drawing Board,GENERAL_REUSE
IMP007337,A007337,U0192,BORROW,2025-09-30,1,10,914,0.59,Python Programming Book,GENERAL_REUSE
IMP007338,A007338,U0340,GIVEAWAY,2026-06-23,1,0,325,0.5,Safety Goggles,GENERAL_REUSE
IMP007339,A007339,U0201,GIVEAWAY,2025-09-11,1,0,1677,0.78,Scientific Calculator,GENERAL_REUSE
IMP007340,A007340,U0640,GIVEAWAY,2026-05-19,1,0,266,0.76,USB Flash Drive,GENERAL_REUSE
IMP007341,A007341,U0917,GIVEAWAY,2026-03-24,1,0,3002,0.79,External Hard Drive,GENERAL_REUSE
IMP007342,A007342,U0965,BORROW,2025-10-19,1,5,1958,0.89,Tripod,GENERAL_REUSE
IMP007343,A007343,U0398,SWAP,2025-10-30,1,0,1593,0.59,Soldering Iron Kit,GENERAL_REUSE
IMP007344,A007344,U0696,BORROW,2025-10-16,1,10,1020,0.6,Presentation Clicker,GENERAL_REUSE
IMP007345,A007345,U0104,BORROW,2026-03-17,1,2,1615,0.85,College Backpack,GENERAL_REUSE
IMP007346,A007346,U0947,BORROW,2026-05-10,1,7,1349,0.71,Soldering Iron Kit,GENERAL_REUSE
IMP007347,A007347,U0104,SELL,2026-05-23,1,0,1045,0.55,Engineering Drawing Kit,GENERAL_REUSE
IMP007348,A007348,U0675,SELL,2026-03-24,1,0,330,0.3,Digital Multimeter,GENERAL_REUSE
IMP007349,A007349,U0626,BORROW,2026-01-31,1,7,412,0.75,USB Flash Drive,GENERAL_REUSE
IMP007350,A007350,U0225,GIVEAWAY,2025-11-05,1,0,346,0.63,Python Programming Book,GENERAL_REUSE
IMP007351,A007351,U0857,BORROW,2026-03-17,1,14,760,0.38,Presentation Clicker,GENERAL_REUSE
IMP007352,A007352,U0273,SELL,2026-03-24,1,0,660,0.55,Calculator,EDUCATIONAL
IMP007353,A007353,U0328,BORROW,2025-10-25,1,21,1172,0.35,Bluetooth Keyboard,GENERAL_REUSE
IMP007354,A007354,U0942,BORROW,2026-05-22,1,10,770,0.7,Textbook,GENERAL_REUSE
IMP007355,A007355,U0621,SWAP,2026-03-10,1,0,1640,0.41,External Hard Drive,GENERAL_REUSE
IMP007356,A007356,U0423,SWAP,2026-04-16,1,0,682,0.39,Tripod,GENERAL_REUSE
IMP007357,A007357,U0238,BORROW,2026-06-10,1,2,198,0.44,Textbook,GENERAL_REUSE
IMP007358,A007358,U0595,GIVEAWAY,2025-10-12,1,0,1271,0.82,Python Programming Book,GENERAL_REUSE
IMP007359,A007359,U0421,BORROW,2025-12-26,1,2,1112,0.89,Calculator,EDUCATIONAL
IMP007360,A007360,U0745,BORROW,2026-06-15,1,21,1292,0.68,Webcam,GENERAL_REUSE
IMP007361,A007361,U0242,BORROW,2026-06-10,1,7,396,0.61,Lab Coat,GENERAL_REUSE
IMP007362,A007362,U0259,BORROW,2026-01-12,1,2,976,0.63,Scientific Calculator,GENERAL_REUSE
IMP007363,A007363,U0888,SELL,2026-02-13,1,0,130,0.26,Desk Lamp,GENERAL_REUSE
IMP007364,A007364,U0188,BORROW,2026-05-22,1,5,256,0.27,Extension Board,GENERAL_REUSE
IMP007365,A007365,U0251,BORROW,2026-07-12,1,21,838,0.67,Scientific Calculator,GENERAL_REUSE
IMP007366,A007366,U0636,SWAP,2026-01-02,1,0,4160,0.65,External Hard Drive,GENERAL_REUSE
IMP007367,A007367,U0934,GIVEAWAY,2025-11-16,1,0,810,0.6,Screwdriver Set,GENERAL_REUSE
IMP007368,A007368,U0251,BORROW,2026-01-08,0,10,0,0.0,Webcam,GENERAL_REUSE
IMP007369,A007369,U0848,SELL,2026-05-24,0,0,0,0.0,Graph Paper Pack,GENERAL_REUSE
IMP007370,A007370,U0030,BORROW,2026-02-24,1,3,120,0.2,Breadboard Kit,GENERAL_REUSE
IMP007371,A007371,U0193,GIVEAWAY,2025-09-25,1,0,399,0.42,Lab Coat,GENERAL_REUSE
IMP007372,A007372,U0260,BORROW,2026-02-08,1,14,292,0.53,Scientific Calculator,GENERAL_REUSE
IMP007373,A007373,U0474,SELL,2026-05-16,1,0,715,0.22,Arduino Kit,GENERAL_REUSE
IMP007374,A007374,U0951,SWAP,2026-04-21,1,0,38,0.38,Graph Paper Pack,GENERAL_REUSE
IMP007375,A007375,U0874,BORROW,2026-05-12,1,3,262,0.35,Engineering Drawing Kit,GENERAL_REUSE
IMP007376,A007376,U0391,BORROW,2025-10-22,1,3,434,0.79,USB Flash Drive,GENERAL_REUSE
IMP007377,A007377,U0198,BORROW,2025-09-12,1,14,682,0.62,College Backpack,GENERAL_REUSE
IMP007378,A007378,U0636,BORROW,2025-10-07,1,14,1310,0.2,External Hard Drive,GENERAL_REUSE
IMP007379,A007379,U0537,BORROW,2025-11-24,1,14,667,0.46,Digital Multimeter,GENERAL_REUSE
IMP007380,A007380,U0339,BORROW,2025-11-02,1,10,344,0.43,USB Flash Drive,GENERAL_REUSE
IMP007381,A007381,U0061,BORROW,2025-11-28,1,3,2320,0.39,Vernier Caliper,GENERAL_REUSE
IMP007382,A007382,U0021,GIVEAWAY,2026-03-06,1,0,600,0.6,Textbook,GENERAL_REUSE
IMP007383,A007383,U0323,SWAP,2025-12-09,1,0,630,0.45,USB-C Charger,GENERAL_REUSE
IMP007384,A007384,U0805,BORROW,2025-11-24,1,5,810,0.54,Headphones,GENERAL_REUSE
IMP007385,A007385,U0148,SWAP,2026-05-16,1,0,230,0.46,HDMI Cable,GENERAL_REUSE
IMP007386,A007386,U0878,BORROW,2025-09-24,1,14,2412,0.72,Soldering Iron Kit,GENERAL_REUSE
IMP007387,A007387,U0823,GIVEAWAY,2026-05-19,1,0,5031,0.78,External Hard Drive,GENERAL_REUSE
IMP007388,A007388,U0334,BORROW,2025-11-16,1,14,1275,0.85,College Backpack,GENERAL_REUSE
IMP007389,A007389,U0294,BORROW,2025-10-14,1,14,420,0.42,Mechanical Drawing Set,GENERAL_REUSE
IMP007390,A007390,U0855,BORROW,2026-07-28,1,3,412,0.75,Presentation Clicker,GENERAL_REUSE
IMP007391,A007391,U0643,BORROW,2025-09-16,1,21,413,0.59,Desk Lamp,GENERAL_REUSE
IMP007392,A007392,U0244,GIVEAWAY,2025-12-27,1,0,252,0.63,USB Flash Drive,GENERAL_REUSE
IMP007393,A007393,U0279,GIVEAWAY,2025-10-27,1,0,2516,0.74,Arduino Kit,GENERAL_REUSE
IMP007394,A007394,U0680,SWAP,2026-02-14,1,0,598,0.52,Calculator,EDUCATIONAL
IMP007395,A007395,U0313,GIVEAWAY,2026-02-19,1,0,1022,0.73,USB-C Charger,GENERAL_REUSE
IMP007396,A007396,U0221,BORROW,2025-09-09,1,3,380,0.33,Soldering Iron Kit,GENERAL_REUSE
IMP007397,A007397,U0992,BORROW,2026-06-22,1,21,4089,0.87,External Hard Drive,GENERAL_REUSE
IMP007398,A007398,U0528,BORROW,2025-10-04,1,3,750,0.79,Calculator,EDUCATIONAL
IMP007399,A007399,U0077,SWAP,2026-07-20,1,0,357,0.51,HDMI Cable,GENERAL_REUSE
IMP007400,A007400,U0654,SWAP,2026-05-13,1,0,744,0.62,Calculator,EDUCATIONAL
IMP007401,A007401,U0642,BORROW,2026-02-17,1,5,344,0.53,USB Flash Drive,GENERAL_REUSE
IMP007402,A007402,U0107,GIVEAWAY,2026-04-15,1,0,754,0.52,Extension Board,GENERAL_REUSE
IMP007403,A007403,U0651,GIVEAWAY,2026-01-31,1,0,522,0.55,Mechanical Drawing Set,GENERAL_REUSE
IMP007404,A007404,U0302,SWAP,2025-09-06,1,0,864,0.36,USB-C Charger,GENERAL_REUSE
IMP007405,A007405,U0731,SWAP,2025-12-14,1,0,143,0.26,Python Programming Book,GENERAL_REUSE
IMP007406,A007406,U0283,SELL,2025-12-27,1,0,140,0.35,Ethernet Cable,GENERAL_REUSE
IMP007407,A007407,U0108,BORROW,2026-04-23,1,10,840,0.84,Webcam,GENERAL_REUSE
IMP007408,A007408,U0113,BORROW,2026-02-15,1,2,2935,0.57,External Hard Drive,GENERAL_REUSE
IMP007409,A007409,U0156,SWAP,2025-10-16,1,0,864,0.64,Engineering Drawing Kit,GENERAL_REUSE
IMP007410,A007410,U0854,GIVEAWAY,2026-03-08,1,0,82,0.41,Graph Paper Pack,GENERAL_REUSE
IMP007411,A007411,U0880,SWAP,2026-03-09,1,0,214,0.61,Extension Board,GENERAL_REUSE
IMP007412,A007412,U0517,SELL,2026-05-28,1,0,705,0.47,Bluetooth Keyboard,GENERAL_REUSE
IMP007413,A007413,U0324,SWAP,2025-10-29,1,0,1068,0.61,USB-C Charger,GENERAL_REUSE
IMP007414,A007414,U0109,GIVEAWAY,2026-01-06,1,0,740,0.4,Digital Multimeter,GENERAL_REUSE
IMP007415,A007415,U0089,SELL,2026-01-05,1,0,364,0.26,Headphones,GENERAL_REUSE
IMP007416,A007416,U0362,SWAP,2026-06-16,1,0,341,0.31,Drawing Board,GENERAL_REUSE
IMP007417,A007417,U0762,GIVEAWAY,2026-04-19,1,0,2094,0.79,Webcam,GENERAL_REUSE
IMP007418,A007418,U0143,BORROW,2026-02-22,1,7,450,0.75,Power Bank,GENERAL_REUSE
IMP007419,A007419,U0881,SWAP,2026-04-21,1,0,1736,0.28,External Hard Drive,GENERAL_REUSE
IMP007420,A007420,U0659,BORROW,2025-11-15,1,10,156,0.24,Extension Board,GENERAL_REUSE
IMP007421,A007421,U0083,SELL,2025-11-06,1,0,49,0.49,Graph Paper Pack,GENERAL_REUSE
IMP007422,A007422,U0758,SWAP,2026-01-14,1,0,1965,0.3,External Hard Drive,GENERAL_REUSE
IMP007423,A007423,U0705,SWAP,2026-05-25,1,0,540,0.54,Arduino Kit,GENERAL_REUSE
IMP007424,A007424,U0422,BORROW,2025-11-09,1,5,966,0.46,Vernier Caliper,GENERAL_REUSE
IMP007425,A007425,U0577,BORROW,2026-02-03,1,7,870,0.6,Bluetooth Keyboard,GENERAL_REUSE
IMP007426,A007426,U0017,BORROW,2026-02-19,1,3,630,0.3,Presentation Clicker,GENERAL_REUSE
IMP007427,A007427,U0777,GIVEAWAY,2025-09-30,1,0,1971,0.73,College Backpack,GENERAL_REUSE
IMP007428,A007428,U0738,SWAP,2026-04-01,1,0,1248,0.39,Headphones,GENERAL_REUSE
IMP007429,A007429,U0842,BORROW,2025-10-17,1,3,390,0.41,Power Bank,GENERAL_REUSE
IMP007430,A007430,U0225,GIVEAWAY,2026-06-19,1,0,108,0.72,Graph Paper Pack,GENERAL_REUSE
IMP007431,A007431,U0098,GIVEAWAY,2026-02-16,1,0,779,0.38,College Backpack,GENERAL_REUSE
IMP007432,A007432,U0072,SELL,2025-09-05,1,0,368,0.32,Arduino Kit,GENERAL_REUSE
IMP007433,A007433,U0241,SELL,2026-05-05,1,0,1202,0.37,Vernier Caliper,GENERAL_REUSE
IMP007434,A007434,U0911,SWAP,2026-07-05,1,0,427,0.61,Presentation Clicker,GENERAL_REUSE
IMP007435,A007435,U0682,SWAP,2026-05-04,1,0,488,0.61,Drawing Board,GENERAL_REUSE
IMP007436,A007436,U0297,BORROW,2025-09-25,1,21,1430,0.44,Arduino Kit,GENERAL_REUSE
IMP007437,A007437,U0471,BORROW,2026-02-25,1,21,420,0.42,Desk Lamp,GENERAL_REUSE
IMP007438,A007438,U0471,GIVEAWAY,2026-04-16,1,0,630,0.45,Digital Multimeter,GENERAL_REUSE
IMP007439,A007439,U0943,SELL,2025-12-20,1,0,1056,0.48,Soldering Iron Kit,GENERAL_REUSE
IMP007440,A007440,U0915,SWAP,2025-10-04,1,0,560,0.56,Lab Coat,GENERAL_REUSE
IMP007441,A007441,U0764,BORROW,2025-11-28,1,10,790,0.31,Headphones,GENERAL_REUSE
IMP007442,A007442,U0485,BORROW,2025-11-03,1,21,312,0.52,HDMI Cable,GENERAL_REUSE
IMP007443,A007443,U0976,SWAP,2025-10-07,1,0,697,0.41,Tripod,GENERAL_REUSE
IMP007444,A007444,U0624,BORROW,2025-11-22,1,2,1484,0.56,Bluetooth Keyboard,GENERAL_REUSE
IMP007445,A007445,U0292,SELL,2026-01-12,1,0,262,0.35,Screwdriver Set,GENERAL_REUSE
IMP007446,A007446,U0778,SWAP,2025-10-09,1,0,532,0.28,Scientific Calculator,GENERAL_REUSE
IMP007447,A007447,U0630,SWAP,2025-09-02,0,0,0,0.0,Calculator,EDUCATIONAL
IMP007448,A007448,U0242,SWAP,2025-09-12,1,0,414,0.46,Lab Coat,GENERAL_REUSE
IMP007449,A007449,U0832,BORROW,2025-12-06,1,5,600,0.48,Power Bank,GENERAL_REUSE
IMP007450,A007450,U0600,SELL,2025-09-13,1,0,1082,0.21,Vernier Caliper,GENERAL_REUSE
IMP007451,A007451,U0622,BORROW,2026-06-23,1,14,779,0.38,Engineering Drawing Kit,GENERAL_REUSE
IMP007452,A007452,U0808,BORROW,2025-12-08,1,5,248,0.62,Desk Lamp,GENERAL_REUSE
IMP007453,A007453,U0604,BORROW,2026-04-25,1,7,224,0.32,Extension Board,GENERAL_REUSE
IMP007454,A007454,U0817,BORROW,2026-05-03,1,7,408,0.68,USB Flash Drive,GENERAL_REUSE
IMP007455,A007455,U0730,SWAP,2026-03-14,1,0,276,0.29,Webcam,GENERAL_REUSE
IMP007456,A007456,U0907,BORROW,2025-11-04,1,10,700,0.4,Screwdriver Set,GENERAL_REUSE
IMP007457,A007457,U0811,SWAP,2026-04-06,1,0,682,0.39,Arduino Kit,GENERAL_REUSE
IMP007458,A007458,U0072,GIVEAWAY,2025-09-11,1,0,648,0.72,Presentation Clicker,GENERAL_REUSE
IMP007459,A007459,U0292,BORROW,2026-04-01,1,21,600,0.4,Arduino Kit,GENERAL_REUSE
IMP007460,A007460,U0303,BORROW,2025-10-14,0,10,0,0.0,Mechanical Drawing Set,GENERAL_REUSE
IMP007461,A007461,U0187,BORROW,2025-11-30,1,7,760,0.76,Tripod,GENERAL_REUSE
IMP007462,A007462,U0356,GIVEAWAY,2025-10-25,1,0,1235,0.65,Presentation Clicker,GENERAL_REUSE
IMP007463,A007463,U0225,SELL,2025-11-20,1,0,520,0.4,Soldering Iron Kit,GENERAL_REUSE
IMP007464,A007464,U0057,GIVEAWAY,2026-02-07,1,0,480,0.48,Drawing Board,GENERAL_REUSE
IMP007465,A007465,U0492,GIVEAWAY,2025-10-19,1,0,415,0.83,Safety Goggles,GENERAL_REUSE
IMP007466,A007466,U0917,BORROW,2026-06-15,1,5,312,0.48,Calculator,EDUCATIONAL
IMP007467,A007467,U0734,SELL,2026-04-04,1,0,611,0.47,College Backpack,GENERAL_REUSE
IMP007468,A007468,U0924,BORROW,2026-01-05,1,21,546,0.78,Textbook,GENERAL_REUSE
IMP007469,A007469,U0563,GIVEAWAY,2025-09-25,1,0,1845,0.82,Headphones,GENERAL_REUSE
IMP007470,A007470,U0839,SELL,2025-09-05,1,0,1809,0.54,Arduino Kit,GENERAL_REUSE
IMP007471,A007471,U0662,BORROW,2026-02-22,1,21,833,0.49,Drawing Board,GENERAL_REUSE
IMP007472,A007472,U0320,GIVEAWAY,2026-06-30,1,0,1370,0.83,Screwdriver Set,GENERAL_REUSE
IMP007473,A007473,U0505,BORROW,2026-02-17,1,14,1245,0.83,USB-C Charger,GENERAL_REUSE
IMP007474,A007474,U0032,BORROW,2025-11-24,1,21,912,0.73,Screwdriver Set,GENERAL_REUSE
IMP007475,A007475,U0635,SELL,2026-04-25,1,0,3190,0.55,Vernier Caliper,GENERAL_REUSE
IMP007476,A007476,U0953,BORROW,2025-11-01,1,7,425,0.25,USB-C Charger,GENERAL_REUSE
IMP007477,A007477,U0431,SWAP,2026-05-01,1,0,280,0.33,Python Programming Book,GENERAL_REUSE
IMP007478,A007478,U0012,GIVEAWAY,2026-03-26,0,0,0,0.0,Extension Board,GENERAL_REUSE
IMP007479,A007479,U0623,GIVEAWAY,2026-02-26,1,0,1146,0.79,Bluetooth Keyboard,GENERAL_REUSE
IMP007480,A007480,U0766,BORROW,2026-05-19,1,3,1110,0.6,Mechanical Drawing Set,GENERAL_REUSE
IMP007481,A007481,U0421,GIVEAWAY,2025-10-11,1,0,663,0.78,Desk Lamp,GENERAL_REUSE
IMP007482,A007482,U0218,GIVEAWAY,2026-07-07,1,0,656,0.69,Mechanical Drawing Set,GENERAL_REUSE
IMP007483,A007483,U0785,GIVEAWAY,2026-06-15,1,0,949,0.73,College Backpack,GENERAL_REUSE
IMP007484,A007484,U0768,BORROW,2026-05-21,1,5,306,0.36,Digital Multimeter,GENERAL_REUSE
IMP007485,A007485,U0380,BORROW,2026-01-26,1,14,220,0.21,Presentation Clicker,GENERAL_REUSE
IMP007486,A007486,U0929,GIVEAWAY,2026-06-01,1,0,1794,0.78,Bluetooth Keyboard,GENERAL_REUSE
IMP007487,A007487,U0346,BORROW,2026-01-14,0,3,0,0.0,College Backpack,GENERAL_REUSE
IMP007488,A007488,U0662,BORROW,2025-10-24,1,3,504,0.84,Breadboard Kit,GENERAL_REUSE
IMP007489,A007489,U0438,GIVEAWAY,2026-07-20,1,0,2082,0.49,Vernier Caliper,GENERAL_REUSE
IMP007490,A007490,U0152,SWAP,2026-01-28,1,0,1340,0.47,External Hard Drive,GENERAL_REUSE
IMP007491,A007491,U0250,BORROW,2026-01-10,1,5,50,0.25,HDMI Cable,GENERAL_REUSE
IMP007492,A007492,U0746,BORROW,2025-10-29,1,10,490,0.89,Drawing Board,GENERAL_REUSE
IMP007493,A007493,U0030,BORROW,2026-02-17,1,21,1436,0.87,Screwdriver Set,GENERAL_REUSE
IMP007494,A007494,U0325,BORROW,2026-06-04,1,10,284,0.27,Mechanical Drawing Set,GENERAL_REUSE
IMP007495,A007495,U0958,BORROW,2025-10-08,1,14,462,0.66,Textbook,GENERAL_REUSE
IMP007496,A007496,U0063,BORROW,2026-07-07,1,5,212,0.85,Safety Goggles,GENERAL_REUSE
IMP007497,A007497,U0841,SELL,2026-02-17,1,0,374,0.34,Python Programming Book,GENERAL_REUSE
IMP007498,A007498,U0342,SWAP,2026-03-10,1,0,235,0.47,HDMI Cable,GENERAL_REUSE
IMP007499,A007499,U0201,BORROW,2025-10-01,0,3,0,0.0,Graph Paper Pack,GENERAL_REUSE
IMP007500,A007500,U0512,BORROW,2025-12-09,1,5,1658,0.85,Mechanical Drawing Set,GENERAL_REUSE
IMP007501,A007501,U0422,SWAP,2026-02-04,1,0,520,0.65,Engineering Drawing Kit,GENERAL_REUSE
IMP007502,A007502,U0638,SELL,2026-02-11,1,0,120,0.3,Ethernet Cable,GENERAL_REUSE
IMP007503,A007503,U0220,GIVEAWAY,2026-01-20,1,0,378,0.54,Soldering Iron Kit,GENERAL_REUSE
IMP007504,A007504,U0736,BORROW,2026-03-06,1,14,680,0.68,Drawing Board,GENERAL_REUSE
IMP007505,A007505,U0045,SWAP,2026-03-11,1,0,1664,0.52,Vernier Caliper,GENERAL_REUSE
IMP007506,A007506,U0521,SWAP,2026-01-15,1,0,338,0.25,Screwdriver Set,GENERAL_REUSE
IMP007507,A007507,U0175,BORROW,2025-12-04,1,14,424,0.77,Extension Board,GENERAL_REUSE
IMP007508,A007508,U0535,BORROW,2026-06-26,1,21,575,0.5,Extension Board,GENERAL_REUSE
IMP007509,A007509,U0159,BORROW,2026-02-22,1,7,140,0.31,Ethernet Cable,GENERAL_REUSE
IMP007510,A007510,U0202,BORROW,2026-07-22,1,14,864,0.64,USB-C Charger,GENERAL_REUSE
IMP007511,A007511,U0472,SELL,2026-06-21,1,0,864,0.54,Mechanical Drawing Set,GENERAL_REUSE
IMP007512,A007512,U0359,SWAP,2026-01-21,1,0,76,0.38,Graph Paper Pack,GENERAL_REUSE
IMP007513,A007513,U0585,BORROW,2025-12-03,1,5,288,0.25,Drawing Board,GENERAL_REUSE
IMP007514,A007514,U0333,SWAP,2026-05-23,1,0,1265,0.55,Scientific Calculator,GENERAL_REUSE
IMP007515,A007515,U0498,GIVEAWAY,2026-04-23,1,0,270,0.54,Mechanical Drawing Set,GENERAL_REUSE
IMP007516,A007516,U0472,SELL,2025-09-23,1,0,212,0.53,Textbook,GENERAL_REUSE
IMP007517,A007517,U0609,BORROW,2025-10-14,1,2,765,0.85,Calculator,EDUCATIONAL
IMP007518,A007518,U0930,SELL,2026-03-03,1,0,338,0.52,Screwdriver Set,GENERAL_REUSE
IMP007519,A007519,U0310,BORROW,2026-03-16,1,3,1577,0.83,Digital Multimeter,GENERAL_REUSE
IMP007520,A007520,U0749,BORROW,2026-07-26,1,3,188,0.29,Drawing Board,GENERAL_REUSE
IMP007521,A007521,U0768,SWAP,2026-01-19,1,0,882,0.41,Bluetooth Keyboard,GENERAL_REUSE
IMP007522,A007522,U0583,BORROW,2026-04-14,1,3,427,0.57,Breadboard Kit,GENERAL_REUSE
IMP007523,A007523,U0155,BORROW,2025-12-18,1,2,170,0.85,HDMI Cable,GENERAL_REUSE
IMP007524,A007524,U0289,SELL,2025-11-02,1,0,644,0.33,Digital Multimeter,GENERAL_REUSE
IMP007525,A007525,U0784,BORROW,2026-02-02,1,14,1221,0.74,Screwdriver Set,GENERAL_REUSE
IMP007526,A007526,U0374,BORROW,2025-12-24,1,5,1357,0.59,Scientific Calculator,GENERAL_REUSE
IMP007527,A007527,U0059,SWAP,2025-11-20,0,0,0,0.0,College Backpack,GENERAL_REUSE
IMP007528,A007528,U0726,BORROW,2026-04-02,1,3,609,0.29,Digital Multimeter,GENERAL_REUSE
IMP007529,A007529,U0638,SWAP,2026-01-08,1,0,459,0.51,Arduino Kit,GENERAL_REUSE
IMP007530,A007530,U0639,BORROW,2026-07-07,0,10,0,0.0,Engineering Drawing Kit,GENERAL_REUSE
IMP007531,A007531,U0995,BORROW,2025-09-24,1,3,800,0.8,USB Flash Drive,GENERAL_REUSE
IMP007532,A007532,U0629,BORROW,2025-09-12,1,21,150,0.23,Textbook,GENERAL_REUSE
IMP007533,A007533,U0734,SWAP,2025-09-24,1,0,513,0.27,USB-C Charger,GENERAL_REUSE
IMP007534,A007534,U0054,SWAP,2025-12-05,1,0,1292,0.63,Vernier Caliper,GENERAL_REUSE
IMP007535,A007535,U0481,BORROW,2025-10-27,0,21,0,0.0,USB Flash Drive,GENERAL_REUSE
IMP007536,A007536,U0660,GIVEAWAY,2026-05-04,1,0,2850,0.6,Vernier Caliper,GENERAL_REUSE
IMP007537,A007537,U0033,GIVEAWAY,2026-03-24,1,0,364,0.56,HDMI Cable,GENERAL_REUSE
IMP007538,A007538,U0385,BORROW,2026-07-21,1,7,2940,0.7,Webcam,GENERAL_REUSE
IMP007539,A007539,U0570,BORROW,2026-05-28,1,5,972,0.72,Engineering Drawing Kit,GENERAL_REUSE
IMP007540,A007540,U0055,BORROW,2026-02-02,1,14,252,0.28,Textbook,GENERAL_REUSE
IMP007541,A007541,U0894,SWAP,2025-11-07,1,0,640,0.4,Desk Lamp,GENERAL_REUSE
IMP007542,A007542,U0742,BORROW,2026-04-16,1,10,480,0.64,Desk Lamp,GENERAL_REUSE
IMP007543,A007543,U0883,GIVEAWAY,2025-12-05,1,0,375,0.5,Mechanical Drawing Set,GENERAL_REUSE
IMP007544,A007544,U0380,SWAP,2025-09-24,1,0,232,0.31,Drawing Board,GENERAL_REUSE
IMP007545,A007545,U0871,GIVEAWAY,2026-03-24,1,0,2774,0.73,External Hard Drive,GENERAL_REUSE
IMP007546,A007546,U0955,SWAP,2026-01-27,0,0,0,0.0,Scientific Calculator,GENERAL_REUSE
IMP007547,A007547,U0030,BORROW,2025-11-17,1,21,1512,0.84,Tripod,GENERAL_REUSE
IMP007548,A007548,U0821,SWAP,2026-05-26,0,0,0,0.0,Bluetooth Keyboard,GENERAL_REUSE
IMP007549,A007549,U0731,SWAP,2025-11-05,1,0,682,0.44,Screwdriver Set,GENERAL_REUSE
IMP007550,A007550,U0013,SELL,2026-07-04,1,0,357,0.21,Bluetooth Keyboard,GENERAL_REUSE
IMP007551,A007551,U0824,BORROW,2026-03-22,1,2,292,0.39,Power Bank,GENERAL_REUSE
IMP007552,A007552,U0944,BORROW,2025-09-23,1,21,493,0.34,Engineering Drawing Kit,GENERAL_REUSE
IMP007553,A007553,U0894,BORROW,2026-05-14,1,7,1012,0.44,Scientific Calculator,GENERAL_REUSE
IMP007554,A007554,U0365,SWAP,2025-11-09,1,0,1836,0.51,Webcam,GENERAL_REUSE
IMP007555,A007555,U0811,GIVEAWAY,2026-06-04,1,0,1404,0.78,Webcam,GENERAL_REUSE
IMP007556,A007556,U0610,BORROW,2025-09-22,1,3,1734,0.68,Arduino Kit,GENERAL_REUSE
IMP007557,A007557,U0024,SELL,2026-01-31,1,0,688,0.51,Screwdriver Set,GENERAL_REUSE
IMP007558,A007558,U0227,GIVEAWAY,2025-12-21,1,0,415,0.83,Breadboard Kit,GENERAL_REUSE
IMP007559,A007559,U0890,SWAP,2026-04-01,1,0,770,0.44,Calculator,EDUCATIONAL
IMP007560,A007560,U0602,GIVEAWAY,2026-04-19,1,0,1148,0.41,Soldering Iron Kit,GENERAL_REUSE
IMP007561,A007561,U0565,BORROW,2026-04-25,1,7,168,0.84,HDMI Cable,GENERAL_REUSE
IMP007562,A007562,U0396,BORROW,2025-12-05,1,7,744,0.62,Mechanical Drawing Set,GENERAL_REUSE
IMP007563,A007563,U0445,BORROW,2025-10-11,1,5,1066,0.79,Presentation Clicker,GENERAL_REUSE
IMP007564,A007564,U0796,BORROW,2026-07-17,1,2,264,0.23,Lab Coat,GENERAL_REUSE
IMP007565,A007565,U0944,BORROW,2026-01-24,1,3,316,0.79,Lab Coat,GENERAL_REUSE
IMP007566,A007566,U0006,SWAP,2025-11-17,1,0,935,0.55,USB-C Charger,GENERAL_REUSE
IMP007567,A007567,U0344,BORROW,2026-02-26,1,14,387,0.86,Ethernet Cable,GENERAL_REUSE
IMP007568,A007568,U0336,BORROW,2025-10-05,1,10,126,0.84,Graph Paper Pack,GENERAL_REUSE
IMP007569,A007569,U0792,SELL,2026-04-05,0,0,0,0.0,Vernier Caliper,GENERAL_REUSE
IMP007570,A007570,U0692,BORROW,2025-12-12,1,21,402,0.35,Presentation Clicker,GENERAL_REUSE
IMP007571,A007571,U0273,BORROW,2025-09-21,0,14,0,0.0,Tripod,GENERAL_REUSE
IMP007572,A007572,U0314,BORROW,2026-03-24,1,7,189,0.42,Desk Lamp,GENERAL_REUSE
IMP007573,A007573,U0411,SWAP,2026-07-13,0,0,0,0.0,Power Bank,GENERAL_REUSE
IMP007574,A007574,U0450,BORROW,2026-02-25,1,7,444,0.74,Desk Lamp,GENERAL_REUSE
IMP007575,A007575,U0678,BORROW,2026-04-22,1,5,1210,0.55,Digital Multimeter,GENERAL_REUSE
IMP007576,A007576,U0966,BORROW,2026-02-23,1,7,315,0.7,Breadboard Kit,GENERAL_REUSE
IMP007577,A007577,U0392,BORROW,2026-03-15,1,7,666,0.37,Python Programming Book,GENERAL_REUSE
IMP007578,A007578,U0438,BORROW,2026-02-27,1,5,198,0.33,Textbook,GENERAL_REUSE
IMP007579,A007579,U0150,BORROW,2026-05-30,1,5,150,0.5,Breadboard Kit,GENERAL_REUSE
IMP007580,A007580,U0109,SELL,2025-09-18,1,0,506,0.22,Tripod,GENERAL_REUSE
IMP007581,A007581,U0285,SELL,2026-07-07,1,0,78,0.52,HDMI Cable,GENERAL_REUSE
IMP007582,A007582,U0399,BORROW,2026-03-11,1,14,1012,0.88,Desk Lamp,GENERAL_REUSE
IMP007583,A007583,U0539,BORROW,2026-05-19,1,21,608,0.76,Drawing Board,GENERAL_REUSE
IMP007584,A007584,U0574,SWAP,2025-11-15,1,0,1550,0.62,External Hard Drive,GENERAL_REUSE
IMP007585,A007585,U0449,GIVEAWAY,2026-04-17,0,0,0,0.0,College Backpack,GENERAL_REUSE
IMP007586,A007586,U0461,SWAP,2026-06-13,1,0,562,0.45,Python Programming Book,GENERAL_REUSE
IMP007587,A007587,U0008,SWAP,2025-11-12,1,0,437,0.46,Drawing Board,GENERAL_REUSE
IMP007588,A007588,U0732,GIVEAWAY,2026-04-20,1,0,2138,0.75,External Hard Drive,GENERAL_REUSE
IMP007589,A007589,U0304,SWAP,2026-07-16,1,0,972,0.54,Scientific Calculator,GENERAL_REUSE
IMP007590,A007590,U0685,BORROW,2026-05-07,1,5,258,0.47,Desk Lamp,GENERAL_REUSE
IMP007591,A007591,U0746,SWAP,2025-10-03,1,0,875,0.5,Screwdriver Set,GENERAL_REUSE
IMP007592,A007592,U0288,SELL,2026-06-11,1,0,405,0.45,Scientific Calculator,GENERAL_REUSE
IMP007593,A007593,U0703,SWAP,2026-02-28,1,0,342,0.38,Screwdriver Set,GENERAL_REUSE
IMP007594,A007594,U0440,SELL,2026-04-18,1,0,117,0.26,Safety Goggles,GENERAL_REUSE
IMP007595,A007595,U0101,SWAP,2025-10-05,1,0,464,0.29,Mechanical Drawing Set,GENERAL_REUSE
IMP007596,A007596,U0252,GIVEAWAY,2025-09-29,1,0,752,0.43,Bluetooth Keyboard,GENERAL_REUSE
IMP007597,A007597,U0296,SWAP,2025-09-17,0,0,0,0.0,Safety Goggles,GENERAL_REUSE
IMP007598,A007598,U0099,BORROW,2026-04-25,1,5,255,0.3,Desk Lamp,GENERAL_REUSE
IMP007599,A007599,U0602,BORROW,2026-05-10,1,21,265,0.53,Safety Goggles,GENERAL_REUSE
IMP007600,A007600,U0364,BORROW,2026-03-15,1,14,886,0.77,Arduino Kit,GENERAL_REUSE
IMP007601,A007601,U0192,BORROW,2026-07-17,1,3,264,0.48,Ethernet Cable,GENERAL_REUSE
IMP007602,A007602,U0129,BORROW,2026-07-12,1,21,675,0.9,Mechanical Drawing Set,GENERAL_REUSE
IMP007603,A007603,U0644,BORROW,2026-04-02,1,7,790,0.79,Lab Coat,GENERAL_REUSE
IMP007604,A007604,U0842,BORROW,2026-05-04,1,3,362,0.25,Engineering Drawing Kit,GENERAL_REUSE
IMP007605,A007605,U0328,SWAP,2025-09-08,1,0,583,0.53,Presentation Clicker,GENERAL_REUSE
IMP007606,A007606,U0066,BORROW,2026-05-06,1,3,1658,0.65,Bluetooth Keyboard,GENERAL_REUSE
IMP007607,A007607,U0325,GIVEAWAY,2025-09-28,1,0,612,0.68,Engineering Drawing Kit,GENERAL_REUSE
IMP007608,A007608,U0905,SELL,2025-11-06,1,0,44,0.44,Graph Paper Pack,GENERAL_REUSE
IMP007609,A007609,U0050,SWAP,2025-12-04,1,0,598,0.52,Drawing Board,GENERAL_REUSE
IMP007610,A007610,U0007,BORROW,2025-11-22,1,10,432,0.32,Scientific Calculator,GENERAL_REUSE
IMP007611,A007611,U0410,BORROW,2025-12-05,1,21,616,0.56,Calculator,EDUCATIONAL
IMP007612,A007612,U0416,SWAP,2026-03-01,1,0,609,0.29,Power Bank,GENERAL_REUSE
IMP007613,A007613,U0123,SWAP,2026-07-06,1,0,1107,0.41,Bluetooth Keyboard,GENERAL_REUSE
IMP007614,A007614,U0299,BORROW,2026-04-06,1,5,1260,0.9,Extension Board,GENERAL_REUSE
IMP007615,A007615,U0507,GIVEAWAY,2025-09-06,1,0,135,0.54,HDMI Cable,GENERAL_REUSE
IMP007616,A007616,U0349,BORROW,2026-07-09,1,3,273,0.26,Python Programming Book,GENERAL_REUSE
IMP007617,A007617,U0865,SWAP,2026-06-28,1,0,1012,0.45,Scientific Calculator,GENERAL_REUSE
IMP007618,A007618,U0758,BORROW,2026-05-08,1,21,356,0.79,USB Flash Drive,GENERAL_REUSE
IMP007619,A007619,U0877,BORROW,2026-07-19,1,10,825,0.66,Bluetooth Keyboard,GENERAL_REUSE
IMP007620,A007620,U0118,BORROW,2025-09-06,1,3,390,0.41,Webcam,GENERAL_REUSE
IMP007621,A007621,U0614,GIVEAWAY,2025-10-30,1,0,420,0.84,College Backpack,GENERAL_REUSE
IMP007622,A007622,U0033,GIVEAWAY,2026-04-15,1,0,506,0.44,Arduino Kit,GENERAL_REUSE
IMP007623,A007623,U0347,BORROW,2025-10-09,1,21,2112,0.66,Vernier Caliper,GENERAL_REUSE
IMP007624,A007624,U0162,BORROW,2026-01-23,1,2,608,0.64,Python Programming Book,GENERAL_REUSE
IMP007625,A007625,U0498,BORROW,2025-10-20,1,21,399,0.57,Desk Lamp,GENERAL_REUSE
IMP007626,A007626,U0493,SWAP,2026-05-06,1,0,528,0.48,Power Bank,GENERAL_REUSE
IMP007627,A007627,U0914,GIVEAWAY,2026-01-19,0,0,0,0.0,Power Bank,GENERAL_REUSE
IMP007628,A007628,U0879,GIVEAWAY,2026-06-18,1,0,686,0.49,Engineering Drawing Kit,GENERAL_REUSE
IMP007629,A007629,U0822,SWAP,2026-01-23,1,0,536,0.51,Drawing Board,GENERAL_REUSE
IMP007630,A007630,U0524,SWAP,2025-11-15,1,0,110,0.44,Ethernet Cable,GENERAL_REUSE
IMP007631,A007631,U0925,SWAP,2026-02-19,1,0,992,0.62,Python Programming Book,GENERAL_REUSE
IMP007632,A007632,U0356,SELL,2025-10-22,1,0,423,0.47,Scientific Calculator,GENERAL_REUSE
IMP007633,A007633,U0186,SWAP,2026-06-03,1,0,870,0.47,Engineering Drawing Kit,GENERAL_REUSE
IMP007634,A007634,U0076,GIVEAWAY,2026-05-14,1,0,588,0.56,Scientific Calculator,GENERAL_REUSE
IMP007635,A007635,U0333,BORROW,2026-02-05,1,21,1926,0.36,External Hard Drive,GENERAL_REUSE
IMP007636,A007636,U0574,GIVEAWAY,2025-10-26,1,0,199,0.57,Lab Coat,GENERAL_REUSE
IMP007637,A007637,U0449,BORROW,2025-10-26,1,5,352,0.47,Mechanical Drawing Set,GENERAL_REUSE
IMP007638,A007638,U0404,BORROW,2025-10-08,1,7,1368,0.72,Digital Multimeter,GENERAL_REUSE
IMP007639,A007639,U0026,BORROW,2025-12-22,1,10,330,0.44,Breadboard Kit,GENERAL_REUSE
IMP007640,A007640,U0134,BORROW,2026-05-14,1,10,275,0.25,Python Programming Book,GENERAL_REUSE
IMP007641,A007641,U0379,GIVEAWAY,2025-10-03,1,0,1422,0.79,College Backpack,GENERAL_REUSE
IMP007642,A007642,U0747,BORROW,2026-04-28,1,14,816,0.48,Drawing Board,GENERAL_REUSE
IMP007643,A007643,U0037,BORROW,2025-12-02,1,5,892,0.51,Arduino Kit,GENERAL_REUSE
IMP007644,A007644,U0427,SWAP,2025-12-14,1,0,671,0.61,Scientific Calculator,GENERAL_REUSE
IMP007645,A007645,U0815,GIVEAWAY,2026-05-02,1,0,1023,0.62,Python Programming Book,GENERAL_REUSE
IMP007646,A007646,U0627,BORROW,2025-10-20,1,3,1640,0.8,Mechanical Drawing Set,GENERAL_REUSE
IMP007647,A007647,U0283,BORROW,2026-04-14,1,5,458,0.61,HDMI Cable,GENERAL_REUSE
IMP007648,A007648,U0263,BORROW,2026-05-04,1,2,1040,0.52,Power Bank,GENERAL_REUSE
IMP007649,A007649,U0037,SWAP,2025-12-04,1,0,170,0.31,Tripod,GENERAL_REUSE
IMP007650,A007650,U0212,BORROW,2026-03-13,1,21,398,0.53,USB-C Charger,GENERAL_REUSE
IMP007651,A007651,U0107,SWAP,2026-04-01,1,0,506,0.46,USB-C Charger,GENERAL_REUSE
IMP007652,A007652,U0993,SELL,2026-03-14,1,0,1365,0.35,Webcam,GENERAL_REUSE
IMP007653,A007653,U0724,GIVEAWAY,2026-05-26,1,0,198,0.66,Screwdriver Set,GENERAL_REUSE
IMP007654,A007654,U0646,BORROW,2026-04-28,1,5,264,0.88,USB Flash Drive,GENERAL_REUSE
IMP007655,A007655,U0136,SWAP,2026-07-12,1,0,1160,0.58,Headphones,GENERAL_REUSE
IMP007656,A007656,U0045,BORROW,2026-03-26,0,14,0,0.0,Drawing Board,GENERAL_REUSE
IMP007657,A007657,U0192,BORROW,2025-09-17,1,14,84,0.28,HDMI Cable,GENERAL_REUSE
IMP007658,A007658,U0004,BORROW,2026-07-25,1,10,994,0.51,Scientific Calculator,GENERAL_REUSE
IMP007659,A007659,U0930,SWAP,2026-05-09,1,0,138,0.25,Textbook,GENERAL_REUSE
IMP007660,A007660,U0763,GIVEAWAY,2026-02-16,1,0,675,0.75,USB Flash Drive,GENERAL_REUSE
IMP007661,A007661,U0957,SWAP,2025-11-28,1,0,378,0.42,Lab Coat,GENERAL_REUSE
IMP007662,A007662,U0823,GIVEAWAY,2026-03-05,1,0,3367,0.74,External Hard Drive,GENERAL_REUSE
IMP007663,A007663,U0841,BORROW,2026-03-10,1,3,210,0.28,Drawing Board,GENERAL_REUSE
IMP007664,A007664,U0187,GIVEAWAY,2026-03-06,1,0,580,0.4,Screwdriver Set,GENERAL_REUSE
IMP007665,A007665,U0149,SWAP,2025-09-03,1,0,494,0.47,Python Programming Book,GENERAL_REUSE
IMP007666,A007666,U0008,SWAP,2026-02-15,1,0,375,0.3,Desk Lamp,GENERAL_REUSE
IMP007667,A007667,U0430,BORROW,2026-04-06,1,7,570,0.57,USB-C Charger,GENERAL_REUSE
IMP007668,A007668,U0236,BORROW,2025-10-16,1,21,320,0.32,Lab Coat,GENERAL_REUSE
IMP007669,A007669,U0747,BORROW,2026-04-23,1,2,2346,0.69,Bluetooth Keyboard,GENERAL_REUSE
IMP007670,A007670,U0143,BORROW,2026-03-20,1,3,324,0.54,Ethernet Cable,GENERAL_REUSE
IMP007671,A007671,U0998,GIVEAWAY,2025-10-05,1,0,210,0.6,Lab Coat,GENERAL_REUSE
IMP007672,A007672,U0282,SWAP,2026-05-20,1,0,840,0.48,Engineering Drawing Kit,GENERAL_REUSE
IMP007673,A007673,U0199,BORROW,2026-03-02,1,7,288,0.25,Desk Lamp,GENERAL_REUSE
IMP007674,A007674,U0591,GIVEAWAY,2026-05-01,0,0,0,0.0,Engineering Drawing Kit,GENERAL_REUSE
IMP007675,A007675,U0794,GIVEAWAY,2025-10-13,1,0,651,0.42,Digital Multimeter,GENERAL_REUSE
IMP007676,A007676,U0164,BORROW,2025-11-23,1,14,488,0.75,Safety Goggles,GENERAL_REUSE
IMP007677,A007677,U0134,SWAP,2026-06-29,1,0,196,0.49,Breadboard Kit,GENERAL_REUSE
IMP007678,A007678,U0666,BORROW,2026-04-04,1,3,555,0.37,Screwdriver Set,GENERAL_REUSE
IMP007679,A007679,U0967,BORROW,2026-03-20,1,3,4326,0.84,External Hard Drive,GENERAL_REUSE
IMP007680,A007680,U0493,GIVEAWAY,2025-12-09,1,0,72,0.48,Graph Paper Pack,GENERAL_REUSE
IMP007681,A007681,U0980,GIVEAWAY,2026-03-18,1,0,1036,0.74,Python Programming Book,GENERAL_REUSE
IMP007682,A007682,U0755,BORROW,2026-03-13,1,21,164,0.82,Breadboard Kit,GENERAL_REUSE
IMP007683,A007683,U0406,SWAP,2025-12-06,1,0,266,0.41,Lab Coat,GENERAL_REUSE
IMP007684,A007684,U0842,BORROW,2025-09-02,1,21,136,0.68,Safety Goggles,GENERAL_REUSE
IMP007685,A007685,U0459,BORROW,2025-12-26,1,3,994,0.51,Power Bank,GENERAL_REUSE
IMP007686,A007686,U0449,BORROW,2025-09-20,1,10,1118,0.86,Python Programming Book,GENERAL_REUSE
IMP007687,A007687,U0993,BORROW,2025-12-17,1,5,1368,0.72,Digital Multimeter,GENERAL_REUSE
IMP007688,A007688,U0962,BORROW,2025-10-27,1,21,590,0.59,Extension Board,GENERAL_REUSE
IMP007689,A007689,U0553,BORROW,2025-09-14,0,2,0,0.0,Tripod,GENERAL_REUSE
IMP007690,A007690,U0969,SWAP,2025-10-08,1,0,168,0.28,Safety Goggles,GENERAL_REUSE
IMP007691,A007691,U0604,BORROW,2026-07-13,1,14,945,0.7,College Backpack,GENERAL_REUSE
IMP007692,A007692,U0714,SWAP,2026-07-05,0,0,0,0.0,Textbook,GENERAL_REUSE
IMP007693,A007693,U0639,GIVEAWAY,2026-07-04,1,0,47,0.47,Graph Paper Pack,GENERAL_REUSE
IMP007694,A007694,U0659,GIVEAWAY,2025-11-25,1,0,1870,0.85,Soldering Iron Kit,GENERAL_REUSE
IMP007695,A007695,U0873,SELL,2025-11-12,1,0,490,0.35,Screwdriver Set,GENERAL_REUSE
IMP007696,A007696,U0090,GIVEAWAY,2026-04-20,1,0,1107,0.54,Presentation Clicker,GENERAL_REUSE
IMP007697,A007697,U0442,BORROW,2025-12-05,1,21,390,0.65,Mechanical Drawing Set,GENERAL_REUSE
IMP007698,A007698,U0665,BORROW,2025-11-20,1,21,1395,0.9,Mechanical Drawing Set,GENERAL_REUSE
IMP007699,A007699,U0954,SELL,2026-01-01,1,0,540,0.36,Presentation Clicker,GENERAL_REUSE
IMP007700,A007700,U0266,BORROW,2025-11-21,1,5,180,0.4,Ethernet Cable,GENERAL_REUSE
IMP007701,A007701,U0381,SELL,2026-07-13,1,0,486,0.36,Headphones,GENERAL_REUSE
IMP007702,A007702,U0557,BORROW,2026-03-22,0,2,0,0.0,Textbook,GENERAL_REUSE
IMP007703,A007703,U0630,BORROW,2026-04-02,1,14,2303,0.49,External Hard Drive,GENERAL_REUSE
IMP007704,A007704,U0425,SWAP,2025-10-09,1,0,1536,0.32,External Hard Drive,GENERAL_REUSE
IMP007705,A007705,U0019,SELL,2025-09-14,1,0,84,0.24,Safety Goggles,GENERAL_REUSE
IMP007706,A007706,U0877,GIVEAWAY,2026-06-14,0,0,0,0.0,Presentation Clicker,GENERAL_REUSE
IMP007707,A007707,U0232,SWAP,2026-07-04,1,0,1974,0.42,Vernier Caliper,GENERAL_REUSE
IMP007708,A007708,U0164,GIVEAWAY,2025-11-18,0,0,0,0.0,Breadboard Kit,GENERAL_REUSE
IMP007709,A007709,U0103,BORROW,2026-04-24,1,10,333,0.74,Breadboard Kit,GENERAL_REUSE
IMP007710,A007710,U0064,SELL,2026-06-25,1,0,214,0.33,HDMI Cable,GENERAL_REUSE
IMP007711,A007711,U0063,BORROW,2025-11-02,1,3,504,0.53,Power Bank,GENERAL_REUSE
IMP007712,A007712,U0330,GIVEAWAY,2025-10-02,1,0,171,0.38,Python Programming Book,GENERAL_REUSE
IMP007713,A007713,U0458,BORROW,2026-03-15,1,10,1204,0.43,Soldering Iron Kit,GENERAL_REUSE
IMP007714,A007714,U0091,SWAP,2025-12-18,1,0,280,0.33,Calculator,EDUCATIONAL
IMP007715,A007715,U0512,BORROW,2026-07-10,1,5,420,0.7,Drawing Board,GENERAL_REUSE
IMP007716,A007716,U0394,SWAP,2026-04-27,1,0,285,0.38,Scientific Calculator,GENERAL_REUSE
IMP007717,A007717,U0354,BORROW,2026-02-09,1,7,450,0.45,Python Programming Book,GENERAL_REUSE
IMP007718,A007718,U0970,GIVEAWAY,2026-05-23,1,0,300,0.5,Drawing Board,GENERAL_REUSE
IMP007719,A007719,U0744,BORROW,2025-10-01,1,7,819,0.78,Textbook,GENERAL_REUSE
IMP007720,A007720,U0095,BORROW,2026-07-13,1,7,668,0.89,Breadboard Kit,GENERAL_REUSE
IMP007721,A007721,U0275,BORROW,2026-04-02,1,3,1312,0.82,Scientific Calculator,GENERAL_REUSE
IMP007722,A007722,U0425,SWAP,2026-03-26,1,0,1102,0.63,Tripod,GENERAL_REUSE
IMP007723,A007723,U0584,BORROW,2026-05-10,1,21,210,0.42,HDMI Cable,GENERAL_REUSE
IMP007724,A007724,U0885,BORROW,2026-02-21,1,14,118,0.59,Graph Paper Pack,GENERAL_REUSE
IMP007725,A007725,U0551,SWAP,2026-05-07,1,0,1168,0.57,Mechanical Drawing Set,GENERAL_REUSE
IMP007726,A007726,U0213,BORROW,2025-12-26,1,14,816,0.48,Presentation Clicker,GENERAL_REUSE
IMP007727,A007727,U0592,BORROW,2025-09-11,1,5,440,0.2,Mechanical Drawing Set,GENERAL_REUSE
IMP007728,A007728,U0181,BORROW,2025-10-16,1,14,961,0.62,Python Programming Book,GENERAL_REUSE
IMP007729,A007729,U0562,BORROW,2026-01-02,1,10,828,0.72,Power Bank,GENERAL_REUSE
IMP007730,A007730,U0062,GIVEAWAY,2026-06-22,1,0,1276,0.44,College Backpack,GENERAL_REUSE
IMP007731,A007731,U0416,BORROW,2026-07-06,0,10,0,0.0,HDMI Cable,GENERAL_REUSE
IMP007732,A007732,U0520,BORROW,2025-11-17,0,3,0,0.0,Safety Goggles,GENERAL_REUSE
IMP007733,A007733,U0482,BORROW,2025-12-05,1,21,570,0.38,Power Bank,GENERAL_REUSE
IMP007734,A007734,U0857,SWAP,2026-05-10,1,0,935,0.34,Vernier Caliper,GENERAL_REUSE
IMP007735,A007735,U0031,GIVEAWAY,2026-02-12,1,0,1024,0.64,Soldering Iron Kit,GENERAL_REUSE
IMP007736,A007736,U0229,GIVEAWAY,2026-06-11,1,0,646,0.68,Digital Multimeter,GENERAL_REUSE
IMP007737,A007737,U0169,GIVEAWAY,2026-05-26,1,0,1120,0.64,Screwdriver Set,GENERAL_REUSE
IMP007738,A007738,U0670,BORROW,2026-04-21,1,5,737,0.67,Digital Multimeter,GENERAL_REUSE
IMP007739,A007739,U0073,BORROW,2026-02-23,1,14,627,0.38,Headphones,GENERAL_REUSE
IMP007740,A007740,U0970,BORROW,2026-05-26,1,2,440,0.55,Extension Board,GENERAL_REUSE
IMP007741,A007741,U0604,SELL,2026-01-06,1,0,104,0.23,Breadboard Kit,GENERAL_REUSE
IMP007742,A007742,U0395,SWAP,2026-04-28,1,0,406,0.28,Python Programming Book,GENERAL_REUSE
IMP007743,A007743,U0493,BORROW,2026-06-08,0,21,0,0.0,Drawing Board,GENERAL_REUSE
IMP007744,A007744,U0656,SWAP,2026-07-11,1,0,91,0.26,USB Flash Drive,GENERAL_REUSE
IMP007745,A007745,U0018,BORROW,2025-10-07,1,21,398,0.53,Power Bank,GENERAL_REUSE
IMP007746,A007746,U0939,BORROW,2026-05-06,1,5,500,0.5,Tripod,GENERAL_REUSE
IMP007747,A007747,U0930,BORROW,2025-09-13,1,5,1562,0.71,Power Bank,GENERAL_REUSE
IMP007748,A007748,U0476,SWAP,2025-09-12,1,0,494,0.26,Arduino Kit,GENERAL_REUSE
IMP007749,A007749,U0516,BORROW,2025-10-06,1,5,448,0.69,HDMI Cable,GENERAL_REUSE
IMP007750,A007750,U0197,SWAP,2026-02-03,1,0,956,0.39,Headphones,GENERAL_REUSE
IMP007751,A007751,U0712,BORROW,2026-01-07,1,10,525,0.35,Scientific Calculator,GENERAL_REUSE
IMP007752,A007752,U0070,BORROW,2026-03-20,1,3,442,0.59,Engineering Drawing Kit,GENERAL_REUSE
IMP007753,A007753,U0840,SWAP,2026-07-08,1,0,169,0.26,Lab Coat,GENERAL_REUSE
IMP007754,A007754,U0463,GIVEAWAY,2026-04-18,1,0,305,0.61,Safety Goggles,GENERAL_REUSE
IMP007755,A007755,U0902,BORROW,2026-04-16,1,5,196,0.28,Presentation Clicker,GENERAL_REUSE
IMP007756,A007756,U0798,BORROW,2026-06-20,1,14,766,0.73,Extension Board,GENERAL_REUSE
IMP007757,A007757,U0807,SWAP,2026-04-15,0,0,0,0.0,Desk Lamp,GENERAL_REUSE
IMP007758,A007758,U0743,SWAP,2026-06-07,1,0,144,0.36,Desk Lamp,GENERAL_REUSE
IMP007759,A007759,U0427,BORROW,2026-05-02,1,2,2025,0.81,Bluetooth Keyboard,GENERAL_REUSE
IMP007760,A007760,U0587,BORROW,2026-03-08,1,14,718,0.35,Engineering Drawing Kit,GENERAL_REUSE
IMP007761,A007761,U0749,GIVEAWAY,2025-10-22,1,0,385,0.77,USB Flash Drive,GENERAL_REUSE
IMP007762,A007762,U0419,SWAP,2026-01-24,1,0,2204,0.58,External Hard Drive,GENERAL_REUSE
IMP007763,A007763,U0895,SWAP,2026-05-11,1,0,696,0.48,Vernier Caliper,GENERAL_REUSE
IMP007764,A007764,U0396,BORROW,2025-12-25,1,7,133,0.38,Lab Coat,GENERAL_REUSE
IMP007765,A007765,U0066,BORROW,2026-01-12,1,2,196,0.23,Extension Board,GENERAL_REUSE
IMP007766,A007766,U0375,BORROW,2026-02-23,1,14,891,0.33,College Backpack,GENERAL_REUSE
IMP007767,A007767,U0765,SWAP,2026-05-20,1,0,1110,0.37,Webcam,GENERAL_REUSE
IMP007768,A007768,U0889,SELL,2025-11-23,1,0,288,0.23,Calculator,EDUCATIONAL
IMP007769,A007769,U0240,BORROW,2025-09-23,1,5,250,0.25,Textbook,GENERAL_REUSE
IMP007770,A007770,U0665,BORROW,2026-06-17,1,2,462,0.28,Desk Lamp,GENERAL_REUSE
IMP007771,A007771,U0734,SWAP,2025-09-10,0,0,0,0.0,Power Bank,GENERAL_REUSE
IMP007772,A007772,U0494,BORROW,2025-11-09,1,3,980,0.35,Soldering Iron Kit,GENERAL_REUSE
IMP007773,A007773,U0361,SWAP,2026-05-31,1,0,252,0.42,Digital Multimeter,GENERAL_REUSE
IMP007774,A007774,U0254,SWAP,2025-09-08,1,0,1708,0.61,Soldering Iron Kit,GENERAL_REUSE
IMP007775,A007775,U0201,SELL,2026-02-01,1,0,512,0.32,College Backpack,GENERAL_REUSE
IMP007776,A007776,U0158,BORROW,2026-01-13,1,2,1218,0.84,Power Bank,GENERAL_REUSE
IMP007777,A007777,U0453,GIVEAWAY,2026-06-19,1,0,1845,0.41,Vernier Caliper,GENERAL_REUSE
IMP007778,A007778,U0093,SWAP,2025-10-10,1,0,728,0.31,Engineering Drawing Kit,GENERAL_REUSE
IMP007779,A007779,U0730,GIVEAWAY,2025-11-01,1,0,354,0.59,Textbook,GENERAL_REUSE
IMP007780,A007780,U0978,SELL,2026-07-01,1,0,110,0.2,Ethernet Cable,GENERAL_REUSE
IMP007781,A007781,U0665,SELL,2026-06-27,1,0,100,0.25,Lab Coat,GENERAL_REUSE
IMP007782,A007782,U0952,BORROW,2026-04-25,1,10,1080,0.54,Headphones,GENERAL_REUSE
IMP007783,A007783,U0151,SWAP,2025-11-11,1,0,225,0.5,Safety Goggles,GENERAL_REUSE
IMP007784,A007784,U0971,BORROW,2026-03-28,1,21,516,0.43,Power Bank,GENERAL_REUSE
IMP007785,A007785,U0216,SWAP,2025-10-12,1,0,512,0.32,Digital Multimeter,GENERAL_REUSE
IMP007786,A007786,U0333,BORROW,2026-04-17,1,10,1248,0.26,External Hard Drive,GENERAL_REUSE
IMP007787,A007787,U0158,GIVEAWAY,2025-10-27,1,0,2338,0.55,Webcam,GENERAL_REUSE
IMP007788,A007788,U0082,BORROW,2025-12-23,1,21,871,0.26,Headphones,GENERAL_REUSE
IMP007789,A007789,U0641,SWAP,2026-06-27,1,0,190,0.38,Engineering Drawing Kit,GENERAL_REUSE
IMP007790,A007790,U0551,SWAP,2026-05-01,1,0,286,0.52,Lab Coat,GENERAL_REUSE
IMP007791,A007791,U0086,BORROW,2025-12-14,1,10,462,0.33,College Backpack,GENERAL_REUSE
IMP007792,A007792,U0755,BORROW,2025-11-08,1,10,688,0.55,Bluetooth Keyboard,GENERAL_REUSE
IMP007793,A007793,U0876,SWAP,2026-02-19,1,0,413,0.55,Desk Lamp,GENERAL_REUSE
IMP007794,A007794,U0288,BORROW,2026-06-07,1,3,2010,0.6,Arduino Kit,GENERAL_REUSE
IMP007795,A007795,U0382,BORROW,2026-05-09,1,2,2318,0.38,External Hard Drive,GENERAL_REUSE
IMP007796,A007796,U0874,GIVEAWAY,2026-04-15,1,0,2847,0.73,External Hard Drive,GENERAL_REUSE
IMP007797,A007797,U0019,BORROW,2026-02-02,1,7,552,0.85,Desk Lamp,GENERAL_REUSE
IMP007798,A007798,U0423,SWAP,2025-10-05,0,0,0,0.0,Desk Lamp,GENERAL_REUSE
IMP007799,A007799,U0729,SELL,2025-12-14,1,0,2576,0.46,External Hard Drive,GENERAL_REUSE
IMP007800,A007800,U0868,GIVEAWAY,2025-09-27,1,0,276,0.46,Presentation Clicker,GENERAL_REUSE
IMP007801,A007801,U0396,SWAP,2025-10-12,1,0,446,0.33,Headphones,GENERAL_REUSE
IMP007802,A007802,U0814,BORROW,2026-07-07,1,21,600,0.4,Tripod,GENERAL_REUSE
IMP007803,A007803,U0326,SWAP,2025-10-05,1,0,462,0.33,Desk Lamp,GENERAL_REUSE
IMP007804,A007804,U0651,SWAP,2026-06-27,1,0,156,0.26,Drawing Board,GENERAL_REUSE
IMP007805,A007805,U0504,BORROW,2025-10-25,1,10,1075,0.86,Calculator,EDUCATIONAL
IMP007806,A007806,U0929,BORROW,2026-06-24,1,14,405,0.54,HDMI Cable,GENERAL_REUSE
IMP007807,A007807,U0106,BORROW,2026-07-26,1,7,464,0.29,Digital Multimeter,GENERAL_REUSE
IMP007808,A007808,U0567,SELL,2025-09-01,1,0,646,0.34,Mechanical Drawing Set,GENERAL_REUSE
IMP007809,A007809,U0749,BORROW,2026-05-24,1,2,540,0.4,Screwdriver Set,GENERAL_REUSE
IMP007810,A007810,U0292,BORROW,2025-12-29,1,5,165,0.66,USB Flash Drive,GENERAL_REUSE
IMP007811,A007811,U0651,BORROW,2026-05-08,1,7,175,0.35,College Backpack,GENERAL_REUSE
IMP007812,A007812,U0673,SWAP,2026-01-13,1,0,351,0.26,Calculator,EDUCATIONAL
IMP007813,A007813,U0315,BORROW,2025-10-06,1,3,414,0.69,Tripod,GENERAL_REUSE
IMP007814,A007814,U0613,SWAP,2026-03-07,1,0,212,0.25,Presentation Clicker,GENERAL_REUSE
IMP007815,A007815,U0237,BORROW,2025-12-11,1,2,448,0.23,Engineering Drawing Kit,GENERAL_REUSE
IMP007816,A007816,U0125,BORROW,2026-01-21,1,2,925,0.74,Screwdriver Set,GENERAL_REUSE
IMP007817,A007817,U0535,BORROW,2025-11-14,1,5,566,0.39,Mechanical Drawing Set,GENERAL_REUSE
IMP007818,A007818,U0442,GIVEAWAY,2026-02-06,1,0,816,0.68,USB Flash Drive,GENERAL_REUSE
IMP007819,A007819,U0842,SWAP,2025-10-30,1,0,414,0.36,Lab Coat,GENERAL_REUSE
IMP007820,A007820,U0876,BORROW,2026-03-24,1,2,405,0.81,Engineering Drawing Kit,GENERAL_REUSE
IMP007821,A007821,U0675,BORROW,2025-11-22,1,14,209,0.22,Presentation Clicker,GENERAL_REUSE
IMP007822,A007822,U0308,SWAP,2025-10-28,1,0,550,0.44,Headphones,GENERAL_REUSE
IMP007823,A007823,U0117,BORROW,2026-02-20,1,5,1376,0.86,Webcam,GENERAL_REUSE
IMP007824,A007824,U0948,BORROW,2025-11-03,1,7,689,0.53,Mechanical Drawing Set,GENERAL_REUSE
IMP007825,A007825,U0159,BORROW,2025-12-18,1,14,528,0.32,Tripod,GENERAL_REUSE
IMP007826,A007826,U0552,GIVEAWAY,2026-03-14,1,0,1340,0.67,Power Bank,GENERAL_REUSE
IMP007827,A007827,U0875,SWAP,2026-04-12,1,0,800,0.64,Power Bank,GENERAL_REUSE
IMP007828,A007828,U0297,BORROW,2026-07-27,1,7,630,0.84,Digital Multimeter,GENERAL_REUSE
IMP007829,A007829,U0710,SWAP,2026-01-16,1,0,442,0.52,Bluetooth Keyboard,GENERAL_REUSE
IMP007830,A007830,U0925,BORROW,2025-12-10,1,3,540,0.54,Calculator,EDUCATIONAL
IMP007831,A007831,U0223,SELL,2025-11-13,1,0,561,0.51,College Backpack,GENERAL_REUSE
IMP007832,A007832,U0219,BORROW,2025-10-11,1,2,649,0.59,Mechanical Drawing Set,GENERAL_REUSE
IMP007833,A007833,U0949,BORROW,2026-03-12,1,7,1079,0.83,Tripod,GENERAL_REUSE
IMP007834,A007834,U0474,SWAP,2026-02-22,1,0,377,0.58,Safety Goggles,GENERAL_REUSE
IMP007835,A007835,U0858,BORROW,2025-10-16,1,10,204,0.37,Ethernet Cable,GENERAL_REUSE
IMP007836,A007836,U0525,GIVEAWAY,2026-06-24,0,0,0,0.0,External Hard Drive,GENERAL_REUSE
IMP007837,A007837,U0851,SWAP,2026-01-22,1,0,216,0.36,Calculator,EDUCATIONAL
IMP007838,A007838,U0597,SELL,2026-06-24,1,0,693,0.33,Mechanical Drawing Set,GENERAL_REUSE
IMP007839,A007839,U0452,BORROW,2026-05-29,1,2,690,0.6,Lab Coat,GENERAL_REUSE
IMP007840,A007840,U0877,BORROW,2025-09-03,1,2,284,0.63,Safety Goggles,GENERAL_REUSE
IMP007841,A007841,U0381,GIVEAWAY,2026-04-28,1,0,1617,0.42,Webcam,GENERAL_REUSE
IMP007842,A007842,U0384,SWAP,2025-09-06,1,0,370,0.57,HDMI Cable,GENERAL_REUSE
IMP007843,A007843,U0569,BORROW,2026-02-20,1,21,3494,0.51,External Hard Drive,GENERAL_REUSE
IMP007844,A007844,U0376,SWAP,2025-09-24,1,0,741,0.38,Presentation Clicker,GENERAL_REUSE
IMP007845,A007845,U0888,SWAP,2025-11-29,1,0,438,0.25,Drawing Board,GENERAL_REUSE
IMP007846,A007846,U0781,BORROW,2025-10-06,1,3,598,0.46,Soldering Iron Kit,GENERAL_REUSE
IMP007847,A007847,U0736,SWAP,2026-01-07,1,0,196,0.28,Presentation Clicker,GENERAL_REUSE
IMP007848,A007848,U0865,SWAP,2026-03-19,1,0,189,0.27,Engineering Drawing Kit,GENERAL_REUSE
IMP007849,A007849,U0300,BORROW,2026-07-12,1,14,196,0.49,Breadboard Kit,GENERAL_REUSE
IMP007850,A007850,U0362,GIVEAWAY,2026-06-21,1,0,2772,0.84,Vernier Caliper,GENERAL_REUSE
IMP007851,A007851,U0310,BORROW,2026-01-05,1,3,286,0.26,Power Bank,GENERAL_REUSE
IMP007852,A007852,U0127,SWAP,2025-12-15,1,0,2614,0.63,Webcam,GENERAL_REUSE
IMP007853,A007853,U0013,GIVEAWAY,2026-07-12,1,0,66,0.44,Graph Paper Pack,GENERAL_REUSE
IMP007854,A007854,U0568,BORROW,2026-07-05,1,21,539,0.77,Textbook,GENERAL_REUSE
IMP007855,A007855,U0938,BORROW,2026-06-11,1,14,472,0.59,Textbook,GENERAL_REUSE
IMP007856,A007856,U0753,BORROW,2026-02-13,1,5,262,0.35,Engineering Drawing Kit,GENERAL_REUSE
IMP007857,A007857,U0408,GIVEAWAY,2026-02-26,1,0,1908,0.72,Arduino Kit,GENERAL_REUSE
IMP007858,A007858,U0203,BORROW,2026-04-21,1,10,1140,0.43,College Backpack,GENERAL_REUSE
IMP007859,A007859,U0131,BORROW,2026-02-25,1,14,810,0.6,Headphones,GENERAL_REUSE
IMP007860,A007860,U0037,SWAP,2025-09-29,1,0,2394,0.42,External Hard Drive,GENERAL_REUSE
IMP007861,A007861,U0128,BORROW,2026-04-10,1,2,522,0.87,Desk Lamp,GENERAL_REUSE
IMP007862,A007862,U0354,SWAP,2025-10-13,1,0,366,0.61,Textbook,GENERAL_REUSE
IMP007863,A007863,U0120,BORROW,2025-11-09,1,2,938,0.67,USB-C Charger,GENERAL_REUSE
IMP007864,A007864,U0742,BORROW,2026-04-04,1,5,390,0.78,Extension Board,GENERAL_REUSE
IMP007865,A007865,U0929,BORROW,2025-12-25,1,14,956,0.39,Headphones,GENERAL_REUSE
IMP007866,A007866,U0850,SWAP,2025-10-19,1,0,500,0.5,Calculator,EDUCATIONAL
IMP007867,A007867,U0651,BORROW,2026-03-23,1,2,630,0.42,Presentation Clicker,GENERAL_REUSE
IMP007868,A007868,U0123,GIVEAWAY,2025-10-11,1,0,1683,0.66,Arduino Kit,GENERAL_REUSE
IMP007869,A007869,U0918,BORROW,2026-07-11,1,5,666,0.37,Soldering Iron Kit,GENERAL_REUSE
IMP007870,A007870,U0289,BORROW,2026-05-08,1,10,142,0.57,Safety Goggles,GENERAL_REUSE
IMP007871,A007871,U0597,SELL,2026-01-13,1,0,396,0.24,Drawing Board,GENERAL_REUSE
IMP007872,A007872,U0507,BORROW,2025-12-17,1,7,1440,0.8,Headphones,GENERAL_REUSE
IMP007873,A007873,U0204,GIVEAWAY,2025-12-15,0,0,0,0.0,Safety Goggles,GENERAL_REUSE
IMP007874,A007874,U0882,BORROW,2025-12-04,1,10,670,0.67,Bluetooth Keyboard,GENERAL_REUSE
IMP007875,A007875,U0990,BORROW,2026-04-04,1,10,735,0.49,Bluetooth Keyboard,GENERAL_REUSE
IMP007876,A007876,U0650,SELL,2026-05-28,1,0,154,0.22,Lab Coat,GENERAL_REUSE
IMP007877,A007877,U0475,BORROW,2025-12-11,1,14,1496,0.73,Mechanical Drawing Set,GENERAL_REUSE
IMP007878,A007878,U0798,BORROW,2026-03-22,1,3,1274,0.52,USB-C Charger,GENERAL_REUSE
IMP007879,A007879,U0701,SELL,2026-06-27,1,0,380,0.33,Calculator,EDUCATIONAL
IMP007880,A007880,U0949,BORROW,2026-02-09,1,10,462,0.71,HDMI Cable,GENERAL_REUSE
IMP007881,A007881,U0022,BORROW,2026-03-17,1,3,612,0.34,Webcam,GENERAL_REUSE
IMP007882,A007882,U0462,GIVEAWAY,2026-07-11,1,0,176,0.44,Lab Coat,GENERAL_REUSE
IMP007883,A007883,U0430,SELL,2026-03-30,1,0,120,0.3,Screwdriver Set,GENERAL_REUSE
IMP007884,A007884,U0251,BORROW,2026-05-21,1,21,1426,0.62,Vernier Caliper,GENERAL_REUSE
IMP007885,A007885,U0386,SWAP,2026-02-18,1,0,132,0.53,Ethernet Cable,GENERAL_REUSE
IMP007886,A007886,U0243,BORROW,2026-06-11,1,14,84,0.28,Safety Goggles,GENERAL_REUSE
IMP007887,A007887,U0027,SWAP,2025-10-08,1,0,93,0.31,Breadboard Kit,GENERAL_REUSE
IMP007888,A007888,U0540,BORROW,2025-12-29,1,10,1534,0.52,Headphones,GENERAL_REUSE
IMP007889,A007889,U0977,BORROW,2025-09-25,1,5,315,0.45,USB Flash Drive,GENERAL_REUSE
IMP007890,A007890,U0504,BORROW,2025-12-03,1,10,44,0.22,Ethernet Cable,GENERAL_REUSE
IMP007891,A007891,U0229,GIVEAWAY,2026-04-23,0,0,0,0.0,Digital Multimeter,GENERAL_REUSE
IMP007892,A007892,U0803,SWAP,2026-05-25,1,0,1881,0.57,Headphones,GENERAL_REUSE
IMP007893,A007893,U0481,SELL,2026-05-05,1,0,234,0.39,Drawing Board,GENERAL_REUSE
IMP007894,A007894,U0776,SWAP,2025-11-09,1,0,135,0.3,HDMI Cable,GENERAL_REUSE
IMP007895,A007895,U0020,BORROW,2026-05-19,1,14,442,0.68,USB Flash Drive,GENERAL_REUSE
IMP007896,A007896,U0730,GIVEAWAY,2026-01-02,1,0,292,0.39,Breadboard Kit,GENERAL_REUSE
IMP007897,A007897,U0849,BORROW,2026-05-15,1,7,1648,0.32,External Hard Drive,GENERAL_REUSE
IMP007898,A007898,U0052,BORROW,2026-06-09,1,21,410,0.82,Ethernet Cable,GENERAL_REUSE
IMP007899,A007899,U0067,BORROW,2025-12-08,1,7,574,0.82,Safety Goggles,GENERAL_REUSE
IMP007900,A007900,U0955,BORROW,2026-01-23,1,3,310,0.62,USB Flash Drive,GENERAL_REUSE
IMP007901,A007901,U0653,SWAP,2026-04-20,1,0,1161,0.54,Engineering Drawing Kit,GENERAL_REUSE
IMP007902,A007902,U0044,SWAP,2026-07-16,1,0,798,0.38,USB-C Charger,GENERAL_REUSE
IMP007903,A007903,U0219,SWAP,2026-01-25,1,0,555,0.37,Engineering Drawing Kit,GENERAL_REUSE
IMP007904,A007904,U0312,SWAP,2026-02-26,1,0,1386,0.44,Vernier Caliper,GENERAL_REUSE
IMP007905,A007905,U0317,BORROW,2026-05-23,1,10,1520,0.76,Webcam,GENERAL_REUSE
IMP007906,A007906,U0376,SWAP,2026-07-07,1,0,434,0.62,Safety Goggles,GENERAL_REUSE
IMP007907,A007907,U0505,BORROW,2026-07-03,1,7,1122,0.51,Arduino Kit,GENERAL_REUSE
IMP007908,A007908,U0490,GIVEAWAY,2026-04-04,1,0,480,0.6,Breadboard Kit,GENERAL_REUSE
IMP007909,A007909,U0402,SWAP,2026-01-08,1,0,462,0.42,Python Programming Book,GENERAL_REUSE
IMP007910,A007910,U0905,BORROW,2026-03-12,1,3,1110,0.74,Calculator,EDUCATIONAL
IMP007911,A007911,U0046,BORROW,2026-01-25,1,14,1541,0.67,Scientific Calculator,GENERAL_REUSE
IMP007912,A007912,U0461,SWAP,2025-09-30,1,0,62,0.62,Graph Paper Pack,GENERAL_REUSE
IMP007913,A007913,U0013,BORROW,2026-02-14,1,10,1287,0.66,USB-C Charger,GENERAL_REUSE
IMP007914,A007914,U0547,BORROW,2026-05-07,1,7,238,0.28,USB Flash Drive,GENERAL_REUSE
IMP007915,A007915,U0238,BORROW,2025-09-18,1,10,280,0.8,Extension Board,GENERAL_REUSE
IMP007916,A007916,U0036,SELL,2026-03-12,1,0,680,0.4,Drawing Board,GENERAL_REUSE
IMP007917,A007917,U0162,GIVEAWAY,2025-10-31,0,0,0,0.0,Screwdriver Set,GENERAL_REUSE
IMP007918,A007918,U0606,SELL,2025-12-16,1,0,186,0.31,Python Programming Book,GENERAL_REUSE
IMP007919,A007919,U0759,BORROW,2026-01-18,1,10,340,0.85,Ethernet Cable,GENERAL_REUSE
IMP007920,A007920,U0917,GIVEAWAY,2025-11-29,1,0,55,0.55,Graph Paper Pack,GENERAL_REUSE
IMP007921,A007921,U0483,BORROW,2026-01-19,1,10,822,0.31,Vernier Caliper,GENERAL_REUSE
IMP007922,A007922,U0301,GIVEAWAY,2026-03-12,1,0,576,0.48,College Backpack,GENERAL_REUSE
IMP007923,A007923,U0525,BORROW,2026-05-06,1,21,592,0.74,Python Programming Book,GENERAL_REUSE
IMP007924,A007924,U0097,BORROW,2026-01-21,1,10,899,0.58,Python Programming Book,GENERAL_REUSE
IMP007925,A007925,U0508,SWAP,2026-03-16,1,0,385,0.55,Extension Board,GENERAL_REUSE
IMP007926,A007926,U0712,BORROW,2025-11-28,1,10,693,0.42,Mechanical Drawing Set,GENERAL_REUSE
IMP007927,A007927,U0338,GIVEAWAY,2026-01-10,1,0,3550,0.71,External Hard Drive,GENERAL_REUSE
IMP007928,A007928,U0677,BORROW,2025-11-08,1,3,248,0.55,Breadboard Kit,GENERAL_REUSE
IMP007929,A007929,U0068,BORROW,2026-07-05,1,10,1552,0.69,Scientific Calculator,GENERAL_REUSE
IMP007930,A007930,U0278,BORROW,2026-02-15,1,21,1380,0.89,College Backpack,GENERAL_REUSE
IMP007931,A007931,U0177,GIVEAWAY,2026-04-22,1,0,1088,0.64,Drawing Board,GENERAL_REUSE
IMP007932,A007932,U0908,SWAP,2025-09-02,1,0,1209,0.39,Soldering Iron Kit,GENERAL_REUSE
IMP007933,A007933,U0005,BORROW,2026-03-04,1,2,212,0.25,Presentation Clicker,GENERAL_REUSE
IMP007934,A007934,U0315,BORROW,2025-10-25,1,10,170,0.85,Graph Paper Pack,GENERAL_REUSE
IMP007935,A007935,U0592,SELL,2025-12-22,1,0,504,0.48,Power Bank,GENERAL_REUSE
IMP007936,A007936,U0249,SWAP,2026-02-22,1,0,1032,0.59,Headphones,GENERAL_REUSE
IMP007937,A007937,U0416,BORROW,2026-01-22,1,7,333,0.74,Ethernet Cable,GENERAL_REUSE
IMP007938,A007938,U0302,SWAP,2025-11-14,1,0,1160,0.4,Vernier Caliper,GENERAL_REUSE
IMP007939,A007939,U0976,GIVEAWAY,2026-03-28,1,0,852,0.71,Soldering Iron Kit,GENERAL_REUSE
IMP007940,A007940,U0811,BORROW,2025-12-15,1,2,825,0.5,Drawing Board,GENERAL_REUSE
IMP007941,A007941,U0031,BORROW,2026-06-10,1,5,204,0.34,Lab Coat,GENERAL_REUSE
IMP007942,A007942,U0581,BORROW,2025-12-21,1,14,78,0.26,Breadboard Kit,GENERAL_REUSE
IMP007943,A007943,U0623,SWAP,2026-01-21,1,0,362,0.25,Drawing Board,GENERAL_REUSE
IMP007944,A007944,U0785,BORROW,2026-03-18,1,3,410,0.63,Safety Goggles,GENERAL_REUSE
IMP007945,A007945,U0068,GIVEAWAY,2025-11-22,0,0,0,0.0,Presentation Clicker,GENERAL_REUSE
IMP007946,A007946,U0346,BORROW,2025-10-13,1,21,1350,0.9,Engineering Drawing Kit,GENERAL_REUSE
IMP007947,A007947,U0566,GIVEAWAY,2025-11-18,1,0,176,0.44,HDMI Cable,GENERAL_REUSE
IMP007948,A007948,U0445,BORROW,2026-03-27,1,3,220,0.44,Lab Coat,GENERAL_REUSE
IMP007949,A007949,U0312,BORROW,2026-07-15,1,7,478,0.87,HDMI Cable,GENERAL_REUSE
IMP007950,A007950,U0300,SWAP,2026-02-17,1,0,342,0.57,HDMI Cable,GENERAL_REUSE
IMP007951,A007951,U0691,GIVEAWAY,2026-06-23,1,0,322,0.43,Screwdriver Set,GENERAL_REUSE
IMP007952,A007952,U0275,SELL,2026-06-03,1,0,795,0.53,College Backpack,GENERAL_REUSE
IMP007953,A007953,U0075,SWAP,2026-05-08,0,0,0,0.0,Textbook,GENERAL_REUSE
IMP007954,A007954,U0774,BORROW,2025-10-06,1,7,2848,0.85,Headphones,GENERAL_REUSE
IMP007955,A007955,U0524,SWAP,2026-06-21,1,0,360,0.3,Mechanical Drawing Set,GENERAL_REUSE
IMP007956,A007956,U0489,BORROW,2025-12-10,1,7,322,0.46,HDMI Cable,GENERAL_REUSE
IMP007957,A007957,U0547,BORROW,2025-12-06,1,10,336,0.84,Screwdriver Set,GENERAL_REUSE
IMP007958,A007958,U0172,SWAP,2025-12-26,1,0,774,0.43,Presentation Clicker,GENERAL_REUSE
IMP007959,A007959,U0564,BORROW,2025-11-01,0,2,0,0.0,Webcam,GENERAL_REUSE
IMP007960,A007960,U0499,BORROW,2025-12-09,0,7,0,0.0,External Hard Drive,GENERAL_REUSE
IMP007961,A007961,U0718,GIVEAWAY,2026-05-30,1,0,180,0.45,USB Flash Drive,GENERAL_REUSE
IMP007962,A007962,U0567,SWAP,2026-02-09,1,0,465,0.31,Tripod,GENERAL_REUSE
IMP007963,A007963,U0668,GIVEAWAY,2025-12-01,1,0,494,0.47,Drawing Board,GENERAL_REUSE
IMP007964,A007964,U0046,GIVEAWAY,2026-02-01,1,0,819,0.42,Engineering Drawing Kit,GENERAL_REUSE
IMP007965,A007965,U0223,BORROW,2025-09-07,1,3,338,0.26,Drawing Board,GENERAL_REUSE
IMP007966,A007966,U0641,SELL,2025-12-18,1,0,882,0.41,Mechanical Drawing Set,GENERAL_REUSE
IMP007967,A007967,U0472,BORROW,2026-06-12,1,21,86,0.43,Graph Paper Pack,GENERAL_REUSE
IMP007968,A007968,U0117,GIVEAWAY,2026-02-25,1,0,35,0.7,Graph Paper Pack,GENERAL_REUSE
IMP007969,A007969,U0139,BORROW,2025-10-18,1,10,625,0.5,USB-C Charger,GENERAL_REUSE
IMP007970,A007970,U0324,SWAP,2026-03-27,1,0,276,0.29,USB-C Charger,GENERAL_REUSE
IMP007971,A007971,U0708,BORROW,2025-12-18,1,14,814,0.44,Soldering Iron Kit,GENERAL_REUSE
IMP007972,A007972,U0638,BORROW,2026-06-16,1,21,1386,0.66,Tripod,GENERAL_REUSE
IMP007973,A007973,U0403,SELL,2026-03-30,1,0,514,0.49,USB Flash Drive,GENERAL_REUSE
IMP007974,A007974,U0884,SWAP,2026-02-07,1,0,108,0.43,Safety Goggles,GENERAL_REUSE
IMP007975,A007975,U0120,BORROW,2026-04-20,1,7,2244,0.68,Soldering Iron Kit,GENERAL_REUSE
IMP007976,A007976,U0038,BORROW,2026-06-06,1,3,934,0.89,USB-C Charger,GENERAL_REUSE
IMP007977,A007977,U0602,SELL,2025-09-18,1,0,220,0.49,Ethernet Cable,GENERAL_REUSE
IMP007978,A007978,U0809,GIVEAWAY,2026-05-25,0,0,0,0.0,Textbook,GENERAL_REUSE
IMP007979,A007979,U0565,BORROW,2026-02-18,0,21,0,0.0,Safety Goggles,GENERAL_REUSE
IMP007980,A007980,U0080,SELL,2026-06-14,1,0,260,0.4,Safety Goggles,GENERAL_REUSE
IMP007981,A007981,U0641,BORROW,2026-03-24,1,14,256,0.64,Calculator,EDUCATIONAL
IMP007982,A007982,U0617,SELL,2026-02-09,1,0,1782,0.44,Webcam,GENERAL_REUSE
IMP007983,A007983,U0762,BORROW,2025-09-25,1,14,230,0.46,Lab Coat,GENERAL_REUSE
IMP007984,A007984,U0971,GIVEAWAY,2026-03-06,1,0,375,0.75,USB Flash Drive,GENERAL_REUSE
IMP007985,A007985,U0177,GIVEAWAY,2026-04-22,1,0,1386,0.63,Vernier Caliper,GENERAL_REUSE
IMP007986,A007986,U0378,SWAP,2025-11-24,1,0,580,0.61,Extension Board,GENERAL_REUSE
IMP007987,A007987,U0619,GIVEAWAY,2025-11-01,1,0,803,0.73,Extension Board,GENERAL_REUSE
IMP007988,A007988,U0933,SWAP,2025-12-16,1,0,18,0.37,Graph Paper Pack,GENERAL_REUSE
IMP007989,A007989,U0805,BORROW,2025-10-23,1,7,284,0.27,Desk Lamp,GENERAL_REUSE
IMP007990,A007990,U0819,GIVEAWAY,2026-05-05,1,0,518,0.45,Power Bank,GENERAL_REUSE
IMP007991,A007991,U0778,BORROW,2025-12-07,1,2,847,0.77,Extension Board,GENERAL_REUSE
IMP007992,A007992,U0270,BORROW,2026-03-03,1,14,3225,0.86,Webcam,GENERAL_REUSE
IMP007993,A007993,U0567,BORROW,2025-12-02,1,7,273,0.78,Safety Goggles,GENERAL_REUSE
IMP007994,A007994,U0135,SWAP,2025-11-13,1,0,630,0.6,Python Programming Book,GENERAL_REUSE
IMP007995,A007995,U0061,BORROW,2025-12-17,1,7,126,0.84,Ethernet Cable,GENERAL_REUSE
IMP007996,A007996,U0171,BORROW,2026-05-15,1,2,473,0.27,Headphones,GENERAL_REUSE
IMP007997,A007997,U0871,GIVEAWAY,2025-12-15,1,0,1240,0.4,Vernier Caliper,GENERAL_REUSE
IMP007998,A007998,U0131,BORROW,2026-03-09,1,3,1479,0.87,Desk Lamp,GENERAL_REUSE
IMP007999,A007999,U0343,BORROW,2025-11-05,1,3,1260,0.63,Tripod,GENERAL_REUSE
IMP008000,A008000,U0176,SWAP,2026-06-29,1,0,560,0.56,Drawing Board,GENERAL_REUSE
