item_id,owner_user_id,title,category,item_type,brand,condition,sharing_mode,status,estimated_value_inr,listed_date,available_until,pickup_location
I00001,U0804,Bluetooth Keyboard — Logitech #0001,Accessory,Bluetooth Keyboard,Logitech,EXCELLENT,SWAP,RETURNED,2400,2026-06-08,2026-09-20,Central Library
I00002,U0690,External Hard Drive — WD #0002,Storage,External Hard Drive,WD,GOOD,GIVEAWAY,BORROWED,3650,2026-02-04,2026-05-31,Student Centre
I00003,U0648,USB-C Charger — Anker #0003,Electronics,USB-C Charger,Anker,EXCELLENT,SWAP,AVAILABLE,2150,2025-11-11,2026-05-09,Hostel Block A
I00004,U0501,Engineering Drawing Kit — Staedtler #0004,Equipment,Engineering Drawing Kit,Staedtler,FAIR,SELL,RETURNED,2000,2025-08-03,2026-01-09,Hostel Block B
I00005,U0324,Tripod — Digitek #0005,Equipment,Tripod,Digitek,FAIR,SWAP,AVAILABLE,1600,2025-09-01,2026-01-14,Hostel Block C
I00006,U0298,Digital Multimeter — Meco #0006,Lab Equipment,Digital Multimeter,Meco,GOOD,SWAP,BORROWED,1800,2026-09-08,2027-01-04,Hostel Block D
I00007,U0946,College Backpack — Wildcraft #0007,Bag,College Backpack,Wildcraft,GOOD,BORROW,AVAILABLE,1550,2025-12-09,2026-04-20,Innovation Lab
I00008,U0853,Headphones — JBL #0008,Electronics,Headphones,JBL,FAIR,BORROW,AVAILABLE,2900,2026-02-21,2026-05-14,ECE Lab
I00009,U0416,Mechanical Drawing Set — Rotring #0009,Stationery,Mechanical Drawing Set,Rotring,FAIR,SELL,AVAILABLE,1850,2025-08-13,2025-12-08,Mechanical Lab
I00010,U0205,Desk Lamp — Philips #0010,Accessory,Desk Lamp,Philips,GOOD,GIVEAWAY,INACTIVE,650,2025-09-14,2026-02-15,Architecture Studio
I00011,U0188,Textbook — Pearson #0011,Book,Textbook,Pearson,GOOD,BORROW,AVAILABLE,600,2026-06-19,2026-11-15,CS Department
I00012,U0514,USB Flash Drive — SanDisk #0012,Storage,USB Flash Drive,SanDisk,FAIR,SWAP,AVAILABLE,1050,2026-04-30,2026-10-25,Main Block
I00013,U0413,Scientific Calculator — Texas Instruments #0013,Academic,Scientific Calculator,Texas Instruments,GOOD,GIVEAWAY,AVAILABLE,1800,2026-09-11,2027-01-02,Central Library
I00014,U0023,Lab Coat — Generic #0014,Clothing,Lab Coat,Generic,GOOD,BORROW,AVAILABLE,850,2026-05-23,2026-07-19,Student Centre
I00015,U0984,Power Bank — MI #0015,Accessory,Power Bank,MI,GOOD,BORROW,AVAILABLE,1050,2026-01-20,2026-07-11,Hostel Block A
I00016,U0164,HDMI Cable — UGREEN #0016,Cable,HDMI Cable,UGREEN,EXCELLENT,SELL,RETURNED,700,2026-08-02,2026-11-10,Hostel Block B
I00017,U0021,Drawing Board — Camel #0017,Equipment,Drawing Board,Camel,GOOD,GIVEAWAY,RETURNED,1450,2026-09-02,2027-02-07,Hostel Block C
I00018,U0868,Ethernet Cable — D-Link #0018,Cable,Ethernet Cable,D-Link,GOOD,BORROW,AVAILABLE,550,2025-11-26,2026-05-22,Hostel Block D
I00019,U0572,Extension Board — Philips #0019,Electronics,Extension Board,Philips,GOOD,SELL,AVAILABLE,1600,2026-04-11,2026-08-18,Innovation Lab
I00020,U0075,Breadboard Kit — Generic #0020,Lab Equipment,Breadboard Kit,Generic,EXCELLENT,BORROW,AVAILABLE,700,2026-06-26,2026-11-28,ECE Lab
I00021,U0069,Presentation Clicker — Logitech #0021,Accessory,Presentation Clicker,Logitech,GOOD,GIVEAWAY,AVAILABLE,1150,2026-08-17,2026-12-15,Mechanical Lab
I00022,U0108,Arduino Kit — Arduino #0022,Lab Equipment,Arduino Kit,Arduino,GOOD,BORROW,AVAILABLE,1750,2026-01-25,2026-04-19,Architecture Studio
I00023,U0430,Safety Goggles — 3M #0023,Safety Equipment,Safety Goggles,3M,EXCELLENT,BORROW,BORROWED,550,2026-04-15,2026-09-18,CS Department
I00024,U0028,Webcam — Logitech #0024,Electronics,Webcam,Logitech,EXCELLENT,BORROW,RETURNED,3550,2026-08-15,2026-09-20,Main Block
I00025,U0398,Graph Paper Pack — Classmate #0025,Stationery,Graph Paper Pack,Classmate,GOOD,BORROW,AVAILABLE,150,2026-09-12,2026-12-21,Central Library
I00026,U0174,Soldering Iron Kit — Weller #0026,Lab Equipment,Soldering Iron Kit,Weller,EXCELLENT,BORROW,RETURNED,1300,2025-12-04,2026-01-16,Student Centre
I00027,U0907,Screwdriver Set — Bosch #0027,Equipment,Screwdriver Set,Bosch,EXCELLENT,GIVEAWAY,INACTIVE,1300,2025-10-08,2026-03-31,Hostel Block A
I00028,U0729,Python Programming Book — O'Reilly #0028,Book,Python Programming Book,O'Reilly,EXCELLENT,GIVEAWAY,RETURNED,1400,2026-06-10,2026-11-27,Hostel Block B
I00029,U0391,Vernier Caliper — Mitutoyo #0029,Lab Equipment,Vernier Caliper,Mitutoyo,GOOD,SWAP,AVAILABLE,2150,2026-02-20,2026-03-24,Hostel Block C
I00030,U0207,Calculator — CASIO #0030,Academic,Calculator,CASIO,GOOD,SWAP,AVAILABLE,1750,2025-10-11,2026-01-27,Hostel Block D
I00031,U0028,Bluetooth Keyboard — Logitech #0031,Accessory,Bluetooth Keyboard,Logitech,EXCELLENT,SWAP,AVAILABLE,1400,2025-08-26,2026-01-03,Innovation Lab
I00032,U0637,External Hard Drive — WD #0032,Storage,External Hard Drive,WD,GOOD,GIVEAWAY,AVAILABLE,5700,2025-08-05,2025-11-22,ECE Lab
I00033,U0889,USB-C Charger — Anker #0033,Electronics,USB-C Charger,Anker,GOOD,BORROW,AVAILABLE,550,2026-09-19,2026-11-21,Mechanical Lab
I00034,U0516,Engineering Drawing Kit — Staedtler #0034,Equipment,Engineering Drawing Kit,Staedtler,GOOD,BORROW,AVAILABLE,750,2025-12-15,2026-05-21,Architecture Studio
I00035,U0284,Tripod — Digitek #0035,Equipment,Tripod,Digitek,EXCELLENT,BORROW,AVAILABLE,2100,2026-08-09,2026-11-04,CS Department
I00036,U0472,Digital Multimeter — Meco #0036,Lab Equipment,Digital Multimeter,Meco,EXCELLENT,BORROW,AVAILABLE,950,2026-02-23,2026-03-31,Main Block
I00037,U0800,College Backpack — Wildcraft #0037,Bag,College Backpack,Wildcraft,EXCELLENT,SELL,INACTIVE,1800,2026-06-23,2026-11-22,Central Library
I00038,U0035,Headphones — JBL #0038,Electronics,Headphones,JBL,GOOD,SWAP,RESERVED,3450,2025-09-05,2026-01-30,Student Centre
I00039,U0159,Mechanical Drawing Set — Rotring #0039,Stationery,Mechanical Drawing Set,Rotring,EXCELLENT,SWAP,AVAILABLE,1250,2026-01-22,2026-05-29,Hostel Block A
I00040,U0890,Desk Lamp — Philips #0040,Accessory,Desk Lamp,Philips,NEW,BORROW,BORROWED,1700,2025-12-08,2026-04-25,Hostel Block B
I00041,U0760,Textbook — Pearson #0041,Book,Textbook,Pearson,GOOD,SWAP,RESERVED,450,2026-09-07,2026-11-27,Hostel Block C
I00042,U0587,USB Flash Drive — SanDisk #0042,Storage,USB Flash Drive,SanDisk,GOOD,SWAP,AVAILABLE,700,2025-12-07,2026-02-14,Hostel Block D
I00043,U0452,Scientific Calculator — Texas Instruments #0043,Academic,Scientific Calculator,Texas Instruments,EXCELLENT,GIVEAWAY,BORROWED,2150,2025-08-04,2025-09-04,Innovation Lab
I00044,U0540,Lab Coat — Generic #0044,Clothing,Lab Coat,Generic,FAIR,BORROW,BORROWED,300,2025-09-02,2025-11-19,ECE Lab
I00045,U0978,Power Bank — MI #0045,Accessory,Power Bank,MI,GOOD,SWAP,AVAILABLE,1050,2025-10-18,2026-04-01,Mechanical Lab
I00046,U0986,HDMI Cable — UGREEN #0046,Cable,HDMI Cable,UGREEN,GOOD,BORROW,RESERVED,700,2026-06-05,2026-11-28,Architecture Studio
I00047,U0973,Drawing Board — Camel #0047,Equipment,Drawing Board,Camel,EXCELLENT,GIVEAWAY,INACTIVE,1600,2026-06-07,2026-10-05,CS Department
I00048,U0829,Ethernet Cable — D-Link #0048,Cable,Ethernet Cable,D-Link,GOOD,GIVEAWAY,AVAILABLE,400,2026-04-05,2026-07-28,Main Block
I00049,U0926,Extension Board — Philips #0049,Electronics,Extension Board,Philips,FAIR,BORROW,INACTIVE,1250,2026-02-14,2026-04-06,Central Library
I00050,U0975,Breadboard Kit — Generic #0050,Lab Equipment,Breadboard Kit,Generic,GOOD,SWAP,AVAILABLE,500,2026-06-20,2026-08-28,Student Centre
I00051,U0522,Presentation Clicker — Logitech #0051,Accessory,Presentation Clicker,Logitech,NEW,BORROW,INACTIVE,600,2026-08-01,2027-01-01,Hostel Block A
I00052,U0429,Arduino Kit — Arduino #0052,Lab Equipment,Arduino Kit,Arduino,GOOD,BORROW,BORROWED,3150,2026-05-27,2026-10-02,Hostel Block B
I00053,U0079,Safety Goggles — 3M #0053,Safety Equipment,Safety Goggles,3M,EXCELLENT,SELL,AVAILABLE,650,2025-10-29,2025-12-22,Hostel Block C
I00054,U0642,Webcam — Logitech #0054,Electronics,Webcam,Logitech,GOOD,GIVEAWAY,RETURNED,3600,2025-08-03,2025-12-21,Hostel Block D
I00055,U0470,Graph Paper Pack — Classmate #0055,Stationery,Graph Paper Pack,Classmate,GOOD,GIVEAWAY,AVAILABLE,200,2026-07-12,2026-10-24,Innovation Lab
I00056,U0372,Soldering Iron Kit — Weller #0056,Lab Equipment,Soldering Iron Kit,Weller,FAIR,BORROW,AVAILABLE,2850,2025-08-04,2025-12-27,ECE Lab
I00057,U0393,Screwdriver Set — Bosch #0057,Equipment,Screwdriver Set,Bosch,GOOD,SELL,RETURNED,950,2025-08-31,2025-11-25,Mechanical Lab
I00058,U0935,Python Programming Book — O'Reilly #0058,Book,Python Programming Book,O'Reilly,FAIR,GIVEAWAY,RESERVED,1250,2026-01-10,2026-07-06,Architecture Studio
I00059,U0025,Vernier Caliper — Mitutoyo #0059,Lab Equipment,Vernier Caliper,Mitutoyo,GOOD,SWAP,RETURNED,1750,2026-08-22,2026-11-17,CS Department
I00060,U0945,Calculator — CASIO #0060,Academic,Calculator,CASIO,EXCELLENT,BORROW,AVAILABLE,400,2025-08-30,2025-12-14,Main Block
I00061,U0393,Bluetooth Keyboard — Logitech #0061,Accessory,Bluetooth Keyboard,Logitech,EXCELLENT,GIVEAWAY,AVAILABLE,2750,2025-11-27,2026-02-09,Central Library
I00062,U0004,External Hard Drive — WD #0062,Storage,External Hard Drive,WD,GOOD,SWAP,BORROWED,4000,2025-11-20,2025-12-29,Student Centre
I00063,U0656,USB-C Charger — Anker #0063,Electronics,USB-C Charger,Anker,EXCELLENT,BORROW,RETURNED,1250,2026-05-05,2026-10-11,Hostel Block A
I00064,U0997,Engineering Drawing Kit — Staedtler #0064,Equipment,Engineering Drawing Kit,Staedtler,GOOD,SWAP,RETURNED,1900,2026-05-12,2026-11-02,Hostel Block B
I00065,U0238,Tripod — Digitek #0065,Equipment,Tripod,Digitek,GOOD,BORROW,INACTIVE,700,2026-04-21,2026-07-28,Hostel Block C
I00066,U0680,Digital Multimeter — Meco #0066,Lab Equipment,Digital Multimeter,Meco,EXCELLENT,BORROW,RETURNED,1850,2025-12-25,2026-01-26,Hostel Block D
I00067,U0229,College Backpack — Wildcraft #0067,Bag,College Backpack,Wildcraft,FAIR,BORROW,AVAILABLE,2900,2026-06-14,2026-11-13,Innovation Lab
I00068,U0440,Headphones — JBL #0068,Electronics,Headphones,JBL,EXCELLENT,GIVEAWAY,AVAILABLE,2600,2026-08-24,2027-01-16,ECE Lab
I00069,U0460,Mechanical Drawing Set — Rotring #0069,Stationery,Mechanical Drawing Set,Rotring,GOOD,GIVEAWAY,AVAILABLE,2150,2025-12-07,2026-03-12,Mechanical Lab
I00070,U0113,Desk Lamp — Philips #0070,Accessory,Desk Lamp,Philips,GOOD,BORROW,AVAILABLE,1300,2025-10-30,2025-12-28,Architecture Studio
I00071,U0208,Textbook — Pearson #0071,Book,Textbook,Pearson,FAIR,BORROW,AVAILABLE,500,2026-06-10,2026-10-19,CS Department
I00072,U0740,USB Flash Drive — SanDisk #0072,Storage,USB Flash Drive,SanDisk,EXCELLENT,GIVEAWAY,AVAILABLE,550,2026-06-20,2026-08-10,Main Block
I00073,U0104,Scientific Calculator — Texas Instruments #0073,Academic,Scientific Calculator,Texas Instruments,FAIR,GIVEAWAY,AVAILABLE,2150,2026-07-17,2026-11-07,Central Library
I00074,U0166,Lab Coat — Generic #0074,Clothing,Lab Coat,Generic,GOOD,BORROW,RETURNED,1000,2026-07-06,2026-09-15,Student Centre
I00075,U0446,Power Bank — MI #0075,Accessory,Power Bank,MI,GOOD,BORROW,AVAILABLE,750,2026-09-13,2027-01-31,Hostel Block A
I00076,U0514,HDMI Cable — UGREEN #0076,Cable,HDMI Cable,UGREEN,EXCELLENT,SWAP,INACTIVE,300,2026-01-24,2026-07-08,Hostel Block B
I00077,U0976,Drawing Board — Camel #0077,Equipment,Drawing Board,Camel,NEW,SWAP,AVAILABLE,1600,2025-09-26,2026-01-03,Hostel Block C
I00078,U0663,Ethernet Cable — D-Link #0078,Cable,Ethernet Cable,D-Link,GOOD,BORROW,RETURNED,300,2026-08-21,2026-10-16,Hostel Block D
I00079,U0998,Extension Board — Philips #0079,Electronics,Extension Board,Philips,GOOD,BORROW,AVAILABLE,1200,2026-02-04,2026-06-17,Innovation Lab
I00080,U0685,Breadboard Kit — Generic #0080,Lab Equipment,Breadboard Kit,Generic,GOOD,GIVEAWAY,AVAILABLE,750,2025-12-16,2026-04-21,ECE Lab
I00081,U0821,Presentation Clicker — Logitech #0081,Accessory,Presentation Clicker,Logitech,EXCELLENT,SELL,AVAILABLE,650,2026-02-20,2026-04-06,Mechanical Lab
I00082,U0698,Arduino Kit — Arduino #0082,Lab Equipment,Arduino Kit,Arduino,GOOD,BORROW,AVAILABLE,1200,2026-07-16,2026-11-02,Architecture Studio
I00083,U0184,Safety Goggles — 3M #0083,Safety Equipment,Safety Goggles,3M,GOOD,SELL,AVAILABLE,600,2026-04-05,2026-08-15,CS Department
I00084,U0825,Webcam — Logitech #0084,Electronics,Webcam,Logitech,EXCELLENT,SELL,AVAILABLE,900,2026-06-29,2026-11-17,Main Block
I00085,U0303,Graph Paper Pack — Classmate #0085,Stationery,Graph Paper Pack,Classmate,GOOD,GIVEAWAY,BORROWED,150,2026-05-24,2026-10-25,Central Library
I00086,U0082,Soldering Iron Kit — Weller #0086,Lab Equipment,Soldering Iron Kit,Weller,GOOD,BORROW,AVAILABLE,2100,2026-08-25,2026-10-15,Student Centre
I00087,U0951,Screwdriver Set — Bosch #0087,Equipment,Screwdriver Set,Bosch,EXCELLENT,BORROW,AVAILABLE,1550,2026-02-12,2026-04-07,Hostel Block A
I00088,U0647,Python Programming Book — O'Reilly #0088,Book,Python Programming Book,O'Reilly,GOOD,GIVEAWAY,BORROWED,1600,2025-09-18,2025-12-05,Hostel Block B
I00089,U0168,Vernier Caliper — Mitutoyo #0089,Lab Equipment,Vernier Caliper,Mitutoyo,EXCELLENT,BORROW,BORROWED,3350,2026-04-08,2026-09-01,Hostel Block C
I00090,U0784,Calculator — CASIO #0090,Academic,Calculator,CASIO,GOOD,BORROW,AVAILABLE,450,2025-10-21,2026-03-21,Hostel Block D
I00091,U0501,Bluetooth Keyboard — Logitech #0091,Accessory,Bluetooth Keyboard,Logitech,EXCELLENT,BORROW,AVAILABLE,3200,2026-04-09,2026-06-19,Innovation Lab
I00092,U0270,External Hard Drive — WD #0092,Storage,External Hard Drive,WD,EXCELLENT,SWAP,AVAILABLE,4250,2025-12-05,2026-05-31,ECE Lab
I00093,U0489,USB-C Charger — Anker #0093,Electronics,USB-C Charger,Anker,EXCELLENT,BORROW,INACTIVE,700,2026-05-02,2026-08-29,Mechanical Lab
I00094,U0662,Engineering Drawing Kit — Staedtler #0094,Equipment,Engineering Drawing Kit,Staedtler,EXCELLENT,GIVEAWAY,AVAILABLE,1000,2025-12-03,2026-02-15,Architecture Studio
I00095,U0809,Tripod — Digitek #0095,Equipment,Tripod,Digitek,EXCELLENT,GIVEAWAY,BORROWED,1750,2025-10-04,2025-11-20,CS Department
I00096,U0715,Digital Multimeter — Meco #0096,Lab Equipment,Digital Multimeter,Meco,GOOD,BORROW,RETURNED,750,2026-05-31,2026-07-21,Main Block
I00097,U0761,College Backpack — Wildcraft #0097,Bag,College Backpack,Wildcraft,GOOD,SWAP,AVAILABLE,550,2026-03-31,2026-08-11,Central Library
I00098,U0594,Headphones — JBL #0098,Electronics,Headphones,JBL,FAIR,BORROW,BORROWED,2900,2026-01-23,2026-03-15,Student Centre
I00099,U0236,Mechanical Drawing Set — Rotring #0099,Stationery,Mechanical Drawing Set,Rotring,NEW,SWAP,AVAILABLE,1800,2025-08-02,2025-11-11,Hostel Block A
I00100,U0652,Desk Lamp — Philips #0100,Accessory,Desk Lamp,Philips,EXCELLENT,SELL,RESERVED,1150,2025-09-19,2025-10-29,Hostel Block B
I00101,U0583,Textbook — Pearson #0101,Book,Textbook,Pearson,FAIR,BORROW,AVAILABLE,650,2026-02-13,2026-05-01,Hostel Block C
I00102,U0986,USB Flash Drive — SanDisk #0102,Storage,USB Flash Drive,SanDisk,GOOD,BORROW,AVAILABLE,1000,2026-07-16,2026-09-29,Hostel Block D
I00103,U0597,Scientific Calculator — Texas Instruments #0103,Academic,Scientific Calculator,Texas Instruments,EXCELLENT,BORROW,RETURNED,1750,2026-06-02,2026-07-24,Innovation Lab
I00104,U0243,Lab Coat — Generic #0104,Clothing,Lab Coat,Generic,FAIR,BORROW,AVAILABLE,850,2026-03-10,2026-09-06,ECE Lab
I00105,U0371,Power Bank — MI #0105,Accessory,Power Bank,MI,GOOD,GIVEAWAY,AVAILABLE,2100,2026-02-14,2026-03-27,Mechanical Lab
I00106,U0210,HDMI Cable — UGREEN #0106,Cable,HDMI Cable,UGREEN,FAIR,SELL,RETURNED,200,2025-08-03,2025-12-23,Architecture Studio
I00107,U0980,Drawing Board — Camel #0107,Equipment,Drawing Board,Camel,GOOD,GIVEAWAY,AVAILABLE,550,2026-06-18,2026-07-20,CS Department
I00108,U0475,Ethernet Cable — D-Link #0108,Cable,Ethernet Cable,D-Link,FAIR,BORROW,AVAILABLE,600,2025-10-14,2026-01-21,Main Block
I00109,U0036,Extension Board — Philips #0109,Electronics,Extension Board,Philips,GOOD,SWAP,INACTIVE,950,2026-04-10,2026-08-14,Central Library
I00110,U0148,Breadboard Kit — Generic #0110,Lab Equipment,Breadboard Kit,Generic,GOOD,GIVEAWAY,AVAILABLE,150,2025-12-01,2026-04-08,Student Centre
I00111,U0334,Presentation Clicker — Logitech #0111,Accessory,Presentation Clicker,Logitech,NEW,BORROW,AVAILABLE,1900,2025-11-11,2026-05-01,Hostel Block A
I00112,U0878,Arduino Kit — Arduino #0112,Lab Equipment,Arduino Kit,Arduino,EXCELLENT,SELL,BORROWED,1150,2026-05-08,2026-09-01,Hostel Block B
I00113,U0915,Safety Goggles — 3M #0113,Safety Equipment,Safety Goggles,3M,EXCELLENT,SWAP,BORROWED,700,2026-05-11,2026-09-16,Hostel Block C
I00114,U0164,Webcam — Logitech #0114,Electronics,Webcam,Logitech,GOOD,GIVEAWAY,AVAILABLE,2200,2026-06-02,2026-10-08,Hostel Block D
I00115,U0300,Graph Paper Pack — Classmate #0115,Stationery,Graph Paper Pack,Classmate,EXCELLENT,BORROW,AVAILABLE,100,2026-01-10,2026-04-09,Innovation Lab
I00116,U0758,Soldering Iron Kit — Weller #0116,Lab Equipment,Soldering Iron Kit,Weller,EXCELLENT,BORROW,AVAILABLE,3400,2026-05-08,2026-10-31,ECE Lab
I00117,U0907,Screwdriver Set — Bosch #0117,Equipment,Screwdriver Set,Bosch,GOOD,BORROW,RESERVED,750,2026-01-25,2026-03-13,Mechanical Lab
I00118,U0794,Python Programming Book — O'Reilly #0118,Book,Python Programming Book,O'Reilly,GOOD,SWAP,AVAILABLE,1700,2026-07-29,2026-09-21,Architecture Studio
I00119,U0864,Vernier Caliper — Mitutoyo #0119,Lab Equipment,Vernier Caliper,Mitutoyo,GOOD,BORROW,RETURNED,4250,2026-03-25,2026-08-27,CS Department
I00120,U0330,Calculator — CASIO #0120,Academic,Calculator,CASIO,GOOD,SWAP,RESERVED,1350,2026-06-16,2026-07-18,Main Block
I00121,U0506,Bluetooth Keyboard — Logitech #0121,Accessory,Bluetooth Keyboard,Logitech,NEW,BORROW,RETURNED,2250,2026-03-20,2026-07-21,Central Library
I00122,U0139,External Hard Drive — WD #0122,Storage,External Hard Drive,WD,EXCELLENT,GIVEAWAY,RESERVED,5000,2026-06-01,2026-09-21,Student Centre
I00123,U0959,USB-C Charger — Anker #0123,Electronics,USB-C Charger,Anker,GOOD,GIVEAWAY,RESERVED,600,2025-08-16,2025-11-13,Hostel Block A
I00124,U0060,Engineering Drawing Kit — Staedtler #0124,Equipment,Engineering Drawing Kit,Staedtler,GOOD,BORROW,BORROWED,700,2026-03-28,2026-06-15,Hostel Block B
I00125,U0746,Tripod — Digitek #0125,Equipment,Tripod,Digitek,GOOD,BORROW,BORROWED,650,2026-02-03,2026-06-28,Hostel Block C
I00126,U0779,Digital Multimeter — Meco #0126,Lab Equipment,Digital Multimeter,Meco,FAIR,GIVEAWAY,AVAILABLE,1900,2026-08-23,2026-12-25,Hostel Block D
I00127,U0120,College Backpack — Wildcraft #0127,Bag,College Backpack,Wildcraft,NEW,BORROW,AVAILABLE,1100,2025-09-15,2025-11-02,Innovation Lab
I00128,U0399,Headphones — JBL #0128,Electronics,Headphones,JBL,EXCELLENT,SELL,INACTIVE,1650,2025-10-20,2026-03-06,ECE Lab
I00129,U0690,Mechanical Drawing Set — Rotring #0129,Stationery,Mechanical Drawing Set,Rotring,GOOD,SWAP,AVAILABLE,1950,2026-09-20,2026-12-02,Mechanical Lab
I00130,U0037,Desk Lamp — Philips #0130,Accessory,Desk Lamp,Philips,GOOD,BORROW,AVAILABLE,1800,2026-01-18,2026-03-30,Architecture Studio
I00131,U0252,Textbook — Pearson #0131,Book,Textbook,Pearson,GOOD,BORROW,RETURNED,1200,2026-02-21,2026-05-26,CS Department
I00132,U0874,USB Flash Drive — SanDisk #0132,Storage,USB Flash Drive,SanDisk,EXCELLENT,GIVEAWAY,RESERVED,450,2026-02-03,2026-05-29,Main Block
I00133,U0521,Scientific Calculator — Texas Instruments #0133,Academic,Scientific Calculator,Texas Instruments,EXCELLENT,SWAP,AVAILABLE,900,2026-06-28,2026-10-14,Central Library
I00134,U0260,Lab Coat — Generic #0134,Clothing,Lab Coat,Generic,GOOD,GIVEAWAY,AVAILABLE,600,2026-02-26,2026-07-20,Student Centre
I00135,U0894,Power Bank — MI #0135,Accessory,Power Bank,MI,FAIR,BORROW,AVAILABLE,1550,2025-12-28,2026-04-20,Hostel Block A
I00136,U0008,HDMI Cable — UGREEN #0136,Cable,HDMI Cable,UGREEN,GOOD,SELL,BORROWED,350,2026-04-01,2026-09-24,Hostel Block B
I00137,U0238,Drawing Board — Camel #0137,Equipment,Drawing Board,Camel,FAIR,GIVEAWAY,RETURNED,1750,2026-06-06,2026-11-13,Hostel Block C
I00138,U0627,Ethernet Cable — D-Link #0138,Cable,Ethernet Cable,D-Link,GOOD,SELL,AVAILABLE,150,2026-01-01,2026-05-02,Hostel Block D
I00139,U0574,Extension Board — Philips #0139,Electronics,Extension Board,Philips,EXCELLENT,SWAP,AVAILABLE,1450,2025-12-10,2026-04-14,Innovation Lab
I00140,U0965,Breadboard Kit — Generic #0140,Lab Equipment,Breadboard Kit,Generic,FAIR,SELL,AVAILABLE,600,2026-04-26,2026-07-19,ECE Lab
I00141,U0030,Presentation Clicker — Logitech #0141,Accessory,Presentation Clicker,Logitech,EXCELLENT,BORROW,RETURNED,2050,2026-03-02,2026-07-15,Mechanical Lab
I00142,U0897,Arduino Kit — Arduino #0142,Lab Equipment,Arduino Kit,Arduino,GOOD,GIVEAWAY,AVAILABLE,2250,2025-09-17,2025-11-02,Architecture Studio
I00143,U0726,Safety Goggles — 3M #0143,Safety Equipment,Safety Goggles,3M,FAIR,GIVEAWAY,AVAILABLE,600,2026-07-27,2026-11-18,CS Department
I00144,U0856,Webcam — Logitech #0144,Electronics,Webcam,Logitech,FAIR,SWAP,INACTIVE,3850,2026-06-22,2026-11-14,Main Block
I00145,U0285,Graph Paper Pack — Classmate #0145,Stationery,Graph Paper Pack,Classmate,GOOD,GIVEAWAY,AVAILABLE,150,2026-04-12,2026-07-04,Central Library
I00146,U0669,Soldering Iron Kit — Weller #0146,Lab Equipment,Soldering Iron Kit,Weller,FAIR,SELL,AVAILABLE,3000,2025-09-05,2025-10-08,Student Centre
I00147,U0832,Screwdriver Set — Bosch #0147,Equipment,Screwdriver Set,Bosch,GOOD,GIVEAWAY,AVAILABLE,650,2025-12-29,2026-06-27,Hostel Block A
I00148,U0440,Python Programming Book — O'Reilly #0148,Book,Python Programming Book,O'Reilly,GOOD,SELL,RESERVED,1550,2026-07-22,2026-12-06,Hostel Block B
I00149,U0101,Vernier Caliper — Mitutoyo #0149,Lab Equipment,Vernier Caliper,Mitutoyo,EXCELLENT,SELL,INACTIVE,1350,2025-12-14,2026-02-28,Hostel Block C
I00150,U0940,Calculator — CASIO #0150,Academic,Calculator,CASIO,GOOD,BORROW,AVAILABLE,850,2026-07-27,2026-10-19,Hostel Block D
I00151,U0101,Bluetooth Keyboard — Logitech #0151,Accessory,Bluetooth Keyboard,Logitech,FAIR,SELL,BORROWED,1600,2026-01-14,2026-03-02,Innovation Lab
I00152,U0564,External Hard Drive — WD #0152,Storage,External Hard Drive,WD,GOOD,BORROW,RETURNED,4700,2025-11-04,2025-12-13,ECE Lab
I00153,U0975,USB-C Charger — Anker #0153,Electronics,USB-C Charger,Anker,NEW,BORROW,AVAILABLE,950,2026-06-30,2026-10-03,Mechanical Lab
I00154,U0506,Engineering Drawing Kit — Staedtler #0154,Equipment,Engineering Drawing Kit,Staedtler,EXCELLENT,BORROW,AVAILABLE,2450,2026-03-11,2026-08-09,Architecture Studio
I00155,U0448,Tripod — Digitek #0155,Equipment,Tripod,Digitek,GOOD,BORROW,AVAILABLE,850,2026-03-19,2026-06-22,CS Department
I00156,U0289,Digital Multimeter — Meco #0156,Lab Equipment,Digital Multimeter,Meco,GOOD,BORROW,AVAILABLE,2150,2026-03-09,2026-07-31,Main Block
I00157,U0149,College Backpack — Wildcraft #0157,Bag,College Backpack,Wildcraft,FAIR,BORROW,RETURNED,650,2026-07-23,2026-10-02,Central Library
I00158,U0705,Headphones — JBL #0158,Electronics,Headphones,JBL,GOOD,BORROW,AVAILABLE,3200,2025-10-26,2026-01-04,Student Centre
I00159,U0192,Mechanical Drawing Set — Rotring #0159,Stationery,Mechanical Drawing Set,Rotring,GOOD,SWAP,AVAILABLE,2150,2026-06-19,2026-09-18,Hostel Block A
I00160,U0032,Desk Lamp — Philips #0160,Accessory,Desk Lamp,Philips,GOOD,BORROW,AVAILABLE,950,2026-02-19,2026-06-09,Hostel Block B
I00161,U0650,Textbook — Pearson #0161,Book,Textbook,Pearson,GOOD,SWAP,AVAILABLE,350,2026-02-03,2026-03-19,Hostel Block C
I00162,U0009,USB Flash Drive — SanDisk #0162,Storage,USB Flash Drive,SanDisk,FAIR,BORROW,AVAILABLE,450,2026-09-25,2027-03-17,Hostel Block D
I00163,U0480,Scientific Calculator — Texas Instruments #0163,Academic,Scientific Calculator,Texas Instruments,EXCELLENT,GIVEAWAY,AVAILABLE,2300,2026-09-02,2026-12-31,Innovation Lab
I00164,U0937,Lab Coat — Generic #0164,Clothing,Lab Coat,Generic,EXCELLENT,GIVEAWAY,AVAILABLE,700,2026-03-26,2026-05-09,ECE Lab
I00165,U0965,Power Bank — MI #0165,Accessory,Power Bank,MI,FAIR,BORROW,AVAILABLE,1750,2025-12-27,2026-06-06,Mechanical Lab
I00166,U0716,HDMI Cable — UGREEN #0166,Cable,HDMI Cable,UGREEN,FAIR,BORROW,AVAILABLE,200,2025-10-03,2026-02-06,Architecture Studio
I00167,U0071,Drawing Board — Camel #0167,Equipment,Drawing Board,Camel,GOOD,GIVEAWAY,INACTIVE,1250,2026-05-26,2026-08-08,CS Department
I00168,U0003,Ethernet Cable — D-Link #0168,Cable,Ethernet Cable,D-Link,FAIR,BORROW,INACTIVE,450,2026-06-08,2026-10-06,Main Block
I00169,U0644,Extension Board — Philips #0169,Electronics,Extension Board,Philips,GOOD,BORROW,RETURNED,800,2025-10-12,2026-01-09,Central Library
I00170,U0341,Breadboard Kit — Generic #0170,Lab Equipment,Breadboard Kit,Generic,GOOD,BORROW,AVAILABLE,350,2026-08-07,2026-11-03,Student Centre
I00171,U0174,Presentation Clicker — Logitech #0171,Accessory,Presentation Clicker,Logitech,NEW,BORROW,RETURNED,850,2026-03-12,2026-07-27,Hostel Block A
I00172,U0334,Arduino Kit — Arduino #0172,Lab Equipment,Arduino Kit,Arduino,FAIR,BORROW,AVAILABLE,3000,2026-03-09,2026-04-24,Hostel Block B
I00173,U0778,Safety Goggles — 3M #0173,Safety Equipment,Safety Goggles,3M,EXCELLENT,BORROW,AVAILABLE,450,2025-09-02,2025-10-29,Hostel Block C
I00174,U0760,Webcam — Logitech #0174,Electronics,Webcam,Logitech,GOOD,BORROW,AVAILABLE,3000,2025-12-24,2026-03-19,Hostel Block D
I00175,U0522,Graph Paper Pack — Classmate #0175,Stationery,Graph Paper Pack,Classmate,GOOD,SELL,AVAILABLE,100,2025-08-06,2025-11-20,Innovation Lab
I00176,U0045,Soldering Iron Kit — Weller #0176,Lab Equipment,Soldering Iron Kit,Weller,FAIR,SWAP,AVAILABLE,2200,2026-09-03,2026-10-24,ECE Lab
I00177,U0594,Screwdriver Set — Bosch #0177,Equipment,Screwdriver Set,Bosch,EXCELLENT,BORROW,AVAILABLE,1200,2026-04-05,2026-09-06,Mechanical Lab
I00178,U0529,Python Programming Book — O'Reilly #0178,Book,Python Programming Book,O'Reilly,GOOD,BORROW,RESERVED,1000,2026-01-10,2026-03-21,Architecture Studio
I00179,U0491,Vernier Caliper — Mitutoyo #0179,Lab Equipment,Vernier Caliper,Mitutoyo,NEW,BORROW,AVAILABLE,2850,2025-08-16,2025-11-04,CS Department
I00180,U0972,Calculator — CASIO #0180,Academic,Calculator,CASIO,GOOD,BORROW,AVAILABLE,850,2026-07-09,2026-12-17,Main Block
I00181,U0647,Bluetooth Keyboard — Logitech #0181,Accessory,Bluetooth Keyboard,Logitech,GOOD,BORROW,RETURNED,2150,2026-06-16,2026-12-05,Central Library
I00182,U0326,External Hard Drive — WD #0182,Storage,External Hard Drive,WD,EXCELLENT,SELL,BORROWED,4350,2025-12-09,2026-04-19,Student Centre
I00183,U0129,USB-C Charger — Anker #0183,Electronics,USB-C Charger,Anker,GOOD,BORROW,RETURNED,700,2026-09-10,2027-02-12,Hostel Block A
I00184,U0291,Engineering Drawing Kit — Staedtler #0184,Equipment,Engineering Drawing Kit,Staedtler,EXCELLENT,SWAP,RETURNED,500,2026-08-04,2026-11-28,Hostel Block B
I00185,U0927,Tripod — Digitek #0185,Equipment,Tripod,Digitek,FAIR,GIVEAWAY,AVAILABLE,2150,2026-05-07,2026-07-13,Hostel Block C
I00186,U0577,Digital Multimeter — Meco #0186,Lab Equipment,Digital Multimeter,Meco,GOOD,BORROW,BORROWED,800,2026-05-09,2026-10-29,Hostel Block D
I00187,U0404,College Backpack — Wildcraft #0187,Bag,College Backpack,Wildcraft,GOOD,GIVEAWAY,RESERVED,1850,2026-01-29,2026-04-20,Innovation Lab
I00188,U0241,Headphones — JBL #0188,Electronics,Headphones,JBL,EXCELLENT,BORROW,AVAILABLE,3200,2026-09-04,2026-11-06,ECE Lab
I00189,U0235,Mechanical Drawing Set — Rotring #0189,Stationery,Mechanical Drawing Set,Rotring,FAIR,BORROW,AVAILABLE,1950,2025-08-25,2026-01-17,Mechanical Lab
I00190,U0528,Desk Lamp — Philips #0190,Accessory,Desk Lamp,Philips,GOOD,BORROW,AVAILABLE,1200,2025-10-28,2026-01-17,Architecture Studio
I00191,U0663,Textbook — Pearson #0191,Book,Textbook,Pearson,GOOD,BORROW,AVAILABLE,1000,2025-11-18,2026-03-04,CS Department
I00192,U0702,USB Flash Drive — SanDisk #0192,Storage,USB Flash Drive,SanDisk,EXCELLENT,SELL,BORROWED,400,2026-01-28,2026-03-21,Main Block
I00193,U0211,Scientific Calculator — Texas Instruments #0193,Academic,Scientific Calculator,Texas Instruments,GOOD,SWAP,AVAILABLE,550,2026-08-10,2026-10-14,Central Library
I00194,U0049,Lab Coat — Generic #0194,Clothing,Lab Coat,Generic,GOOD,SELL,RETURNED,900,2025-08-29,2026-02-13,Student Centre
I00195,U0376,Power Bank — MI #0195,Accessory,Power Bank,MI,EXCELLENT,BORROW,AVAILABLE,2050,2025-08-13,2026-01-11,Hostel Block A
I00196,U0012,HDMI Cable — UGREEN #0196,Cable,HDMI Cable,UGREEN,FAIR,BORROW,RETURNED,600,2025-12-28,2026-03-09,Hostel Block B
I00197,U0528,Drawing Board — Camel #0197,Equipment,Drawing Board,Camel,EXCELLENT,BORROW,AVAILABLE,650,2026-06-07,2026-08-18,Hostel Block C
I00198,U0214,Ethernet Cable — D-Link #0198,Cable,Ethernet Cable,D-Link,GOOD,GIVEAWAY,AVAILABLE,550,2026-03-09,2026-05-20,Hostel Block D
I00199,U0272,Extension Board — Philips #0199,Electronics,Extension Board,Philips,EXCELLENT,BORROW,AVAILABLE,1100,2026-01-31,2026-04-24,Innovation Lab
I00200,U0857,Breadboard Kit — Generic #0200,Lab Equipment,Breadboard Kit,Generic,FAIR,BORROW,AVAILABLE,650,2026-02-17,2026-05-21,ECE Lab
I00201,U0894,Presentation Clicker — Logitech #0201,Accessory,Presentation Clicker,Logitech,GOOD,BORROW,AVAILABLE,1300,2026-01-04,2026-02-13,Mechanical Lab
I00202,U0713,Arduino Kit — Arduino #0202,Lab Equipment,Arduino Kit,Arduino,FAIR,SELL,AVAILABLE,800,2026-07-02,2026-11-25,Architecture Studio
I00203,U0199,Safety Goggles — 3M #0203,Safety Equipment,Safety Goggles,3M,FAIR,GIVEAWAY,BORROWED,350,2025-11-11,2026-04-18,CS Department
I00204,U0143,Webcam — Logitech #0204,Electronics,Webcam,Logitech,NEW,BORROW,AVAILABLE,1850,2025-10-02,2026-01-11,Main Block
I00205,U0290,Graph Paper Pack — Classmate #0205,Stationery,Graph Paper Pack,Classmate,GOOD,BORROW,BORROWED,100,2026-08-26,2027-01-29,Central Library
I00206,U0740,Soldering Iron Kit — Weller #0206,Lab Equipment,Soldering Iron Kit,Weller,FAIR,SELL,AVAILABLE,1200,2026-03-06,2026-07-19,Student Centre
I00207,U0930,Screwdriver Set — Bosch #0207,Equipment,Screwdriver Set,Bosch,EXCELLENT,SELL,AVAILABLE,1450,2026-04-11,2026-08-19,Hostel Block A
I00208,U0284,Python Programming Book — O'Reilly #0208,Book,Python Programming Book,O'Reilly,FAIR,BORROW,INACTIVE,800,2026-02-18,2026-06-15,Hostel Block B
I00209,U0669,Vernier Caliper — Mitutoyo #0209,Lab Equipment,Vernier Caliper,Mitutoyo,GOOD,SELL,AVAILABLE,4200,2026-06-16,2026-09-16,Hostel Block C
I00210,U0588,Calculator — CASIO #0210,Academic,Calculator,CASIO,FAIR,SWAP,BORROWED,700,2026-02-02,2026-06-30,Hostel Block D
I00211,U0739,Bluetooth Keyboard — Logitech #0211,Accessory,Bluetooth Keyboard,Logitech,GOOD,BORROW,AVAILABLE,3300,2026-07-01,2026-09-30,Innovation Lab
I00212,U0600,External Hard Drive — WD #0212,Storage,External Hard Drive,WD,FAIR,BORROW,AVAILABLE,6400,2026-03-23,2026-06-11,ECE Lab
I00213,U0290,USB-C Charger — Anker #0213,Electronics,USB-C Charger,Anker,FAIR,SELL,RETURNED,900,2026-04-17,2026-06-20,Mechanical Lab
I00214,U0517,Engineering Drawing Kit — Staedtler #0214,Equipment,Engineering Drawing Kit,Staedtler,EXCELLENT,BORROW,AVAILABLE,2300,2025-10-11,2025-11-22,Architecture Studio
I00215,U0358,Tripod — Digitek #0215,Equipment,Tripod,Digitek,GOOD,SELL,AVAILABLE,1750,2026-07-09,2026-10-31,CS Department
I00216,U0277,Digital Multimeter — Meco #0216,Lab Equipment,Digital Multimeter,Meco,EXCELLENT,SWAP,INACTIVE,1800,2026-04-23,2026-05-24,Main Block
I00217,U0449,College Backpack — Wildcraft #0217,Bag,College Backpack,Wildcraft,GOOD,BORROW,RETURNED,1100,2025-09-03,2026-02-15,Central Library
I00218,U0595,Headphones — JBL #0218,Electronics,Headphones,JBL,GOOD,BORROW,AVAILABLE,1900,2026-01-28,2026-03-19,Student Centre
I00219,U0817,Mechanical Drawing Set — Rotring #0219,Stationery,Mechanical Drawing Set,Rotring,FAIR,BORROW,AVAILABLE,1300,2026-04-22,2026-05-31,Hostel Block A
I00220,U0982,Desk Lamp — Philips #0220,Accessory,Desk Lamp,Philips,GOOD,SWAP,AVAILABLE,1050,2026-03-19,2026-08-22,Hostel Block B
I00221,U0266,Textbook — Pearson #0221,Book,Textbook,Pearson,GOOD,BORROW,RETURNED,950,2025-08-25,2025-11-08,Hostel Block C
I00222,U0956,USB Flash Drive — SanDisk #0222,Storage,USB Flash Drive,SanDisk,GOOD,SELL,AVAILABLE,750,2025-09-01,2026-01-25,Hostel Block D
I00223,U0371,Scientific Calculator — Texas Instruments #0223,Academic,Scientific Calculator,Texas Instruments,EXCELLENT,GIVEAWAY,AVAILABLE,650,2025-10-24,2025-12-15,Innovation Lab
I00224,U0676,Lab Coat — Generic #0224,Clothing,Lab Coat,Generic,GOOD,BORROW,AVAILABLE,450,2026-08-25,2026-09-27,ECE Lab
I00225,U0965,Power Bank — MI #0225,Accessory,Power Bank,MI,EXCELLENT,SWAP,AVAILABLE,1600,2026-01-13,2026-03-01,Mechanical Lab
I00226,U0594,HDMI Cable — UGREEN #0226,Cable,HDMI Cable,UGREEN,NEW,BORROW,RETURNED,350,2026-05-05,2026-09-21,Architecture Studio
I00227,U0280,Drawing Board — Camel #0227,Equipment,Drawing Board,Camel,EXCELLENT,BORROW,AVAILABLE,1000,2026-01-24,2026-04-15,CS Department
I00228,U0158,Ethernet Cable — D-Link #0228,Cable,Ethernet Cable,D-Link,NEW,BORROW,AVAILABLE,450,2025-10-24,2026-03-30,Main Block
I00229,U0095,Extension Board — Philips #0229,Electronics,Extension Board,Philips,FAIR,SELL,AVAILABLE,650,2026-05-18,2026-11-09,Central Library
I00230,U0202,Breadboard Kit — Generic #0230,Lab Equipment,Breadboard Kit,Generic,GOOD,SELL,AVAILABLE,350,2026-08-17,2026-10-14,Student Centre
I00231,U0957,Presentation Clicker — Logitech #0231,Accessory,Presentation Clicker,Logitech,NEW,GIVEAWAY,INACTIVE,900,2026-05-21,2026-09-04,Hostel Block A
I00232,U0678,Arduino Kit — Arduino #0232,Lab Equipment,Arduino Kit,Arduino,GOOD,SWAP,AVAILABLE,650,2026-01-07,2026-06-24,Hostel Block B
I00233,U0361,Safety Goggles — 3M #0233,Safety Equipment,Safety Goggles,3M,GOOD,GIVEAWAY,AVAILABLE,550,2026-06-06,2026-07-14,Hostel Block C
I00234,U0321,Webcam — Logitech #0234,Electronics,Webcam,Logitech,GOOD,BORROW,AVAILABLE,3600,2026-06-09,2026-08-16,Hostel Block D
I00235,U0419,Graph Paper Pack — Classmate #0235,Stationery,Graph Paper Pack,Classmate,GOOD,BORROW,AVAILABLE,150,2025-08-07,2025-09-14,Innovation Lab
I00236,U0812,Soldering Iron Kit — Weller #0236,Lab Equipment,Soldering Iron Kit,Weller,EXCELLENT,GIVEAWAY,RETURNED,3300,2026-08-05,2027-01-27,ECE Lab
I00237,U0038,Screwdriver Set — Bosch #0237,Equipment,Screwdriver Set,Bosch,FAIR,BORROW,BORROWED,750,2026-06-05,2026-09-14,Mechanical Lab
I00238,U0661,Python Programming Book — O'Reilly #0238,Book,Python Programming Book,O'Reilly,FAIR,SWAP,RETURNED,450,2026-09-11,2026-11-06,Architecture Studio
I00239,U0506,Vernier Caliper — Mitutoyo #0239,Lab Equipment,Vernier Caliper,Mitutoyo,EXCELLENT,BORROW,RETURNED,2700,2025-10-29,2025-12-06,CS Department
I00240,U0747,Calculator — CASIO #0240,Academic,Calculator,CASIO,GOOD,BORROW,AVAILABLE,400,2025-08-09,2025-10-17,Main Block
I00241,U0789,Bluetooth Keyboard — Logitech #0241,Accessory,Bluetooth Keyboard,Logitech,EXCELLENT,SWAP,AVAILABLE,1650,2026-06-10,2026-10-30,Central Library
I00242,U0871,External Hard Drive — WD #0242,Storage,External Hard Drive,WD,GOOD,SWAP,AVAILABLE,6400,2026-07-21,2026-08-25,Student Centre
I00243,U0942,USB-C Charger — Anker #0243,Electronics,USB-C Charger,Anker,GOOD,BORROW,BORROWED,600,2026-09-01,2026-11-04,Hostel Block A
I00244,U0098,Engineering Drawing Kit — Staedtler #0244,Equipment,Engineering Drawing Kit,Staedtler,FAIR,SELL,RETURNED,1900,2026-06-20,2026-12-08,Hostel Block B
I00245,U0181,Tripod — Digitek #0245,Equipment,Tripod,Digitek,GOOD,BORROW,AVAILABLE,2100,2026-09-19,2026-12-19,Hostel Block C
I00246,U0641,Digital Multimeter — Meco #0246,Lab Equipment,Digital Multimeter,Meco,EXCELLENT,SELL,AVAILABLE,1050,2026-01-31,2026-03-10,Hostel Block D
I00247,U0795,College Backpack — Wildcraft #0247,Bag,College Backpack,Wildcraft,GOOD,SWAP,AVAILABLE,2650,2025-12-05,2026-04-01,Innovation Lab
I00248,U0845,Headphones — JBL #0248,Electronics,Headphones,JBL,GOOD,BORROW,AVAILABLE,3050,2026-02-23,2026-06-02,ECE Lab
I00249,U0576,Mechanical Drawing Set — Rotring #0249,Stationery,Mechanical Drawing Set,Rotring,GOOD,BORROW,AVAILABLE,2000,2025-12-29,2026-05-20,Mechanical Lab
I00250,U0624,Desk Lamp — Philips #0250,Accessory,Desk Lamp,Philips,GOOD,BORROW,INACTIVE,750,2026-08-09,2026-10-08,Architecture Studio
I00251,U0707,Textbook — Pearson #0251,Book,Textbook,Pearson,EXCELLENT,GIVEAWAY,AVAILABLE,400,2025-11-02,2025-12-07,CS Department
I00252,U0466,USB Flash Drive — SanDisk #0252,Storage,USB Flash Drive,SanDisk,EXCELLENT,GIVEAWAY,RETURNED,300,2025-10-16,2026-03-13,Main Block
I00253,U0076,Scientific Calculator — Texas Instruments #0253,Academic,Scientific Calculator,Texas Instruments,GOOD,BORROW,AVAILABLE,1700,2026-08-14,2027-01-27,Central Library
I00254,U0527,Lab Coat — Generic #0254,Clothing,Lab Coat,Generic,GOOD,BORROW,AVAILABLE,450,2026-06-13,2026-07-29,Student Centre
I00255,U0103,Power Bank — MI #0255,Accessory,Power Bank,MI,GOOD,GIVEAWAY,AVAILABLE,1450,2026-03-15,2026-07-03,Hostel Block A
I00256,U0743,HDMI Cable — UGREEN #0256,Cable,HDMI Cable,UGREEN,GOOD,BORROW,AVAILABLE,700,2026-09-24,2027-02-03,Hostel Block B
I00257,U0775,Drawing Board — Camel #0257,Equipment,Drawing Board,Camel,FAIR,SWAP,RETURNED,1000,2026-05-18,2026-11-05,Hostel Block C
I00258,U0935,Ethernet Cable — D-Link #0258,Cable,Ethernet Cable,D-Link,FAIR,BORROW,RESERVED,300,2025-10-25,2025-12-09,Hostel Block D
I00259,U0231,Extension Board — Philips #0259,Electronics,Extension Board,Philips,GOOD,BORROW,RETURNED,800,2026-01-04,2026-03-21,Innovation Lab
I00260,U0162,Breadboard Kit — Generic #0260,Lab Equipment,Breadboard Kit,Generic,EXCELLENT,SWAP,AVAILABLE,400,2026-04-05,2026-06-21,ECE Lab
I00261,U0168,Presentation Clicker — Logitech #0261,Accessory,Presentation Clicker,Logitech,GOOD,GIVEAWAY,AVAILABLE,500,2025-10-11,2026-03-15,Mechanical Lab
I00262,U0482,Arduino Kit — Arduino #0262,Lab Equipment,Arduino Kit,Arduino,FAIR,BORROW,INACTIVE,1500,2026-09-05,2026-10-21,Architecture Studio
I00263,U0210,Safety Goggles — 3M #0263,Safety Equipment,Safety Goggles,3M,GOOD,SELL,AVAILABLE,400,2025-11-09,2026-02-20,CS Department
I00264,U0808,Webcam — Logitech #0264,Electronics,Webcam,Logitech,GOOD,SELL,AVAILABLE,3800,2026-02-18,2026-08-12,Main Block
I00265,U0880,Graph Paper Pack — Classmate #0265,Stationery,Graph Paper Pack,Classmate,GOOD,SELL,RETURNED,150,2026-06-13,2026-10-22,Central Library
I00266,U0811,Soldering Iron Kit — Weller #0266,Lab Equipment,Soldering Iron Kit,Weller,EXCELLENT,SELL,RETURNED,1100,2026-01-25,2026-05-08,Student Centre
I00267,U0023,Screwdriver Set — Bosch #0267,Equipment,Screwdriver Set,Bosch,EXCELLENT,BORROW,RESERVED,650,2025-12-10,2026-04-04,Hostel Block A
I00268,U0612,Python Programming Book — O'Reilly #0268,Book,Python Programming Book,O'Reilly,GOOD,SELL,INACTIVE,1400,2025-11-15,2026-03-23,Hostel Block B
I00269,U0043,Vernier Caliper — Mitutoyo #0269,Lab Equipment,Vernier Caliper,Mitutoyo,FAIR,BORROW,INACTIVE,1250,2026-01-28,2026-04-06,Hostel Block C
I00270,U0314,Calculator — CASIO #0270,Academic,Calculator,CASIO,GOOD,SELL,RETURNED,1050,2026-09-23,2027-02-22,Hostel Block D
I00271,U0965,Bluetooth Keyboard — Logitech #0271,Accessory,Bluetooth Keyboard,Logitech,GOOD,BORROW,AVAILABLE,1800,2026-01-08,2026-02-22,Innovation Lab
I00272,U0557,External Hard Drive — WD #0272,Storage,External Hard Drive,WD,EXCELLENT,GIVEAWAY,AVAILABLE,6950,2025-09-11,2025-12-12,ECE Lab
I00273,U0977,USB-C Charger — Anker #0273,Electronics,USB-C Charger,Anker,GOOD,SWAP,AVAILABLE,1350,2025-11-09,2026-03-17,Mechanical Lab
I00274,U0832,Engineering Drawing Kit — Staedtler #0274,Equipment,Engineering Drawing Kit,Staedtler,EXCELLENT,SELL,AVAILABLE,1400,2026-02-19,2026-06-13,Architecture Studio
I00275,U0777,Tripod — Digitek #0275,Equipment,Tripod,Digitek,EXCELLENT,SWAP,AVAILABLE,2500,2026-05-15,2026-07-21,CS Department
I00276,U0917,Digital Multimeter — Meco #0276,Lab Equipment,Digital Multimeter,Meco,GOOD,GIVEAWAY,RETURNED,1650,2026-01-03,2026-05-12,Main Block
I00277,U0950,College Backpack — Wildcraft #0277,Bag,College Backpack,Wildcraft,GOOD,BORROW,AVAILABLE,650,2026-04-24,2026-08-11,Central Library
I00278,U0414,Headphones — JBL #0278,Electronics,Headphones,JBL,NEW,BORROW,AVAILABLE,950,2026-06-11,2026-11-19,Student Centre
I00279,U0267,Mechanical Drawing Set — Rotring #0279,Stationery,Mechanical Drawing Set,Rotring,GOOD,BORROW,AVAILABLE,900,2026-01-14,2026-03-19,Hostel Block A
I00280,U0603,Desk Lamp — Philips #0280,Accessory,Desk Lamp,Philips,GOOD,GIVEAWAY,AVAILABLE,1400,2026-05-11,2026-10-29,Hostel Block B
I00281,U0944,Textbook — Pearson #0281,Book,Textbook,Pearson,FAIR,GIVEAWAY,AVAILABLE,1050,2026-08-03,2026-09-06,Hostel Block C
I00282,U0314,USB Flash Drive — SanDisk #0282,Storage,USB Flash Drive,SanDisk,GOOD,BORROW,RETURNED,650,2025-09-20,2026-02-20,Hostel Block D
I00283,U0830,Scientific Calculator — Texas Instruments #0283,Academic,Scientific Calculator,Texas Instruments,GOOD,SWAP,AVAILABLE,650,2026-05-19,2026-07-31,Innovation Lab
I00284,U0650,Lab Coat — Generic #0284,Clothing,Lab Coat,Generic,GOOD,BORROW,AVAILABLE,550,2026-03-01,2026-06-18,ECE Lab
I00285,U0347,Power Bank — MI #0285,Accessory,Power Bank,MI,GOOD,SWAP,AVAILABLE,2150,2026-06-21,2026-09-17,Mechanical Lab
I00286,U0526,HDMI Cable — UGREEN #0286,Cable,HDMI Cable,UGREEN,FAIR,BORROW,AVAILABLE,600,2025-12-22,2026-05-08,Architecture Studio
I00287,U0824,Drawing Board — Camel #0287,Equipment,Drawing Board,Camel,GOOD,BORROW,RETURNED,950,2026-06-26,2026-12-20,CS Department
I00288,U0856,Ethernet Cable — D-Link #0288,Cable,Ethernet Cable,D-Link,GOOD,BORROW,AVAILABLE,450,2026-02-02,2026-06-27,Main Block
I00289,U0648,Extension Board — Philips #0289,Electronics,Extension Board,Philips,GOOD,GIVEAWAY,AVAILABLE,300,2025-12-22,2026-03-26,Central Library
I00290,U0956,Breadboard Kit — Generic #0290,Lab Equipment,Breadboard Kit,Generic,GOOD,BORROW,AVAILABLE,200,2026-03-02,2026-04-02,Student Centre
I00291,U0984,Presentation Clicker — Logitech #0291,Accessory,Presentation Clicker,Logitech,GOOD,BORROW,AVAILABLE,1200,2026-04-23,2026-09-25,Hostel Block A
I00292,U0855,Arduino Kit — Arduino #0292,Lab Equipment,Arduino Kit,Arduino,EXCELLENT,BORROW,AVAILABLE,2500,2026-07-09,2026-10-14,Hostel Block B
I00293,U0916,Safety Goggles — 3M #0293,Safety Equipment,Safety Goggles,3M,GOOD,GIVEAWAY,AVAILABLE,350,2026-07-17,2027-01-05,Hostel Block C
I00294,U0397,Webcam — Logitech #0294,Electronics,Webcam,Logitech,EXCELLENT,GIVEAWAY,RETURNED,950,2025-12-07,2026-03-20,Hostel Block D
I00295,U0356,Graph Paper Pack — Classmate #0295,Stationery,Graph Paper Pack,Classmate,FAIR,GIVEAWAY,AVAILABLE,200,2026-04-03,2026-06-14,Innovation Lab
I00296,U0865,Soldering Iron Kit — Weller #0296,Lab Equipment,Soldering Iron Kit,Weller,GOOD,GIVEAWAY,AVAILABLE,3250,2026-04-13,2026-07-24,ECE Lab
I00297,U0755,Screwdriver Set — Bosch #0297,Equipment,Screwdriver Set,Bosch,NEW,GIVEAWAY,AVAILABLE,350,2026-05-17,2026-11-04,Mechanical Lab
I00298,U0042,Python Programming Book — O'Reilly #0298,Book,Python Programming Book,O'Reilly,GOOD,BORROW,BORROWED,1100,2026-02-04,2026-05-17,Architecture Studio
I00299,U0938,Vernier Caliper — Mitutoyo #0299,Lab Equipment,Vernier Caliper,Mitutoyo,EXCELLENT,BORROW,INACTIVE,2650,2026-06-22,2026-08-04,CS Department
I00300,U0248,Calculator — CASIO #0300,Academic,Calculator,CASIO,NEW,BORROW,AVAILABLE,650,2026-02-13,2026-07-18,Main Block
I00301,U0421,Bluetooth Keyboard — Logitech #0301,Accessory,Bluetooth Keyboard,Logitech,GOOD,SWAP,BORROWED,2650,2026-02-22,2026-07-16,Central Library
I00302,U0394,External Hard Drive — WD #0302,Storage,External Hard Drive,WD,GOOD,GIVEAWAY,AVAILABLE,4000,2026-07-08,2026-12-03,Student Centre
I00303,U0002,USB-C Charger — Anker #0303,Electronics,USB-C Charger,Anker,EXCELLENT,GIVEAWAY,BORROWED,650,2026-09-19,2026-12-27,Hostel Block A
I00304,U0952,Engineering Drawing Kit — Staedtler #0304,Equipment,Engineering Drawing Kit,Staedtler,GOOD,BORROW,RETURNED,1750,2026-02-17,2026-04-14,Hostel Block B
I00305,U0892,Tripod — Digitek #0305,Equipment,Tripod,Digitek,EXCELLENT,GIVEAWAY,AVAILABLE,1800,2025-09-13,2025-11-20,Hostel Block C
I00306,U0565,Digital Multimeter — Meco #0306,Lab Equipment,Digital Multimeter,Meco,GOOD,BORROW,RETURNED,1300,2026-09-01,2026-10-13,Hostel Block D
I00307,U0287,College Backpack — Wildcraft #0307,Bag,College Backpack,Wildcraft,EXCELLENT,BORROW,RETURNED,750,2026-04-01,2026-06-19,Innovation Lab
I00308,U0800,Headphones — JBL #0308,Electronics,Headphones,JBL,EXCELLENT,BORROW,RESERVED,2950,2025-09-18,2026-01-23,ECE Lab
I00309,U0652,Mechanical Drawing Set — Rotring #0309,Stationery,Mechanical Drawing Set,Rotring,GOOD,BORROW,RETURNED,1700,2026-04-05,2026-05-09,Mechanical Lab
I00310,U0689,Desk Lamp — Philips #0310,Accessory,Desk Lamp,Philips,EXCELLENT,BORROW,AVAILABLE,750,2025-10-06,2025-11-21,Architecture Studio
I00311,U0403,Textbook — Pearson #0311,Book,Textbook,Pearson,FAIR,SWAP,AVAILABLE,1000,2026-04-18,2026-07-20,CS Department
I00312,U0215,USB Flash Drive — SanDisk #0312,Storage,USB Flash Drive,SanDisk,GOOD,BORROW,AVAILABLE,650,2025-11-13,2026-01-30,Main Block
I00313,U0973,Scientific Calculator — Texas Instruments #0313,Academic,Scientific Calculator,Texas Instruments,EXCELLENT,BORROW,AVAILABLE,1950,2025-09-11,2025-10-11,Central Library
I00314,U0045,Lab Coat — Generic #0314,Clothing,Lab Coat,Generic,GOOD,BORROW,AVAILABLE,350,2026-07-13,2026-10-28,Student Centre
I00315,U0670,Power Bank — MI #0315,Accessory,Power Bank,MI,GOOD,BORROW,INACTIVE,1300,2025-11-29,2026-01-09,Hostel Block A
I00316,U0450,HDMI Cable — UGREEN #0316,Cable,HDMI Cable,UGREEN,EXCELLENT,SWAP,RETURNED,600,2026-05-03,2026-10-21,Hostel Block B
I00317,U0262,Drawing Board — Camel #0317,Equipment,Drawing Board,Camel,GOOD,SWAP,AVAILABLE,1450,2026-06-30,2026-11-26,Hostel Block C
I00318,U0808,Ethernet Cable — D-Link #0318,Cable,Ethernet Cable,D-Link,GOOD,BORROW,BORROWED,300,2025-08-06,2026-01-03,Hostel Block D
I00319,U0928,Extension Board — Philips #0319,Electronics,Extension Board,Philips,GOOD,BORROW,AVAILABLE,1500,2025-11-09,2025-12-24,Innovation Lab
I00320,U0806,Breadboard Kit — Generic #0320,Lab Equipment,Breadboard Kit,Generic,GOOD,BORROW,AVAILABLE,600,2025-09-29,2026-01-29,ECE Lab
I00321,U0562,Presentation Clicker — Logitech #0321,Accessory,Presentation Clicker,Logitech,GOOD,BORROW,RETURNED,600,2026-06-05,2026-09-09,Mechanical Lab
I00322,U0253,Arduino Kit — Arduino #0322,Lab Equipment,Arduino Kit,Arduino,GOOD,BORROW,AVAILABLE,2350,2026-08-03,2026-09-27,Architecture Studio
I00323,U0535,Safety Goggles — 3M #0323,Safety Equipment,Safety Goggles,3M,FAIR,SWAP,RESERVED,500,2026-05-25,2026-07-16,CS Department
I00324,U0825,Webcam — Logitech #0324,Electronics,Webcam,Logitech,GOOD,SELL,AVAILABLE,4050,2026-04-19,2026-08-22,Main Block
I00325,U0555,Graph Paper Pack — Classmate #0325,Stationery,Graph Paper Pack,Classmate,GOOD,SWAP,AVAILABLE,50,2025-08-31,2026-02-11,Central Library
I00326,U0943,Soldering Iron Kit — Weller #0326,Lab Equipment,Soldering Iron Kit,Weller,FAIR,SWAP,AVAILABLE,3250,2025-10-08,2026-01-25,Student Centre
I00327,U0673,Screwdriver Set — Bosch #0327,Equipment,Screwdriver Set,Bosch,GOOD,BORROW,AVAILABLE,1400,2026-07-23,2026-12-10,Hostel Block A
I00328,U0338,Python Programming Book — O'Reilly #0328,Book,Python Programming Book,O'Reilly,GOOD,BORROW,RETURNED,1350,2026-05-05,2026-08-28,Hostel Block B
I00329,U0558,Vernier Caliper — Mitutoyo #0329,Lab Equipment,Vernier Caliper,Mitutoyo,EXCELLENT,SWAP,BORROWED,1400,2026-03-10,2026-04-22,Hostel Block C
I00330,U0744,Calculator — CASIO #0330,Academic,Calculator,CASIO,EXCELLENT,SELL,RETURNED,950,2026-06-29,2026-08-17,Hostel Block D
I00331,U0018,Bluetooth Keyboard — Logitech #0331,Accessory,Bluetooth Keyboard,Logitech,GOOD,BORROW,AVAILABLE,1100,2026-05-30,2026-08-27,Innovation Lab
I00332,U0066,External Hard Drive — WD #0332,Storage,External Hard Drive,WD,FAIR,GIVEAWAY,AVAILABLE,3300,2025-12-27,2026-01-27,ECE Lab
I00333,U0244,USB-C Charger — Anker #0333,Electronics,USB-C Charger,Anker,GOOD,SELL,AVAILABLE,1600,2026-05-16,2026-09-28,Mechanical Lab
I00334,U0438,Engineering Drawing Kit — Staedtler #0334,Equipment,Engineering Drawing Kit,Staedtler,GOOD,BORROW,INACTIVE,2400,2025-08-24,2025-10-21,Architecture Studio
I00335,U0219,Tripod — Digitek #0335,Equipment,Tripod,Digitek,FAIR,GIVEAWAY,AVAILABLE,2350,2026-03-01,2026-08-11,CS Department
I00336,U0394,Digital Multimeter — Meco #0336,Lab Equipment,Digital Multimeter,Meco,GOOD,BORROW,AVAILABLE,1300,2025-08-31,2026-02-05,Main Block
I00337,U0995,College Backpack — Wildcraft #0337,Bag,College Backpack,Wildcraft,GOOD,SELL,AVAILABLE,2150,2026-04-17,2026-09-21,Central Library
I00338,U0145,Headphones — JBL #0338,Electronics,Headphones,JBL,GOOD,BORROW,AVAILABLE,2400,2026-06-18,2026-07-27,Student Centre
I00339,U0306,Mechanical Drawing Set — Rotring #0339,Stationery,Mechanical Drawing Set,Rotring,GOOD,SWAP,BORROWED,1500,2026-07-04,2026-11-18,Hostel Block A
I00340,U0772,Desk Lamp — Philips #0340,Accessory,Desk Lamp,Philips,EXCELLENT,SELL,AVAILABLE,550,2025-09-06,2026-02-12,Hostel Block B
I00341,U0407,Textbook — Pearson #0341,Book,Textbook,Pearson,GOOD,BORROW,AVAILABLE,700,2026-08-05,2026-11-08,Hostel Block C
I00342,U0296,USB Flash Drive — SanDisk #0342,Storage,USB Flash Drive,SanDisk,GOOD,BORROW,AVAILABLE,900,2025-10-31,2026-03-15,Hostel Block D
I00343,U0255,Scientific Calculator — Texas Instruments #0343,Academic,Scientific Calculator,Texas Instruments,NEW,BORROW,AVAILABLE,400,2026-03-25,2026-05-26,Innovation Lab
I00344,U0554,Lab Coat — Generic #0344,Clothing,Lab Coat,Generic,GOOD,SWAP,RESERVED,550,2026-06-08,2026-08-30,ECE Lab
I00345,U0971,Power Bank — MI #0345,Accessory,Power Bank,MI,EXCELLENT,SELL,AVAILABLE,1000,2026-04-27,2026-09-10,Mechanical Lab
I00346,U0029,HDMI Cable — UGREEN #0346,Cable,HDMI Cable,UGREEN,GOOD,BORROW,AVAILABLE,700,2026-08-05,2026-12-23,Architecture Studio
I00347,U0624,Drawing Board — Camel #0347,Equipment,Drawing Board,Camel,GOOD,GIVEAWAY,BORROWED,1400,2026-04-21,2026-06-03,CS Department
I00348,U0149,Ethernet Cable — D-Link #0348,Cable,Ethernet Cable,D-Link,GOOD,SELL,INACTIVE,350,2025-09-24,2025-12-21,Main Block
I00349,U0006,Extension Board — Philips #0349,Electronics,Extension Board,Philips,EXCELLENT,SWAP,AVAILABLE,700,2026-04-10,2026-08-27,Central Library
I00350,U0351,Breadboard Kit — Generic #0350,Lab Equipment,Breadboard Kit,Generic,GOOD,SWAP,AVAILABLE,500,2025-11-15,2026-03-07,Student Centre
I00351,U0165,Presentation Clicker — Logitech #0351,Accessory,Presentation Clicker,Logitech,GOOD,SELL,INACTIVE,1900,2026-02-25,2026-05-21,Hostel Block A
I00352,U0059,Arduino Kit — Arduino #0352,Lab Equipment,Arduino Kit,Arduino,EXCELLENT,SELL,AVAILABLE,2100,2026-02-28,2026-04-26,Hostel Block B
I00353,U0224,Safety Goggles — 3M #0353,Safety Equipment,Safety Goggles,3M,EXCELLENT,SELL,AVAILABLE,200,2026-07-01,2026-11-20,Hostel Block C
I00354,U0304,Webcam — Logitech #0354,Electronics,Webcam,Logitech,GOOD,GIVEAWAY,RESERVED,850,2026-02-03,2026-05-21,Hostel Block D
I00355,U0956,Graph Paper Pack — Classmate #0355,Stationery,Graph Paper Pack,Classmate,EXCELLENT,BORROW,BORROWED,150,2026-09-05,2027-02-18,Innovation Lab
I00356,U0453,Soldering Iron Kit — Weller #0356,Lab Equipment,Soldering Iron Kit,Weller,EXCELLENT,GIVEAWAY,AVAILABLE,1450,2026-09-15,2027-01-13,ECE Lab
I00357,U0967,Screwdriver Set — Bosch #0357,Equipment,Screwdriver Set,Bosch,EXCELLENT,BORROW,INACTIVE,1400,2026-06-01,2026-07-13,Mechanical Lab
I00358,U0444,Python Programming Book — O'Reilly #0358,Book,Python Programming Book,O'Reilly,FAIR,GIVEAWAY,BORROWED,1550,2025-12-04,2026-05-24,Architecture Studio
I00359,U0139,Vernier Caliper — Mitutoyo #0359,Lab Equipment,Vernier Caliper,Mitutoyo,GOOD,BORROW,BORROWED,5500,2025-10-24,2026-03-13,CS Department
I00360,U0606,Calculator — CASIO #0360,Academic,Calculator,CASIO,EXCELLENT,BORROW,RETURNED,1700,2026-01-24,2026-04-30,Main Block
I00361,U0386,Bluetooth Keyboard — Logitech #0361,Accessory,Bluetooth Keyboard,Logitech,FAIR,SWAP,INACTIVE,2300,2026-01-09,2026-04-28,Central Library
I00362,U0811,External Hard Drive — WD #0362,Storage,External Hard Drive,WD,EXCELLENT,SWAP,INACTIVE,5200,2026-05-02,2026-09-25,Student Centre
I00363,U0635,USB-C Charger — Anker #0363,Electronics,USB-C Charger,Anker,EXCELLENT,BORROW,RESERVED,2400,2026-08-22,2026-10-29,Hostel Block A
I00364,U0715,Engineering Drawing Kit — Staedtler #0364,Equipment,Engineering Drawing Kit,Staedtler,EXCELLENT,GIVEAWAY,RESERVED,2250,2025-10-19,2025-12-25,Hostel Block B
I00365,U0848,Tripod — Digitek #0365,Equipment,Tripod,Digitek,EXCELLENT,BORROW,INACTIVE,2300,2026-01-13,2026-07-05,Hostel Block C
I00366,U0308,Digital Multimeter — Meco #0366,Lab Equipment,Digital Multimeter,Meco,EXCELLENT,SWAP,AVAILABLE,2050,2026-02-06,2026-07-26,Hostel Block D
I00367,U0833,College Backpack — Wildcraft #0367,Bag,College Backpack,Wildcraft,FAIR,BORROW,AVAILABLE,1100,2026-03-13,2026-08-17,Innovation Lab
I00368,U0089,Headphones — JBL #0368,Electronics,Headphones,JBL,GOOD,SELL,AVAILABLE,1100,2026-06-12,2026-09-03,ECE Lab
I00369,U0983,Mechanical Drawing Set — Rotring #0369,Stationery,Mechanical Drawing Set,Rotring,GOOD,SELL,RESERVED,950,2026-05-06,2026-10-14,Mechanical Lab
I00370,U0216,Desk Lamp — Philips #0370,Accessory,Desk Lamp,Philips,GOOD,BORROW,AVAILABLE,650,2025-12-31,2026-02-28,Architecture Studio
I00371,U0066,Textbook — Pearson #0371,Book,Textbook,Pearson,EXCELLENT,SWAP,AVAILABLE,400,2025-12-16,2026-02-05,CS Department
I00372,U0879,USB Flash Drive — SanDisk #0372,Storage,USB Flash Drive,SanDisk,GOOD,SWAP,AVAILABLE,950,2026-03-16,2026-07-06,Main Block
I00373,U0288,Scientific Calculator — Texas Instruments #0373,Academic,Scientific Calculator,Texas Instruments,GOOD,SWAP,AVAILABLE,1350,2026-02-15,2026-07-18,Central Library
I00374,U0804,Lab Coat — Generic #0374,Clothing,Lab Coat,Generic,GOOD,GIVEAWAY,AVAILABLE,850,2026-08-31,2026-12-17,Student Centre
I00375,U0342,Power Bank — MI #0375,Accessory,Power Bank,MI,GOOD,BORROW,AVAILABLE,1200,2026-04-03,2026-05-31,Hostel Block A
I00376,U0920,HDMI Cable — UGREEN #0376,Cable,HDMI Cable,UGREEN,EXCELLENT,SWAP,BORROWED,400,2026-09-21,2026-11-16,Hostel Block B
I00377,U0077,Drawing Board — Camel #0377,Equipment,Drawing Board,Camel,GOOD,GIVEAWAY,RESERVED,1450,2025-12-11,2026-05-05,Hostel Block C
I00378,U0684,Ethernet Cable — D-Link #0378,Cable,Ethernet Cable,D-Link,NEW,SELL,AVAILABLE,300,2025-09-10,2026-03-09,Hostel Block D
I00379,U0793,Extension Board — Philips #0379,Electronics,Extension Board,Philips,EXCELLENT,BORROW,INACTIVE,450,2026-07-13,2026-08-26,Innovation Lab
I00380,U0535,Breadboard Kit — Generic #0380,Lab Equipment,Breadboard Kit,Generic,EXCELLENT,BORROW,INACTIVE,500,2025-10-26,2026-01-07,ECE Lab
I00381,U0042,Presentation Clicker — Logitech #0381,Accessory,Presentation Clicker,Logitech,GOOD,BORROW,INACTIVE,950,2025-08-02,2025-12-04,Mechanical Lab
I00382,U0061,Arduino Kit — Arduino #0382,Lab Equipment,Arduino Kit,Arduino,FAIR,SELL,RETURNED,3200,2025-10-07,2025-12-12,Architecture Studio
I00383,U0977,Safety Goggles — 3M #0383,Safety Equipment,Safety Goggles,3M,GOOD,GIVEAWAY,AVAILABLE,650,2026-04-30,2026-06-21,CS Department
I00384,U0812,Webcam — Logitech #0384,Electronics,Webcam,Logitech,GOOD,SELL,AVAILABLE,3000,2026-01-12,2026-06-07,Main Block
I00385,U0323,Graph Paper Pack — Classmate #0385,Stationery,Graph Paper Pack,Classmate,GOOD,BORROW,RESERVED,100,2026-08-10,2026-09-23,Central Library
I00386,U0611,Soldering Iron Kit — Weller #0386,Lab Equipment,Soldering Iron Kit,Weller,GOOD,BORROW,RESERVED,3100,2026-01-26,2026-05-16,Student Centre
I00387,U0510,Screwdriver Set — Bosch #0387,Equipment,Screwdriver Set,Bosch,GOOD,BORROW,BORROWED,1100,2026-07-28,2026-12-01,Hostel Block A
I00388,U0334,Python Programming Book — O'Reilly #0388,Book,Python Programming Book,O'Reilly,GOOD,SWAP,AVAILABLE,400,2026-03-15,2026-05-19,Hostel Block B
I00389,U0233,Vernier Caliper — Mitutoyo #0389,Lab Equipment,Vernier Caliper,Mitutoyo,GOOD,BORROW,AVAILABLE,2700,2026-01-05,2026-03-05,Hostel Block C
I00390,U0756,Calculator — CASIO #0390,Academic,Calculator,CASIO,GOOD,SELL,AVAILABLE,1600,2025-10-09,2025-11-22,Hostel Block D
I00391,U0134,Bluetooth Keyboard — Logitech #0391,Accessory,Bluetooth Keyboard,Logitech,GOOD,BORROW,AVAILABLE,3000,2026-05-09,2026-09-11,Innovation Lab
I00392,U0145,External Hard Drive — WD #0392,Storage,External Hard Drive,WD,GOOD,SELL,AVAILABLE,3250,2026-04-30,2026-09-30,ECE Lab
I00393,U0341,USB-C Charger — Anker #0393,Electronics,USB-C Charger,Anker,FAIR,SWAP,RETURNED,1450,2025-12-29,2026-05-20,Mechanical Lab
I00394,U0545,Engineering Drawing Kit — Staedtler #0394,Equipment,Engineering Drawing Kit,Staedtler,GOOD,GIVEAWAY,BORROWED,2000,2025-12-25,2026-03-25,Architecture Studio
I00395,U0712,Tripod — Digitek #0395,Equipment,Tripod,Digitek,EXCELLENT,SWAP,AVAILABLE,1200,2026-03-28,2026-06-14,CS Department
I00396,U0259,Digital Multimeter — Meco #0396,Lab Equipment,Digital Multimeter,Meco,FAIR,BORROW,RETURNED,1250,2025-09-29,2026-01-24,Main Block
I00397,U0758,College Backpack — Wildcraft #0397,Bag,College Backpack,Wildcraft,NEW,SWAP,RETURNED,2900,2025-11-07,2025-12-13,Central Library
I00398,U0863,Headphones — JBL #0398,Electronics,Headphones,JBL,GOOD,SELL,AVAILABLE,2650,2025-08-21,2025-10-29,Student Centre
I00399,U0426,Mechanical Drawing Set — Rotring #0399,Stationery,Mechanical Drawing Set,Rotring,EXCELLENT,BORROW,RETURNED,1500,2025-10-25,2025-12-08,Hostel Block A
I00400,U0931,Desk Lamp — Philips #0400,Accessory,Desk Lamp,Philips,GOOD,GIVEAWAY,RETURNED,1000,2026-09-20,2026-10-25,Hostel Block B
I00401,U0641,Textbook — Pearson #0401,Book,Textbook,Pearson,GOOD,BORROW,AVAILABLE,1050,2026-03-04,2026-08-26,Hostel Block C
I00402,U0908,USB Flash Drive — SanDisk #0402,Storage,USB Flash Drive,SanDisk,GOOD,BORROW,AVAILABLE,300,2026-07-14,2026-10-30,Hostel Block D
I00403,U0474,Scientific Calculator — Texas Instruments #0403,Academic,Scientific Calculator,Texas Instruments,EXCELLENT,GIVEAWAY,AVAILABLE,500,2026-01-30,2026-05-16,Innovation Lab
I00404,U0092,Lab Coat — Generic #0404,Clothing,Lab Coat,Generic,GOOD,SELL,BORROWED,1100,2026-01-24,2026-04-25,ECE Lab
I00405,U0961,Power Bank — MI #0405,Accessory,Power Bank,MI,EXCELLENT,BORROW,AVAILABLE,1500,2025-11-06,2026-01-26,Mechanical Lab
I00406,U0736,HDMI Cable — UGREEN #0406,Cable,HDMI Cable,UGREEN,GOOD,GIVEAWAY,BORROWED,550,2025-10-05,2026-03-31,Architecture Studio
I00407,U0653,Drawing Board — Camel #0407,Equipment,Drawing Board,Camel,FAIR,SELL,BORROWED,1450,2026-05-25,2026-10-17,CS Department
I00408,U0742,Ethernet Cable — D-Link #0408,Cable,Ethernet Cable,D-Link,EXCELLENT,SWAP,AVAILABLE,300,2025-08-06,2025-11-11,Main Block
I00409,U0777,Extension Board — Philips #0409,Electronics,Extension Board,Philips,EXCELLENT,SWAP,AVAILABLE,1450,2026-05-10,2026-10-29,Central Library
I00410,U0330,Breadboard Kit — Generic #0410,Lab Equipment,Breadboard Kit,Generic,GOOD,SWAP,RESERVED,750,2025-12-14,2026-02-23,Student Centre
I00411,U0186,Presentation Clicker — Logitech #0411,Accessory,Presentation Clicker,Logitech,EXCELLENT,BORROW,AVAILABLE,950,2026-06-16,2026-11-16,Hostel Block A
I00412,U0296,Arduino Kit — Arduino #0412,Lab Equipment,Arduino Kit,Arduino,FAIR,GIVEAWAY,RESERVED,1300,2026-04-18,2026-06-09,Hostel Block B
I00413,U0724,Safety Goggles — 3M #0413,Safety Equipment,Safety Goggles,3M,EXCELLENT,SELL,AVAILABLE,600,2026-01-17,2026-05-17,Hostel Block C
I00414,U0934,Webcam — Logitech #0414,Electronics,Webcam,Logitech,GOOD,GIVEAWAY,AVAILABLE,3750,2026-03-13,2026-05-12,Hostel Block D
I00415,U0224,Graph Paper Pack — Classmate #0415,Stationery,Graph Paper Pack,Classmate,GOOD,SELL,AVAILABLE,100,2025-09-20,2025-10-21,Innovation Lab
I00416,U0374,Soldering Iron Kit — Weller #0416,Lab Equipment,Soldering Iron Kit,Weller,EXCELLENT,BORROW,RESERVED,3150,2026-01-30,2026-04-28,ECE Lab
I00417,U0590,Screwdriver Set — Bosch #0417,Equipment,Screwdriver Set,Bosch,EXCELLENT,BORROW,AVAILABLE,700,2026-07-22,2026-11-19,Mechanical Lab
I00418,U0825,Python Programming Book — O'Reilly #0418,Book,Python Programming Book,O'Reilly,GOOD,SWAP,AVAILABLE,900,2025-10-24,2025-12-27,Architecture Studio
I00419,U0523,Vernier Caliper — Mitutoyo #0419,Lab Equipment,Vernier Caliper,Mitutoyo,NEW,GIVEAWAY,RETURNED,2250,2026-02-11,2026-04-11,CS Department
I00420,U0965,Calculator — CASIO #0420,Academic,Calculator,CASIO,GOOD,SWAP,RESERVED,1500,2026-02-15,2026-05-15,Main Block
I00421,U0868,Bluetooth Keyboard — Logitech #0421,Accessory,Bluetooth Keyboard,Logitech,GOOD,SWAP,AVAILABLE,2300,2026-04-23,2026-09-30,Central Library
I00422,U0820,External Hard Drive — WD #0422,Storage,External Hard Drive,WD,GOOD,GIVEAWAY,AVAILABLE,3450,2025-12-10,2026-01-23,Student Centre
I00423,U0634,USB-C Charger — Anker #0423,Electronics,USB-C Charger,Anker,FAIR,GIVEAWAY,AVAILABLE,550,2026-01-14,2026-06-03,Hostel Block A
I00424,U0968,Engineering Drawing Kit — Staedtler #0424,Equipment,Engineering Drawing Kit,Staedtler,GOOD,BORROW,AVAILABLE,1300,2026-05-01,2026-08-20,Hostel Block B
I00425,U0670,Tripod — Digitek #0425,Equipment,Tripod,Digitek,GOOD,BORROW,AVAILABLE,1500,2025-10-19,2026-03-11,Hostel Block C
I00426,U0096,Digital Multimeter — Meco #0426,Lab Equipment,Digital Multimeter,Meco,FAIR,GIVEAWAY,AVAILABLE,800,2026-06-20,2026-08-08,Hostel Block D
I00427,U0362,College Backpack — Wildcraft #0427,Bag,College Backpack,Wildcraft,FAIR,BORROW,AVAILABLE,1800,2026-03-25,2026-05-08,Innovation Lab
I00428,U0459,Headphones — JBL #0428,Electronics,Headphones,JBL,EXCELLENT,BORROW,AVAILABLE,2250,2026-06-20,2026-09-02,ECE Lab
I00429,U0187,Mechanical Drawing Set — Rotring #0429,Stationery,Mechanical Drawing Set,Rotring,GOOD,BORROW,AVAILABLE,1100,2026-05-08,2026-06-11,Mechanical Lab
I00430,U0839,Desk Lamp — Philips #0430,Accessory,Desk Lamp,Philips,NEW,BORROW,INACTIVE,450,2026-06-09,2026-10-14,Architecture Studio
I00431,U0249,Textbook — Pearson #0431,Book,Textbook,Pearson,GOOD,SWAP,AVAILABLE,250,2025-08-21,2025-10-08,CS Department
I00432,U0374,USB Flash Drive — SanDisk #0432,Storage,USB Flash Drive,SanDisk,FAIR,BORROW,AVAILABLE,850,2026-08-01,2026-09-10,Main Block
I00433,U0729,Scientific Calculator — Texas Instruments #0433,Academic,Scientific Calculator,Texas Instruments,GOOD,BORROW,RETURNED,650,2026-09-08,2026-11-16,Central Library
I00434,U0050,Lab Coat — Generic #0434,Clothing,Lab Coat,Generic,GOOD,BORROW,RETURNED,850,2026-04-02,2026-05-22,Student Centre
I00435,U0477,Power Bank — MI #0435,Accessory,Power Bank,MI,GOOD,BORROW,AVAILABLE,1600,2026-05-03,2026-09-25,Hostel Block A
I00436,U0151,HDMI Cable — UGREEN #0436,Cable,HDMI Cable,UGREEN,FAIR,BORROW,BORROWED,450,2026-07-09,2026-10-16,Hostel Block B
I00437,U0916,Drawing Board — Camel #0437,Equipment,Drawing Board,Camel,GOOD,SWAP,BORROWED,600,2026-01-07,2026-02-26,Hostel Block C
I00438,U0137,Ethernet Cable — D-Link #0438,Cable,Ethernet Cable,D-Link,GOOD,SWAP,AVAILABLE,250,2025-09-21,2025-11-04,Hostel Block D
I00439,U0543,Extension Board — Philips #0439,Electronics,Extension Board,Philips,GOOD,BORROW,RETURNED,600,2026-09-07,2026-10-29,Innovation Lab
I00440,U0591,Breadboard Kit — Generic #0440,Lab Equipment,Breadboard Kit,Generic,EXCELLENT,SWAP,INACTIVE,500,2026-09-13,2026-10-23,ECE Lab
I00441,U0472,Presentation Clicker — Logitech #0441,Accessory,Presentation Clicker,Logitech,FAIR,GIVEAWAY,AVAILABLE,1100,2025-09-27,2026-02-03,Mechanical Lab
I00442,U0873,Arduino Kit — Arduino #0442,Lab Equipment,Arduino Kit,Arduino,GOOD,SELL,AVAILABLE,1150,2026-09-16,2026-11-18,Architecture Studio
I00443,U0185,Safety Goggles — 3M #0443,Safety Equipment,Safety Goggles,3M,GOOD,SWAP,RETURNED,200,2025-12-19,2026-05-14,CS Department
I00444,U0160,Webcam — Logitech #0444,Electronics,Webcam,Logitech,EXCELLENT,SELL,BORROWED,2250,2026-08-21,2027-02-08,Main Block
I00445,U0110,Graph Paper Pack — Classmate #0445,Stationery,Graph Paper Pack,Classmate,GOOD,GIVEAWAY,RESERVED,100,2026-08-02,2026-12-30,Central Library
I00446,U0976,Soldering Iron Kit — Weller #0446,Lab Equipment,Soldering Iron Kit,Weller,NEW,BORROW,INACTIVE,3150,2026-09-18,2026-12-22,Student Centre
I00447,U0347,Screwdriver Set — Bosch #0447,Equipment,Screwdriver Set,Bosch,FAIR,BORROW,INACTIVE,1650,2026-04-12,2026-06-22,Hostel Block A
I00448,U0725,Python Programming Book — O'Reilly #0448,Book,Python Programming Book,O'Reilly,GOOD,GIVEAWAY,INACTIVE,850,2026-09-04,2026-11-30,Hostel Block B
I00449,U0015,Vernier Caliper — Mitutoyo #0449,Lab Equipment,Vernier Caliper,Mitutoyo,GOOD,BORROW,AVAILABLE,5650,2025-11-08,2026-02-24,Hostel Block C
I00450,U0660,Calculator — CASIO #0450,Academic,Calculator,CASIO,GOOD,SELL,AVAILABLE,1600,2026-03-25,2026-09-07,Hostel Block D
I00451,U0476,Bluetooth Keyboard — Logitech #0451,Accessory,Bluetooth Keyboard,Logitech,EXCELLENT,SELL,AVAILABLE,2800,2025-12-08,2026-06-01,Innovation Lab
I00452,U0253,External Hard Drive — WD #0452,Storage,External Hard Drive,WD,GOOD,SWAP,AVAILABLE,4000,2025-09-08,2026-01-28,ECE Lab
I00453,U0958,USB-C Charger — Anker #0453,Electronics,USB-C Charger,Anker,GOOD,BORROW,INACTIVE,2100,2025-08-08,2025-09-30,Mechanical Lab
I00454,U0028,Engineering Drawing Kit — Staedtler #0454,Equipment,Engineering Drawing Kit,Staedtler,EXCELLENT,BORROW,BORROWED,1350,2026-08-24,2026-11-04,Architecture Studio
I00455,U0959,Tripod — Digitek #0455,Equipment,Tripod,Digitek,FAIR,SWAP,AVAILABLE,1250,2026-04-15,2026-08-03,CS Department
I00456,U0465,Digital Multimeter — Meco #0456,Lab Equipment,Digital Multimeter,Meco,GOOD,SWAP,RETURNED,1150,2026-04-06,2026-09-05,Main Block
I00457,U0231,College Backpack — Wildcraft #0457,Bag,College Backpack,Wildcraft,FAIR,SELL,AVAILABLE,2450,2026-04-08,2026-05-20,Central Library
I00458,U0163,Headphones — JBL #0458,Electronics,Headphones,JBL,EXCELLENT,SELL,AVAILABLE,1850,2026-06-10,2026-07-10,Student Centre
I00459,U0753,Mechanical Drawing Set — Rotring #0459,Stationery,Mechanical Drawing Set,Rotring,EXCELLENT,BORROW,RETURNED,1500,2025-08-09,2025-12-02,Hostel Block A
I00460,U0071,Desk Lamp — Philips #0460,Accessory,Desk Lamp,Philips,GOOD,SELL,AVAILABLE,1350,2026-08-24,2027-01-29,Hostel Block B
I00461,U0727,Textbook — Pearson #0461,Book,Textbook,Pearson,GOOD,BORROW,RETURNED,500,2026-01-06,2026-03-28,Hostel Block C
I00462,U0224,USB Flash Drive — SanDisk #0462,Storage,USB Flash Drive,SanDisk,GOOD,GIVEAWAY,RETURNED,900,2025-10-27,2026-01-07,Hostel Block D
I00463,U0717,Scientific Calculator — Texas Instruments #0463,Academic,Scientific Calculator,Texas Instruments,EXCELLENT,BORROW,AVAILABLE,1250,2025-10-26,2026-03-23,Innovation Lab
I00464,U0094,Lab Coat — Generic #0464,Clothing,Lab Coat,Generic,GOOD,BORROW,RETURNED,1050,2025-10-12,2025-11-11,ECE Lab
I00465,U0956,Power Bank — MI #0465,Accessory,Power Bank,MI,GOOD,SWAP,AVAILABLE,2000,2026-06-18,2026-07-25,Mechanical Lab
I00466,U0867,HDMI Cable — UGREEN #0466,Cable,HDMI Cable,UGREEN,GOOD,SWAP,AVAILABLE,200,2026-02-05,2026-04-22,Architecture Studio
I00467,U0309,Drawing Board — Camel #0467,Equipment,Drawing Board,Camel,EXCELLENT,GIVEAWAY,AVAILABLE,1550,2026-07-27,2027-01-01,CS Department
I00468,U0592,Ethernet Cable — D-Link #0468,Cable,Ethernet Cable,D-Link,GOOD,BORROW,RETURNED,550,2026-08-14,2026-10-19,Main Block
I00469,U0695,Extension Board — Philips #0469,Electronics,Extension Board,Philips,EXCELLENT,BORROW,AVAILABLE,1250,2026-02-03,2026-05-26,Central Library
I00470,U0904,Breadboard Kit — Generic #0470,Lab Equipment,Breadboard Kit,Generic,EXCELLENT,SWAP,RESERVED,650,2026-07-06,2026-12-09,Student Centre
I00471,U0275,Presentation Clicker — Logitech #0471,Accessory,Presentation Clicker,Logitech,GOOD,SWAP,BORROWED,1100,2026-01-23,2026-06-13,Hostel Block A
I00472,U0580,Arduino Kit — Arduino #0472,Lab Equipment,Arduino Kit,Arduino,EXCELLENT,GIVEAWAY,BORROWED,1800,2026-08-02,2026-09-30,Hostel Block B
I00473,U0630,Safety Goggles — 3M #0473,Safety Equipment,Safety Goggles,3M,FAIR,GIVEAWAY,AVAILABLE,500,2025-08-25,2026-01-09,Hostel Block C
I00474,U0871,Webcam — Logitech #0474,Electronics,Webcam,Logitech,EXCELLENT,SWAP,AVAILABLE,3700,2026-05-27,2026-09-07,Hostel Block D
I00475,U0450,Graph Paper Pack — Classmate #0475,Stationery,Graph Paper Pack,Classmate,EXCELLENT,GIVEAWAY,AVAILABLE,150,2026-03-22,2026-09-18,Innovation Lab
I00476,U0107,Soldering Iron Kit — Weller #0476,Lab Equipment,Soldering Iron Kit,Weller,EXCELLENT,SELL,RETURNED,2650,2026-01-19,2026-06-17,ECE Lab
I00477,U0190,Screwdriver Set — Bosch #0477,Equipment,Screwdriver Set,Bosch,FAIR,BORROW,AVAILABLE,1000,2026-08-31,2027-02-18,Mechanical Lab
I00478,U0959,Python Programming Book — O'Reilly #0478,Book,Python Programming Book,O'Reilly,GOOD,GIVEAWAY,RETURNED,700,2025-09-08,2025-11-24,Architecture Studio
I00479,U0104,Vernier Caliper — Mitutoyo #0479,Lab Equipment,Vernier Caliper,Mitutoyo,GOOD,BORROW,AVAILABLE,5150,2026-08-11,2026-10-21,CS Department
I00480,U0413,Calculator — CASIO #0480,Academic,Calculator,CASIO,GOOD,GIVEAWAY,AVAILABLE,1600,2026-05-01,2026-07-07,Main Block
I00481,U0664,Bluetooth Keyboard — Logitech #0481,Accessory,Bluetooth Keyboard,Logitech,GOOD,GIVEAWAY,AVAILABLE,3300,2026-05-23,2026-06-26,Central Library
I00482,U0878,External Hard Drive — WD #0482,Storage,External Hard Drive,WD,NEW,GIVEAWAY,AVAILABLE,6350,2026-08-30,2027-01-22,Student Centre
I00483,U0750,USB-C Charger — Anker #0483,Electronics,USB-C Charger,Anker,FAIR,GIVEAWAY,AVAILABLE,2400,2025-09-27,2025-12-01,Hostel Block A
I00484,U0417,Engineering Drawing Kit — Staedtler #0484,Equipment,Engineering Drawing Kit,Staedtler,EXCELLENT,BORROW,RETURNED,1100,2026-02-11,2026-03-16,Hostel Block B
I00485,U0684,Tripod — Digitek #0485,Equipment,Tripod,Digitek,GOOD,SELL,BORROWED,1500,2025-09-19,2025-12-06,Hostel Block C
I00486,U0695,Digital Multimeter — Meco #0486,Lab Equipment,Digital Multimeter,Meco,GOOD,BORROW,AVAILABLE,1800,2025-10-30,2026-04-26,Hostel Block D
I00487,U0587,College Backpack — Wildcraft #0487,Bag,College Backpack,Wildcraft,GOOD,GIVEAWAY,AVAILABLE,900,2026-05-17,2026-08-08,Innovation Lab
I00488,U0003,Headphones — JBL #0488,Electronics,Headphones,JBL,EXCELLENT,BORROW,AVAILABLE,2350,2025-11-03,2026-03-18,ECE Lab
I00489,U0763,Mechanical Drawing Set — Rotring #0489,Stationery,Mechanical Drawing Set,Rotring,FAIR,SWAP,AVAILABLE,1150,2025-11-08,2025-12-09,Mechanical Lab
I00490,U0295,Desk Lamp — Philips #0490,Accessory,Desk Lamp,Philips,EXCELLENT,SELL,AVAILABLE,350,2026-03-28,2026-06-07,Architecture Studio
I00491,U0457,Textbook — Pearson #0491,Book,Textbook,Pearson,GOOD,GIVEAWAY,RETURNED,450,2026-02-28,2026-08-11,CS Department
I00492,U0128,USB Flash Drive — SanDisk #0492,Storage,USB Flash Drive,SanDisk,GOOD,SELL,RETURNED,400,2026-08-27,2026-11-06,Main Block
I00493,U0029,Scientific Calculator — Texas Instruments #0493,Academic,Scientific Calculator,Texas Instruments,GOOD,BORROW,RESERVED,2100,2025-10-05,2025-11-15,Central Library
I00494,U0135,Lab Coat — Generic #0494,Clothing,Lab Coat,Generic,EXCELLENT,BORROW,RETURNED,550,2026-09-07,2027-01-15,Student Centre
I00495,U0423,Power Bank — MI #0495,Accessory,Power Bank,MI,EXCELLENT,BORROW,AVAILABLE,1250,2026-01-29,2026-07-13,Hostel Block A
I00496,U0939,HDMI Cable — UGREEN #0496,Cable,HDMI Cable,UGREEN,GOOD,BORROW,AVAILABLE,350,2026-03-14,2026-05-14,Hostel Block B
I00497,U0176,Drawing Board — Camel #0497,Equipment,Drawing Board,Camel,FAIR,GIVEAWAY,AVAILABLE,1100,2026-07-18,2026-12-20,Hostel Block C
I00498,U0326,Ethernet Cable — D-Link #0498,Cable,Ethernet Cable,D-Link,FAIR,BORROW,AVAILABLE,300,2026-06-07,2026-09-30,Hostel Block D
I00499,U0983,Extension Board — Philips #0499,Electronics,Extension Board,Philips,GOOD,BORROW,AVAILABLE,850,2026-09-16,2027-03-07,Innovation Lab
I00500,U0617,Breadboard Kit — Generic #0500,Lab Equipment,Breadboard Kit,Generic,GOOD,BORROW,AVAILABLE,750,2025-11-29,2026-01-09,ECE Lab
I00501,U0709,Presentation Clicker — Logitech #0501,Accessory,Presentation Clicker,Logitech,GOOD,SELL,AVAILABLE,1000,2026-01-10,2026-06-05,Mechanical Lab
I00502,U0386,Arduino Kit — Arduino #0502,Lab Equipment,Arduino Kit,Arduino,FAIR,BORROW,AVAILABLE,2550,2025-11-14,2026-03-06,Architecture Studio
I00503,U0925,Safety Goggles — 3M #0503,Safety Equipment,Safety Goggles,3M,GOOD,BORROW,AVAILABLE,250,2025-11-13,2026-05-11,CS Department
I00504,U0797,Webcam — Logitech #0504,Electronics,Webcam,Logitech,GOOD,SELL,BORROWED,3750,2025-10-25,2025-12-31,Main Block
I00505,U0721,Graph Paper Pack — Classmate #0505,Stationery,Graph Paper Pack,Classmate,FAIR,SELL,AVAILABLE,50,2025-11-17,2026-01-18,Central Library
I00506,U0377,Soldering Iron Kit — Weller #0506,Lab Equipment,Soldering Iron Kit,Weller,EXCELLENT,SWAP,AVAILABLE,3450,2025-09-30,2026-02-26,Student Centre
I00507,U0919,Screwdriver Set — Bosch #0507,Equipment,Screwdriver Set,Bosch,FAIR,SELL,AVAILABLE,900,2026-07-27,2026-09-04,Hostel Block A
I00508,U0149,Python Programming Book — O'Reilly #0508,Book,Python Programming Book,O'Reilly,GOOD,GIVEAWAY,BORROWED,1700,2026-02-22,2026-07-13,Hostel Block B
I00509,U0547,Vernier Caliper — Mitutoyo #0509,Lab Equipment,Vernier Caliper,Mitutoyo,EXCELLENT,BORROW,RESERVED,5200,2025-08-25,2026-02-15,Hostel Block C
I00510,U0577,Calculator — CASIO #0510,Academic,Calculator,CASIO,EXCELLENT,BORROW,AVAILABLE,900,2026-08-26,2026-11-21,Hostel Block D
I00511,U0891,Bluetooth Keyboard — Logitech #0511,Accessory,Bluetooth Keyboard,Logitech,EXCELLENT,SELL,AVAILABLE,2150,2026-01-17,2026-07-13,Innovation Lab
I00512,U0915,External Hard Drive — WD #0512,Storage,External Hard Drive,WD,GOOD,SELL,BORROWED,5500,2026-09-03,2027-02-12,ECE Lab
I00513,U0045,USB-C Charger — Anker #0513,Electronics,USB-C Charger,Anker,GOOD,BORROW,RETURNED,1100,2025-10-10,2026-04-01,Mechanical Lab
I00514,U0066,Engineering Drawing Kit — Staedtler #0514,Equipment,Engineering Drawing Kit,Staedtler,GOOD,BORROW,AVAILABLE,800,2025-08-24,2025-12-17,Architecture Studio
I00515,U0980,Tripod — Digitek #0515,Equipment,Tripod,Digitek,FAIR,GIVEAWAY,AVAILABLE,2100,2026-04-19,2026-09-02,CS Department
I00516,U0048,Digital Multimeter — Meco #0516,Lab Equipment,Digital Multimeter,Meco,GOOD,SELL,RETURNED,1850,2026-03-14,2026-04-28,Main Block
I00517,U0296,College Backpack — Wildcraft #0517,Bag,College Backpack,Wildcraft,GOOD,GIVEAWAY,BORROWED,2300,2025-10-17,2026-04-13,Central Library
I00518,U0580,Headphones — JBL #0518,Electronics,Headphones,JBL,EXCELLENT,BORROW,AVAILABLE,3350,2026-03-09,2026-08-17,Student Centre
I00519,U0118,Mechanical Drawing Set — Rotring #0519,Stationery,Mechanical Drawing Set,Rotring,GOOD,SWAP,BORROWED,1500,2026-05-23,2026-09-24,Hostel Block A
I00520,U0274,Desk Lamp — Philips #0520,Accessory,Desk Lamp,Philips,GOOD,SWAP,BORROWED,450,2026-07-05,2026-08-21,Hostel Block B
I00521,U0502,Textbook — Pearson #0521,Book,Textbook,Pearson,GOOD,BORROW,AVAILABLE,950,2026-06-15,2026-08-01,Hostel Block C
I00522,U0455,USB Flash Drive — SanDisk #0522,Storage,USB Flash Drive,SanDisk,GOOD,BORROW,BORROWED,450,2026-04-11,2026-06-18,Hostel Block D
I00523,U0460,Scientific Calculator — Texas Instruments #0523,Academic,Scientific Calculator,Texas Instruments,EXCELLENT,BORROW,BORROWED,850,2026-05-28,2026-08-15,Innovation Lab
I00524,U0769,Lab Coat — Generic #0524,Clothing,Lab Coat,Generic,GOOD,SWAP,AVAILABLE,450,2025-09-15,2026-03-14,ECE Lab
I00525,U0396,Power Bank — MI #0525,Accessory,Power Bank,MI,EXCELLENT,BORROW,INACTIVE,1700,2025-10-11,2026-03-16,Mechanical Lab
I00526,U0967,HDMI Cable — UGREEN #0526,Cable,HDMI Cable,UGREEN,GOOD,BORROW,AVAILABLE,700,2026-06-09,2026-08-24,Architecture Studio
I00527,U0838,Drawing Board — Camel #0527,Equipment,Drawing Board,Camel,GOOD,GIVEAWAY,AVAILABLE,550,2026-09-05,2026-11-26,CS Department
I00528,U0988,Ethernet Cable — D-Link #0528,Cable,Ethernet Cable,D-Link,GOOD,GIVEAWAY,AVAILABLE,400,2026-03-01,2026-07-13,Main Block
I00529,U0961,Extension Board — Philips #0529,Electronics,Extension Board,Philips,EXCELLENT,SWAP,AVAILABLE,1300,2025-10-12,2026-02-28,Central Library
I00530,U0251,Breadboard Kit — Generic #0530,Lab Equipment,Breadboard Kit,Generic,GOOD,SWAP,INACTIVE,400,2025-12-14,2026-04-05,Student Centre
I00531,U0142,Presentation Clicker — Logitech #0531,Accessory,Presentation Clicker,Logitech,GOOD,BORROW,AVAILABLE,1400,2025-09-20,2025-12-22,Hostel Block A
I00532,U0829,Arduino Kit — Arduino #0532,Lab Equipment,Arduino Kit,Arduino,NEW,SELL,AVAILABLE,900,2025-11-25,2026-05-21,Hostel Block B
I00533,U0399,Safety Goggles — 3M #0533,Safety Equipment,Safety Goggles,3M,NEW,BORROW,INACTIVE,300,2026-08-20,2026-12-08,Hostel Block C
I00534,U0264,Webcam — Logitech #0534,Electronics,Webcam,Logitech,GOOD,BORROW,AVAILABLE,1150,2026-02-22,2026-04-29,Hostel Block D
I00535,U0092,Graph Paper Pack — Classmate #0535,Stationery,Graph Paper Pack,Classmate,GOOD,GIVEAWAY,AVAILABLE,100,2026-08-31,2026-12-29,Innovation Lab
I00536,U0795,Soldering Iron Kit — Weller #0536,Lab Equipment,Soldering Iron Kit,Weller,FAIR,BORROW,AVAILABLE,1800,2026-09-20,2026-12-27,ECE Lab
I00537,U0624,Screwdriver Set — Bosch #0537,Equipment,Screwdriver Set,Bosch,GOOD,SWAP,AVAILABLE,1550,2026-06-26,2026-09-09,Mechanical Lab
I00538,U0045,Python Programming Book — O'Reilly #0538,Book,Python Programming Book,O'Reilly,GOOD,BORROW,AVAILABLE,1000,2026-06-03,2026-08-27,Architecture Studio
I00539,U0664,Vernier Caliper — Mitutoyo #0539,Lab Equipment,Vernier Caliper,Mitutoyo,GOOD,BORROW,INACTIVE,1800,2026-01-08,2026-03-30,CS Department
I00540,U0219,Calculator — CASIO #0540,Academic,Calculator,CASIO,GOOD,BORROW,RESERVED,1450,2025-12-20,2026-04-07,Main Block
I00541,U0377,Bluetooth Keyboard — Logitech #0541,Accessory,Bluetooth Keyboard,Logitech,GOOD,SWAP,RETURNED,2150,2026-04-14,2026-06-18,Central Library
I00542,U0398,External Hard Drive — WD #0542,Storage,External Hard Drive,WD,EXCELLENT,BORROW,BORROWED,5150,2026-08-20,2026-10-25,Student Centre
I00543,U0144,USB-C Charger — Anker #0543,Electronics,USB-C Charger,Anker,GOOD,SWAP,RETURNED,1050,2026-03-17,2026-05-04,Hostel Block A
I00544,U0362,Engineering Drawing Kit — Staedtler #0544,Equipment,Engineering Drawing Kit,Staedtler,FAIR,GIVEAWAY,BORROWED,2300,2026-05-05,2026-07-09,Hostel Block B
I00545,U0864,Tripod — Digitek #0545,Equipment,Tripod,Digitek,GOOD,SELL,AVAILABLE,950,2026-07-04,2026-12-04,Hostel Block C
I00546,U0283,Digital Multimeter — Meco #0546,Lab Equipment,Digital Multimeter,Meco,GOOD,BORROW,AVAILABLE,2150,2026-04-26,2026-08-15,Hostel Block D
I00547,U0483,College Backpack — Wildcraft #0547,Bag,College Backpack,Wildcraft,EXCELLENT,BORROW,RETURNED,1700,2025-11-16,2026-04-29,Innovation Lab
I00548,U0119,Headphones — JBL #0548,Electronics,Headphones,JBL,GOOD,SWAP,RETURNED,1300,2026-02-20,2026-07-06,ECE Lab
I00549,U0723,Mechanical Drawing Set — Rotring #0549,Stationery,Mechanical Drawing Set,Rotring,GOOD,SELL,AVAILABLE,1800,2026-07-13,2026-11-24,Mechanical Lab
I00550,U0444,Desk Lamp — Philips #0550,Accessory,Desk Lamp,Philips,EXCELLENT,SWAP,AVAILABLE,400,2026-05-24,2026-09-19,Architecture Studio
I00551,U0875,Textbook — Pearson #0551,Book,Textbook,Pearson,GOOD,BORROW,RETURNED,700,2025-09-19,2025-10-19,CS Department
I00552,U0214,USB Flash Drive — SanDisk #0552,Storage,USB Flash Drive,SanDisk,GOOD,SWAP,RESERVED,600,2026-01-23,2026-04-08,Main Block
I00553,U0140,Scientific Calculator — Texas Instruments #0553,Academic,Scientific Calculator,Texas Instruments,EXCELLENT,SWAP,AVAILABLE,2000,2025-08-26,2025-10-23,Central Library
I00554,U0941,Lab Coat — Generic #0554,Clothing,Lab Coat,Generic,EXCELLENT,BORROW,BORROWED,400,2026-06-25,2026-07-28,Student Centre
I00555,U0943,Power Bank — MI #0555,Accessory,Power Bank,MI,EXCELLENT,BORROW,AVAILABLE,1200,2025-11-03,2026-04-02,Hostel Block A
I00556,U0098,HDMI Cable — UGREEN #0556,Cable,HDMI Cable,UGREEN,GOOD,GIVEAWAY,AVAILABLE,250,2026-07-09,2026-12-18,Hostel Block B
I00557,U0507,Drawing Board — Camel #0557,Equipment,Drawing Board,Camel,FAIR,SELL,BORROWED,1750,2026-06-28,2026-11-13,Hostel Block C
I00558,U0958,Ethernet Cable — D-Link #0558,Cable,Ethernet Cable,D-Link,GOOD,BORROW,AVAILABLE,400,2026-04-10,2026-09-03,Hostel Block D
I00559,U0211,Extension Board — Philips #0559,Electronics,Extension Board,Philips,GOOD,BORROW,RETURNED,1500,2025-11-12,2026-01-30,Innovation Lab
I00560,U0998,Breadboard Kit — Generic #0560,Lab Equipment,Breadboard Kit,Generic,GOOD,BORROW,AVAILABLE,700,2026-07-01,2026-12-26,ECE Lab
I00561,U0627,Presentation Clicker — Logitech #0561,Accessory,Presentation Clicker,Logitech,FAIR,BORROW,AVAILABLE,1350,2026-06-03,2026-10-13,Mechanical Lab
I00562,U0475,Arduino Kit — Arduino #0562,Lab Equipment,Arduino Kit,Arduino,GOOD,BORROW,RETURNED,1400,2026-04-16,2026-06-07,Architecture Studio
I00563,U0518,Safety Goggles — 3M #0563,Safety Equipment,Safety Goggles,3M,EXCELLENT,BORROW,BORROWED,450,2025-08-07,2025-11-03,CS Department
I00564,U0349,Webcam — Logitech #0564,Electronics,Webcam,Logitech,EXCELLENT,SELL,INACTIVE,1050,2026-04-20,2026-07-10,Main Block
I00565,U0840,Graph Paper Pack — Classmate #0565,Stationery,Graph Paper Pack,Classmate,GOOD,SWAP,BORROWED,50,2026-08-05,2026-09-16,Central Library
I00566,U0616,Soldering Iron Kit — Weller #0566,Lab Equipment,Soldering Iron Kit,Weller,FAIR,SWAP,AVAILABLE,3250,2025-08-16,2026-01-12,Student Centre
I00567,U0312,Screwdriver Set — Bosch #0567,Equipment,Screwdriver Set,Bosch,EXCELLENT,SWAP,AVAILABLE,1100,2026-01-11,2026-06-04,Hostel Block A
I00568,U0419,Python Programming Book — O'Reilly #0568,Book,Python Programming Book,O'Reilly,GOOD,GIVEAWAY,AVAILABLE,450,2025-11-06,2026-01-24,Hostel Block B
I00569,U0447,Vernier Caliper — Mitutoyo #0569,Lab Equipment,Vernier Caliper,Mitutoyo,GOOD,GIVEAWAY,RETURNED,3450,2026-08-16,2026-10-28,Hostel Block C
I00570,U0829,Calculator — CASIO #0570,Academic,Calculator,CASIO,GOOD,SWAP,RETURNED,1150,2025-11-03,2026-03-05,Hostel Block D
I00571,U0704,Bluetooth Keyboard — Logitech #0571,Accessory,Bluetooth Keyboard,Logitech,GOOD,GIVEAWAY,AVAILABLE,1550,2025-09-04,2026-02-06,Innovation Lab
I00572,U0276,External Hard Drive — WD #0572,Storage,External Hard Drive,WD,FAIR,SELL,RESERVED,6800,2025-12-29,2026-04-07,ECE Lab
I00573,U0554,USB-C Charger — Anker #0573,Electronics,USB-C Charger,Anker,NEW,BORROW,AVAILABLE,2200,2025-09-11,2026-03-04,Mechanical Lab
I00574,U0807,Engineering Drawing Kit — Staedtler #0574,Equipment,Engineering Drawing Kit,Staedtler,EXCELLENT,BORROW,BORROWED,1350,2026-03-01,2026-08-27,Architecture Studio
I00575,U0030,Tripod — Digitek #0575,Equipment,Tripod,Digitek,GOOD,SWAP,AVAILABLE,650,2025-09-14,2026-01-09,CS Department
I00576,U0274,Digital Multimeter — Meco #0576,Lab Equipment,Digital Multimeter,Meco,GOOD,SELL,AVAILABLE,2050,2026-06-11,2026-10-22,Main Block
I00577,U0046,College Backpack — Wildcraft #0577,Bag,College Backpack,Wildcraft,EXCELLENT,BORROW,AVAILABLE,850,2026-05-07,2026-07-11,Central Library
I00578,U0547,Headphones — JBL #0578,Electronics,Headphones,JBL,GOOD,BORROW,AVAILABLE,3000,2026-04-08,2026-08-11,Student Centre
I00579,U0691,Mechanical Drawing Set — Rotring #0579,Stationery,Mechanical Drawing Set,Rotring,GOOD,BORROW,AVAILABLE,1600,2026-01-22,2026-06-04,Hostel Block A
I00580,U0627,Desk Lamp — Philips #0580,Accessory,Desk Lamp,Philips,FAIR,SWAP,RETURNED,1500,2025-12-31,2026-05-29,Hostel Block B
I00581,U0119,Textbook — Pearson #0581,Book,Textbook,Pearson,NEW,GIVEAWAY,AVAILABLE,450,2026-02-12,2026-07-24,Hostel Block C
I00582,U0247,USB Flash Drive — SanDisk #0582,Storage,USB Flash Drive,SanDisk,GOOD,BORROW,BORROWED,800,2026-08-06,2026-12-17,Hostel Block D
I00583,U0208,Scientific Calculator — Texas Instruments #0583,Academic,Scientific Calculator,Texas Instruments,GOOD,BORROW,AVAILABLE,2300,2025-08-23,2026-02-12,Innovation Lab
I00584,U0276,Lab Coat — Generic #0584,Clothing,Lab Coat,Generic,GOOD,BORROW,AVAILABLE,800,2026-03-15,2026-05-12,ECE Lab
I00585,U0287,Power Bank — MI #0585,Accessory,Power Bank,MI,GOOD,BORROW,RETURNED,750,2026-05-07,2026-06-14,Mechanical Lab
I00586,U0941,HDMI Cable — UGREEN #0586,Cable,HDMI Cable,UGREEN,GOOD,GIVEAWAY,AVAILABLE,250,2025-08-07,2026-01-12,Architecture Studio
I00587,U0094,Drawing Board — Camel #0587,Equipment,Drawing Board,Camel,GOOD,SELL,BORROWED,600,2026-02-06,2026-05-27,CS Department
I00588,U0461,Ethernet Cable — D-Link #0588,Cable,Ethernet Cable,D-Link,FAIR,GIVEAWAY,AVAILABLE,300,2026-06-21,2026-08-29,Main Block
I00589,U0841,Extension Board — Philips #0589,Electronics,Extension Board,Philips,EXCELLENT,SWAP,AVAILABLE,1150,2025-08-18,2025-10-05,Central Library
I00590,U0612,Breadboard Kit — Generic #0590,Lab Equipment,Breadboard Kit,Generic,GOOD,BORROW,BORROWED,150,2026-04-23,2026-06-21,Student Centre
I00591,U0482,Presentation Clicker — Logitech #0591,Accessory,Presentation Clicker,Logitech,GOOD,SWAP,AVAILABLE,1050,2026-09-09,2027-02-05,Hostel Block A
I00592,U0417,Arduino Kit — Arduino #0592,Lab Equipment,Arduino Kit,Arduino,NEW,BORROW,INACTIVE,2050,2025-09-15,2026-02-07,Hostel Block B
I00593,U0942,Safety Goggles — 3M #0593,Safety Equipment,Safety Goggles,3M,EXCELLENT,BORROW,RESERVED,350,2025-09-21,2026-01-10,Hostel Block C
I00594,U0682,Webcam — Logitech #0594,Electronics,Webcam,Logitech,GOOD,SWAP,RETURNED,2400,2025-08-26,2026-01-05,Hostel Block D
I00595,U0349,Graph Paper Pack — Classmate #0595,Stationery,Graph Paper Pack,Classmate,GOOD,GIVEAWAY,RESERVED,100,2026-08-25,2027-02-20,Innovation Lab
I00596,U0224,Soldering Iron Kit — Weller #0596,Lab Equipment,Soldering Iron Kit,Weller,EXCELLENT,SELL,INACTIVE,3200,2025-08-23,2026-01-12,ECE Lab
I00597,U0754,Screwdriver Set — Bosch #0597,Equipment,Screwdriver Set,Bosch,FAIR,BORROW,RESERVED,900,2026-07-04,2026-10-25,Mechanical Lab
I00598,U0757,Python Programming Book — O'Reilly #0598,Book,Python Programming Book,O'Reilly,EXCELLENT,BORROW,RETURNED,750,2025-12-01,2026-03-26,Architecture Studio
I00599,U0674,Vernier Caliper — Mitutoyo #0599,Lab Equipment,Vernier Caliper,Mitutoyo,GOOD,BORROW,AVAILABLE,2300,2025-09-13,2025-10-21,CS Department
I00600,U0124,Calculator — CASIO #0600,Academic,Calculator,CASIO,GOOD,SELL,AVAILABLE,300,2025-11-23,2026-03-23,Main Block
I00601,U0844,Bluetooth Keyboard — Logitech #0601,Accessory,Bluetooth Keyboard,Logitech,GOOD,GIVEAWAY,AVAILABLE,1450,2025-12-05,2026-03-17,Central Library
I00602,U0457,External Hard Drive — WD #0602,Storage,External Hard Drive,WD,GOOD,BORROW,AVAILABLE,6400,2026-06-12,2026-11-09,Student Centre
I00603,U0396,USB-C Charger — Anker #0603,Electronics,USB-C Charger,Anker,EXCELLENT,BORROW,AVAILABLE,1200,2025-11-01,2025-12-17,Hostel Block A
I00604,U0715,Engineering Drawing Kit — Staedtler #0604,Equipment,Engineering Drawing Kit,Staedtler,FAIR,BORROW,BORROWED,800,2026-03-21,2026-08-24,Hostel Block B
I00605,U0977,Tripod — Digitek #0605,Equipment,Tripod,Digitek,FAIR,GIVEAWAY,INACTIVE,1800,2025-08-25,2025-10-17,Hostel Block C
I00606,U0111,Digital Multimeter — Meco #0606,Lab Equipment,Digital Multimeter,Meco,FAIR,BORROW,RETURNED,1900,2026-08-08,2026-12-07,Hostel Block D
I00607,U0473,College Backpack — Wildcraft #0607,Bag,College Backpack,Wildcraft,GOOD,SWAP,AVAILABLE,1800,2026-05-15,2026-09-08,Innovation Lab
I00608,U0289,Headphones — JBL #0608,Electronics,Headphones,JBL,GOOD,SWAP,RETURNED,2950,2026-03-22,2026-08-21,ECE Lab
I00609,U0440,Mechanical Drawing Set — Rotring #0609,Stationery,Mechanical Drawing Set,Rotring,NEW,BORROW,AVAILABLE,1200,2025-10-17,2026-03-09,Mechanical Lab
I00610,U0217,Desk Lamp — Philips #0610,Accessory,Desk Lamp,Philips,GOOD,SWAP,AVAILABLE,1250,2026-07-01,2026-09-28,Architecture Studio
I00611,U0370,Textbook — Pearson #0611,Book,Textbook,Pearson,GOOD,SWAP,RETURNED,1050,2025-09-23,2025-11-26,CS Department
I00612,U0771,USB Flash Drive — SanDisk #0612,Storage,USB Flash Drive,SanDisk,FAIR,BORROW,BORROWED,450,2026-02-10,2026-07-21,Main Block
I00613,U0620,Scientific Calculator — Texas Instruments #0613,Academic,Scientific Calculator,Texas Instruments,GOOD,SWAP,AVAILABLE,1650,2026-02-20,2026-08-02,Central Library
I00614,U0829,Lab Coat — Generic #0614,Clothing,Lab Coat,Generic,EXCELLENT,GIVEAWAY,BORROWED,1150,2026-08-20,2026-12-30,Student Centre
I00615,U0908,Power Bank — MI #0615,Accessory,Power Bank,MI,GOOD,SWAP,RETURNED,1700,2025-08-25,2025-09-26,Hostel Block A
I00616,U0643,HDMI Cable — UGREEN #0616,Cable,HDMI Cable,UGREEN,FAIR,BORROW,AVAILABLE,800,2026-04-04,2026-05-06,Hostel Block B
I00617,U0928,Drawing Board — Camel #0617,Equipment,Drawing Board,Camel,FAIR,GIVEAWAY,AVAILABLE,1350,2026-04-04,2026-06-21,Hostel Block C
I00618,U0405,Ethernet Cable — D-Link #0618,Cable,Ethernet Cable,D-Link,GOOD,GIVEAWAY,RETURNED,250,2026-04-17,2026-06-11,Hostel Block D
I00619,U0915,Extension Board — Philips #0619,Electronics,Extension Board,Philips,EXCELLENT,SELL,AVAILABLE,1550,2026-02-09,2026-03-21,Innovation Lab
I00620,U0616,Breadboard Kit — Generic #0620,Lab Equipment,Breadboard Kit,Generic,FAIR,SELL,AVAILABLE,750,2026-07-12,2026-10-13,ECE Lab
I00621,U0302,Presentation Clicker — Logitech #0621,Accessory,Presentation Clicker,Logitech,GOOD,GIVEAWAY,BORROWED,1200,2025-10-27,2026-02-24,Mechanical Lab
I00622,U0610,Arduino Kit — Arduino #0622,Lab Equipment,Arduino Kit,Arduino,GOOD,BORROW,INACTIVE,2450,2025-11-17,2025-12-26,Architecture Studio
I00623,U0944,Safety Goggles — 3M #0623,Safety Equipment,Safety Goggles,3M,NEW,BORROW,AVAILABLE,350,2026-03-08,2026-05-15,CS Department
I00624,U0386,Webcam — Logitech #0624,Electronics,Webcam,Logitech,EXCELLENT,GIVEAWAY,AVAILABLE,3000,2025-12-01,2026-02-28,Main Block
I00625,U0830,Graph Paper Pack — Classmate #0625,Stationery,Graph Paper Pack,Classmate,GOOD,SWAP,RESERVED,50,2025-11-15,2026-01-21,Central Library
I00626,U0398,Soldering Iron Kit — Weller #0626,Lab Equipment,Soldering Iron Kit,Weller,GOOD,GIVEAWAY,AVAILABLE,1700,2026-02-13,2026-04-08,Student Centre
I00627,U0226,Screwdriver Set — Bosch #0627,Equipment,Screwdriver Set,Bosch,GOOD,SWAP,BORROWED,300,2026-01-11,2026-06-30,Hostel Block A
I00628,U0512,Python Programming Book — O'Reilly #0628,Book,Python Programming Book,O'Reilly,GOOD,GIVEAWAY,AVAILABLE,1250,2025-08-27,2025-12-19,Hostel Block B
I00629,U0400,Vernier Caliper — Mitutoyo #0629,Lab Equipment,Vernier Caliper,Mitutoyo,FAIR,BORROW,INACTIVE,1150,2025-10-09,2025-12-02,Hostel Block C
I00630,U0654,Calculator — CASIO #0630,Academic,Calculator,CASIO,GOOD,GIVEAWAY,INACTIVE,450,2026-06-21,2026-08-22,Hostel Block D
I00631,U0256,Bluetooth Keyboard — Logitech #0631,Accessory,Bluetooth Keyboard,Logitech,GOOD,SWAP,INACTIVE,2400,2026-09-07,2027-02-28,Innovation Lab
I00632,U0910,External Hard Drive — WD #0632,Storage,External Hard Drive,WD,FAIR,BORROW,RESERVED,6450,2025-09-03,2025-12-09,ECE Lab
I00633,U0767,USB-C Charger — Anker #0633,Electronics,USB-C Charger,Anker,EXCELLENT,BORROW,AVAILABLE,1950,2025-12-06,2026-04-09,Mechanical Lab
I00634,U0117,Engineering Drawing Kit — Staedtler #0634,Equipment,Engineering Drawing Kit,Staedtler,NEW,SWAP,AVAILABLE,1100,2026-05-15,2026-08-31,Architecture Studio
I00635,U0900,Tripod — Digitek #0635,Equipment,Tripod,Digitek,EXCELLENT,GIVEAWAY,AVAILABLE,1950,2025-09-29,2026-03-14,CS Department
I00636,U0112,Digital Multimeter — Meco #0636,Lab Equipment,Digital Multimeter,Meco,NEW,SWAP,AVAILABLE,2050,2025-11-14,2026-03-01,Main Block
I00637,U0681,College Backpack — Wildcraft #0637,Bag,College Backpack,Wildcraft,EXCELLENT,GIVEAWAY,AVAILABLE,2050,2025-09-21,2026-03-18,Central Library
I00638,U0243,Headphones — JBL #0638,Electronics,Headphones,JBL,GOOD,BORROW,AVAILABLE,2400,2026-08-17,2026-10-14,Student Centre
I00639,U0741,Mechanical Drawing Set — Rotring #0639,Stationery,Mechanical Drawing Set,Rotring,GOOD,BORROW,RETURNED,650,2026-08-01,2026-12-13,Hostel Block A
I00640,U0608,Desk Lamp — Philips #0640,Accessory,Desk Lamp,Philips,GOOD,BORROW,AVAILABLE,400,2025-09-30,2026-03-03,Hostel Block B
I00641,U0590,Textbook — Pearson #0641,Book,Textbook,Pearson,GOOD,SWAP,AVAILABLE,1200,2026-01-07,2026-05-05,Hostel Block C
I00642,U0073,USB Flash Drive — SanDisk #0642,Storage,USB Flash Drive,SanDisk,GOOD,SELL,AVAILABLE,1150,2026-07-09,2026-10-09,Hostel Block D
I00643,U0474,Scientific Calculator — Texas Instruments #0643,Academic,Scientific Calculator,Texas Instruments,FAIR,SELL,AVAILABLE,1150,2026-03-21,2026-04-25,Innovation Lab
I00644,U0996,Lab Coat — Generic #0644,Clothing,Lab Coat,Generic,FAIR,BORROW,AVAILABLE,600,2026-03-12,2026-07-18,ECE Lab
I00645,U0184,Power Bank — MI #0645,Accessory,Power Bank,MI,GOOD,SELL,INACTIVE,900,2026-02-15,2026-03-24,Mechanical Lab
I00646,U0529,HDMI Cable — UGREEN #0646,Cable,HDMI Cable,UGREEN,GOOD,SELL,AVAILABLE,300,2026-06-19,2026-08-18,Architecture Studio
I00647,U0585,Drawing Board — Camel #0647,Equipment,Drawing Board,Camel,EXCELLENT,SWAP,AVAILABLE,1300,2025-11-20,2026-05-01,CS Department
I00648,U0434,Ethernet Cable — D-Link #0648,Cable,Ethernet Cable,D-Link,GOOD,GIVEAWAY,RETURNED,150,2025-11-13,2026-04-06,Main Block
I00649,U0557,Extension Board — Philips #0649,Electronics,Extension Board,Philips,FAIR,BORROW,AVAILABLE,1050,2026-05-18,2026-07-21,Central Library
I00650,U0691,Breadboard Kit — Generic #0650,Lab Equipment,Breadboard Kit,Generic,GOOD,SELL,AVAILABLE,650,2026-01-29,2026-03-09,Student Centre
I00651,U0630,Presentation Clicker — Logitech #0651,Accessory,Presentation Clicker,Logitech,EXCELLENT,BORROW,AVAILABLE,1850,2026-03-03,2026-08-09,Hostel Block A
I00652,U0523,Arduino Kit — Arduino #0652,Lab Equipment,Arduino Kit,Arduino,EXCELLENT,GIVEAWAY,BORROWED,850,2026-01-09,2026-05-22,Hostel Block B
I00653,U0526,Safety Goggles — 3M #0653,Safety Equipment,Safety Goggles,3M,GOOD,BORROW,AVAILABLE,450,2026-04-14,2026-05-18,Hostel Block C
I00654,U0429,Webcam — Logitech #0654,Electronics,Webcam,Logitech,GOOD,BORROW,AVAILABLE,3750,2026-09-14,2026-12-23,Hostel Block D
I00655,U0189,Graph Paper Pack — Classmate #0655,Stationery,Graph Paper Pack,Classmate,GOOD,BORROW,INACTIVE,100,2026-02-26,2026-04-12,Innovation Lab
I00656,U0667,Soldering Iron Kit — Weller #0656,Lab Equipment,Soldering Iron Kit,Weller,GOOD,BORROW,RETURNED,1650,2026-01-29,2026-05-14,ECE Lab
I00657,U0306,Screwdriver Set — Bosch #0657,Equipment,Screwdriver Set,Bosch,GOOD,SELL,BORROWED,700,2026-06-12,2026-10-17,Mechanical Lab
I00658,U0018,Python Programming Book — O'Reilly #0658,Book,Python Programming Book,O'Reilly,GOOD,BORROW,INACTIVE,850,2026-02-15,2026-04-04,Architecture Studio
I00659,U0706,Vernier Caliper — Mitutoyo #0659,Lab Equipment,Vernier Caliper,Mitutoyo,GOOD,BORROW,AVAILABLE,1250,2026-05-19,2026-09-12,CS Department
I00660,U0114,Calculator — CASIO #0660,Academic,Calculator,CASIO,FAIR,SELL,AVAILABLE,1050,2026-04-05,2026-07-28,Main Block
I00661,U0273,Bluetooth Keyboard — Logitech #0661,Accessory,Bluetooth Keyboard,Logitech,FAIR,GIVEAWAY,AVAILABLE,2350,2026-06-03,2026-07-05,Central Library
I00662,U0740,External Hard Drive — WD #0662,Storage,External Hard Drive,WD,GOOD,SWAP,AVAILABLE,4650,2025-09-20,2026-02-13,Student Centre
I00663,U0756,USB-C Charger — Anker #0663,Electronics,USB-C Charger,Anker,EXCELLENT,BORROW,BORROWED,1850,2025-11-14,2026-01-02,Hostel Block A
I00664,U0930,Engineering Drawing Kit — Staedtler #0664,Equipment,Engineering Drawing Kit,Staedtler,GOOD,SWAP,AVAILABLE,1550,2026-02-17,2026-06-19,Hostel Block B
I00665,U0371,Tripod — Digitek #0665,Equipment,Tripod,Digitek,GOOD,SELL,RESERVED,1700,2025-10-31,2025-12-04,Hostel Block C
I00666,U0649,Digital Multimeter — Meco #0666,Lab Equipment,Digital Multimeter,Meco,FAIR,GIVEAWAY,AVAILABLE,1600,2025-10-14,2026-03-19,Hostel Block D
I00667,U0540,College Backpack — Wildcraft #0667,Bag,College Backpack,Wildcraft,GOOD,BORROW,AVAILABLE,2100,2025-08-17,2025-09-17,Innovation Lab
I00668,U0958,Headphones — JBL #0668,Electronics,Headphones,JBL,GOOD,BORROW,AVAILABLE,3450,2026-04-10,2026-05-18,ECE Lab
I00669,U0814,Mechanical Drawing Set — Rotring #0669,Stationery,Mechanical Drawing Set,Rotring,GOOD,SWAP,AVAILABLE,2050,2026-08-20,2027-02-16,Mechanical Lab
I00670,U0452,Desk Lamp — Philips #0670,Accessory,Desk Lamp,Philips,EXCELLENT,SWAP,RESERVED,700,2026-06-24,2026-10-18,Architecture Studio
I00671,U0285,Textbook — Pearson #0671,Book,Textbook,Pearson,GOOD,BORROW,BORROWED,850,2026-02-19,2026-05-25,CS Department
I00672,U0942,USB Flash Drive — SanDisk #0672,Storage,USB Flash Drive,SanDisk,GOOD,SELL,AVAILABLE,300,2026-03-06,2026-05-22,Main Block
I00673,U0345,Scientific Calculator — Texas Instruments #0673,Academic,Scientific Calculator,Texas Instruments,EXCELLENT,SELL,AVAILABLE,2400,2026-04-04,2026-09-16,Central Library
I00674,U0979,Lab Coat — Generic #0674,Clothing,Lab Coat,Generic,GOOD,SWAP,RETURNED,400,2025-09-09,2025-10-20,Student Centre
I00675,U0339,Power Bank — MI #0675,Accessory,Power Bank,MI,EXCELLENT,BORROW,AVAILABLE,1750,2026-09-25,2027-01-06,Hostel Block A
I00676,U0009,HDMI Cable — UGREEN #0676,Cable,HDMI Cable,UGREEN,GOOD,SELL,AVAILABLE,550,2026-08-01,2026-12-23,Hostel Block B
I00677,U0539,Drawing Board — Camel #0677,Equipment,Drawing Board,Camel,GOOD,GIVEAWAY,AVAILABLE,1650,2025-09-02,2026-01-04,Hostel Block C
I00678,U0166,Ethernet Cable — D-Link #0678,Cable,Ethernet Cable,D-Link,FAIR,BORROW,AVAILABLE,400,2026-07-03,2026-08-10,Hostel Block D
I00679,U0735,Extension Board — Philips #0679,Electronics,Extension Board,Philips,FAIR,BORROW,AVAILABLE,350,2025-10-10,2025-12-13,Innovation Lab
I00680,U0873,Breadboard Kit — Generic #0680,Lab Equipment,Breadboard Kit,Generic,FAIR,GIVEAWAY,RESERVED,800,2026-03-17,2026-06-03,ECE Lab
I00681,U0648,Presentation Clicker — Logitech #0681,Accessory,Presentation Clicker,Logitech,EXCELLENT,SELL,INACTIVE,850,2025-10-13,2026-04-08,Mechanical Lab
I00682,U0148,Arduino Kit — Arduino #0682,Lab Equipment,Arduino Kit,Arduino,NEW,BORROW,AVAILABLE,2900,2025-09-21,2026-02-12,Architecture Studio
I00683,U0349,Safety Goggles — 3M #0683,Safety Equipment,Safety Goggles,3M,GOOD,BORROW,AVAILABLE,450,2026-04-29,2026-06-10,CS Department
I00684,U0115,Webcam — Logitech #0684,Electronics,Webcam,Logitech,EXCELLENT,BORROW,RESERVED,3700,2025-11-06,2026-05-03,Main Block
I00685,U0230,Graph Paper Pack — Classmate #0685,Stationery,Graph Paper Pack,Classmate,EXCELLENT,BORROW,AVAILABLE,150,2026-01-22,2026-07-09,Central Library
I00686,U0380,Soldering Iron Kit — Weller #0686,Lab Equipment,Soldering Iron Kit,Weller,GOOD,BORROW,BORROWED,1350,2025-10-15,2026-02-19,Student Centre
I00687,U0015,Screwdriver Set — Bosch #0687,Equipment,Screwdriver Set,Bosch,FAIR,BORROW,BORROWED,1300,2025-12-05,2026-06-01,Hostel Block A
I00688,U0552,Python Programming Book — O'Reilly #0688,Book,Python Programming Book,O'Reilly,EXCELLENT,SWAP,INACTIVE,500,2026-05-23,2026-09-15,Hostel Block B
I00689,U0338,Vernier Caliper — Mitutoyo #0689,Lab Equipment,Vernier Caliper,Mitutoyo,GOOD,SELL,RETURNED,5400,2025-11-30,2026-03-06,Hostel Block C
I00690,U0502,Calculator — CASIO #0690,Academic,Calculator,CASIO,EXCELLENT,SWAP,AVAILABLE,1750,2026-07-29,2026-12-24,Hostel Block D
I00691,U0648,Bluetooth Keyboard — Logitech #0691,Accessory,Bluetooth Keyboard,Logitech,GOOD,GIVEAWAY,RESERVED,1650,2026-04-15,2026-08-19,Innovation Lab
I00692,U0765,External Hard Drive — WD #0692,Storage,External Hard Drive,WD,GOOD,BORROW,AVAILABLE,5950,2025-10-15,2026-03-06,ECE Lab
I00693,U0816,USB-C Charger — Anker #0693,Electronics,USB-C Charger,Anker,GOOD,BORROW,RETURNED,700,2026-07-07,2026-08-08,Mechanical Lab
I00694,U0313,Engineering Drawing Kit — Staedtler #0694,Equipment,Engineering Drawing Kit,Staedtler,GOOD,SWAP,RETURNED,600,2026-05-30,2026-10-29,Architecture Studio
I00695,U0885,Tripod — Digitek #0695,Equipment,Tripod,Digitek,GOOD,BORROW,AVAILABLE,1250,2025-10-16,2026-03-13,CS Department
I00696,U0902,Digital Multimeter — Meco #0696,Lab Equipment,Digital Multimeter,Meco,EXCELLENT,BORROW,AVAILABLE,2150,2026-05-25,2026-06-25,Main Block
I00697,U0771,College Backpack — Wildcraft #0697,Bag,College Backpack,Wildcraft,EXCELLENT,BORROW,AVAILABLE,2950,2026-07-25,2026-09-01,Central Library
I00698,U0263,Headphones — JBL #0698,Electronics,Headphones,JBL,GOOD,SELL,AVAILABLE,3150,2025-11-02,2026-04-07,Student Centre
I00699,U0345,Mechanical Drawing Set — Rotring #0699,Stationery,Mechanical Drawing Set,Rotring,GOOD,BORROW,RETURNED,1450,2026-08-06,2026-11-21,Hostel Block A
I00700,U0723,Desk Lamp — Philips #0700,Accessory,Desk Lamp,Philips,FAIR,GIVEAWAY,INACTIVE,500,2025-11-18,2026-03-13,Hostel Block B
I00701,U0299,Textbook — Pearson #0701,Book,Textbook,Pearson,GOOD,GIVEAWAY,AVAILABLE,600,2025-09-09,2025-12-02,Hostel Block C
I00702,U0749,USB Flash Drive — SanDisk #0702,Storage,USB Flash Drive,SanDisk,GOOD,SWAP,AVAILABLE,1150,2026-01-22,2026-07-04,Hostel Block D
I00703,U0915,Scientific Calculator — Texas Instruments #0703,Academic,Scientific Calculator,Texas Instruments,FAIR,BORROW,RETURNED,1200,2026-04-09,2026-05-22,Innovation Lab
I00704,U0716,Lab Coat — Generic #0704,Clothing,Lab Coat,Generic,GOOD,BORROW,RETURNED,650,2025-10-12,2025-12-17,ECE Lab
I00705,U0476,Power Bank — MI #0705,Accessory,Power Bank,MI,GOOD,BORROW,RESERVED,2100,2025-08-25,2026-01-26,Mechanical Lab
I00706,U0763,HDMI Cable — UGREEN #0706,Cable,HDMI Cable,UGREEN,FAIR,BORROW,AVAILABLE,300,2026-02-04,2026-08-02,Architecture Studio
I00707,U0693,Drawing Board — Camel #0707,Equipment,Drawing Board,Camel,EXCELLENT,GIVEAWAY,BORROWED,900,2026-07-13,2027-01-07,CS Department
I00708,U0028,Ethernet Cable — D-Link #0708,Cable,Ethernet Cable,D-Link,EXCELLENT,SWAP,RESERVED,450,2025-10-04,2026-02-24,Main Block
I00709,U0216,Extension Board — Philips #0709,Electronics,Extension Board,Philips,GOOD,SWAP,RETURNED,500,2026-05-29,2026-10-15,Central Library
I00710,U0157,Breadboard Kit — Generic #0710,Lab Equipment,Breadboard Kit,Generic,FAIR,BORROW,RETURNED,650,2025-11-09,2026-01-23,Student Centre
I00711,U0988,Presentation Clicker — Logitech #0711,Accessory,Presentation Clicker,Logitech,GOOD,SELL,BORROWED,900,2025-09-18,2025-10-24,Hostel Block A
I00712,U0237,Arduino Kit — Arduino #0712,Lab Equipment,Arduino Kit,Arduino,FAIR,SWAP,INACTIVE,1550,2025-09-11,2025-12-28,Hostel Block B
I00713,U0691,Safety Goggles — 3M #0713,Safety Equipment,Safety Goggles,3M,GOOD,GIVEAWAY,RETURNED,650,2025-09-22,2025-11-05,Hostel Block C
I00714,U0013,Webcam — Logitech #0714,Electronics,Webcam,Logitech,EXCELLENT,BORROW,BORROWED,4250,2026-09-18,2027-01-21,Hostel Block D
I00715,U0115,Graph Paper Pack — Classmate #0715,Stationery,Graph Paper Pack,Classmate,GOOD,SWAP,INACTIVE,150,2026-02-10,2026-03-17,Innovation Lab
I00716,U0831,Soldering Iron Kit — Weller #0716,Lab Equipment,Soldering Iron Kit,Weller,GOOD,GIVEAWAY,AVAILABLE,2250,2026-07-24,2026-09-25,ECE Lab
I00717,U0861,Screwdriver Set — Bosch #0717,Equipment,Screwdriver Set,Bosch,GOOD,BORROW,BORROWED,700,2026-09-09,2026-12-13,Mechanical Lab
I00718,U0324,Python Programming Book — O'Reilly #0718,Book,Python Programming Book,O'Reilly,GOOD,BORROW,BORROWED,500,2025-11-26,2026-01-09,Architecture Studio
I00719,U0608,Vernier Caliper — Mitutoyo #0719,Lab Equipment,Vernier Caliper,Mitutoyo,EXCELLENT,SWAP,AVAILABLE,4250,2026-05-01,2026-09-14,CS Department
I00720,U0789,Calculator — CASIO #0720,Academic,Calculator,CASIO,EXCELLENT,GIVEAWAY,AVAILABLE,1050,2026-09-10,2026-11-11,Main Block
I00721,U0518,Bluetooth Keyboard — Logitech #0721,Accessory,Bluetooth Keyboard,Logitech,FAIR,BORROW,AVAILABLE,1000,2026-02-01,2026-06-06,Central Library
I00722,U0840,External Hard Drive — WD #0722,Storage,External Hard Drive,WD,EXCELLENT,SELL,RESERVED,6450,2026-01-26,2026-06-29,Student Centre
I00723,U0183,USB-C Charger — Anker #0723,Electronics,USB-C Charger,Anker,FAIR,BORROW,AVAILABLE,1400,2026-07-18,2026-09-08,Hostel Block A
I00724,U0475,Engineering Drawing Kit — Staedtler #0724,Equipment,Engineering Drawing Kit,Staedtler,FAIR,BORROW,AVAILABLE,1500,2025-12-05,2026-02-18,Hostel Block B
I00725,U0276,Tripod — Digitek #0725,Equipment,Tripod,Digitek,EXCELLENT,SWAP,AVAILABLE,800,2025-11-06,2026-04-15,Hostel Block C
I00726,U0112,Digital Multimeter — Meco #0726,Lab Equipment,Digital Multimeter,Meco,GOOD,SWAP,AVAILABLE,1550,2026-01-20,2026-06-11,Hostel Block D
I00727,U0618,College Backpack — Wildcraft #0727,Bag,College Backpack,Wildcraft,GOOD,BORROW,AVAILABLE,2200,2026-06-26,2026-10-05,Innovation Lab
I00728,U0640,Headphones — JBL #0728,Electronics,Headphones,JBL,GOOD,SELL,AVAILABLE,1350,2025-09-17,2026-01-01,ECE Lab
I00729,U0067,Mechanical Drawing Set — Rotring #0729,Stationery,Mechanical Drawing Set,Rotring,EXCELLENT,BORROW,AVAILABLE,1000,2025-08-29,2025-10-04,Mechanical Lab
I00730,U0849,Desk Lamp — Philips #0730,Accessory,Desk Lamp,Philips,EXCELLENT,GIVEAWAY,BORROWED,1150,2025-11-25,2026-05-12,Architecture Studio
I00731,U0568,Textbook — Pearson #0731,Book,Textbook,Pearson,NEW,GIVEAWAY,AVAILABLE,1150,2026-04-11,2026-08-08,CS Department
I00732,U0300,USB Flash Drive — SanDisk #0732,Storage,USB Flash Drive,SanDisk,GOOD,GIVEAWAY,INACTIVE,500,2026-04-21,2026-07-08,Main Block
I00733,U0970,Scientific Calculator — Texas Instruments #0733,Academic,Scientific Calculator,Texas Instruments,EXCELLENT,SWAP,RETURNED,2450,2026-02-12,2026-04-11,Central Library
I00734,U0076,Lab Coat — Generic #0734,Clothing,Lab Coat,Generic,GOOD,BORROW,AVAILABLE,750,2025-12-28,2026-02-20,Student Centre
I00735,U0044,Power Bank — MI #0735,Accessory,Power Bank,MI,GOOD,SELL,AVAILABLE,650,2026-09-20,2027-03-01,Hostel Block A
I00736,U0512,HDMI Cable — UGREEN #0736,Cable,HDMI Cable,UGREEN,GOOD,BORROW,AVAILABLE,700,2025-08-29,2026-02-03,Hostel Block B
I00737,U0211,Drawing Board — Camel #0737,Equipment,Drawing Board,Camel,FAIR,GIVEAWAY,AVAILABLE,1650,2026-06-19,2026-08-06,Hostel Block C
I00738,U0215,Ethernet Cable — D-Link #0738,Cable,Ethernet Cable,D-Link,GOOD,SWAP,RETURNED,200,2025-10-16,2026-03-18,Hostel Block D
I00739,U0483,Extension Board — Philips #0739,Electronics,Extension Board,Philips,EXCELLENT,SELL,AVAILABLE,1050,2026-06-25,2026-09-07,Innovation Lab
I00740,U0572,Breadboard Kit — Generic #0740,Lab Equipment,Breadboard Kit,Generic,GOOD,GIVEAWAY,AVAILABLE,150,2025-12-28,2026-01-28,ECE Lab
I00741,U0458,Presentation Clicker — Logitech #0741,Accessory,Presentation Clicker,Logitech,EXCELLENT,SELL,AVAILABLE,1400,2025-10-20,2025-12-29,Mechanical Lab
I00742,U0333,Arduino Kit — Arduino #0742,Lab Equipment,Arduino Kit,Arduino,GOOD,SWAP,AVAILABLE,2550,2026-03-31,2026-07-05,Architecture Studio
I00743,U0226,Safety Goggles — 3M #0743,Safety Equipment,Safety Goggles,3M,NEW,GIVEAWAY,AVAILABLE,650,2026-03-02,2026-05-30,CS Department
I00744,U0986,Webcam — Logitech #0744,Electronics,Webcam,Logitech,FAIR,BORROW,AVAILABLE,4050,2026-09-25,2027-01-18,Main Block
I00745,U0042,Graph Paper Pack — Classmate #0745,Stationery,Graph Paper Pack,Classmate,FAIR,GIVEAWAY,AVAILABLE,150,2026-07-09,2026-11-27,Central Library
I00746,U0188,Soldering Iron Kit — Weller #0746,Lab Equipment,Soldering Iron Kit,Weller,GOOD,BORROW,INACTIVE,1750,2026-03-06,2026-04-24,Student Centre
I00747,U0275,Screwdriver Set — Bosch #0747,Equipment,Screwdriver Set,Bosch,GOOD,SELL,AVAILABLE,1500,2026-03-24,2026-05-03,Hostel Block A
I00748,U0956,Python Programming Book — O'Reilly #0748,Book,Python Programming Book,O'Reilly,GOOD,GIVEAWAY,AVAILABLE,650,2025-08-20,2026-01-22,Hostel Block B
I00749,U0406,Vernier Caliper — Mitutoyo #0749,Lab Equipment,Vernier Caliper,Mitutoyo,GOOD,BORROW,AVAILABLE,5400,2025-09-11,2025-11-29,Hostel Block C
I00750,U0937,Calculator — CASIO #0750,Academic,Calculator,CASIO,FAIR,BORROW,AVAILABLE,500,2025-10-09,2026-03-17,Hostel Block D
I00751,U0892,Bluetooth Keyboard — Logitech #0751,Accessory,Bluetooth Keyboard,Logitech,GOOD,SWAP,AVAILABLE,2650,2026-02-26,2026-04-30,Innovation Lab
I00752,U0906,External Hard Drive — WD #0752,Storage,External Hard Drive,WD,FAIR,BORROW,BORROWED,5900,2026-07-02,2026-10-29,ECE Lab
I00753,U0600,USB-C Charger — Anker #0753,Electronics,USB-C Charger,Anker,EXCELLENT,GIVEAWAY,RETURNED,1800,2026-05-19,2026-07-18,Mechanical Lab
I00754,U0012,Engineering Drawing Kit — Staedtler #0754,Equipment,Engineering Drawing Kit,Staedtler,FAIR,GIVEAWAY,AVAILABLE,1800,2026-08-26,2026-10-26,Architecture Studio
I00755,U0286,Tripod — Digitek #0755,Equipment,Tripod,Digitek,GOOD,SWAP,RETURNED,2300,2026-01-26,2026-03-26,CS Department
I00756,U0327,Digital Multimeter — Meco #0756,Lab Equipment,Digital Multimeter,Meco,GOOD,SELL,RESERVED,1200,2025-09-04,2025-11-14,Main Block
I00757,U0626,College Backpack — Wildcraft #0757,Bag,College Backpack,Wildcraft,EXCELLENT,BORROW,BORROWED,1600,2026-08-27,2026-11-16,Central Library
I00758,U0416,Headphones — JBL #0758,Electronics,Headphones,JBL,FAIR,SWAP,AVAILABLE,1450,2026-08-24,2026-11-19,Student Centre
I00759,U0009,Mechanical Drawing Set — Rotring #0759,Stationery,Mechanical Drawing Set,Rotring,GOOD,SWAP,AVAILABLE,1150,2025-09-10,2025-12-07,Hostel Block A
I00760,U0684,Desk Lamp — Philips #0760,Accessory,Desk Lamp,Philips,GOOD,SWAP,RETURNED,1450,2026-06-29,2026-11-19,Hostel Block B
I00761,U0982,Textbook — Pearson #0761,Book,Textbook,Pearson,GOOD,BORROW,RETURNED,400,2026-08-18,2027-02-05,Hostel Block C
I00762,U0738,USB Flash Drive — SanDisk #0762,Storage,USB Flash Drive,SanDisk,GOOD,SWAP,AVAILABLE,450,2026-05-02,2026-08-11,Hostel Block D
I00763,U0015,Scientific Calculator — Texas Instruments #0763,Academic,Scientific Calculator,Texas Instruments,GOOD,BORROW,AVAILABLE,2400,2025-09-14,2025-12-05,Innovation Lab
I00764,U0101,Lab Coat — Generic #0764,Clothing,Lab Coat,Generic,EXCELLENT,GIVEAWAY,AVAILABLE,1000,2025-12-18,2026-02-27,ECE Lab
I00765,U0247,Power Bank — MI #0765,Accessory,Power Bank,MI,GOOD,BORROW,AVAILABLE,700,2025-10-30,2026-02-03,Mechanical Lab
I00766,U0797,HDMI Cable — UGREEN #0766,Cable,HDMI Cable,UGREEN,GOOD,BORROW,AVAILABLE,700,2026-06-26,2026-09-17,Architecture Studio
I00767,U0697,Drawing Board — Camel #0767,Equipment,Drawing Board,Camel,FAIR,GIVEAWAY,AVAILABLE,1700,2025-11-12,2026-01-14,CS Department
I00768,U0811,Ethernet Cable — D-Link #0768,Cable,Ethernet Cable,D-Link,GOOD,BORROW,RETURNED,300,2025-11-18,2026-04-11,Main Block
I00769,U0317,Extension Board — Philips #0769,Electronics,Extension Board,Philips,GOOD,BORROW,BORROWED,1350,2026-05-31,2026-11-03,Central Library
I00770,U0739,Breadboard Kit — Generic #0770,Lab Equipment,Breadboard Kit,Generic,EXCELLENT,BORROW,AVAILABLE,300,2025-09-08,2026-02-15,Student Centre
I00771,U0288,Presentation Clicker — Logitech #0771,Accessory,Presentation Clicker,Logitech,FAIR,SWAP,AVAILABLE,800,2026-09-24,2027-01-04,Hostel Block A
I00772,U0593,Arduino Kit — Arduino #0772,Lab Equipment,Arduino Kit,Arduino,EXCELLENT,SWAP,AVAILABLE,2750,2026-06-15,2026-11-21,Hostel Block B
I00773,U0304,Safety Goggles — 3M #0773,Safety Equipment,Safety Goggles,3M,GOOD,SWAP,AVAILABLE,300,2026-02-18,2026-07-03,Hostel Block C
I00774,U0098,Webcam — Logitech #0774,Electronics,Webcam,Logitech,GOOD,BORROW,AVAILABLE,3950,2026-01-07,2026-03-22,Hostel Block D
I00775,U0135,Graph Paper Pack — Classmate #0775,Stationery,Graph Paper Pack,Classmate,FAIR,BORROW,AVAILABLE,100,2025-11-27,2026-03-25,Innovation Lab
I00776,U0523,Soldering Iron Kit — Weller #0776,Lab Equipment,Soldering Iron Kit,Weller,FAIR,BORROW,AVAILABLE,2050,2025-10-26,2026-03-12,ECE Lab
I00777,U0053,Screwdriver Set — Bosch #0777,Equipment,Screwdriver Set,Bosch,NEW,GIVEAWAY,AVAILABLE,1300,2025-12-05,2026-01-14,Mechanical Lab
I00778,U0755,Python Programming Book — O'Reilly #0778,Book,Python Programming Book,O'Reilly,GOOD,BORROW,BORROWED,850,2025-11-08,2026-03-24,Architecture Studio
I00779,U0660,Vernier Caliper — Mitutoyo #0779,Lab Equipment,Vernier Caliper,Mitutoyo,GOOD,SWAP,AVAILABLE,4500,2026-03-01,2026-07-25,CS Department
I00780,U0718,Calculator — CASIO #0780,Academic,Calculator,CASIO,GOOD,BORROW,INACTIVE,1300,2025-09-06,2026-01-29,Main Block
I00781,U0867,Bluetooth Keyboard — Logitech #0781,Accessory,Bluetooth Keyboard,Logitech,GOOD,SELL,INACTIVE,1750,2026-09-02,2027-01-25,Central Library
I00782,U0499,External Hard Drive — WD #0782,Storage,External Hard Drive,WD,EXCELLENT,GIVEAWAY,AVAILABLE,5550,2025-08-08,2025-12-11,Student Centre
I00783,U0782,USB-C Charger — Anker #0783,Electronics,USB-C Charger,Anker,GOOD,SWAP,AVAILABLE,2150,2026-04-17,2026-06-23,Hostel Block A
I00784,U0078,Engineering Drawing Kit — Staedtler #0784,Equipment,Engineering Drawing Kit,Staedtler,EXCELLENT,BORROW,INACTIVE,1450,2026-07-10,2027-01-01,Hostel Block B
I00785,U0697,Tripod — Digitek #0785,Equipment,Tripod,Digitek,EXCELLENT,SWAP,AVAILABLE,2150,2025-08-27,2025-10-04,Hostel Block C
I00786,U0946,Digital Multimeter — Meco #0786,Lab Equipment,Digital Multimeter,Meco,GOOD,BORROW,BORROWED,1200,2025-08-08,2025-10-03,Hostel Block D
I00787,U0278,College Backpack — Wildcraft #0787,Bag,College Backpack,Wildcraft,EXCELLENT,BORROW,AVAILABLE,600,2026-09-18,2027-02-19,Innovation Lab
I00788,U0143,Headphones — JBL #0788,Electronics,Headphones,JBL,FAIR,SELL,AVAILABLE,1600,2026-07-23,2026-09-28,ECE Lab
I00789,U0957,Mechanical Drawing Set — Rotring #0789,Stationery,Mechanical Drawing Set,Rotring,EXCELLENT,BORROW,RETURNED,1950,2026-03-06,2026-08-10,Mechanical Lab
I00790,U0216,Desk Lamp — Philips #0790,Accessory,Desk Lamp,Philips,GOOD,SELL,AVAILABLE,650,2026-04-28,2026-06-02,Architecture Studio
I00791,U0177,Textbook — Pearson #0791,Book,Textbook,Pearson,FAIR,GIVEAWAY,INACTIVE,950,2025-08-21,2025-12-30,CS Department
I00792,U0507,USB Flash Drive — SanDisk #0792,Storage,USB Flash Drive,SanDisk,GOOD,BORROW,RESERVED,700,2025-10-29,2026-01-29,Main Block
I00793,U0540,Scientific Calculator — Texas Instruments #0793,Academic,Scientific Calculator,Texas Instruments,EXCELLENT,SWAP,AVAILABLE,900,2026-01-08,2026-02-27,Central Library
I00794,U0982,Lab Coat — Generic #0794,Clothing,Lab Coat,Generic,GOOD,SWAP,AVAILABLE,500,2026-04-29,2026-10-19,Student Centre
I00795,U0228,Power Bank — MI #0795,Accessory,Power Bank,MI,NEW,SWAP,AVAILABLE,1800,2025-09-27,2026-01-23,Hostel Block A
I00796,U0176,HDMI Cable — UGREEN #0796,Cable,HDMI Cable,UGREEN,GOOD,BORROW,AVAILABLE,500,2026-03-14,2026-07-27,Hostel Block B
I00797,U0298,Drawing Board — Camel #0797,Equipment,Drawing Board,Camel,NEW,SWAP,RESERVED,1200,2026-04-10,2026-08-30,Hostel Block C
I00798,U0450,Ethernet Cable — D-Link #0798,Cable,Ethernet Cable,D-Link,GOOD,SWAP,AVAILABLE,600,2026-08-26,2026-11-26,Hostel Block D
I00799,U0598,Extension Board — Philips #0799,Electronics,Extension Board,Philips,GOOD,BORROW,RETURNED,1600,2025-08-31,2025-12-27,Innovation Lab
I00800,U0280,Breadboard Kit — Generic #0800,Lab Equipment,Breadboard Kit,Generic,NEW,SWAP,AVAILABLE,750,2026-06-09,2026-09-08,ECE Lab
I00801,U0936,Presentation Clicker — Logitech #0801,Accessory,Presentation Clicker,Logitech,GOOD,SELL,AVAILABLE,600,2025-08-17,2025-11-27,Mechanical Lab
I00802,U0691,Arduino Kit — Arduino #0802,Lab Equipment,Arduino Kit,Arduino,GOOD,BORROW,INACTIVE,2850,2026-06-22,2026-10-13,Architecture Studio
I00803,U0522,Safety Goggles — 3M #0803,Safety Equipment,Safety Goggles,3M,GOOD,SWAP,AVAILABLE,700,2026-02-07,2026-05-31,CS Department
I00804,U0473,Webcam — Logitech #0804,Electronics,Webcam,Logitech,FAIR,GIVEAWAY,AVAILABLE,3750,2025-11-23,2026-02-25,Main Block
I00805,U0862,Graph Paper Pack — Classmate #0805,Stationery,Graph Paper Pack,Classmate,GOOD,SELL,AVAILABLE,50,2026-09-20,2026-12-30,Central Library
I00806,U0852,Soldering Iron Kit — Weller #0806,Lab Equipment,Soldering Iron Kit,Weller,NEW,SWAP,AVAILABLE,2100,2025-12-11,2026-01-26,Student Centre
I00807,U0422,Screwdriver Set — Bosch #0807,Equipment,Screwdriver Set,Bosch,FAIR,SELL,AVAILABLE,1500,2026-01-02,2026-03-21,Hostel Block A
I00808,U0602,Python Programming Book — O'Reilly #0808,Book,Python Programming Book,O'Reilly,GOOD,BORROW,AVAILABLE,1650,2026-03-04,2026-05-12,Hostel Block B
I00809,U0556,Vernier Caliper — Mitutoyo #0809,Lab Equipment,Vernier Caliper,Mitutoyo,EXCELLENT,BORROW,AVAILABLE,2300,2026-04-05,2026-08-28,Hostel Block C
I00810,U0555,Calculator — CASIO #0810,Academic,Calculator,CASIO,GOOD,BORROW,AVAILABLE,1000,2025-11-18,2025-12-27,Hostel Block D
I00811,U0228,Bluetooth Keyboard — Logitech #0811,Accessory,Bluetooth Keyboard,Logitech,GOOD,SELL,AVAILABLE,2150,2026-08-02,2026-11-25,Innovation Lab
I00812,U0741,External Hard Drive — WD #0812,Storage,External Hard Drive,WD,FAIR,BORROW,AVAILABLE,3000,2026-09-21,2026-12-21,ECE Lab
I00813,U0361,USB-C Charger — Anker #0813,Electronics,USB-C Charger,Anker,FAIR,SWAP,RETURNED,1100,2025-08-01,2025-09-04,Mechanical Lab
I00814,U0963,Engineering Drawing Kit — Staedtler #0814,Equipment,Engineering Drawing Kit,Staedtler,GOOD,SWAP,AVAILABLE,650,2025-10-04,2026-01-08,Architecture Studio
I00815,U0235,Tripod — Digitek #0815,Equipment,Tripod,Digitek,GOOD,SWAP,RETURNED,650,2026-01-24,2026-06-30,CS Department
I00816,U0363,Digital Multimeter — Meco #0816,Lab Equipment,Digital Multimeter,Meco,EXCELLENT,BORROW,AVAILABLE,2200,2026-03-30,2026-08-19,Main Block
I00817,U0454,College Backpack — Wildcraft #0817,Bag,College Backpack,Wildcraft,EXCELLENT,BORROW,BORROWED,2500,2026-08-21,2026-11-25,Central Library
I00818,U0387,Headphones — JBL #0818,Electronics,Headphones,JBL,NEW,GIVEAWAY,RESERVED,1800,2026-02-28,2026-07-11,Student Centre
I00819,U0355,Mechanical Drawing Set — Rotring #0819,Stationery,Mechanical Drawing Set,Rotring,GOOD,GIVEAWAY,AVAILABLE,1900,2026-07-22,2026-08-25,Hostel Block A
I00820,U0225,Desk Lamp — Philips #0820,Accessory,Desk Lamp,Philips,EXCELLENT,SWAP,AVAILABLE,700,2026-09-14,2026-12-21,Hostel Block B
I00821,U0041,Textbook — Pearson #0821,Book,Textbook,Pearson,EXCELLENT,GIVEAWAY,BORROWED,600,2025-11-11,2026-04-14,Hostel Block C
I00822,U0058,USB Flash Drive — SanDisk #0822,Storage,USB Flash Drive,SanDisk,EXCELLENT,BORROW,BORROWED,900,2026-05-29,2026-11-14,Hostel Block D
I00823,U0076,Scientific Calculator — Texas Instruments #0823,Academic,Scientific Calculator,Texas Instruments,GOOD,SWAP,AVAILABLE,1600,2025-12-22,2026-02-10,Innovation Lab
I00824,U0424,Lab Coat — Generic #0824,Clothing,Lab Coat,Generic,EXCELLENT,GIVEAWAY,AVAILABLE,750,2026-06-05,2026-10-24,ECE Lab
I00825,U0518,Power Bank — MI #0825,Accessory,Power Bank,MI,FAIR,BORROW,AVAILABLE,1400,2025-11-18,2026-05-11,Mechanical Lab
I00826,U0122,HDMI Cable — UGREEN #0826,Cable,HDMI Cable,UGREEN,EXCELLENT,BORROW,RETURNED,500,2025-12-10,2026-05-27,Architecture Studio
I00827,U0290,Drawing Board — Camel #0827,Equipment,Drawing Board,Camel,EXCELLENT,SWAP,BORROWED,1600,2026-08-02,2026-10-28,CS Department
I00828,U0395,Ethernet Cable — D-Link #0828,Cable,Ethernet Cable,D-Link,GOOD,GIVEAWAY,AVAILABLE,450,2026-04-29,2026-10-07,Main Block
I00829,U0322,Extension Board — Philips #0829,Electronics,Extension Board,Philips,GOOD,GIVEAWAY,RESERVED,1050,2026-05-25,2026-08-10,Central Library
I00830,U0008,Breadboard Kit — Generic #0830,Lab Equipment,Breadboard Kit,Generic,NEW,SELL,AVAILABLE,350,2026-07-21,2026-10-23,Student Centre
I00831,U0261,Presentation Clicker — Logitech #0831,Accessory,Presentation Clicker,Logitech,FAIR,SWAP,BORROWED,1350,2026-03-29,2026-05-04,Hostel Block A
I00832,U0057,Arduino Kit — Arduino #0832,Lab Equipment,Arduino Kit,Arduino,GOOD,GIVEAWAY,AVAILABLE,2450,2026-07-25,2026-10-08,Hostel Block B
I00833,U0422,Safety Goggles — 3M #0833,Safety Equipment,Safety Goggles,3M,EXCELLENT,SWAP,AVAILABLE,600,2025-08-14,2025-12-08,Hostel Block C
I00834,U0840,Webcam — Logitech #0834,Electronics,Webcam,Logitech,GOOD,BORROW,AVAILABLE,1050,2025-11-19,2025-12-26,Hostel Block D
I00835,U0978,Graph Paper Pack — Classmate #0835,Stationery,Graph Paper Pack,Classmate,EXCELLENT,GIVEAWAY,AVAILABLE,50,2025-11-30,2026-04-27,Innovation Lab
I00836,U0822,Soldering Iron Kit — Weller #0836,Lab Equipment,Soldering Iron Kit,Weller,GOOD,BORROW,RETURNED,1300,2025-09-16,2026-01-30,ECE Lab
I00837,U0351,Screwdriver Set — Bosch #0837,Equipment,Screwdriver Set,Bosch,FAIR,GIVEAWAY,AVAILABLE,400,2026-08-19,2026-11-18,Mechanical Lab
I00838,U0130,Python Programming Book — O'Reilly #0838,Book,Python Programming Book,O'Reilly,GOOD,SWAP,AVAILABLE,1000,2025-09-05,2025-10-16,Architecture Studio
I00839,U0078,Vernier Caliper — Mitutoyo #0839,Lab Equipment,Vernier Caliper,Mitutoyo,EXCELLENT,SELL,AVAILABLE,2100,2026-01-07,2026-07-03,CS Department
I00840,U0451,Calculator — CASIO #0840,Academic,Calculator,CASIO,GOOD,GIVEAWAY,INACTIVE,1100,2026-07-07,2026-08-19,Main Block
I00841,U0557,Bluetooth Keyboard — Logitech #0841,Accessory,Bluetooth Keyboard,Logitech,GOOD,SWAP,BORROWED,1350,2025-09-20,2025-12-15,Central Library
I00842,U0658,External Hard Drive — WD #0842,Storage,External Hard Drive,WD,GOOD,BORROW,AVAILABLE,6550,2026-05-25,2026-07-22,Student Centre
I00843,U0834,USB-C Charger — Anker #0843,Electronics,USB-C Charger,Anker,FAIR,SWAP,RETURNED,1750,2025-12-28,2026-03-05,Hostel Block A
I00844,U0294,Engineering Drawing Kit — Staedtler #0844,Equipment,Engineering Drawing Kit,Staedtler,FAIR,GIVEAWAY,AVAILABLE,900,2025-10-13,2025-12-25,Hostel Block B
I00845,U0003,Tripod — Digitek #0845,Equipment,Tripod,Digitek,GOOD,SWAP,RESERVED,900,2026-02-22,2026-04-26,Hostel Block C
I00846,U0629,Digital Multimeter — Meco #0846,Lab Equipment,Digital Multimeter,Meco,EXCELLENT,SWAP,AVAILABLE,1850,2025-10-06,2025-12-27,Hostel Block D
I00847,U0298,College Backpack — Wildcraft #0847,Bag,College Backpack,Wildcraft,FAIR,BORROW,AVAILABLE,1050,2026-06-02,2026-11-17,Innovation Lab
I00848,U0410,Headphones — JBL #0848,Electronics,Headphones,JBL,FAIR,BORROW,AVAILABLE,2100,2026-08-16,2027-01-11,ECE Lab
I00849,U0178,Mechanical Drawing Set — Rotring #0849,Stationery,Mechanical Drawing Set,Rotring,EXCELLENT,BORROW,AVAILABLE,1700,2025-09-19,2026-02-19,Mechanical Lab
I00850,U0352,Desk Lamp — Philips #0850,Accessory,Desk Lamp,Philips,GOOD,BORROW,AVAILABLE,850,2026-07-10,2026-08-10,Architecture Studio
I00851,U0146,Textbook — Pearson #0851,Book,Textbook,Pearson,GOOD,BORROW,AVAILABLE,1000,2026-03-31,2026-09-01,CS Department
I00852,U0098,USB Flash Drive — SanDisk #0852,Storage,USB Flash Drive,SanDisk,GOOD,BORROW,AVAILABLE,1200,2026-09-20,2026-11-27,Main Block
I00853,U0569,Scientific Calculator — Texas Instruments #0853,Academic,Scientific Calculator,Texas Instruments,GOOD,BORROW,RETURNED,1950,2026-05-23,2026-06-27,Central Library
I00854,U0817,Lab Coat — Generic #0854,Clothing,Lab Coat,Generic,EXCELLENT,GIVEAWAY,AVAILABLE,900,2026-03-02,2026-07-24,Student Centre
I00855,U0125,Power Bank — MI #0855,Accessory,Power Bank,MI,EXCELLENT,BORROW,BORROWED,1050,2026-02-19,2026-05-05,Hostel Block A
I00856,U0968,HDMI Cable — UGREEN #0856,Cable,HDMI Cable,UGREEN,FAIR,GIVEAWAY,AVAILABLE,200,2025-12-07,2026-04-15,Hostel Block B
I00857,U0387,Drawing Board — Camel #0857,Equipment,Drawing Board,Camel,EXCELLENT,BORROW,INACTIVE,1650,2026-01-20,2026-05-14,Hostel Block C
I00858,U0509,Ethernet Cable — D-Link #0858,Cable,Ethernet Cable,D-Link,GOOD,SELL,INACTIVE,200,2026-05-20,2026-10-24,Hostel Block D
I00859,U0575,Extension Board — Philips #0859,Electronics,Extension Board,Philips,GOOD,BORROW,BORROWED,500,2026-04-13,2026-06-09,Innovation Lab
I00860,U0939,Breadboard Kit — Generic #0860,Lab Equipment,Breadboard Kit,Generic,GOOD,SWAP,AVAILABLE,500,2025-12-31,2026-05-15,ECE Lab
I00861,U0024,Presentation Clicker — Logitech #0861,Accessory,Presentation Clicker,Logitech,EXCELLENT,BORROW,RETURNED,1550,2026-09-22,2026-12-26,Mechanical Lab
I00862,U0507,Arduino Kit — Arduino #0862,Lab Equipment,Arduino Kit,Arduino,GOOD,BORROW,AVAILABLE,1400,2026-02-14,2026-07-06,Architecture Studio
I00863,U0749,Safety Goggles — 3M #0863,Safety Equipment,Safety Goggles,3M,GOOD,SELL,BORROWED,550,2025-08-14,2025-09-23,CS Department
I00864,U0377,Webcam — Logitech #0864,Electronics,Webcam,Logitech,NEW,SELL,AVAILABLE,3650,2025-11-16,2026-03-04,Main Block
I00865,U0485,Graph Paper Pack — Classmate #0865,Stationery,Graph Paper Pack,Classmate,GOOD,SWAP,BORROWED,50,2026-08-15,2027-01-11,Central Library
I00866,U0984,Soldering Iron Kit — Weller #0866,Lab Equipment,Soldering Iron Kit,Weller,GOOD,SWAP,AVAILABLE,3200,2025-11-15,2026-03-22,Student Centre
I00867,U0327,Screwdriver Set — Bosch #0867,Equipment,Screwdriver Set,Bosch,EXCELLENT,BORROW,AVAILABLE,1550,2026-06-05,2026-10-19,Hostel Block A
I00868,U0373,Python Programming Book — O'Reilly #0868,Book,Python Programming Book,O'Reilly,EXCELLENT,SELL,AVAILABLE,600,2026-08-06,2027-01-28,Hostel Block B
I00869,U0051,Vernier Caliper — Mitutoyo #0869,Lab Equipment,Vernier Caliper,Mitutoyo,FAIR,GIVEAWAY,BORROWED,1300,2025-08-20,2025-11-02,Hostel Block C
I00870,U0094,Calculator — CASIO #0870,Academic,Calculator,CASIO,FAIR,SELL,AVAILABLE,450,2025-08-06,2026-01-13,Hostel Block D
I00871,U0418,Bluetooth Keyboard — Logitech #0871,Accessory,Bluetooth Keyboard,Logitech,FAIR,BORROW,BORROWED,2550,2026-02-24,2026-07-15,Innovation Lab
I00872,U0598,External Hard Drive — WD #0872,Storage,External Hard Drive,WD,GOOD,SWAP,AVAILABLE,2750,2025-09-11,2026-02-13,ECE Lab
I00873,U0053,USB-C Charger — Anker #0873,Electronics,USB-C Charger,Anker,EXCELLENT,SELL,AVAILABLE,1900,2026-09-14,2027-03-08,Mechanical Lab
I00874,U0706,Engineering Drawing Kit — Staedtler #0874,Equipment,Engineering Drawing Kit,Staedtler,EXCELLENT,SELL,AVAILABLE,1850,2025-08-09,2026-01-24,Architecture Studio
I00875,U0613,Tripod — Digitek #0875,Equipment,Tripod,Digitek,EXCELLENT,BORROW,AVAILABLE,1200,2025-12-24,2026-03-30,CS Department
I00876,U0157,Digital Multimeter — Meco #0876,Lab Equipment,Digital Multimeter,Meco,GOOD,GIVEAWAY,AVAILABLE,1750,2026-05-24,2026-08-24,Main Block
I00877,U0670,College Backpack — Wildcraft #0877,Bag,College Backpack,Wildcraft,FAIR,BORROW,AVAILABLE,2500,2026-07-07,2026-12-07,Central Library
I00878,U0973,Headphones — JBL #0878,Electronics,Headphones,JBL,EXCELLENT,SWAP,AVAILABLE,2650,2025-12-16,2026-03-02,Student Centre
I00879,U0531,Mechanical Drawing Set — Rotring #0879,Stationery,Mechanical Drawing Set,Rotring,EXCELLENT,BORROW,AVAILABLE,1450,2026-02-27,2026-04-06,Hostel Block A
I00880,U0687,Desk Lamp — Philips #0880,Accessory,Desk Lamp,Philips,FAIR,SWAP,RETURNED,800,2026-01-22,2026-05-02,Hostel Block B
I00881,U0682,Textbook — Pearson #0881,Book,Textbook,Pearson,GOOD,SELL,BORROWED,1050,2025-12-07,2026-03-05,Hostel Block C
I00882,U0359,USB Flash Drive — SanDisk #0882,Storage,USB Flash Drive,SanDisk,EXCELLENT,GIVEAWAY,RETURNED,600,2026-07-31,2026-12-19,Hostel Block D
I00883,U0966,Scientific Calculator — Texas Instruments #0883,Academic,Scientific Calculator,Texas Instruments,GOOD,BORROW,AVAILABLE,1950,2025-12-28,2026-04-26,Innovation Lab
I00884,U0815,Lab Coat — Generic #0884,Clothing,Lab Coat,Generic,FAIR,GIVEAWAY,AVAILABLE,700,2026-04-18,2026-08-30,ECE Lab
I00885,U0040,Power Bank — MI #0885,Accessory,Power Bank,MI,FAIR,GIVEAWAY,AVAILABLE,650,2026-03-15,2026-05-07,Mechanical Lab
I00886,U0642,HDMI Cable — UGREEN #0886,Cable,HDMI Cable,UGREEN,EXCELLENT,BORROW,AVAILABLE,450,2025-12-13,2026-02-02,Architecture Studio
I00887,U0138,Drawing Board — Camel #0887,Equipment,Drawing Board,Camel,EXCELLENT,BORROW,RETURNED,1300,2025-10-23,2026-03-30,CS Department
I00888,U0652,Ethernet Cable — D-Link #0888,Cable,Ethernet Cable,D-Link,GOOD,BORROW,AVAILABLE,250,2026-08-22,2027-01-06,Main Block
I00889,U0771,Extension Board — Philips #0889,Electronics,Extension Board,Philips,EXCELLENT,SELL,AVAILABLE,950,2025-11-13,2026-02-19,Central Library
I00890,U0566,Breadboard Kit — Generic #0890,Lab Equipment,Breadboard Kit,Generic,GOOD,SELL,AVAILABLE,150,2026-06-11,2026-10-27,Student Centre
I00891,U0366,Presentation Clicker — Logitech #0891,Accessory,Presentation Clicker,Logitech,FAIR,BORROW,AVAILABLE,1950,2025-08-06,2025-12-24,Hostel Block A
I00892,U0625,Arduino Kit — Arduino #0892,Lab Equipment,Arduino Kit,Arduino,FAIR,BORROW,BORROWED,1000,2026-05-12,2026-08-19,Hostel Block B
I00893,U0517,Safety Goggles — 3M #0893,Safety Equipment,Safety Goggles,3M,FAIR,SELL,AVAILABLE,650,2026-07-11,2026-10-22,Hostel Block C
I00894,U0587,Webcam — Logitech #0894,Electronics,Webcam,Logitech,EXCELLENT,GIVEAWAY,RETURNED,2750,2026-05-06,2026-09-30,Hostel Block D
I00895,U0466,Graph Paper Pack — Classmate #0895,Stationery,Graph Paper Pack,Classmate,EXCELLENT,BORROW,BORROWED,150,2026-04-09,2026-07-13,Innovation Lab
I00896,U0091,Soldering Iron Kit — Weller #0896,Lab Equipment,Soldering Iron Kit,Weller,GOOD,GIVEAWAY,AVAILABLE,2250,2026-08-10,2026-10-22,ECE Lab
I00897,U0480,Screwdriver Set — Bosch #0897,Equipment,Screwdriver Set,Bosch,GOOD,SWAP,RESERVED,1600,2025-10-10,2026-01-31,Mechanical Lab
I00898,U0489,Python Programming Book — O'Reilly #0898,Book,Python Programming Book,O'Reilly,EXCELLENT,SWAP,AVAILABLE,1600,2026-04-02,2026-07-06,Architecture Studio
I00899,U0867,Vernier Caliper — Mitutoyo #0899,Lab Equipment,Vernier Caliper,Mitutoyo,EXCELLENT,GIVEAWAY,AVAILABLE,2000,2026-02-15,2026-04-26,CS Department
I00900,U0041,Calculator — CASIO #0900,Academic,Calculator,CASIO,GOOD,SWAP,AVAILABLE,650,2026-05-10,2026-06-16,Main Block
I00901,U0786,Bluetooth Keyboard — Logitech #0901,Accessory,Bluetooth Keyboard,Logitech,GOOD,GIVEAWAY,AVAILABLE,2150,2026-07-31,2026-12-01,Central Library
I00902,U0210,External Hard Drive — WD #0902,Storage,External Hard Drive,WD,FAIR,BORROW,RESERVED,4350,2026-05-15,2026-07-11,Student Centre
I00903,U0629,USB-C Charger — Anker #0903,Electronics,USB-C Charger,Anker,GOOD,SWAP,AVAILABLE,2050,2026-06-22,2026-10-18,Hostel Block A
I00904,U0104,Engineering Drawing Kit — Staedtler #0904,Equipment,Engineering Drawing Kit,Staedtler,EXCELLENT,BORROW,RETURNED,2450,2025-10-05,2026-02-13,Hostel Block B
I00905,U0548,Tripod — Digitek #0905,Equipment,Tripod,Digitek,GOOD,GIVEAWAY,AVAILABLE,600,2026-05-19,2026-09-17,Hostel Block C
I00906,U0795,Digital Multimeter — Meco #0906,Lab Equipment,Digital Multimeter,Meco,GOOD,BORROW,RESERVED,1600,2026-09-13,2027-02-17,Hostel Block D
I00907,U0154,College Backpack — Wildcraft #0907,Bag,College Backpack,Wildcraft,GOOD,GIVEAWAY,RETURNED,2350,2025-09-23,2026-02-06,Innovation Lab
I00908,U0268,Headphones — JBL #0908,Electronics,Headphones,JBL,GOOD,BORROW,AVAILABLE,2350,2026-06-21,2026-10-05,ECE Lab
I00909,U0931,Mechanical Drawing Set — Rotring #0909,Stationery,Mechanical Drawing Set,Rotring,GOOD,BORROW,RETURNED,700,2026-06-10,2026-09-05,Mechanical Lab
I00910,U0420,Desk Lamp — Philips #0910,Accessory,Desk Lamp,Philips,NEW,BORROW,AVAILABLE,550,2026-08-27,2026-12-04,Architecture Studio
I00911,U0490,Textbook — Pearson #0911,Book,Textbook,Pearson,GOOD,BORROW,AVAILABLE,350,2026-03-23,2026-06-11,CS Department
I00912,U0604,USB Flash Drive — SanDisk #0912,Storage,USB Flash Drive,SanDisk,FAIR,BORROW,BORROWED,1000,2026-06-05,2026-08-02,Main Block
I00913,U0893,Scientific Calculator — Texas Instruments #0913,Academic,Scientific Calculator,Texas Instruments,GOOD,BORROW,AVAILABLE,2350,2025-09-18,2025-12-10,Central Library
I00914,U0951,Lab Coat — Generic #0914,Clothing,Lab Coat,Generic,GOOD,BORROW,AVAILABLE,400,2025-10-27,2026-04-24,Student Centre
I00915,U0566,Power Bank — MI #0915,Accessory,Power Bank,MI,FAIR,GIVEAWAY,AVAILABLE,1350,2026-05-09,2026-08-22,Hostel Block A
I00916,U0791,HDMI Cable — UGREEN #0916,Cable,HDMI Cable,UGREEN,EXCELLENT,BORROW,AVAILABLE,400,2026-01-26,2026-05-10,Hostel Block B
I00917,U0991,Drawing Board — Camel #0917,Equipment,Drawing Board,Camel,NEW,BORROW,INACTIVE,1000,2025-11-23,2026-02-15,Hostel Block C
I00918,U0433,Ethernet Cable — D-Link #0918,Cable,Ethernet Cable,D-Link,EXCELLENT,SELL,AVAILABLE,550,2026-03-29,2026-08-06,Hostel Block D
I00919,U0204,Extension Board — Philips #0919,Electronics,Extension Board,Philips,EXCELLENT,GIVEAWAY,AVAILABLE,850,2025-11-18,2026-01-22,Innovation Lab
I00920,U0283,Breadboard Kit — Generic #0920,Lab Equipment,Breadboard Kit,Generic,FAIR,BORROW,RETURNED,300,2025-12-22,2026-04-16,ECE Lab
I00921,U0231,Presentation Clicker — Logitech #0921,Accessory,Presentation Clicker,Logitech,GOOD,BORROW,BORROWED,1450,2026-08-23,2026-11-16,Mechanical Lab
I00922,U0645,Arduino Kit — Arduino #0922,Lab Equipment,Arduino Kit,Arduino,GOOD,GIVEAWAY,AVAILABLE,2550,2026-07-15,2026-10-15,Architecture Studio
I00923,U0503,Safety Goggles — 3M #0923,Safety Equipment,Safety Goggles,3M,GOOD,BORROW,AVAILABLE,450,2026-08-11,2026-09-16,CS Department
I00924,U0793,Webcam — Logitech #0924,Electronics,Webcam,Logitech,GOOD,SELL,INACTIVE,3400,2026-04-27,2026-07-01,Main Block
I00925,U0032,Graph Paper Pack — Classmate #0925,Stationery,Graph Paper Pack,Classmate,EXCELLENT,BORROW,AVAILABLE,150,2026-04-25,2026-10-05,Central Library
I00926,U0572,Soldering Iron Kit — Weller #0926,Lab Equipment,Soldering Iron Kit,Weller,EXCELLENT,SWAP,RESERVED,1250,2026-04-11,2026-06-06,Student Centre
I00927,U0313,Screwdriver Set — Bosch #0927,Equipment,Screwdriver Set,Bosch,GOOD,SELL,INACTIVE,800,2026-05-04,2026-10-24,Hostel Block A
I00928,U0807,Python Programming Book — O'Reilly #0928,Book,Python Programming Book,O'Reilly,GOOD,SELL,BORROWED,1650,2025-12-09,2026-03-28,Hostel Block B
I00929,U0317,Vernier Caliper — Mitutoyo #0929,Lab Equipment,Vernier Caliper,Mitutoyo,EXCELLENT,SWAP,AVAILABLE,3400,2025-09-26,2026-01-06,Hostel Block C
I00930,U0644,Calculator — CASIO #0930,Academic,Calculator,CASIO,FAIR,GIVEAWAY,AVAILABLE,1100,2025-09-25,2026-01-13,Hostel Block D
I00931,U0450,Bluetooth Keyboard — Logitech #0931,Accessory,Bluetooth Keyboard,Logitech,GOOD,BORROW,AVAILABLE,3400,2026-01-02,2026-03-30,Innovation Lab
I00932,U0608,External Hard Drive — WD #0932,Storage,External Hard Drive,WD,GOOD,BORROW,RETURNED,3900,2025-10-13,2026-01-16,ECE Lab
I00933,U0631,USB-C Charger — Anker #0933,Electronics,USB-C Charger,Anker,FAIR,BORROW,AVAILABLE,1800,2026-08-22,2026-11-13,Mechanical Lab
I00934,U0513,Engineering Drawing Kit — Staedtler #0934,Equipment,Engineering Drawing Kit,Staedtler,GOOD,SELL,INACTIVE,1950,2026-09-23,2027-03-02,Architecture Studio
I00935,U0562,Tripod — Digitek #0935,Equipment,Tripod,Digitek,GOOD,SWAP,AVAILABLE,2400,2026-05-20,2026-07-03,CS Department
I00936,U0505,Digital Multimeter — Meco #0936,Lab Equipment,Digital Multimeter,Meco,EXCELLENT,BORROW,AVAILABLE,1050,2026-01-14,2026-05-09,Main Block
I00937,U0405,College Backpack — Wildcraft #0937,Bag,College Backpack,Wildcraft,GOOD,BORROW,BORROWED,1350,2026-03-28,2026-05-20,Central Library
I00938,U0933,Headphones — JBL #0938,Electronics,Headphones,JBL,EXCELLENT,BORROW,AVAILABLE,3000,2026-03-29,2026-06-06,Student Centre
I00939,U0934,Mechanical Drawing Set — Rotring #0939,Stationery,Mechanical Drawing Set,Rotring,GOOD,BORROW,RESERVED,650,2026-05-28,2026-08-06,Hostel Block A
I00940,U0736,Desk Lamp — Philips #0940,Accessory,Desk Lamp,Philips,FAIR,BORROW,AVAILABLE,550,2025-08-01,2025-12-18,Hostel Block B
I00941,U0179,Textbook — Pearson #0941,Book,Textbook,Pearson,GOOD,SELL,AVAILABLE,500,2026-04-18,2026-08-12,Hostel Block C
I00942,U0640,USB Flash Drive — SanDisk #0942,Storage,USB Flash Drive,SanDisk,GOOD,BORROW,AVAILABLE,350,2025-10-29,2026-02-08,Hostel Block D
I00943,U0507,Scientific Calculator — Texas Instruments #0943,Academic,Scientific Calculator,Texas Instruments,GOOD,BORROW,AVAILABLE,800,2025-11-05,2026-04-25,Innovation Lab
I00944,U0899,Lab Coat — Generic #0944,Clothing,Lab Coat,Generic,GOOD,BORROW,AVAILABLE,350,2026-07-06,2026-11-20,ECE Lab
I00945,U0374,Power Bank — MI #0945,Accessory,Power Bank,MI,NEW,BORROW,AVAILABLE,850,2026-02-04,2026-07-04,Mechanical Lab
I00946,U0206,HDMI Cable — UGREEN #0946,Cable,HDMI Cable,UGREEN,GOOD,SWAP,INACTIVE,200,2026-02-13,2026-04-28,Architecture Studio
I00947,U0942,Drawing Board — Camel #0947,Equipment,Drawing Board,Camel,EXCELLENT,BORROW,RETURNED,950,2025-12-22,2026-05-12,CS Department
I00948,U0940,Ethernet Cable — D-Link #0948,Cable,Ethernet Cable,D-Link,EXCELLENT,BORROW,AVAILABLE,400,2025-09-21,2025-10-31,Main Block
I00949,U0181,Extension Board — Philips #0949,Electronics,Extension Board,Philips,GOOD,SWAP,BORROWED,400,2026-07-17,2026-08-20,Central Library
I00950,U0860,Breadboard Kit — Generic #0950,Lab Equipment,Breadboard Kit,Generic,EXCELLENT,GIVEAWAY,INACTIVE,600,2025-08-19,2025-12-20,Student Centre
I00951,U0041,Presentation Clicker — Logitech #0951,Accessory,Presentation Clicker,Logitech,EXCELLENT,GIVEAWAY,AVAILABLE,1650,2025-09-30,2026-01-07,Hostel Block A
I00952,U0205,Arduino Kit — Arduino #0952,Lab Equipment,Arduino Kit,Arduino,EXCELLENT,BORROW,AVAILABLE,700,2025-09-17,2025-11-30,Hostel Block B
I00953,U0720,Safety Goggles — 3M #0953,Safety Equipment,Safety Goggles,3M,GOOD,SELL,AVAILABLE,300,2026-04-21,2026-05-24,Hostel Block C
I00954,U0781,Webcam — Logitech #0954,Electronics,Webcam,Logitech,NEW,BORROW,RESERVED,3350,2025-09-29,2026-03-10,Hostel Block D
I00955,U0365,Graph Paper Pack — Classmate #0955,Stationery,Graph Paper Pack,Classmate,GOOD,BORROW,AVAILABLE,100,2026-03-09,2026-08-20,Innovation Lab
I00956,U0091,Soldering Iron Kit — Weller #0956,Lab Equipment,Soldering Iron Kit,Weller,GOOD,BORROW,RESERVED,2800,2026-08-28,2027-02-11,ECE Lab
I00957,U0909,Screwdriver Set — Bosch #0957,Equipment,Screwdriver Set,Bosch,FAIR,SWAP,AVAILABLE,1600,2025-09-26,2026-01-06,Mechanical Lab
I00958,U0458,Python Programming Book — O'Reilly #0958,Book,Python Programming Book,O'Reilly,GOOD,BORROW,INACTIVE,500,2026-03-30,2026-09-20,Architecture Studio
I00959,U0098,Vernier Caliper — Mitutoyo #0959,Lab Equipment,Vernier Caliper,Mitutoyo,EXCELLENT,SWAP,AVAILABLE,2300,2025-09-02,2025-12-30,CS Department
I00960,U0917,Calculator — CASIO #0960,Academic,Calculator,CASIO,EXCELLENT,GIVEAWAY,AVAILABLE,1350,2025-10-01,2026-03-02,Main Block
I00961,U0180,Bluetooth Keyboard — Logitech #0961,Accessory,Bluetooth Keyboard,Logitech,GOOD,BORROW,BORROWED,850,2025-10-04,2025-11-27,Central Library
I00962,U0827,External Hard Drive — WD #0962,Storage,External Hard Drive,WD,GOOD,BORROW,AVAILABLE,4550,2026-04-23,2026-06-01,Student Centre
I00963,U0380,USB-C Charger — Anker #0963,Electronics,USB-C Charger,Anker,FAIR,SWAP,AVAILABLE,2350,2025-11-02,2025-12-02,Hostel Block A
I00964,U0646,Engineering Drawing Kit — Staedtler #0964,Equipment,Engineering Drawing Kit,Staedtler,GOOD,SELL,AVAILABLE,1450,2025-10-25,2026-02-19,Hostel Block B
I00965,U0256,Tripod — Digitek #0965,Equipment,Tripod,Digitek,GOOD,GIVEAWAY,AVAILABLE,1850,2026-03-15,2026-07-08,Hostel Block C
I00966,U0883,Digital Multimeter — Meco #0966,Lab Equipment,Digital Multimeter,Meco,GOOD,SELL,AVAILABLE,1900,2025-11-04,2025-12-16,Hostel Block D
I00967,U0166,College Backpack — Wildcraft #0967,Bag,College Backpack,Wildcraft,GOOD,BORROW,RETURNED,1200,2026-02-01,2026-04-22,Innovation Lab
I00968,U0232,Headphones — JBL #0968,Electronics,Headphones,JBL,GOOD,SELL,BORROWED,3100,2026-01-26,2026-04-29,ECE Lab
I00969,U0417,Mechanical Drawing Set — Rotring #0969,Stationery,Mechanical Drawing Set,Rotring,GOOD,GIVEAWAY,AVAILABLE,2150,2026-07-07,2026-09-11,Mechanical Lab
I00970,U0382,Desk Lamp — Philips #0970,Accessory,Desk Lamp,Philips,GOOD,BORROW,RETURNED,750,2026-04-04,2026-09-10,Architecture Studio
I00971,U0086,Textbook — Pearson #0971,Book,Textbook,Pearson,GOOD,BORROW,AVAILABLE,400,2025-10-09,2025-12-06,CS Department
I00972,U0940,USB Flash Drive — SanDisk #0972,Storage,USB Flash Drive,SanDisk,EXCELLENT,BORROW,AVAILABLE,900,2026-01-13,2026-06-18,Main Block
I00973,U0675,Scientific Calculator — Texas Instruments #0973,Academic,Scientific Calculator,Texas Instruments,GOOD,BORROW,RESERVED,2100,2025-08-30,2025-12-04,Central Library
I00974,U0070,Lab Coat — Generic #0974,Clothing,Lab Coat,Generic,FAIR,BORROW,AVAILABLE,1150,2025-12-22,2026-03-17,Student Centre
I00975,U0781,Power Bank — MI #0975,Accessory,Power Bank,MI,GOOD,BORROW,RETURNED,1100,2026-05-02,2026-07-02,Hostel Block A
I00976,U0552,HDMI Cable — UGREEN #0976,Cable,HDMI Cable,UGREEN,FAIR,BORROW,INACTIVE,700,2026-01-12,2026-06-19,Hostel Block B
I00977,U0974,Drawing Board — Camel #0977,Equipment,Drawing Board,Camel,GOOD,SELL,AVAILABLE,850,2025-12-08,2026-01-12,Hostel Block C
I00978,U0006,Ethernet Cable — D-Link #0978,Cable,Ethernet Cable,D-Link,GOOD,SELL,AVAILABLE,500,2026-05-08,2026-09-25,Hostel Block D
I00979,U0098,Extension Board — Philips #0979,Electronics,Extension Board,Philips,GOOD,BORROW,AVAILABLE,900,2026-01-01,2026-06-10,Innovation Lab
I00980,U0596,Breadboard Kit — Generic #0980,Lab Equipment,Breadboard Kit,Generic,GOOD,GIVEAWAY,BORROWED,450,2026-02-26,2026-06-07,ECE Lab
I00981,U0431,Presentation Clicker — Logitech #0981,Accessory,Presentation Clicker,Logitech,EXCELLENT,BORROW,RETURNED,1800,2026-06-15,2026-10-01,Mechanical Lab
I00982,U0712,Arduino Kit — Arduino #0982,Lab Equipment,Arduino Kit,Arduino,EXCELLENT,BORROW,BORROWED,600,2026-09-03,2026-11-07,Architecture Studio
I00983,U0480,Safety Goggles — 3M #0983,Safety Equipment,Safety Goggles,3M,GOOD,SWAP,BORROWED,700,2026-02-12,2026-05-04,CS Department
I00984,U0127,Webcam — Logitech #0984,Electronics,Webcam,Logitech,GOOD,GIVEAWAY,RETURNED,1600,2026-07-03,2026-10-27,Main Block
I00985,U0852,Graph Paper Pack — Classmate #0985,Stationery,Graph Paper Pack,Classmate,EXCELLENT,SWAP,AVAILABLE,100,2025-08-17,2025-10-30,Central Library
I00986,U0399,Soldering Iron Kit — Weller #0986,Lab Equipment,Soldering Iron Kit,Weller,GOOD,BORROW,AVAILABLE,1600,2026-05-17,2026-09-13,Student Centre
I00987,U0386,Screwdriver Set — Bosch #0987,Equipment,Screwdriver Set,Bosch,GOOD,BORROW,AVAILABLE,700,2025-09-01,2026-01-06,Hostel Block A
I00988,U0349,Python Programming Book — O'Reilly #0988,Book,Python Programming Book,O'Reilly,FAIR,BORROW,AVAILABLE,1050,2025-12-01,2026-01-09,Hostel Block B
I00989,U0678,Vernier Caliper — Mitutoyo #0989,Lab Equipment,Vernier Caliper,Mitutoyo,GOOD,GIVEAWAY,AVAILABLE,1850,2026-03-12,2026-08-18,Hostel Block C
I00990,U0052,Calculator — CASIO #0990,Academic,Calculator,CASIO,GOOD,GIVEAWAY,RETURNED,700,2026-04-29,2026-08-11,Hostel Block D
I00991,U0984,Bluetooth Keyboard — Logitech #0991,Accessory,Bluetooth Keyboard,Logitech,NEW,BORROW,BORROWED,2850,2026-01-17,2026-07-09,Innovation Lab
I00992,U0058,External Hard Drive — WD #0992,Storage,External Hard Drive,WD,GOOD,GIVEAWAY,AVAILABLE,4300,2026-03-02,2026-07-23,ECE Lab
I00993,U0890,USB-C Charger — Anker #0993,Electronics,USB-C Charger,Anker,EXCELLENT,BORROW,AVAILABLE,2100,2026-06-08,2026-07-27,Mechanical Lab
I00994,U0297,Engineering Drawing Kit — Staedtler #0994,Equipment,Engineering Drawing Kit,Staedtler,EXCELLENT,BORROW,AVAILABLE,850,2026-04-09,2026-05-11,Architecture Studio
I00995,U0093,Tripod — Digitek #0995,Equipment,Tripod,Digitek,FAIR,SWAP,AVAILABLE,1850,2026-06-25,2026-11-05,CS Department
I00996,U0410,Digital Multimeter — Meco #0996,Lab Equipment,Digital Multimeter,Meco,GOOD,BORROW,AVAILABLE,1200,2026-07-23,2026-10-15,Main Block
I00997,U0771,College Backpack — Wildcraft #0997,Bag,College Backpack,Wildcraft,GOOD,SELL,AVAILABLE,1200,2026-03-12,2026-07-20,Central Library
I00998,U0284,Headphones — JBL #0998,Electronics,Headphones,JBL,GOOD,GIVEAWAY,AVAILABLE,1950,2025-12-15,2026-06-05,Student Centre
I00999,U0169,Mechanical Drawing Set — Rotring #0999,Stationery,Mechanical Drawing Set,Rotring,GOOD,BORROW,AVAILABLE,1100,2026-04-11,2026-08-16,Hostel Block A
I01000,U0452,Desk Lamp — Philips #1000,Accessory,Desk Lamp,Philips,GOOD,SWAP,BORROWED,550,2025-08-03,2025-09-14,Hostel Block B
I01001,U0031,Textbook — Pearson #1001,Book,Textbook,Pearson,EXCELLENT,GIVEAWAY,AVAILABLE,450,2025-11-22,2026-03-10,Hostel Block C
I01002,U0184,USB Flash Drive — SanDisk #1002,Storage,USB Flash Drive,SanDisk,GOOD,SELL,INACTIVE,850,2025-11-12,2026-02-07,Hostel Block D
I01003,U0494,Scientific Calculator — Texas Instruments #1003,Academic,Scientific Calculator,Texas Instruments,GOOD,GIVEAWAY,BORROWED,550,2026-08-03,2026-09-08,Innovation Lab
I01004,U0378,Lab Coat — Generic #1004,Clothing,Lab Coat,Generic,FAIR,BORROW,RESERVED,1000,2025-10-17,2026-02-09,ECE Lab
I01005,U0287,Power Bank — MI #1005,Accessory,Power Bank,MI,FAIR,SELL,AVAILABLE,1550,2025-09-01,2025-11-23,Mechanical Lab
I01006,U0006,HDMI Cable — UGREEN #1006,Cable,HDMI Cable,UGREEN,GOOD,BORROW,AVAILABLE,350,2026-04-26,2026-08-13,Architecture Studio
I01007,U0405,Drawing Board — Camel #1007,Equipment,Drawing Board,Camel,EXCELLENT,SWAP,RESERVED,1650,2025-08-07,2026-01-23,CS Department
I01008,U0922,Ethernet Cable — D-Link #1008,Cable,Ethernet Cable,D-Link,EXCELLENT,BORROW,AVAILABLE,350,2025-08-29,2025-10-25,Main Block
I01009,U0841,Extension Board — Philips #1009,Electronics,Extension Board,Philips,EXCELLENT,SWAP,AVAILABLE,1300,2026-03-23,2026-06-20,Central Library
I01010,U0748,Breadboard Kit — Generic #1010,Lab Equipment,Breadboard Kit,Generic,FAIR,SWAP,AVAILABLE,350,2025-11-18,2026-02-12,Student Centre
I01011,U0511,Presentation Clicker — Logitech #1011,Accessory,Presentation Clicker,Logitech,FAIR,BORROW,AVAILABLE,1800,2026-01-18,2026-06-27,Hostel Block A
I01012,U0445,Arduino Kit — Arduino #1012,Lab Equipment,Arduino Kit,Arduino,EXCELLENT,BORROW,AVAILABLE,750,2025-11-28,2026-03-14,Hostel Block B
I01013,U0299,Safety Goggles — 3M #1013,Safety Equipment,Safety Goggles,3M,EXCELLENT,SELL,RESERVED,450,2025-11-06,2026-02-06,Hostel Block C
I01014,U0408,Webcam — Logitech #1014,Electronics,Webcam,Logitech,GOOD,GIVEAWAY,RETURNED,1100,2026-09-21,2026-12-02,Hostel Block D
I01015,U0793,Graph Paper Pack — Classmate #1015,Stationery,Graph Paper Pack,Classmate,NEW,GIVEAWAY,AVAILABLE,150,2026-01-22,2026-07-18,Innovation Lab
I01016,U0187,Soldering Iron Kit — Weller #1016,Lab Equipment,Soldering Iron Kit,Weller,GOOD,SELL,AVAILABLE,1800,2025-09-13,2025-11-02,ECE Lab
I01017,U0364,Screwdriver Set — Bosch #1017,Equipment,Screwdriver Set,Bosch,GOOD,GIVEAWAY,INACTIVE,400,2025-08-08,2025-11-25,Mechanical Lab
I01018,U0500,Python Programming Book — O'Reilly #1018,Book,Python Programming Book,O'Reilly,FAIR,BORROW,BORROWED,550,2026-09-14,2027-03-02,Architecture Studio
I01019,U0182,Vernier Caliper — Mitutoyo #1019,Lab Equipment,Vernier Caliper,Mitutoyo,EXCELLENT,SELL,INACTIVE,5450,2026-02-03,2026-05-24,CS Department
I01020,U0234,Calculator — CASIO #1020,Academic,Calculator,CASIO,EXCELLENT,GIVEAWAY,AVAILABLE,300,2026-03-02,2026-07-25,Main Block
I01021,U0361,Bluetooth Keyboard — Logitech #1021,Accessory,Bluetooth Keyboard,Logitech,EXCELLENT,SWAP,AVAILABLE,2150,2026-08-06,2026-10-25,Central Library
I01022,U0587,External Hard Drive — WD #1022,Storage,External Hard Drive,WD,GOOD,BORROW,AVAILABLE,4050,2026-04-22,2026-06-01,Student Centre
I01023,U0331,USB-C Charger — Anker #1023,Electronics,USB-C Charger,Anker,GOOD,BORROW,AVAILABLE,2350,2026-06-10,2026-07-28,Hostel Block A
I01024,U0980,Engineering Drawing Kit — Staedtler #1024,Equipment,Engineering Drawing Kit,Staedtler,EXCELLENT,GIVEAWAY,RETURNED,1950,2026-09-10,2027-02-04,Hostel Block B
I01025,U0031,Tripod — Digitek #1025,Equipment,Tripod,Digitek,GOOD,BORROW,AVAILABLE,1100,2026-05-13,2026-07-20,Hostel Block C
I01026,U0521,Digital Multimeter — Meco #1026,Lab Equipment,Digital Multimeter,Meco,GOOD,GIVEAWAY,AVAILABLE,1150,2025-08-06,2025-09-11,Hostel Block D
I01027,U0411,College Backpack — Wildcraft #1027,Bag,College Backpack,Wildcraft,EXCELLENT,BORROW,AVAILABLE,2950,2025-09-18,2025-12-01,Innovation Lab
I01028,U0193,Headphones — JBL #1028,Electronics,Headphones,JBL,GOOD,SWAP,BORROWED,1650,2026-05-23,2026-09-16,ECE Lab
I01029,U0611,Mechanical Drawing Set — Rotring #1029,Stationery,Mechanical Drawing Set,Rotring,GOOD,SELL,AVAILABLE,1850,2025-08-17,2026-02-11,Mechanical Lab
I01030,U0984,Desk Lamp — Philips #1030,Accessory,Desk Lamp,Philips,EXCELLENT,SELL,AVAILABLE,500,2026-04-16,2026-09-20,Architecture Studio
I01031,U0148,Textbook — Pearson #1031,Book,Textbook,Pearson,NEW,BORROW,BORROWED,400,2026-06-07,2026-09-01,CS Department
I01032,U0539,USB Flash Drive — SanDisk #1032,Storage,USB Flash Drive,SanDisk,FAIR,SELL,AVAILABLE,450,2025-10-30,2026-02-22,Main Block
I01033,U0661,Scientific Calculator — Texas Instruments #1033,Academic,Scientific Calculator,Texas Instruments,EXCELLENT,BORROW,INACTIVE,2300,2026-07-10,2026-08-23,Central Library
I01034,U0312,Lab Coat — Generic #1034,Clothing,Lab Coat,Generic,EXCELLENT,BORROW,AVAILABLE,500,2026-08-05,2026-10-11,Student Centre
I01035,U0101,Power Bank — MI #1035,Accessory,Power Bank,MI,GOOD,GIVEAWAY,RETURNED,1150,2026-02-14,2026-08-10,Hostel Block A
I01036,U0105,HDMI Cable — UGREEN #1036,Cable,HDMI Cable,UGREEN,GOOD,BORROW,AVAILABLE,550,2026-03-05,2026-06-17,Hostel Block B
I01037,U0733,Drawing Board — Camel #1037,Equipment,Drawing Board,Camel,GOOD,SWAP,AVAILABLE,1100,2026-05-29,2026-07-29,Hostel Block C
I01038,U0684,Ethernet Cable — D-Link #1038,Cable,Ethernet Cable,D-Link,GOOD,BORROW,RETURNED,200,2026-05-22,2026-07-01,Hostel Block D
I01039,U0314,Extension Board — Philips #1039,Electronics,Extension Board,Philips,GOOD,BORROW,AVAILABLE,1300,2026-09-10,2026-11-23,Innovation Lab
I01040,U0272,Breadboard Kit — Generic #1040,Lab Equipment,Breadboard Kit,Generic,EXCELLENT,BORROW,BORROWED,800,2026-04-23,2026-07-04,ECE Lab
I01041,U0966,Presentation Clicker — Logitech #1041,Accessory,Presentation Clicker,Logitech,GOOD,BORROW,AVAILABLE,2200,2026-07-27,2026-11-18,Mechanical Lab
I01042,U0946,Arduino Kit — Arduino #1042,Lab Equipment,Arduino Kit,Arduino,FAIR,SWAP,AVAILABLE,2700,2026-09-06,2026-11-02,Architecture Studio
I01043,U0064,Safety Goggles — 3M #1043,Safety Equipment,Safety Goggles,3M,GOOD,SWAP,BORROWED,600,2026-01-05,2026-06-28,CS Department
I01044,U0518,Webcam — Logitech #1044,Electronics,Webcam,Logitech,GOOD,BORROW,AVAILABLE,3550,2026-07-20,2026-12-15,Main Block
I01045,U0298,Graph Paper Pack — Classmate #1045,Stationery,Graph Paper Pack,Classmate,GOOD,SWAP,RETURNED,150,2026-01-26,2026-03-16,Central Library
I01046,U0270,Soldering Iron Kit — Weller #1046,Lab Equipment,Soldering Iron Kit,Weller,FAIR,GIVEAWAY,AVAILABLE,2250,2026-03-17,2026-08-04,Student Centre
I01047,U0137,Screwdriver Set — Bosch #1047,Equipment,Screwdriver Set,Bosch,FAIR,SWAP,INACTIVE,1100,2025-08-18,2025-12-19,Hostel Block A
I01048,U0192,Python Programming Book — O'Reilly #1048,Book,Python Programming Book,O'Reilly,GOOD,GIVEAWAY,AVAILABLE,1000,2025-08-15,2025-10-06,Hostel Block B
I01049,U0639,Vernier Caliper — Mitutoyo #1049,Lab Equipment,Vernier Caliper,Mitutoyo,GOOD,BORROW,AVAILABLE,1850,2025-12-19,2026-03-11,Hostel Block C
I01050,U0502,Calculator — CASIO #1050,Academic,Calculator,CASIO,GOOD,SELL,AVAILABLE,1650,2026-02-11,2026-07-31,Hostel Block D
I01051,U0396,Bluetooth Keyboard — Logitech #1051,Accessory,Bluetooth Keyboard,Logitech,GOOD,SWAP,BORROWED,2850,2026-05-03,2026-08-09,Innovation Lab
I01052,U0944,External Hard Drive — WD #1052,Storage,External Hard Drive,WD,GOOD,SWAP,BORROWED,4300,2026-02-04,2026-05-21,ECE Lab
I01053,U0847,USB-C Charger — Anker #1053,Electronics,USB-C Charger,Anker,GOOD,BORROW,RETURNED,1250,2025-08-30,2025-11-21,Mechanical Lab
I01054,U0753,Engineering Drawing Kit — Staedtler #1054,Equipment,Engineering Drawing Kit,Staedtler,GOOD,SELL,AVAILABLE,2300,2025-10-23,2026-02-18,Architecture Studio
I01055,U0959,Tripod — Digitek #1055,Equipment,Tripod,Digitek,GOOD,BORROW,AVAILABLE,650,2025-09-10,2026-03-02,CS Department
I01056,U0676,Digital Multimeter — Meco #1056,Lab Equipment,Digital Multimeter,Meco,FAIR,SELL,BORROWED,1850,2025-12-12,2026-05-09,Main Block
I01057,U0058,College Backpack — Wildcraft #1057,Bag,College Backpack,Wildcraft,NEW,BORROW,AVAILABLE,1300,2026-04-05,2026-06-25,Central Library
I01058,U0052,Headphones — JBL #1058,Electronics,Headphones,JBL,GOOD,BORROW,AVAILABLE,2150,2026-09-01,2026-12-27,Student Centre
I01059,U0839,Mechanical Drawing Set — Rotring #1059,Stationery,Mechanical Drawing Set,Rotring,GOOD,BORROW,BORROWED,700,2026-05-25,2026-10-23,Hostel Block A
I01060,U0748,Desk Lamp — Philips #1060,Accessory,Desk Lamp,Philips,GOOD,SWAP,BORROWED,1550,2026-03-09,2026-05-14,Hostel Block B
I01061,U0991,Textbook — Pearson #1061,Book,Textbook,Pearson,EXCELLENT,SELL,RESERVED,300,2026-07-18,2026-11-27,Hostel Block C
I01062,U0249,USB Flash Drive — SanDisk #1062,Storage,USB Flash Drive,SanDisk,EXCELLENT,BORROW,AVAILABLE,800,2025-08-20,2026-01-14,Hostel Block D
I01063,U0757,Scientific Calculator — Texas Instruments #1063,Academic,Scientific Calculator,Texas Instruments,EXCELLENT,BORROW,RETURNED,1050,2026-03-20,2026-04-30,Innovation Lab
I01064,U0795,Lab Coat — Generic #1064,Clothing,Lab Coat,Generic,GOOD,SWAP,RESERVED,650,2026-02-25,2026-06-01,ECE Lab
I01065,U0383,Power Bank — MI #1065,Accessory,Power Bank,MI,EXCELLENT,SWAP,RETURNED,1100,2026-04-02,2026-09-12,Mechanical Lab
I01066,U0184,HDMI Cable — UGREEN #1066,Cable,HDMI Cable,UGREEN,GOOD,SWAP,AVAILABLE,250,2026-06-07,2026-09-27,Architecture Studio
I01067,U0791,Drawing Board — Camel #1067,Equipment,Drawing Board,Camel,GOOD,SWAP,AVAILABLE,750,2026-05-08,2026-06-29,CS Department
I01068,U0401,Ethernet Cable — D-Link #1068,Cable,Ethernet Cable,D-Link,GOOD,BORROW,AVAILABLE,250,2026-07-09,2026-12-04,Main Block
I01069,U0360,Extension Board — Philips #1069,Electronics,Extension Board,Philips,FAIR,BORROW,BORROWED,600,2026-06-22,2026-10-27,Central Library
I01070,U0002,Breadboard Kit — Generic #1070,Lab Equipment,Breadboard Kit,Generic,EXCELLENT,BORROW,AVAILABLE,550,2026-04-14,2026-07-27,Student Centre
I01071,U0266,Presentation Clicker — Logitech #1071,Accessory,Presentation Clicker,Logitech,GOOD,GIVEAWAY,INACTIVE,1100,2025-11-15,2026-02-15,Hostel Block A
I01072,U0177,Arduino Kit — Arduino #1072,Lab Equipment,Arduino Kit,Arduino,FAIR,GIVEAWAY,AVAILABLE,1150,2026-01-31,2026-05-06,Hostel Block B
I01073,U0457,Safety Goggles — 3M #1073,Safety Equipment,Safety Goggles,3M,EXCELLENT,BORROW,AVAILABLE,300,2025-11-18,2026-04-06,Hostel Block C
I01074,U0335,Webcam — Logitech #1074,Electronics,Webcam,Logitech,FAIR,SWAP,AVAILABLE,3650,2025-10-06,2026-03-22,Hostel Block D
I01075,U0266,Graph Paper Pack — Classmate #1075,Stationery,Graph Paper Pack,Classmate,EXCELLENT,BORROW,AVAILABLE,50,2026-04-05,2026-09-15,Innovation Lab
I01076,U0511,Soldering Iron Kit — Weller #1076,Lab Equipment,Soldering Iron Kit,Weller,GOOD,BORROW,INACTIVE,850,2025-10-28,2025-12-12,ECE Lab
I01077,U0820,Screwdriver Set — Bosch #1077,Equipment,Screwdriver Set,Bosch,FAIR,BORROW,RESERVED,1250,2026-08-19,2026-10-15,Mechanical Lab
I01078,U0667,Python Programming Book — O'Reilly #1078,Book,Python Programming Book,O'Reilly,GOOD,SELL,INACTIVE,1700,2025-10-01,2026-02-12,Architecture Studio
I01079,U0552,Vernier Caliper — Mitutoyo #1079,Lab Equipment,Vernier Caliper,Mitutoyo,EXCELLENT,GIVEAWAY,AVAILABLE,5800,2026-03-31,2026-08-22,CS Department
I01080,U0614,Calculator — CASIO #1080,Academic,Calculator,CASIO,GOOD,SELL,AVAILABLE,950,2026-01-20,2026-05-06,Main Block
I01081,U0947,Bluetooth Keyboard — Logitech #1081,Accessory,Bluetooth Keyboard,Logitech,GOOD,BORROW,AVAILABLE,1700,2026-01-18,2026-04-07,Central Library
I01082,U0627,External Hard Drive — WD #1082,Storage,External Hard Drive,WD,GOOD,BORROW,RETURNED,5000,2026-06-03,2026-09-16,Student Centre
I01083,U0127,USB-C Charger — Anker #1083,Electronics,USB-C Charger,Anker,FAIR,SWAP,AVAILABLE,2250,2026-05-19,2026-11-08,Hostel Block A
I01084,U0611,Engineering Drawing Kit — Staedtler #1084,Equipment,Engineering Drawing Kit,Staedtler,FAIR,BORROW,AVAILABLE,2300,2026-08-16,2026-11-14,Hostel Block B
I01085,U0478,Tripod — Digitek #1085,Equipment,Tripod,Digitek,GOOD,BORROW,RETURNED,1050,2026-06-16,2026-10-28,Hostel Block C
I01086,U0889,Digital Multimeter — Meco #1086,Lab Equipment,Digital Multimeter,Meco,GOOD,BORROW,RESERVED,850,2025-09-30,2025-11-04,Hostel Block D
I01087,U0818,College Backpack — Wildcraft #1087,Bag,College Backpack,Wildcraft,GOOD,GIVEAWAY,BORROWED,2300,2026-02-28,2026-06-21,Innovation Lab
I01088,U0430,Headphones — JBL #1088,Electronics,Headphones,JBL,EXCELLENT,BORROW,AVAILABLE,2200,2025-09-01,2025-10-21,ECE Lab
I01089,U0474,Mechanical Drawing Set — Rotring #1089,Stationery,Mechanical Drawing Set,Rotring,GOOD,SWAP,INACTIVE,700,2026-05-21,2026-07-28,Mechanical Lab
I01090,U0524,Desk Lamp — Philips #1090,Accessory,Desk Lamp,Philips,GOOD,SWAP,AVAILABLE,1450,2026-03-22,2026-05-13,Architecture Studio
I01091,U0773,Textbook — Pearson #1091,Book,Textbook,Pearson,GOOD,SELL,AVAILABLE,350,2026-02-19,2026-05-10,CS Department
I01092,U0053,USB Flash Drive — SanDisk #1092,Storage,USB Flash Drive,SanDisk,GOOD,BORROW,INACTIVE,1000,2026-05-03,2026-10-01,Main Block
I01093,U0467,Scientific Calculator — Texas Instruments #1093,Academic,Scientific Calculator,Texas Instruments,EXCELLENT,BORROW,AVAILABLE,1450,2026-04-16,2026-07-22,Central Library
I01094,U0085,Lab Coat — Generic #1094,Clothing,Lab Coat,Generic,GOOD,BORROW,INACTIVE,650,2026-02-10,2026-07-11,Student Centre
I01095,U0986,Power Bank — MI #1095,Accessory,Power Bank,MI,GOOD,BORROW,RETURNED,1500,2026-05-21,2026-07-19,Hostel Block A
I01096,U0087,HDMI Cable — UGREEN #1096,Cable,HDMI Cable,UGREEN,GOOD,GIVEAWAY,AVAILABLE,650,2025-11-14,2026-03-16,Hostel Block B
I01097,U0065,Drawing Board — Camel #1097,Equipment,Drawing Board,Camel,GOOD,BORROW,AVAILABLE,950,2026-09-05,2026-10-23,Hostel Block C
I01098,U0537,Ethernet Cable — D-Link #1098,Cable,Ethernet Cable,D-Link,FAIR,GIVEAWAY,AVAILABLE,350,2025-08-08,2025-10-11,Hostel Block D
I01099,U0694,Extension Board — Philips #1099,Electronics,Extension Board,Philips,GOOD,BORROW,INACTIVE,1350,2025-11-08,2026-02-21,Innovation Lab
I01100,U0926,Breadboard Kit — Generic #1100,Lab Equipment,Breadboard Kit,Generic,EXCELLENT,GIVEAWAY,AVAILABLE,450,2025-09-10,2026-03-06,ECE Lab
I01101,U0704,Presentation Clicker — Logitech #1101,Accessory,Presentation Clicker,Logitech,NEW,BORROW,BORROWED,1650,2026-01-08,2026-04-11,Mechanical Lab
I01102,U0996,Arduino Kit — Arduino #1102,Lab Equipment,Arduino Kit,Arduino,GOOD,GIVEAWAY,AVAILABLE,2150,2025-10-25,2026-01-03,Architecture Studio
I01103,U0412,Safety Goggles — 3M #1103,Safety Equipment,Safety Goggles,3M,GOOD,BORROW,RETURNED,350,2026-03-27,2026-07-22,CS Department
I01104,U0671,Webcam — Logitech #1104,Electronics,Webcam,Logitech,EXCELLENT,BORROW,RESERVED,750,2025-08-01,2025-12-15,Main Block
I01105,U0234,Graph Paper Pack — Classmate #1105,Stationery,Graph Paper Pack,Classmate,GOOD,SWAP,INACTIVE,100,2025-08-18,2025-10-31,Central Library
I01106,U0492,Soldering Iron Kit — Weller #1106,Lab Equipment,Soldering Iron Kit,Weller,GOOD,BORROW,RETURNED,1600,2025-12-02,2026-03-31,Student Centre
I01107,U0651,Screwdriver Set — Bosch #1107,Equipment,Screwdriver Set,Bosch,EXCELLENT,BORROW,BORROWED,1650,2026-04-15,2026-06-09,Hostel Block A
I01108,U0730,Python Programming Book — O'Reilly #1108,Book,Python Programming Book,O'Reilly,GOOD,GIVEAWAY,RETURNED,1300,2026-06-05,2026-10-03,Hostel Block B
I01109,U0702,Vernier Caliper — Mitutoyo #1109,Lab Equipment,Vernier Caliper,Mitutoyo,EXCELLENT,BORROW,AVAILABLE,3550,2025-10-31,2025-12-07,Hostel Block C
I01110,U0122,Calculator — CASIO #1110,Academic,Calculator,CASIO,GOOD,BORROW,AVAILABLE,500,2026-02-16,2026-03-27,Hostel Block D
I01111,U0652,Bluetooth Keyboard — Logitech #1111,Accessory,Bluetooth Keyboard,Logitech,EXCELLENT,SWAP,AVAILABLE,1800,2026-03-01,2026-06-03,Innovation Lab
I01112,U0578,External Hard Drive — WD #1112,Storage,External Hard Drive,WD,EXCELLENT,BORROW,RESERVED,7000,2026-05-15,2026-09-28,ECE Lab
I01113,U0471,USB-C Charger — Anker #1113,Electronics,USB-C Charger,Anker,FAIR,BORROW,RETURNED,1350,2026-05-06,2026-08-03,Mechanical Lab
I01114,U0362,Engineering Drawing Kit — Staedtler #1114,Equipment,Engineering Drawing Kit,Staedtler,EXCELLENT,SWAP,AVAILABLE,1400,2026-04-24,2026-10-19,Architecture Studio
I01115,U0603,Tripod — Digitek #1115,Equipment,Tripod,Digitek,GOOD,SWAP,RETURNED,2150,2025-11-13,2026-03-05,CS Department
I01116,U0386,Digital Multimeter — Meco #1116,Lab Equipment,Digital Multimeter,Meco,EXCELLENT,GIVEAWAY,RESERVED,600,2026-07-04,2026-09-27,Main Block
I01117,U0525,College Backpack — Wildcraft #1117,Bag,College Backpack,Wildcraft,GOOD,BORROW,AVAILABLE,1400,2026-08-12,2027-01-01,Central Library
I01118,U0543,Headphones — JBL #1118,Electronics,Headphones,JBL,EXCELLENT,SWAP,AVAILABLE,2800,2025-08-20,2025-10-18,Student Centre
I01119,U0721,Mechanical Drawing Set — Rotring #1119,Stationery,Mechanical Drawing Set,Rotring,GOOD,BORROW,RESERVED,1150,2025-12-19,2026-06-10,Hostel Block A
I01120,U0069,Desk Lamp — Philips #1120,Accessory,Desk Lamp,Philips,GOOD,SELL,AVAILABLE,1800,2026-05-13,2026-10-03,Hostel Block B
I01121,U0545,Textbook — Pearson #1121,Book,Textbook,Pearson,EXCELLENT,SELL,AVAILABLE,950,2026-07-18,2026-10-17,Hostel Block C
I01122,U0847,USB Flash Drive — SanDisk #1122,Storage,USB Flash Drive,SanDisk,GOOD,SWAP,AVAILABLE,250,2026-06-08,2026-12-01,Hostel Block D
I01123,U0099,Scientific Calculator — Texas Instruments #1123,Academic,Scientific Calculator,Texas Instruments,GOOD,SWAP,BORROWED,1500,2025-11-16,2026-03-28,Innovation Lab
I01124,U0441,Lab Coat — Generic #1124,Clothing,Lab Coat,Generic,GOOD,BORROW,AVAILABLE,1100,2026-05-20,2026-10-03,ECE Lab
I01125,U0851,Power Bank — MI #1125,Accessory,Power Bank,MI,FAIR,GIVEAWAY,AVAILABLE,600,2026-02-27,2026-04-05,Mechanical Lab
I01126,U0428,HDMI Cable — UGREEN #1126,Cable,HDMI Cable,UGREEN,FAIR,BORROW,AVAILABLE,750,2026-09-10,2027-02-21,Architecture Studio
I01127,U0812,Drawing Board — Camel #1127,Equipment,Drawing Board,Camel,GOOD,BORROW,AVAILABLE,1300,2025-12-05,2026-04-22,CS Department
I01128,U0109,Ethernet Cable — D-Link #1128,Cable,Ethernet Cable,D-Link,GOOD,SWAP,AVAILABLE,400,2025-09-19,2025-11-13,Main Block
I01129,U0658,Extension Board — Philips #1129,Electronics,Extension Board,Philips,FAIR,SELL,AVAILABLE,600,2025-08-16,2025-10-03,Central Library
I01130,U0086,Breadboard Kit — Generic #1130,Lab Equipment,Breadboard Kit,Generic,EXCELLENT,BORROW,AVAILABLE,750,2026-07-17,2026-10-25,Student Centre
I01131,U0692,Presentation Clicker — Logitech #1131,Accessory,Presentation Clicker,Logitech,EXCELLENT,BORROW,AVAILABLE,1400,2026-08-02,2026-12-05,Hostel Block A
I01132,U0706,Arduino Kit — Arduino #1132,Lab Equipment,Arduino Kit,Arduino,NEW,SWAP,RETURNED,950,2026-01-17,2026-02-17,Hostel Block B
I01133,U0028,Safety Goggles — 3M #1133,Safety Equipment,Safety Goggles,3M,NEW,BORROW,AVAILABLE,450,2025-09-15,2026-01-23,Hostel Block C
I01134,U0076,Webcam — Logitech #1134,Electronics,Webcam,Logitech,GOOD,GIVEAWAY,AVAILABLE,1400,2026-02-11,2026-04-19,Hostel Block D
I01135,U0263,Graph Paper Pack — Classmate #1135,Stationery,Graph Paper Pack,Classmate,GOOD,BORROW,RESERVED,50,2026-06-07,2026-09-20,Innovation Lab
I01136,U0377,Soldering Iron Kit — Weller #1136,Lab Equipment,Soldering Iron Kit,Weller,GOOD,BORROW,AVAILABLE,2400,2026-06-17,2026-11-30,ECE Lab
I01137,U0630,Screwdriver Set — Bosch #1137,Equipment,Screwdriver Set,Bosch,GOOD,BORROW,RESERVED,950,2026-03-12,2026-04-25,Mechanical Lab
I01138,U0845,Python Programming Book — O'Reilly #1138,Book,Python Programming Book,O'Reilly,GOOD,BORROW,RETURNED,1200,2026-07-28,2026-11-26,Architecture Studio
I01139,U0168,Vernier Caliper — Mitutoyo #1139,Lab Equipment,Vernier Caliper,Mitutoyo,FAIR,BORROW,RETURNED,2200,2026-05-10,2026-10-27,CS Department
I01140,U0716,Calculator — CASIO #1140,Academic,Calculator,CASIO,EXCELLENT,BORROW,AVAILABLE,1550,2026-04-22,2026-07-13,Main Block
I01141,U0710,Bluetooth Keyboard — Logitech #1141,Accessory,Bluetooth Keyboard,Logitech,FAIR,BORROW,AVAILABLE,1800,2025-08-26,2026-02-02,Central Library
I01142,U0676,External Hard Drive — WD #1142,Storage,External Hard Drive,WD,EXCELLENT,BORROW,RETURNED,5750,2025-12-20,2026-06-18,Student Centre
I01143,U0386,USB-C Charger — Anker #1143,Electronics,USB-C Charger,Anker,FAIR,BORROW,RETURNED,1500,2026-05-09,2026-10-09,Hostel Block A
I01144,U0357,Engineering Drawing Kit — Staedtler #1144,Equipment,Engineering Drawing Kit,Staedtler,EXCELLENT,SELL,AVAILABLE,1800,2026-01-30,2026-07-10,Hostel Block B
I01145,U0430,Tripod — Digitek #1145,Equipment,Tripod,Digitek,EXCELLENT,SWAP,BORROWED,700,2025-08-08,2025-11-13,Hostel Block C
I01146,U0280,Digital Multimeter — Meco #1146,Lab Equipment,Digital Multimeter,Meco,GOOD,BORROW,AVAILABLE,1250,2026-05-21,2026-09-26,Hostel Block D
I01147,U0910,College Backpack — Wildcraft #1147,Bag,College Backpack,Wildcraft,NEW,SWAP,AVAILABLE,2950,2025-10-06,2026-02-14,Innovation Lab
I01148,U0362,Headphones — JBL #1148,Electronics,Headphones,JBL,GOOD,BORROW,BORROWED,2900,2025-08-07,2025-09-24,ECE Lab
I01149,U0453,Mechanical Drawing Set — Rotring #1149,Stationery,Mechanical Drawing Set,Rotring,EXCELLENT,BORROW,AVAILABLE,1600,2025-10-14,2026-04-02,Mechanical Lab
I01150,U0133,Desk Lamp — Philips #1150,Accessory,Desk Lamp,Philips,GOOD,BORROW,AVAILABLE,450,2026-02-17,2026-05-06,Architecture Studio
I01151,U0255,Textbook — Pearson #1151,Book,Textbook,Pearson,GOOD,GIVEAWAY,AVAILABLE,550,2026-02-12,2026-05-25,CS Department
I01152,U0466,USB Flash Drive — SanDisk #1152,Storage,USB Flash Drive,SanDisk,GOOD,BORROW,AVAILABLE,1200,2026-02-10,2026-08-06,Main Block
I01153,U0906,Scientific Calculator — Texas Instruments #1153,Academic,Scientific Calculator,Texas Instruments,NEW,SELL,AVAILABLE,2500,2025-10-27,2026-02-04,Central Library
I01154,U0465,Lab Coat — Generic #1154,Clothing,Lab Coat,Generic,GOOD,BORROW,AVAILABLE,350,2026-01-26,2026-06-10,Student Centre
I01155,U0197,Power Bank — MI #1155,Accessory,Power Bank,MI,GOOD,SWAP,AVAILABLE,800,2026-04-12,2026-06-29,Hostel Block A
I01156,U0873,HDMI Cable — UGREEN #1156,Cable,HDMI Cable,UGREEN,GOOD,SWAP,INACTIVE,750,2026-06-19,2026-12-10,Hostel Block B
I01157,U0480,Drawing Board — Camel #1157,Equipment,Drawing Board,Camel,GOOD,SWAP,BORROWED,1000,2026-08-20,2027-01-07,Hostel Block C
I01158,U0137,Ethernet Cable — D-Link #1158,Cable,Ethernet Cable,D-Link,EXCELLENT,SELL,INACTIVE,500,2026-05-21,2026-11-13,Hostel Block D
I01159,U0347,Extension Board — Philips #1159,Electronics,Extension Board,Philips,GOOD,GIVEAWAY,AVAILABLE,950,2026-02-16,2026-06-18,Innovation Lab
I01160,U0227,Breadboard Kit — Generic #1160,Lab Equipment,Breadboard Kit,Generic,NEW,SWAP,BORROWED,700,2026-09-12,2027-02-10,ECE Lab
I01161,U0878,Presentation Clicker — Logitech #1161,Accessory,Presentation Clicker,Logitech,GOOD,BORROW,AVAILABLE,800,2026-03-23,2026-05-20,Mechanical Lab
I01162,U0428,Arduino Kit — Arduino #1162,Lab Equipment,Arduino Kit,Arduino,EXCELLENT,GIVEAWAY,AVAILABLE,2200,2026-08-24,2026-11-24,Architecture Studio
I01163,U0612,Safety Goggles — 3M #1163,Safety Equipment,Safety Goggles,3M,EXCELLENT,GIVEAWAY,RESERVED,450,2026-09-14,2026-10-15,CS Department
I01164,U0687,Webcam — Logitech #1164,Electronics,Webcam,Logitech,GOOD,BORROW,AVAILABLE,2500,2026-04-16,2026-10-04,Main Block
I01165,U0720,Graph Paper Pack — Classmate #1165,Stationery,Graph Paper Pack,Classmate,EXCELLENT,SELL,RESERVED,150,2025-09-25,2026-01-08,Central Library
I01166,U0076,Soldering Iron Kit — Weller #1166,Lab Equipment,Soldering Iron Kit,Weller,GOOD,BORROW,AVAILABLE,1400,2025-11-27,2026-05-07,Student Centre
I01167,U0344,Screwdriver Set — Bosch #1167,Equipment,Screwdriver Set,Bosch,GOOD,BORROW,AVAILABLE,1800,2025-11-12,2026-01-16,Hostel Block A
I01168,U0451,Python Programming Book — O'Reilly #1168,Book,Python Programming Book,O'Reilly,NEW,BORROW,BORROWED,1100,2025-10-15,2025-11-15,Hostel Block B
I01169,U0583,Vernier Caliper — Mitutoyo #1169,Lab Equipment,Vernier Caliper,Mitutoyo,FAIR,BORROW,AVAILABLE,1500,2026-07-25,2026-09-30,Hostel Block C
I01170,U0094,Calculator — CASIO #1170,Academic,Calculator,CASIO,EXCELLENT,SWAP,RETURNED,1100,2025-12-03,2026-05-02,Hostel Block D
I01171,U0198,Bluetooth Keyboard — Logitech #1171,Accessory,Bluetooth Keyboard,Logitech,GOOD,BORROW,AVAILABLE,1550,2026-02-03,2026-06-06,Innovation Lab
I01172,U0197,External Hard Drive — WD #1172,Storage,External Hard Drive,WD,EXCELLENT,BORROW,AVAILABLE,3300,2026-03-22,2026-08-09,ECE Lab
I01173,U0842,USB-C Charger — Anker #1173,Electronics,USB-C Charger,Anker,GOOD,BORROW,BORROWED,2300,2025-11-21,2026-05-19,Mechanical Lab
I01174,U0410,Engineering Drawing Kit — Staedtler #1174,Equipment,Engineering Drawing Kit,Staedtler,FAIR,BORROW,BORROWED,1300,2025-11-14,2026-05-06,Architecture Studio
I01175,U0478,Tripod — Digitek #1175,Equipment,Tripod,Digitek,GOOD,SELL,AVAILABLE,750,2026-07-06,2026-08-11,CS Department
I01176,U0141,Digital Multimeter — Meco #1176,Lab Equipment,Digital Multimeter,Meco,GOOD,SWAP,RETURNED,2050,2025-09-16,2025-12-30,Main Block
I01177,U0299,College Backpack — Wildcraft #1177,Bag,College Backpack,Wildcraft,EXCELLENT,BORROW,INACTIVE,750,2025-09-21,2026-01-02,Central Library
I01178,U0583,Headphones — JBL #1178,Electronics,Headphones,JBL,GOOD,SWAP,AVAILABLE,2700,2026-08-26,2026-12-31,Student Centre
I01179,U0467,Mechanical Drawing Set — Rotring #1179,Stationery,Mechanical Drawing Set,Rotring,FAIR,SWAP,AVAILABLE,2100,2025-11-17,2026-05-02,Hostel Block A
I01180,U0195,Desk Lamp — Philips #1180,Accessory,Desk Lamp,Philips,GOOD,GIVEAWAY,BORROWED,1600,2025-12-29,2026-02-19,Hostel Block B
I01181,U0026,Textbook — Pearson #1181,Book,Textbook,Pearson,FAIR,BORROW,RETURNED,700,2026-04-18,2026-09-13,Hostel Block C
I01182,U0592,USB Flash Drive — SanDisk #1182,Storage,USB Flash Drive,SanDisk,GOOD,SWAP,AVAILABLE,550,2026-03-22,2026-06-14,Hostel Block D
I01183,U0906,Scientific Calculator — Texas Instruments #1183,Academic,Scientific Calculator,Texas Instruments,EXCELLENT,SELL,RETURNED,1800,2026-08-18,2026-09-21,Innovation Lab
I01184,U0384,Lab Coat — Generic #1184,Clothing,Lab Coat,Generic,FAIR,SELL,AVAILABLE,600,2025-08-04,2025-10-15,ECE Lab
I01185,U0870,Power Bank — MI #1185,Accessory,Power Bank,MI,GOOD,GIVEAWAY,AVAILABLE,1500,2026-06-23,2026-09-06,Mechanical Lab
I01186,U0272,HDMI Cable — UGREEN #1186,Cable,HDMI Cable,UGREEN,GOOD,BORROW,RETURNED,750,2026-06-23,2026-11-26,Architecture Studio
I01187,U0692,Drawing Board — Camel #1187,Equipment,Drawing Board,Camel,GOOD,SELL,AVAILABLE,1050,2026-07-09,2026-09-03,CS Department
I01188,U0625,Ethernet Cable — D-Link #1188,Cable,Ethernet Cable,D-Link,GOOD,SWAP,AVAILABLE,500,2026-07-13,2026-12-08,Main Block
I01189,U0485,Extension Board — Philips #1189,Electronics,Extension Board,Philips,GOOD,BORROW,INACTIVE,600,2025-11-10,2026-03-08,Central Library
I01190,U0328,Breadboard Kit — Generic #1190,Lab Equipment,Breadboard Kit,Generic,GOOD,BORROW,AVAILABLE,700,2026-08-22,2027-01-17,Student Centre
I01191,U0910,Presentation Clicker — Logitech #1191,Accessory,Presentation Clicker,Logitech,GOOD,BORROW,AVAILABLE,1350,2026-09-15,2027-01-27,Hostel Block A
I01192,U0464,Arduino Kit — Arduino #1192,Lab Equipment,Arduino Kit,Arduino,GOOD,BORROW,AVAILABLE,3350,2026-08-25,2026-10-17,Hostel Block B
I01193,U0994,Safety Goggles — 3M #1193,Safety Equipment,Safety Goggles,3M,GOOD,GIVEAWAY,AVAILABLE,200,2025-08-22,2025-12-14,Hostel Block C
I01194,U0846,Webcam — Logitech #1194,Electronics,Webcam,Logitech,GOOD,GIVEAWAY,AVAILABLE,3950,2026-09-23,2027-03-17,Hostel Block D
I01195,U0582,Graph Paper Pack — Classmate #1195,Stationery,Graph Paper Pack,Classmate,FAIR,SWAP,AVAILABLE,100,2026-08-27,2027-01-22,Innovation Lab
I01196,U0927,Soldering Iron Kit — Weller #1196,Lab Equipment,Soldering Iron Kit,Weller,GOOD,BORROW,INACTIVE,2200,2025-12-22,2026-04-08,ECE Lab
I01197,U0003,Screwdriver Set — Bosch #1197,Equipment,Screwdriver Set,Bosch,GOOD,GIVEAWAY,RETURNED,1200,2026-08-08,2027-01-21,Mechanical Lab
I01198,U0905,Python Programming Book — O'Reilly #1198,Book,Python Programming Book,O'Reilly,EXCELLENT,BORROW,INACTIVE,1550,2026-07-10,2026-10-14,Architecture Studio
I01199,U0918,Vernier Caliper — Mitutoyo #1199,Lab Equipment,Vernier Caliper,Mitutoyo,GOOD,GIVEAWAY,AVAILABLE,4350,2026-04-14,2026-10-09,CS Department
I01200,U0943,Calculator — CASIO #1200,Academic,Calculator,CASIO,EXCELLENT,SWAP,AVAILABLE,1350,2026-08-17,2026-12-24,Main Block
I01201,U0368,Bluetooth Keyboard — Logitech #1201,Accessory,Bluetooth Keyboard,Logitech,EXCELLENT,BORROW,AVAILABLE,2950,2026-09-19,2027-02-25,Central Library
I01202,U0428,External Hard Drive — WD #1202,Storage,External Hard Drive,WD,EXCELLENT,GIVEAWAY,AVAILABLE,2750,2026-06-18,2026-09-28,Student Centre
I01203,U0451,USB-C Charger — Anker #1203,Electronics,USB-C Charger,Anker,NEW,GIVEAWAY,AVAILABLE,1400,2026-09-01,2027-01-02,Hostel Block A
I01204,U0792,Engineering Drawing Kit — Staedtler #1204,Equipment,Engineering Drawing Kit,Staedtler,GOOD,BORROW,AVAILABLE,1100,2026-05-16,2026-07-03,Hostel Block B
I01205,U0740,Tripod — Digitek #1205,Equipment,Tripod,Digitek,GOOD,BORROW,AVAILABLE,2000,2025-10-02,2026-03-07,Hostel Block C
I01206,U0327,Digital Multimeter — Meco #1206,Lab Equipment,Digital Multimeter,Meco,FAIR,GIVEAWAY,AVAILABLE,1450,2026-04-08,2026-06-01,Hostel Block D
I01207,U0856,College Backpack — Wildcraft #1207,Bag,College Backpack,Wildcraft,GOOD,SWAP,AVAILABLE,2650,2025-09-07,2025-12-19,Innovation Lab
I01208,U0246,Headphones — JBL #1208,Electronics,Headphones,JBL,FAIR,SWAP,AVAILABLE,2550,2026-02-09,2026-05-06,ECE Lab
I01209,U0687,Mechanical Drawing Set — Rotring #1209,Stationery,Mechanical Drawing Set,Rotring,EXCELLENT,GIVEAWAY,AVAILABLE,1150,2026-03-15,2026-04-24,Mechanical Lab
I01210,U0107,Desk Lamp — Philips #1210,Accessory,Desk Lamp,Philips,FAIR,BORROW,AVAILABLE,750,2026-09-08,2026-12-10,Architecture Studio
I01211,U0027,Textbook — Pearson #1211,Book,Textbook,Pearson,EXCELLENT,SWAP,AVAILABLE,300,2025-10-04,2026-03-19,CS Department
I01212,U0053,USB Flash Drive — SanDisk #1212,Storage,USB Flash Drive,SanDisk,GOOD,BORROW,RETURNED,450,2026-06-27,2026-09-25,Main Block
I01213,U0215,Scientific Calculator — Texas Instruments #1213,Academic,Scientific Calculator,Texas Instruments,GOOD,SWAP,RETURNED,2050,2026-05-01,2026-10-19,Central Library
I01214,U0493,Lab Coat — Generic #1214,Clothing,Lab Coat,Generic,EXCELLENT,BORROW,RETURNED,900,2026-05-11,2026-10-11,Student Centre
I01215,U0640,Power Bank — MI #1215,Accessory,Power Bank,MI,EXCELLENT,SELL,INACTIVE,1550,2026-04-21,2026-07-25,Hostel Block A
I01216,U0312,HDMI Cable — UGREEN #1216,Cable,HDMI Cable,UGREEN,EXCELLENT,GIVEAWAY,RETURNED,500,2026-06-01,2026-10-08,Hostel Block B
I01217,U0677,Drawing Board — Camel #1217,Equipment,Drawing Board,Camel,GOOD,SELL,AVAILABLE,1600,2026-08-31,2027-01-14,Hostel Block C
I01218,U0867,Ethernet Cable — D-Link #1218,Cable,Ethernet Cable,D-Link,GOOD,BORROW,AVAILABLE,300,2026-07-23,2026-09-22,Hostel Block D
I01219,U0091,Extension Board — Philips #1219,Electronics,Extension Board,Philips,GOOD,BORROW,AVAILABLE,1100,2025-12-24,2026-01-31,Innovation Lab
I01220,U0944,Breadboard Kit — Generic #1220,Lab Equipment,Breadboard Kit,Generic,GOOD,BORROW,INACTIVE,800,2026-03-06,2026-08-11,ECE Lab
I01221,U0704,Presentation Clicker — Logitech #1221,Accessory,Presentation Clicker,Logitech,EXCELLENT,SWAP,RETURNED,1000,2026-05-10,2026-08-24,Mechanical Lab
I01222,U0347,Arduino Kit — Arduino #1222,Lab Equipment,Arduino Kit,Arduino,NEW,BORROW,RESERVED,2700,2026-03-11,2026-04-14,Architecture Studio
I01223,U0498,Safety Goggles — 3M #1223,Safety Equipment,Safety Goggles,3M,EXCELLENT,GIVEAWAY,AVAILABLE,200,2025-09-03,2025-12-03,CS Department
I01224,U0988,Webcam — Logitech #1224,Electronics,Webcam,Logitech,GOOD,BORROW,AVAILABLE,2200,2026-05-09,2026-07-27,Main Block
I01225,U0943,Graph Paper Pack — Classmate #1225,Stationery,Graph Paper Pack,Classmate,FAIR,GIVEAWAY,RESERVED,150,2026-04-18,2026-09-15,Central Library
I01226,U0147,Soldering Iron Kit — Weller #1226,Lab Equipment,Soldering Iron Kit,Weller,EXCELLENT,BORROW,BORROWED,950,2026-04-20,2026-10-17,Student Centre
I01227,U0050,Screwdriver Set — Bosch #1227,Equipment,Screwdriver Set,Bosch,EXCELLENT,SWAP,RETURNED,1250,2026-06-12,2026-11-27,Hostel Block A
I01228,U0229,Python Programming Book — O'Reilly #1228,Book,Python Programming Book,O'Reilly,GOOD,BORROW,AVAILABLE,1000,2026-05-17,2026-06-23,Hostel Block B
I01229,U0776,Vernier Caliper — Mitutoyo #1229,Lab Equipment,Vernier Caliper,Mitutoyo,GOOD,SWAP,AVAILABLE,2100,2026-01-11,2026-03-01,Hostel Block C
I01230,U0963,Calculator — CASIO #1230,Academic,Calculator,CASIO,GOOD,BORROW,AVAILABLE,1650,2025-10-25,2025-12-30,Hostel Block D
I01231,U0541,Bluetooth Keyboard — Logitech #1231,Accessory,Bluetooth Keyboard,Logitech,EXCELLENT,BORROW,AVAILABLE,850,2026-02-09,2026-07-01,Innovation Lab
I01232,U0461,External Hard Drive — WD #1232,Storage,External Hard Drive,WD,GOOD,SWAP,RETURNED,6200,2026-04-20,2026-08-23,ECE Lab
I01233,U0695,USB-C Charger — Anker #1233,Electronics,USB-C Charger,Anker,EXCELLENT,BORROW,RETURNED,600,2026-02-09,2026-03-28,Mechanical Lab
I01234,U0103,Engineering Drawing Kit — Staedtler #1234,Equipment,Engineering Drawing Kit,Staedtler,GOOD,BORROW,BORROWED,1200,2026-05-17,2026-11-11,Architecture Studio
I01235,U0582,Tripod — Digitek #1235,Equipment,Tripod,Digitek,NEW,SELL,AVAILABLE,2150,2025-09-05,2026-01-29,CS Department
I01236,U0755,Digital Multimeter — Meco #1236,Lab Equipment,Digital Multimeter,Meco,GOOD,SWAP,AVAILABLE,2200,2025-08-25,2025-10-25,Main Block
I01237,U0787,College Backpack — Wildcraft #1237,Bag,College Backpack,Wildcraft,GOOD,SELL,AVAILABLE,1450,2026-04-02,2026-09-22,Central Library
I01238,U0481,Headphones — JBL #1238,Electronics,Headphones,JBL,FAIR,SWAP,RETURNED,950,2026-01-09,2026-06-23,Student Centre
I01239,U0709,Mechanical Drawing Set — Rotring #1239,Stationery,Mechanical Drawing Set,Rotring,GOOD,BORROW,AVAILABLE,700,2026-05-21,2026-07-01,Hostel Block A
I01240,U0594,Desk Lamp — Philips #1240,Accessory,Desk Lamp,Philips,GOOD,GIVEAWAY,AVAILABLE,950,2025-10-28,2025-12-11,Hostel Block B
I01241,U0015,Textbook — Pearson #1241,Book,Textbook,Pearson,GOOD,SELL,AVAILABLE,500,2026-06-15,2026-07-15,Hostel Block C
I01242,U0476,USB Flash Drive — SanDisk #1242,Storage,USB Flash Drive,SanDisk,GOOD,BORROW,AVAILABLE,850,2025-10-22,2025-12-19,Hostel Block D
I01243,U0692,Scientific Calculator — Texas Instruments #1243,Academic,Scientific Calculator,Texas Instruments,FAIR,BORROW,BORROWED,1600,2025-12-13,2026-04-16,Innovation Lab
I01244,U0265,Lab Coat — Generic #1244,Clothing,Lab Coat,Generic,GOOD,SELL,RETURNED,350,2026-06-24,2026-10-30,ECE Lab
I01245,U0174,Power Bank — MI #1245,Accessory,Power Bank,MI,GOOD,BORROW,AVAILABLE,1850,2026-08-04,2026-09-18,Mechanical Lab
I01246,U0797,HDMI Cable — UGREEN #1246,Cable,HDMI Cable,UGREEN,GOOD,BORROW,AVAILABLE,600,2025-09-19,2025-12-18,Architecture Studio
I01247,U0215,Drawing Board — Camel #1247,Equipment,Drawing Board,Camel,EXCELLENT,BORROW,AVAILABLE,1150,2026-05-10,2026-10-31,CS Department
I01248,U0135,Ethernet Cable — D-Link #1248,Cable,Ethernet Cable,D-Link,EXCELLENT,BORROW,RESERVED,200,2025-10-28,2025-12-09,Main Block
I01249,U0483,Extension Board — Philips #1249,Electronics,Extension Board,Philips,GOOD,GIVEAWAY,AVAILABLE,500,2025-08-12,2025-09-22,Central Library
I01250,U0484,Breadboard Kit — Generic #1250,Lab Equipment,Breadboard Kit,Generic,GOOD,SWAP,BORROWED,400,2026-02-12,2026-05-12,Student Centre
I01251,U0540,Presentation Clicker — Logitech #1251,Accessory,Presentation Clicker,Logitech,EXCELLENT,GIVEAWAY,BORROWED,1050,2026-05-21,2026-08-14,Hostel Block A
I01252,U0304,Arduino Kit — Arduino #1252,Lab Equipment,Arduino Kit,Arduino,GOOD,BORROW,AVAILABLE,1200,2025-12-06,2026-05-31,Hostel Block B
I01253,U0814,Safety Goggles — 3M #1253,Safety Equipment,Safety Goggles,3M,FAIR,GIVEAWAY,AVAILABLE,200,2025-12-21,2026-04-29,Hostel Block C
I01254,U0758,Webcam — Logitech #1254,Electronics,Webcam,Logitech,GOOD,BORROW,BORROWED,1700,2026-06-01,2026-07-09,Hostel Block D
I01255,U0367,Graph Paper Pack — Classmate #1255,Stationery,Graph Paper Pack,Classmate,FAIR,BORROW,RETURNED,200,2026-07-07,2026-09-09,Innovation Lab
I01256,U0907,Soldering Iron Kit — Weller #1256,Lab Equipment,Soldering Iron Kit,Weller,FAIR,GIVEAWAY,AVAILABLE,1300,2025-08-25,2026-01-30,ECE Lab
I01257,U0446,Screwdriver Set — Bosch #1257,Equipment,Screwdriver Set,Bosch,FAIR,SELL,AVAILABLE,1450,2026-03-06,2026-07-07,Mechanical Lab
I01258,U0741,Python Programming Book — O'Reilly #1258,Book,Python Programming Book,O'Reilly,GOOD,BORROW,AVAILABLE,1350,2026-03-23,2026-08-31,Architecture Studio
I01259,U0518,Vernier Caliper — Mitutoyo #1259,Lab Equipment,Vernier Caliper,Mitutoyo,GOOD,GIVEAWAY,INACTIVE,5000,2025-10-19,2025-11-28,CS Department
I01260,U0589,Calculator — CASIO #1260,Academic,Calculator,CASIO,GOOD,SELL,RESERVED,1600,2026-06-20,2026-08-19,Main Block
I01261,U0134,Bluetooth Keyboard — Logitech #1261,Accessory,Bluetooth Keyboard,Logitech,GOOD,SWAP,AVAILABLE,3000,2026-06-20,2026-10-10,Central Library
I01262,U0251,External Hard Drive — WD #1262,Storage,External Hard Drive,WD,GOOD,SELL,RETURNED,3150,2026-05-15,2026-07-19,Student Centre
I01263,U0323,USB-C Charger — Anker #1263,Electronics,USB-C Charger,Anker,GOOD,SWAP,AVAILABLE,1050,2025-08-25,2025-12-08,Hostel Block A
I01264,U0790,Engineering Drawing Kit — Staedtler #1264,Equipment,Engineering Drawing Kit,Staedtler,EXCELLENT,BORROW,AVAILABLE,750,2026-05-11,2026-11-06,Hostel Block B
I01265,U0763,Tripod — Digitek #1265,Equipment,Tripod,Digitek,GOOD,BORROW,AVAILABLE,1300,2025-10-15,2025-12-18,Hostel Block C
I01266,U0041,Digital Multimeter — Meco #1266,Lab Equipment,Digital Multimeter,Meco,GOOD,BORROW,AVAILABLE,1650,2026-09-16,2026-11-08,Hostel Block D
I01267,U0473,College Backpack — Wildcraft #1267,Bag,College Backpack,Wildcraft,FAIR,BORROW,AVAILABLE,1100,2025-12-04,2026-05-31,Innovation Lab
I01268,U0366,Headphones — JBL #1268,Electronics,Headphones,JBL,GOOD,BORROW,AVAILABLE,750,2026-04-09,2026-09-08,ECE Lab
I01269,U0291,Mechanical Drawing Set — Rotring #1269,Stationery,Mechanical Drawing Set,Rotring,GOOD,SELL,RETURNED,1550,2025-11-30,2026-02-17,Mechanical Lab
I01270,U0256,Desk Lamp — Philips #1270,Accessory,Desk Lamp,Philips,EXCELLENT,SWAP,AVAILABLE,1600,2026-01-01,2026-05-20,Architecture Studio
I01271,U0083,Textbook — Pearson #1271,Book,Textbook,Pearson,EXCELLENT,SELL,AVAILABLE,650,2026-01-01,2026-05-25,CS Department
I01272,U0754,USB Flash Drive — SanDisk #1272,Storage,USB Flash Drive,SanDisk,EXCELLENT,GIVEAWAY,AVAILABLE,1150,2026-03-27,2026-05-11,Main Block
I01273,U0084,Scientific Calculator — Texas Instruments #1273,Academic,Scientific Calculator,Texas Instruments,FAIR,GIVEAWAY,RESERVED,950,2026-07-18,2026-12-19,Central Library
I01274,U0384,Lab Coat — Generic #1274,Clothing,Lab Coat,Generic,EXCELLENT,SWAP,RETURNED,650,2026-08-09,2026-10-03,Student Centre
I01275,U0141,Power Bank — MI #1275,Accessory,Power Bank,MI,FAIR,SELL,BORROWED,1850,2025-12-10,2026-01-30,Hostel Block A
I01276,U0605,HDMI Cable — UGREEN #1276,Cable,HDMI Cable,UGREEN,GOOD,SELL,AVAILABLE,600,2026-02-16,2026-03-18,Hostel Block B
I01277,U0773,Drawing Board — Camel #1277,Equipment,Drawing Board,Camel,GOOD,BORROW,AVAILABLE,1050,2026-09-11,2026-10-15,Hostel Block C
I01278,U0761,Ethernet Cable — D-Link #1278,Cable,Ethernet Cable,D-Link,GOOD,BORROW,RETURNED,550,2026-01-10,2026-05-12,Hostel Block D
I01279,U0499,Extension Board — Philips #1279,Electronics,Extension Board,Philips,GOOD,SWAP,AVAILABLE,1400,2025-12-13,2026-03-16,Innovation Lab
I01280,U0130,Breadboard Kit — Generic #1280,Lab Equipment,Breadboard Kit,Generic,GOOD,GIVEAWAY,AVAILABLE,250,2026-04-02,2026-08-03,ECE Lab
I01281,U0504,Presentation Clicker — Logitech #1281,Accessory,Presentation Clicker,Logitech,GOOD,GIVEAWAY,RESERVED,1900,2026-01-12,2026-03-16,Mechanical Lab
I01282,U0977,Arduino Kit — Arduino #1282,Lab Equipment,Arduino Kit,Arduino,GOOD,GIVEAWAY,AVAILABLE,2400,2026-02-16,2026-08-14,Architecture Studio
I01283,U0606,Safety Goggles — 3M #1283,Safety Equipment,Safety Goggles,3M,GOOD,BORROW,AVAILABLE,250,2026-07-21,2026-09-06,CS Department
I01284,U0467,Webcam — Logitech #1284,Electronics,Webcam,Logitech,FAIR,BORROW,AVAILABLE,1200,2026-01-21,2026-04-04,Main Block
I01285,U0422,Graph Paper Pack — Classmate #1285,Stationery,Graph Paper Pack,Classmate,GOOD,SELL,AVAILABLE,100,2026-04-29,2026-08-28,Central Library
I01286,U0941,Soldering Iron Kit — Weller #1286,Lab Equipment,Soldering Iron Kit,Weller,GOOD,SWAP,AVAILABLE,1650,2026-07-20,2026-09-30,Student Centre
I01287,U0274,Screwdriver Set — Bosch #1287,Equipment,Screwdriver Set,Bosch,EXCELLENT,BORROW,BORROWED,1050,2025-09-12,2026-01-04,Hostel Block A
I01288,U0667,Python Programming Book — O'Reilly #1288,Book,Python Programming Book,O'Reilly,GOOD,SELL,AVAILABLE,1000,2026-01-17,2026-05-19,Hostel Block B
I01289,U0450,Vernier Caliper — Mitutoyo #1289,Lab Equipment,Vernier Caliper,Mitutoyo,FAIR,GIVEAWAY,BORROWED,5800,2026-08-04,2026-12-30,Hostel Block C
I01290,U0402,Calculator — CASIO #1290,Academic,Calculator,CASIO,GOOD,SWAP,INACTIVE,1500,2025-09-07,2025-11-28,Hostel Block D
I01291,U0857,Bluetooth Keyboard — Logitech #1291,Accessory,Bluetooth Keyboard,Logitech,FAIR,SWAP,BORROWED,3450,2026-06-29,2026-10-26,Innovation Lab
I01292,U0872,External Hard Drive — WD #1292,Storage,External Hard Drive,WD,GOOD,SWAP,BORROWED,4650,2026-09-21,2027-02-08,ECE Lab
I01293,U0956,USB-C Charger — Anker #1293,Electronics,USB-C Charger,Anker,GOOD,SWAP,RETURNED,2250,2026-04-28,2026-07-18,Mechanical Lab
I01294,U0957,Engineering Drawing Kit — Staedtler #1294,Equipment,Engineering Drawing Kit,Staedtler,FAIR,BORROW,RESERVED,2350,2026-05-28,2026-11-21,Architecture Studio
I01295,U0777,Tripod — Digitek #1295,Equipment,Tripod,Digitek,GOOD,BORROW,AVAILABLE,1300,2026-09-05,2027-01-29,CS Department
I01296,U0113,Digital Multimeter — Meco #1296,Lab Equipment,Digital Multimeter,Meco,GOOD,SWAP,AVAILABLE,750,2025-12-09,2026-01-26,Main Block
I01297,U0870,College Backpack — Wildcraft #1297,Bag,College Backpack,Wildcraft,EXCELLENT,BORROW,AVAILABLE,2200,2026-05-17,2026-09-16,Central Library
I01298,U0757,Headphones — JBL #1298,Electronics,Headphones,JBL,EXCELLENT,BORROW,AVAILABLE,1450,2026-09-08,2027-02-07,Student Centre
I01299,U0565,Mechanical Drawing Set — Rotring #1299,Stationery,Mechanical Drawing Set,Rotring,GOOD,BORROW,AVAILABLE,1500,2026-06-08,2026-11-19,Hostel Block A
I01300,U0949,Desk Lamp — Philips #1300,Accessory,Desk Lamp,Philips,GOOD,SELL,AVAILABLE,1250,2026-09-14,2027-01-29,Hostel Block B
I01301,U0102,Textbook — Pearson #1301,Book,Textbook,Pearson,GOOD,BORROW,RETURNED,900,2026-08-17,2026-11-03,Hostel Block C
I01302,U0454,USB Flash Drive — SanDisk #1302,Storage,USB Flash Drive,SanDisk,GOOD,SELL,AVAILABLE,1100,2026-03-28,2026-06-09,Hostel Block D
I01303,U0041,Scientific Calculator — Texas Instruments #1303,Academic,Scientific Calculator,Texas Instruments,GOOD,BORROW,AVAILABLE,1500,2026-05-06,2026-07-01,Innovation Lab
I01304,U0800,Lab Coat — Generic #1304,Clothing,Lab Coat,Generic,GOOD,BORROW,INACTIVE,300,2025-11-25,2026-01-15,ECE Lab
I01305,U0922,Power Bank — MI #1305,Accessory,Power Bank,MI,EXCELLENT,BORROW,AVAILABLE,1050,2026-07-15,2026-09-13,Mechanical Lab
I01306,U0186,HDMI Cable — UGREEN #1306,Cable,HDMI Cable,UGREEN,EXCELLENT,BORROW,AVAILABLE,800,2026-07-07,2027-01-01,Architecture Studio
I01307,U0729,Drawing Board — Camel #1307,Equipment,Drawing Board,Camel,GOOD,BORROW,RETURNED,1300,2025-12-09,2026-05-18,CS Department
I01308,U0112,Ethernet Cable — D-Link #1308,Cable,Ethernet Cable,D-Link,EXCELLENT,SWAP,RETURNED,600,2026-03-31,2026-06-13,Main Block
I01309,U0467,Extension Board — Philips #1309,Electronics,Extension Board,Philips,GOOD,GIVEAWAY,RESERVED,400,2026-04-02,2026-05-06,Central Library
I01310,U0880,Breadboard Kit — Generic #1310,Lab Equipment,Breadboard Kit,Generic,FAIR,BORROW,AVAILABLE,200,2026-01-23,2026-03-24,Student Centre
I01311,U0862,Presentation Clicker — Logitech #1311,Accessory,Presentation Clicker,Logitech,GOOD,SWAP,AVAILABLE,1300,2025-08-26,2025-10-09,Hostel Block A
I01312,U0407,Arduino Kit — Arduino #1312,Lab Equipment,Arduino Kit,Arduino,GOOD,SWAP,AVAILABLE,1600,2025-10-12,2026-01-16,Hostel Block B
I01313,U0636,Safety Goggles — 3M #1313,Safety Equipment,Safety Goggles,3M,NEW,BORROW,AVAILABLE,300,2026-06-14,2026-07-18,Hostel Block C
I01314,U0866,Webcam — Logitech #1314,Electronics,Webcam,Logitech,GOOD,BORROW,RESERVED,2500,2026-01-04,2026-03-23,Hostel Block D
I01315,U0456,Graph Paper Pack — Classmate #1315,Stationery,Graph Paper Pack,Classmate,FAIR,GIVEAWAY,AVAILABLE,150,2025-12-17,2026-05-30,Innovation Lab
I01316,U0096,Soldering Iron Kit — Weller #1316,Lab Equipment,Soldering Iron Kit,Weller,EXCELLENT,BORROW,AVAILABLE,1450,2025-10-25,2026-04-18,ECE Lab
I01317,U0003,Screwdriver Set — Bosch #1317,Equipment,Screwdriver Set,Bosch,GOOD,BORROW,AVAILABLE,1550,2026-04-12,2026-06-27,Mechanical Lab
I01318,U0422,Python Programming Book — O'Reilly #1318,Book,Python Programming Book,O'Reilly,GOOD,GIVEAWAY,INACTIVE,1450,2025-12-06,2026-06-04,Architecture Studio
I01319,U0247,Vernier Caliper — Mitutoyo #1319,Lab Equipment,Vernier Caliper,Mitutoyo,FAIR,BORROW,RETURNED,1800,2025-08-22,2025-10-30,CS Department
I01320,U0781,Calculator — CASIO #1320,Academic,Calculator,CASIO,GOOD,BORROW,INACTIVE,1700,2025-09-20,2025-11-18,Main Block
I01321,U0833,Bluetooth Keyboard — Logitech #1321,Accessory,Bluetooth Keyboard,Logitech,GOOD,GIVEAWAY,AVAILABLE,2400,2026-04-22,2026-09-06,Central Library
I01322,U0925,External Hard Drive — WD #1322,Storage,External Hard Drive,WD,GOOD,BORROW,RETURNED,4700,2025-09-14,2025-10-19,Student Centre
I01323,U0543,USB-C Charger — Anker #1323,Electronics,USB-C Charger,Anker,GOOD,GIVEAWAY,BORROWED,1950,2025-11-01,2026-02-14,Hostel Block A
I01324,U0906,Engineering Drawing Kit — Staedtler #1324,Equipment,Engineering Drawing Kit,Staedtler,EXCELLENT,GIVEAWAY,RETURNED,1250,2026-08-25,2026-11-26,Hostel Block B
I01325,U0359,Tripod — Digitek #1325,Equipment,Tripod,Digitek,GOOD,BORROW,RETURNED,1500,2026-03-10,2026-08-26,Hostel Block C
I01326,U0407,Digital Multimeter — Meco #1326,Lab Equipment,Digital Multimeter,Meco,GOOD,BORROW,BORROWED,750,2026-02-16,2026-03-19,Hostel Block D
I01327,U0076,College Backpack — Wildcraft #1327,Bag,College Backpack,Wildcraft,GOOD,SELL,RETURNED,2200,2026-03-07,2026-05-04,Innovation Lab
I01328,U0920,Headphones — JBL #1328,Electronics,Headphones,JBL,EXCELLENT,GIVEAWAY,INACTIVE,850,2026-03-23,2026-05-05,ECE Lab
I01329,U0070,Mechanical Drawing Set — Rotring #1329,Stationery,Mechanical Drawing Set,Rotring,GOOD,SWAP,RETURNED,700,2026-02-12,2026-07-03,Mechanical Lab
I01330,U0513,Desk Lamp — Philips #1330,Accessory,Desk Lamp,Philips,EXCELLENT,BORROW,AVAILABLE,1800,2025-10-06,2026-02-25,Architecture Studio
I01331,U0553,Textbook — Pearson #1331,Book,Textbook,Pearson,EXCELLENT,BORROW,AVAILABLE,550,2026-04-06,2026-07-09,CS Department
I01332,U0969,USB Flash Drive — SanDisk #1332,Storage,USB Flash Drive,SanDisk,EXCELLENT,BORROW,AVAILABLE,950,2025-10-16,2025-11-16,Main Block
I01333,U0142,Scientific Calculator — Texas Instruments #1333,Academic,Scientific Calculator,Texas Instruments,EXCELLENT,BORROW,RETURNED,1050,2026-05-14,2026-06-13,Central Library
I01334,U0984,Lab Coat — Generic #1334,Clothing,Lab Coat,Generic,GOOD,SWAP,BORROWED,700,2025-10-06,2026-03-02,Student Centre
I01335,U0909,Power Bank — MI #1335,Accessory,Power Bank,MI,EXCELLENT,BORROW,AVAILABLE,2150,2026-08-18,2027-02-08,Hostel Block A
I01336,U0753,HDMI Cable — UGREEN #1336,Cable,HDMI Cable,UGREEN,EXCELLENT,SELL,AVAILABLE,700,2025-08-29,2025-10-05,Hostel Block B
I01337,U0032,Drawing Board — Camel #1337,Equipment,Drawing Board,Camel,GOOD,GIVEAWAY,INACTIVE,1500,2025-08-13,2026-01-06,Hostel Block C
I01338,U0714,Ethernet Cable — D-Link #1338,Cable,Ethernet Cable,D-Link,EXCELLENT,BORROW,AVAILABLE,250,2026-01-01,2026-02-03,Hostel Block D
I01339,U0326,Extension Board — Philips #1339,Electronics,Extension Board,Philips,EXCELLENT,BORROW,RETURNED,1500,2025-10-20,2026-03-01,Innovation Lab
I01340,U0465,Breadboard Kit — Generic #1340,Lab Equipment,Breadboard Kit,Generic,NEW,BORROW,AVAILABLE,200,2025-11-18,2026-03-23,ECE Lab
I01341,U0978,Presentation Clicker — Logitech #1341,Accessory,Presentation Clicker,Logitech,GOOD,BORROW,AVAILABLE,1600,2025-09-13,2025-11-24,Mechanical Lab
I01342,U0588,Arduino Kit — Arduino #1342,Lab Equipment,Arduino Kit,Arduino,FAIR,GIVEAWAY,RETURNED,3500,2026-08-25,2026-10-28,Architecture Studio
I01343,U0830,Safety Goggles — 3M #1343,Safety Equipment,Safety Goggles,3M,GOOD,BORROW,AVAILABLE,550,2025-10-26,2026-04-12,CS Department
I01344,U0017,Webcam — Logitech #1344,Electronics,Webcam,Logitech,GOOD,SELL,AVAILABLE,3400,2025-08-13,2026-02-04,Main Block
I01345,U0546,Graph Paper Pack — Classmate #1345,Stationery,Graph Paper Pack,Classmate,EXCELLENT,SELL,AVAILABLE,100,2025-12-20,2026-04-29,Central Library
I01346,U0213,Soldering Iron Kit — Weller #1346,Lab Equipment,Soldering Iron Kit,Weller,GOOD,SWAP,RESERVED,3100,2026-07-22,2026-08-22,Student Centre
I01347,U0438,Screwdriver Set — Bosch #1347,Equipment,Screwdriver Set,Bosch,GOOD,BORROW,AVAILABLE,1300,2026-08-13,2026-10-04,Hostel Block A
I01348,U0461,Python Programming Book — O'Reilly #1348,Book,Python Programming Book,O'Reilly,GOOD,BORROW,RETURNED,1600,2025-11-02,2026-04-19,Hostel Block B
I01349,U0038,Vernier Caliper — Mitutoyo #1349,Lab Equipment,Vernier Caliper,Mitutoyo,GOOD,SWAP,AVAILABLE,3900,2026-03-29,2026-05-29,Hostel Block C
I01350,U0594,Calculator — CASIO #1350,Academic,Calculator,CASIO,EXCELLENT,SWAP,AVAILABLE,1000,2026-07-14,2026-12-16,Hostel Block D
I01351,U0246,Bluetooth Keyboard — Logitech #1351,Accessory,Bluetooth Keyboard,Logitech,GOOD,SWAP,BORROWED,3200,2026-01-27,2026-07-12,Innovation Lab
I01352,U0883,External Hard Drive — WD #1352,Storage,External Hard Drive,WD,GOOD,BORROW,RETURNED,3650,2026-03-16,2026-05-24,ECE Lab
I01353,U0137,USB-C Charger — Anker #1353,Electronics,USB-C Charger,Anker,EXCELLENT,GIVEAWAY,BORROWED,900,2026-07-01,2026-09-22,Mechanical Lab
I01354,U0594,Engineering Drawing Kit — Staedtler #1354,Equipment,Engineering Drawing Kit,Staedtler,EXCELLENT,SELL,AVAILABLE,1500,2026-01-31,2026-07-19,Architecture Studio
I01355,U0349,Tripod — Digitek #1355,Equipment,Tripod,Digitek,GOOD,SELL,BORROWED,1750,2025-09-27,2026-02-19,CS Department
I01356,U0429,Digital Multimeter — Meco #1356,Lab Equipment,Digital Multimeter,Meco,EXCELLENT,GIVEAWAY,AVAILABLE,1550,2025-09-14,2026-02-10,Main Block
I01357,U0756,College Backpack — Wildcraft #1357,Bag,College Backpack,Wildcraft,GOOD,SWAP,AVAILABLE,900,2025-10-27,2026-03-25,Central Library
I01358,U0013,Headphones — JBL #1358,Electronics,Headphones,JBL,GOOD,BORROW,AVAILABLE,850,2026-06-17,2026-09-12,Student Centre
I01359,U0411,Mechanical Drawing Set — Rotring #1359,Stationery,Mechanical Drawing Set,Rotring,GOOD,SWAP,AVAILABLE,1850,2026-08-11,2026-10-01,Hostel Block A
I01360,U0873,Desk Lamp — Philips #1360,Accessory,Desk Lamp,Philips,FAIR,SWAP,RESERVED,1050,2025-09-22,2025-11-13,Hostel Block B
I01361,U0968,Textbook — Pearson #1361,Book,Textbook,Pearson,GOOD,SWAP,AVAILABLE,950,2026-07-02,2026-08-26,Hostel Block C
I01362,U0598,USB Flash Drive — SanDisk #1362,Storage,USB Flash Drive,SanDisk,GOOD,GIVEAWAY,AVAILABLE,800,2026-07-23,2026-11-30,Hostel Block D
I01363,U0097,Scientific Calculator — Texas Instruments #1363,Academic,Scientific Calculator,Texas Instruments,GOOD,GIVEAWAY,RESERVED,550,2026-04-23,2026-10-08,Innovation Lab
I01364,U0316,Lab Coat — Generic #1364,Clothing,Lab Coat,Generic,EXCELLENT,BORROW,AVAILABLE,450,2026-08-21,2026-09-20,ECE Lab
I01365,U0778,Power Bank — MI #1365,Accessory,Power Bank,MI,EXCELLENT,BORROW,AVAILABLE,1750,2026-05-23,2026-09-13,Mechanical Lab
I01366,U0336,HDMI Cable — UGREEN #1366,Cable,HDMI Cable,UGREEN,EXCELLENT,SELL,RESERVED,450,2026-06-27,2026-11-11,Architecture Studio
I01367,U0786,Drawing Board — Camel #1367,Equipment,Drawing Board,Camel,GOOD,SWAP,AVAILABLE,1200,2026-06-26,2026-12-14,CS Department
I01368,U0172,Ethernet Cable — D-Link #1368,Cable,Ethernet Cable,D-Link,GOOD,BORROW,AVAILABLE,600,2026-01-31,2026-06-09,Main Block
I01369,U0800,Extension Board — Philips #1369,Electronics,Extension Board,Philips,EXCELLENT,BORROW,AVAILABLE,650,2025-12-08,2026-03-10,Central Library
I01370,U0692,Breadboard Kit — Generic #1370,Lab Equipment,Breadboard Kit,Generic,FAIR,SELL,BORROWED,650,2026-06-26,2026-08-09,Student Centre
I01371,U0571,Presentation Clicker — Logitech #1371,Accessory,Presentation Clicker,Logitech,FAIR,GIVEAWAY,AVAILABLE,1300,2026-04-08,2026-07-18,Hostel Block A
I01372,U0137,Arduino Kit — Arduino #1372,Lab Equipment,Arduino Kit,Arduino,GOOD,GIVEAWAY,AVAILABLE,1050,2026-03-11,2026-09-06,Hostel Block B
I01373,U0083,Safety Goggles — 3M #1373,Safety Equipment,Safety Goggles,3M,GOOD,SWAP,AVAILABLE,500,2026-09-14,2027-02-13,Hostel Block C
I01374,U0375,Webcam — Logitech #1374,Electronics,Webcam,Logitech,GOOD,BORROW,RETURNED,1400,2025-11-18,2026-01-19,Hostel Block D
I01375,U0737,Graph Paper Pack — Classmate #1375,Stationery,Graph Paper Pack,Classmate,FAIR,GIVEAWAY,AVAILABLE,150,2026-01-14,2026-03-29,Innovation Lab
I01376,U0577,Soldering Iron Kit — Weller #1376,Lab Equipment,Soldering Iron Kit,Weller,FAIR,BORROW,AVAILABLE,2550,2026-06-09,2026-09-19,ECE Lab
I01377,U0025,Screwdriver Set — Bosch #1377,Equipment,Screwdriver Set,Bosch,EXCELLENT,GIVEAWAY,AVAILABLE,1350,2025-12-19,2026-03-31,Mechanical Lab
I01378,U0942,Python Programming Book — O'Reilly #1378,Book,Python Programming Book,O'Reilly,GOOD,BORROW,AVAILABLE,1500,2026-08-28,2026-12-21,Architecture Studio
I01379,U0251,Vernier Caliper — Mitutoyo #1379,Lab Equipment,Vernier Caliper,Mitutoyo,GOOD,BORROW,AVAILABLE,4100,2026-02-16,2026-05-24,CS Department
I01380,U0617,Calculator — CASIO #1380,Academic,Calculator,CASIO,GOOD,BORROW,RETURNED,1600,2026-05-15,2026-09-16,Main Block
I01381,U0844,Bluetooth Keyboard — Logitech #1381,Accessory,Bluetooth Keyboard,Logitech,GOOD,SWAP,RETURNED,1450,2025-08-04,2026-01-05,Central Library
I01382,U0492,External Hard Drive — WD #1382,Storage,External Hard Drive,WD,GOOD,BORROW,AVAILABLE,6400,2025-11-15,2026-03-11,Student Centre
I01383,U0468,USB-C Charger — Anker #1383,Electronics,USB-C Charger,Anker,GOOD,BORROW,RETURNED,1350,2025-11-18,2026-01-27,Hostel Block A
I01384,U0231,Engineering Drawing Kit — Staedtler #1384,Equipment,Engineering Drawing Kit,Staedtler,GOOD,SWAP,RETURNED,2100,2025-08-07,2025-12-16,Hostel Block B
I01385,U0350,Tripod — Digitek #1385,Equipment,Tripod,Digitek,GOOD,BORROW,AVAILABLE,650,2026-08-15,2026-11-24,Hostel Block C
I01386,U0859,Digital Multimeter — Meco #1386,Lab Equipment,Digital Multimeter,Meco,FAIR,BORROW,AVAILABLE,1200,2026-02-10,2026-06-01,Hostel Block D
I01387,U0444,College Backpack — Wildcraft #1387,Bag,College Backpack,Wildcraft,EXCELLENT,BORROW,INACTIVE,2900,2025-09-12,2026-02-16,Innovation Lab
I01388,U0866,Headphones — JBL #1388,Electronics,Headphones,JBL,GOOD,SWAP,AVAILABLE,1200,2026-01-17,2026-03-20,ECE Lab
I01389,U0048,Mechanical Drawing Set — Rotring #1389,Stationery,Mechanical Drawing Set,Rotring,EXCELLENT,BORROW,AVAILABLE,1000,2026-08-30,2026-11-10,Mechanical Lab
I01390,U0966,Desk Lamp — Philips #1390,Accessory,Desk Lamp,Philips,GOOD,SWAP,RETURNED,1500,2025-08-15,2025-11-12,Architecture Studio
I01391,U0166,Textbook — Pearson #1391,Book,Textbook,Pearson,GOOD,BORROW,AVAILABLE,1050,2025-11-21,2026-01-03,CS Department
I01392,U0462,USB Flash Drive — SanDisk #1392,Storage,USB Flash Drive,SanDisk,EXCELLENT,BORROW,AVAILABLE,750,2025-08-24,2025-09-27,Main Block
I01393,U0595,Scientific Calculator — Texas Instruments #1393,Academic,Scientific Calculator,Texas Instruments,FAIR,SWAP,AVAILABLE,550,2026-05-22,2026-09-30,Central Library
I01394,U0716,Lab Coat — Generic #1394,Clothing,Lab Coat,Generic,GOOD,BORROW,AVAILABLE,800,2025-10-29,2025-12-26,Student Centre
I01395,U0562,Power Bank — MI #1395,Accessory,Power Bank,MI,FAIR,SWAP,AVAILABLE,750,2026-06-09,2026-10-24,Hostel Block A
I01396,U0762,HDMI Cable — UGREEN #1396,Cable,HDMI Cable,UGREEN,GOOD,SWAP,AVAILABLE,450,2025-09-25,2026-02-04,Hostel Block B
I01397,U0339,Drawing Board — Camel #1397,Equipment,Drawing Board,Camel,EXCELLENT,BORROW,AVAILABLE,1450,2025-12-24,2026-05-06,Hostel Block C
I01398,U0451,Ethernet Cable — D-Link #1398,Cable,Ethernet Cable,D-Link,GOOD,GIVEAWAY,AVAILABLE,150,2026-04-30,2026-10-24,Hostel Block D
I01399,U0878,Extension Board — Philips #1399,Electronics,Extension Board,Philips,EXCELLENT,BORROW,AVAILABLE,1100,2026-02-22,2026-07-21,Innovation Lab
I01400,U0145,Breadboard Kit — Generic #1400,Lab Equipment,Breadboard Kit,Generic,GOOD,SELL,RETURNED,550,2025-10-20,2026-03-25,ECE Lab
I01401,U0724,Presentation Clicker — Logitech #1401,Accessory,Presentation Clicker,Logitech,EXCELLENT,GIVEAWAY,AVAILABLE,1950,2026-09-15,2026-11-17,Mechanical Lab
I01402,U0701,Arduino Kit — Arduino #1402,Lab Equipment,Arduino Kit,Arduino,GOOD,SELL,AVAILABLE,3400,2026-04-15,2026-10-06,Architecture Studio
I01403,U0880,Safety Goggles — 3M #1403,Safety Equipment,Safety Goggles,3M,FAIR,GIVEAWAY,BORROWED,650,2026-02-23,2026-05-27,CS Department
I01404,U0706,Webcam — Logitech #1404,Electronics,Webcam,Logitech,EXCELLENT,BORROW,BORROWED,3050,2026-01-01,2026-03-23,Main Block
I01405,U0482,Graph Paper Pack — Classmate #1405,Stationery,Graph Paper Pack,Classmate,GOOD,BORROW,AVAILABLE,150,2026-03-24,2026-09-02,Central Library
I01406,U0611,Soldering Iron Kit — Weller #1406,Lab Equipment,Soldering Iron Kit,Weller,FAIR,BORROW,AVAILABLE,2800,2025-11-30,2026-03-08,Student Centre
I01407,U0715,Screwdriver Set — Bosch #1407,Equipment,Screwdriver Set,Bosch,FAIR,BORROW,BORROWED,1100,2026-03-31,2026-05-13,Hostel Block A
I01408,U0124,Python Programming Book — O'Reilly #1408,Book,Python Programming Book,O'Reilly,GOOD,BORROW,RETURNED,1100,2026-07-02,2026-10-12,Hostel Block B
I01409,U0250,Vernier Caliper — Mitutoyo #1409,Lab Equipment,Vernier Caliper,Mitutoyo,GOOD,BORROW,RESERVED,5200,2025-09-24,2026-02-02,Hostel Block C
I01410,U0245,Calculator — CASIO #1410,Academic,Calculator,CASIO,GOOD,BORROW,AVAILABLE,1050,2026-04-20,2026-07-30,Hostel Block D
I01411,U0726,Bluetooth Keyboard — Logitech #1411,Accessory,Bluetooth Keyboard,Logitech,GOOD,SWAP,BORROWED,1400,2025-08-14,2025-09-18,Innovation Lab
I01412,U0250,External Hard Drive — WD #1412,Storage,External Hard Drive,WD,GOOD,BORROW,AVAILABLE,6250,2026-02-03,2026-06-06,ECE Lab
I01413,U0216,USB-C Charger — Anker #1413,Electronics,USB-C Charger,Anker,GOOD,SWAP,AVAILABLE,700,2026-09-14,2027-02-25,Mechanical Lab
I01414,U0818,Engineering Drawing Kit — Staedtler #1414,Equipment,Engineering Drawing Kit,Staedtler,GOOD,GIVEAWAY,AVAILABLE,650,2026-09-24,2026-12-05,Architecture Studio
I01415,U0641,Tripod — Digitek #1415,Equipment,Tripod,Digitek,GOOD,SELL,AVAILABLE,500,2026-01-07,2026-03-12,CS Department
I01416,U0046,Digital Multimeter — Meco #1416,Lab Equipment,Digital Multimeter,Meco,GOOD,BORROW,AVAILABLE,1600,2025-12-29,2026-04-09,Main Block
I01417,U0827,College Backpack — Wildcraft #1417,Bag,College Backpack,Wildcraft,EXCELLENT,SELL,AVAILABLE,1100,2026-05-09,2026-09-07,Central Library
I01418,U0493,Headphones — JBL #1418,Electronics,Headphones,JBL,EXCELLENT,SWAP,AVAILABLE,1300,2025-10-08,2025-11-11,Student Centre
I01419,U0794,Mechanical Drawing Set — Rotring #1419,Stationery,Mechanical Drawing Set,Rotring,GOOD,SWAP,AVAILABLE,1050,2025-10-06,2026-02-12,Hostel Block A
I01420,U0603,Desk Lamp — Philips #1420,Accessory,Desk Lamp,Philips,GOOD,GIVEAWAY,AVAILABLE,1350,2026-09-14,2026-12-20,Hostel Block B
I01421,U0113,Textbook — Pearson #1421,Book,Textbook,Pearson,FAIR,SELL,AVAILABLE,750,2026-06-01,2026-07-05,Hostel Block C
I01422,U0684,USB Flash Drive — SanDisk #1422,Storage,USB Flash Drive,SanDisk,GOOD,BORROW,AVAILABLE,700,2025-11-21,2026-04-22,Hostel Block D
I01423,U0890,Scientific Calculator — Texas Instruments #1423,Academic,Scientific Calculator,Texas Instruments,GOOD,BORROW,AVAILABLE,1450,2026-04-03,2026-08-12,Innovation Lab
I01424,U0131,Lab Coat — Generic #1424,Clothing,Lab Coat,Generic,EXCELLENT,GIVEAWAY,AVAILABLE,1000,2026-02-06,2026-04-02,ECE Lab
I01425,U0660,Power Bank — MI #1425,Accessory,Power Bank,MI,EXCELLENT,GIVEAWAY,BORROWED,600,2026-03-23,2026-07-27,Mechanical Lab
I01426,U0215,HDMI Cable — UGREEN #1426,Cable,HDMI Cable,UGREEN,GOOD,GIVEAWAY,AVAILABLE,800,2025-12-06,2026-04-08,Architecture Studio
I01427,U0211,Drawing Board — Camel #1427,Equipment,Drawing Board,Camel,FAIR,BORROW,AVAILABLE,950,2025-09-18,2025-10-28,CS Department
I01428,U0067,Ethernet Cable — D-Link #1428,Cable,Ethernet Cable,D-Link,GOOD,SWAP,AVAILABLE,350,2026-01-03,2026-05-29,Main Block
I01429,U0628,Extension Board — Philips #1429,Electronics,Extension Board,Philips,GOOD,SELL,RETURNED,400,2026-09-15,2026-11-02,Central Library
I01430,U0990,Breadboard Kit — Generic #1430,Lab Equipment,Breadboard Kit,Generic,EXCELLENT,BORROW,BORROWED,300,2026-03-10,2026-06-21,Student Centre
I01431,U0158,Presentation Clicker — Logitech #1431,Accessory,Presentation Clicker,Logitech,FAIR,SWAP,BORROWED,1550,2025-08-06,2025-12-03,Hostel Block A
I01432,U0353,Arduino Kit — Arduino #1432,Lab Equipment,Arduino Kit,Arduino,EXCELLENT,BORROW,AVAILABLE,2050,2026-02-16,2026-03-26,Hostel Block B
I01433,U0989,Safety Goggles — 3M #1433,Safety Equipment,Safety Goggles,3M,GOOD,SELL,AVAILABLE,550,2026-08-27,2027-01-27,Hostel Block C
I01434,U0541,Webcam — Logitech #1434,Electronics,Webcam,Logitech,GOOD,GIVEAWAY,RESERVED,1050,2025-11-16,2026-04-01,Hostel Block D
I01435,U0453,Graph Paper Pack — Classmate #1435,Stationery,Graph Paper Pack,Classmate,EXCELLENT,SWAP,AVAILABLE,100,2025-09-01,2025-10-31,Innovation Lab
I01436,U0727,Soldering Iron Kit — Weller #1436,Lab Equipment,Soldering Iron Kit,Weller,EXCELLENT,GIVEAWAY,AVAILABLE,2200,2026-07-25,2026-10-27,ECE Lab
I01437,U0363,Screwdriver Set — Bosch #1437,Equipment,Screwdriver Set,Bosch,GOOD,BORROW,AVAILABLE,1100,2025-12-01,2026-05-29,Mechanical Lab
I01438,U0536,Python Programming Book — O'Reilly #1438,Book,Python Programming Book,O'Reilly,GOOD,BORROW,INACTIVE,1700,2025-10-24,2026-02-10,Architecture Studio
I01439,U0220,Vernier Caliper — Mitutoyo #1439,Lab Equipment,Vernier Caliper,Mitutoyo,GOOD,GIVEAWAY,AVAILABLE,5900,2026-03-27,2026-06-03,CS Department
I01440,U0550,Calculator — CASIO #1440,Academic,Calculator,CASIO,GOOD,BORROW,BORROWED,750,2025-09-14,2025-11-08,Main Block
I01441,U0546,Bluetooth Keyboard — Logitech #1441,Accessory,Bluetooth Keyboard,Logitech,EXCELLENT,GIVEAWAY,RETURNED,1800,2025-11-30,2026-04-18,Central Library
I01442,U0003,External Hard Drive — WD #1442,Storage,External Hard Drive,WD,GOOD,BORROW,AVAILABLE,6300,2025-10-18,2026-02-06,Student Centre
I01443,U0924,USB-C Charger — Anker #1443,Electronics,USB-C Charger,Anker,GOOD,BORROW,AVAILABLE,900,2026-08-28,2027-02-14,Hostel Block A
I01444,U0903,Engineering Drawing Kit — Staedtler #1444,Equipment,Engineering Drawing Kit,Staedtler,FAIR,SWAP,AVAILABLE,700,2026-05-26,2026-11-22,Hostel Block B
I01445,U0112,Tripod — Digitek #1445,Equipment,Tripod,Digitek,FAIR,SWAP,AVAILABLE,1650,2025-11-05,2026-02-01,Hostel Block C
I01446,U0210,Digital Multimeter — Meco #1446,Lab Equipment,Digital Multimeter,Meco,GOOD,GIVEAWAY,RETURNED,2000,2026-01-14,2026-05-19,Hostel Block D
I01447,U0332,College Backpack — Wildcraft #1447,Bag,College Backpack,Wildcraft,GOOD,BORROW,AVAILABLE,1300,2026-03-30,2026-06-05,Innovation Lab
I01448,U0183,Headphones — JBL #1448,Electronics,Headphones,JBL,GOOD,SWAP,AVAILABLE,2000,2026-07-19,2026-10-05,ECE Lab
I01449,U0457,Mechanical Drawing Set — Rotring #1449,Stationery,Mechanical Drawing Set,Rotring,GOOD,BORROW,AVAILABLE,1800,2026-03-22,2026-05-19,Mechanical Lab
I01450,U0492,Desk Lamp — Philips #1450,Accessory,Desk Lamp,Philips,GOOD,BORROW,RESERVED,1100,2025-12-10,2026-03-26,Architecture Studio
I01451,U0001,Textbook — Pearson #1451,Book,Textbook,Pearson,GOOD,BORROW,AVAILABLE,350,2026-01-25,2026-04-26,CS Department
I01452,U0229,USB Flash Drive — SanDisk #1452,Storage,USB Flash Drive,SanDisk,FAIR,BORROW,BORROWED,350,2025-09-26,2025-11-30,Main Block
I01453,U0835,Scientific Calculator — Texas Instruments #1453,Academic,Scientific Calculator,Texas Instruments,GOOD,SELL,AVAILABLE,500,2025-08-30,2025-09-30,Central Library
I01454,U0936,Lab Coat — Generic #1454,Clothing,Lab Coat,Generic,FAIR,GIVEAWAY,RETURNED,1050,2025-10-18,2026-02-08,Student Centre
I01455,U0857,Power Bank — MI #1455,Accessory,Power Bank,MI,GOOD,SWAP,RESERVED,1500,2025-11-27,2026-01-27,Hostel Block A
I01456,U0868,HDMI Cable — UGREEN #1456,Cable,HDMI Cable,UGREEN,GOOD,SELL,AVAILABLE,200,2025-12-30,2026-06-08,Hostel Block B
I01457,U0382,Drawing Board — Camel #1457,Equipment,Drawing Board,Camel,GOOD,SELL,AVAILABLE,1300,2025-11-27,2026-04-28,Hostel Block C
I01458,U0195,Ethernet Cable — D-Link #1458,Cable,Ethernet Cable,D-Link,GOOD,BORROW,AVAILABLE,600,2026-08-15,2027-01-22,Hostel Block D
I01459,U0642,Extension Board — Philips #1459,Electronics,Extension Board,Philips,GOOD,BORROW,RETURNED,650,2025-11-19,2026-03-15,Innovation Lab
I01460,U0738,Breadboard Kit — Generic #1460,Lab Equipment,Breadboard Kit,Generic,EXCELLENT,SWAP,AVAILABLE,450,2026-07-31,2026-09-23,ECE Lab
I01461,U0455,Presentation Clicker — Logitech #1461,Accessory,Presentation Clicker,Logitech,EXCELLENT,GIVEAWAY,BORROWED,1550,2026-02-10,2026-06-16,Mechanical Lab
I01462,U0455,Arduino Kit — Arduino #1462,Lab Equipment,Arduino Kit,Arduino,GOOD,GIVEAWAY,AVAILABLE,3350,2026-03-16,2026-05-08,Architecture Studio
I01463,U0608,Safety Goggles — 3M #1463,Safety Equipment,Safety Goggles,3M,FAIR,GIVEAWAY,AVAILABLE,200,2026-09-01,2026-12-26,CS Department
I01464,U0736,Webcam — Logitech #1464,Electronics,Webcam,Logitech,GOOD,BORROW,AVAILABLE,3450,2026-01-13,2026-03-13,Main Block
I01465,U0732,Graph Paper Pack — Classmate #1465,Stationery,Graph Paper Pack,Classmate,EXCELLENT,SWAP,AVAILABLE,150,2026-08-05,2026-09-09,Central Library
I01466,U0037,Soldering Iron Kit — Weller #1466,Lab Equipment,Soldering Iron Kit,Weller,GOOD,BORROW,AVAILABLE,3400,2025-12-16,2026-04-17,Student Centre
I01467,U0438,Screwdriver Set — Bosch #1467,Equipment,Screwdriver Set,Bosch,FAIR,BORROW,INACTIVE,1700,2026-08-31,2026-11-17,Hostel Block A
I01468,U0264,Python Programming Book — O'Reilly #1468,Book,Python Programming Book,O'Reilly,FAIR,GIVEAWAY,AVAILABLE,1100,2025-12-07,2026-02-19,Hostel Block B
I01469,U0453,Vernier Caliper — Mitutoyo #1469,Lab Equipment,Vernier Caliper,Mitutoyo,EXCELLENT,BORROW,BORROWED,2100,2026-05-02,2026-07-18,Hostel Block C
I01470,U0106,Calculator — CASIO #1470,Academic,Calculator,CASIO,GOOD,SELL,INACTIVE,1200,2025-10-19,2026-03-26,Hostel Block D
I01471,U0824,Bluetooth Keyboard — Logitech #1471,Accessory,Bluetooth Keyboard,Logitech,EXCELLENT,GIVEAWAY,BORROWED,3200,2026-09-18,2027-03-03,Innovation Lab
I01472,U0141,External Hard Drive — WD #1472,Storage,External Hard Drive,WD,GOOD,BORROW,AVAILABLE,3150,2026-02-02,2026-05-25,ECE Lab
I01473,U0956,USB-C Charger — Anker #1473,Electronics,USB-C Charger,Anker,GOOD,SELL,BORROWED,1500,2026-05-31,2026-11-14,Mechanical Lab
I01474,U0179,Engineering Drawing Kit — Staedtler #1474,Equipment,Engineering Drawing Kit,Staedtler,EXCELLENT,BORROW,AVAILABLE,1900,2025-09-05,2026-03-01,Architecture Studio
I01475,U0493,Tripod — Digitek #1475,Equipment,Tripod,Digitek,EXCELLENT,SWAP,BORROWED,1450,2026-07-28,2026-12-02,CS Department
I01476,U0174,Digital Multimeter — Meco #1476,Lab Equipment,Digital Multimeter,Meco,GOOD,GIVEAWAY,BORROWED,2100,2026-04-28,2026-09-21,Main Block
I01477,U0417,College Backpack — Wildcraft #1477,Bag,College Backpack,Wildcraft,FAIR,BORROW,AVAILABLE,1550,2025-09-20,2025-11-21,Central Library
I01478,U0912,Headphones — JBL #1478,Electronics,Headphones,JBL,FAIR,BORROW,BORROWED,1400,2026-04-14,2026-09-20,Student Centre
I01479,U0694,Mechanical Drawing Set — Rotring #1479,Stationery,Mechanical Drawing Set,Rotring,EXCELLENT,SWAP,AVAILABLE,1600,2026-04-20,2026-08-08,Hostel Block A
I01480,U0091,Desk Lamp — Philips #1480,Accessory,Desk Lamp,Philips,GOOD,GIVEAWAY,INACTIVE,1350,2026-04-12,2026-09-02,Hostel Block B
I01481,U0642,Textbook — Pearson #1481,Book,Textbook,Pearson,EXCELLENT,BORROW,RETURNED,1050,2026-09-25,2027-01-07,Hostel Block C
I01482,U0088,USB Flash Drive — SanDisk #1482,Storage,USB Flash Drive,SanDisk,EXCELLENT,BORROW,RETURNED,250,2025-08-28,2025-12-01,Hostel Block D
I01483,U0020,Scientific Calculator — Texas Instruments #1483,Academic,Scientific Calculator,Texas Instruments,GOOD,GIVEAWAY,AVAILABLE,900,2025-10-02,2025-12-18,Innovation Lab
I01484,U0168,Lab Coat — Generic #1484,Clothing,Lab Coat,Generic,GOOD,GIVEAWAY,AVAILABLE,650,2025-12-15,2026-01-14,ECE Lab
I01485,U0154,Power Bank — MI #1485,Accessory,Power Bank,MI,GOOD,SWAP,RESERVED,1600,2026-03-03,2026-08-03,Mechanical Lab
I01486,U0497,HDMI Cable — UGREEN #1486,Cable,HDMI Cable,UGREEN,GOOD,SWAP,RETURNED,750,2025-10-07,2026-02-04,Architecture Studio
I01487,U0172,Drawing Board — Camel #1487,Equipment,Drawing Board,Camel,EXCELLENT,BORROW,BORROWED,1550,2025-10-17,2026-01-09,CS Department
I01488,U0033,Ethernet Cable — D-Link #1488,Cable,Ethernet Cable,D-Link,EXCELLENT,GIVEAWAY,INACTIVE,300,2025-10-23,2026-04-16,Main Block
I01489,U0989,Extension Board — Philips #1489,Electronics,Extension Board,Philips,EXCELLENT,BORROW,AVAILABLE,1550,2026-06-27,2026-09-12,Central Library
I01490,U0349,Breadboard Kit — Generic #1490,Lab Equipment,Breadboard Kit,Generic,NEW,SWAP,AVAILABLE,350,2026-07-27,2026-09-04,Student Centre
I01491,U0473,Presentation Clicker — Logitech #1491,Accessory,Presentation Clicker,Logitech,EXCELLENT,BORROW,INACTIVE,1600,2026-05-17,2026-07-13,Hostel Block A
I01492,U0178,Arduino Kit — Arduino #1492,Lab Equipment,Arduino Kit,Arduino,NEW,SELL,AVAILABLE,1000,2026-01-07,2026-02-17,Hostel Block B
I01493,U0086,Safety Goggles — 3M #1493,Safety Equipment,Safety Goggles,3M,GOOD,BORROW,AVAILABLE,550,2025-09-01,2025-10-13,Hostel Block C
I01494,U0857,Webcam — Logitech #1494,Electronics,Webcam,Logitech,GOOD,BORROW,RESERVED,1950,2025-12-13,2026-02-19,Hostel Block D
I01495,U0939,Graph Paper Pack — Classmate #1495,Stationery,Graph Paper Pack,Classmate,EXCELLENT,GIVEAWAY,AVAILABLE,100,2026-01-04,2026-05-02,Innovation Lab
I01496,U0581,Soldering Iron Kit — Weller #1496,Lab Equipment,Soldering Iron Kit,Weller,GOOD,GIVEAWAY,AVAILABLE,1150,2025-08-07,2026-01-01,ECE Lab
I01497,U0226,Screwdriver Set — Bosch #1497,Equipment,Screwdriver Set,Bosch,GOOD,SWAP,RETURNED,1700,2026-05-15,2026-10-15,Mechanical Lab
I01498,U0925,Python Programming Book — O'Reilly #1498,Book,Python Programming Book,O'Reilly,EXCELLENT,SELL,AVAILABLE,850,2026-09-13,2027-01-24,Architecture Studio
I01499,U0989,Vernier Caliper — Mitutoyo #1499,Lab Equipment,Vernier Caliper,Mitutoyo,GOOD,GIVEAWAY,AVAILABLE,2450,2025-08-27,2025-09-28,CS Department
I01500,U0669,Calculator — CASIO #1500,Academic,Calculator,CASIO,GOOD,SWAP,AVAILABLE,1400,2026-09-13,2026-11-07,Main Block
I01501,U0848,Bluetooth Keyboard — Logitech #1501,Accessory,Bluetooth Keyboard,Logitech,GOOD,BORROW,BORROWED,1500,2025-12-12,2026-03-03,Central Library
I01502,U0870,External Hard Drive — WD #1502,Storage,External Hard Drive,WD,GOOD,BORROW,RESERVED,6150,2026-05-26,2026-11-11,Student Centre
I01503,U0855,USB-C Charger — Anker #1503,Electronics,USB-C Charger,Anker,GOOD,GIVEAWAY,AVAILABLE,1700,2025-08-23,2025-12-19,Hostel Block A
I01504,U0465,Engineering Drawing Kit — Staedtler #1504,Equipment,Engineering Drawing Kit,Staedtler,GOOD,SELL,AVAILABLE,1850,2026-09-16,2026-12-07,Hostel Block B
I01505,U0540,Tripod — Digitek #1505,Equipment,Tripod,Digitek,GOOD,SWAP,AVAILABLE,1250,2026-07-22,2026-10-03,Hostel Block C
I01506,U0914,Digital Multimeter — Meco #1506,Lab Equipment,Digital Multimeter,Meco,NEW,BORROW,AVAILABLE,1950,2026-01-07,2026-02-16,Hostel Block D
I01507,U0731,College Backpack — Wildcraft #1507,Bag,College Backpack,Wildcraft,FAIR,SWAP,AVAILABLE,2400,2026-01-06,2026-05-30,Innovation Lab
I01508,U1000,Headphones — JBL #1508,Electronics,Headphones,JBL,FAIR,BORROW,INACTIVE,1100,2026-03-03,2026-07-25,ECE Lab
I01509,U0462,Mechanical Drawing Set — Rotring #1509,Stationery,Mechanical Drawing Set,Rotring,GOOD,BORROW,INACTIVE,1650,2025-12-01,2026-05-07,Mechanical Lab
I01510,U0134,Desk Lamp — Philips #1510,Accessory,Desk Lamp,Philips,GOOD,SELL,RESERVED,1650,2026-01-24,2026-02-24,Architecture Studio
I01511,U0874,Textbook — Pearson #1511,Book,Textbook,Pearson,GOOD,GIVEAWAY,RESERVED,500,2026-04-13,2026-07-21,CS Department
I01512,U0312,USB Flash Drive — SanDisk #1512,Storage,USB Flash Drive,SanDisk,GOOD,SELL,AVAILABLE,1050,2026-02-15,2026-04-03,Main Block
I01513,U0058,Scientific Calculator — Texas Instruments #1513,Academic,Scientific Calculator,Texas Instruments,GOOD,BORROW,AVAILABLE,2450,2026-01-06,2026-06-08,Central Library
I01514,U0620,Lab Coat — Generic #1514,Clothing,Lab Coat,Generic,GOOD,BORROW,AVAILABLE,500,2026-07-31,2026-11-01,Student Centre
I01515,U0389,Power Bank — MI #1515,Accessory,Power Bank,MI,EXCELLENT,BORROW,AVAILABLE,1100,2025-11-15,2026-04-06,Hostel Block A
I01516,U0254,HDMI Cable — UGREEN #1516,Cable,HDMI Cable,UGREEN,GOOD,BORROW,BORROWED,300,2026-03-25,2026-09-05,Hostel Block B
I01517,U0159,Drawing Board — Camel #1517,Equipment,Drawing Board,Camel,EXCELLENT,GIVEAWAY,RETURNED,800,2026-01-27,2026-06-24,Hostel Block C
I01518,U0887,Ethernet Cable — D-Link #1518,Cable,Ethernet Cable,D-Link,GOOD,BORROW,INACTIVE,250,2026-04-07,2026-09-30,Hostel Block D
I01519,U0380,Extension Board — Philips #1519,Electronics,Extension Board,Philips,FAIR,BORROW,AVAILABLE,950,2025-08-03,2025-11-26,Innovation Lab
I01520,U0434,Breadboard Kit — Generic #1520,Lab Equipment,Breadboard Kit,Generic,GOOD,BORROW,AVAILABLE,700,2026-04-08,2026-08-29,ECE Lab
I01521,U0161,Presentation Clicker — Logitech #1521,Accessory,Presentation Clicker,Logitech,GOOD,BORROW,BORROWED,1800,2025-12-19,2026-03-17,Mechanical Lab
I01522,U0761,Arduino Kit — Arduino #1522,Lab Equipment,Arduino Kit,Arduino,EXCELLENT,BORROW,AVAILABLE,2850,2026-08-24,2026-12-21,Architecture Studio
I01523,U0428,Safety Goggles — 3M #1523,Safety Equipment,Safety Goggles,3M,EXCELLENT,BORROW,AVAILABLE,650,2025-11-10,2026-01-31,CS Department
I01524,U0609,Webcam — Logitech #1524,Electronics,Webcam,Logitech,GOOD,BORROW,AVAILABLE,1550,2026-09-18,2026-11-26,Main Block
I01525,U0658,Graph Paper Pack — Classmate #1525,Stationery,Graph Paper Pack,Classmate,GOOD,GIVEAWAY,INACTIVE,150,2026-05-03,2026-06-18,Central Library
I01526,U0639,Soldering Iron Kit — Weller #1526,Lab Equipment,Soldering Iron Kit,Weller,GOOD,SWAP,AVAILABLE,3350,2026-07-24,2026-09-20,Student Centre
I01527,U0885,Screwdriver Set — Bosch #1527,Equipment,Screwdriver Set,Bosch,GOOD,BORROW,AVAILABLE,900,2025-08-03,2025-11-11,Hostel Block A
I01528,U0492,Python Programming Book — O'Reilly #1528,Book,Python Programming Book,O'Reilly,GOOD,BORROW,RETURNED,1700,2026-03-14,2026-06-10,Hostel Block B
I01529,U0392,Vernier Caliper — Mitutoyo #1529,Lab Equipment,Vernier Caliper,Mitutoyo,GOOD,GIVEAWAY,RETURNED,2000,2026-03-13,2026-05-09,Hostel Block C
I01530,U0892,Calculator — CASIO #1530,Academic,Calculator,CASIO,FAIR,BORROW,AVAILABLE,350,2026-04-17,2026-08-15,Hostel Block D
I01531,U0037,Bluetooth Keyboard — Logitech #1531,Accessory,Bluetooth Keyboard,Logitech,GOOD,BORROW,RETURNED,2300,2026-06-29,2026-08-22,Innovation Lab
I01532,U0767,External Hard Drive — WD #1532,Storage,External Hard Drive,WD,GOOD,BORROW,BORROWED,6400,2026-07-21,2026-09-18,ECE Lab
I01533,U0062,USB-C Charger — Anker #1533,Electronics,USB-C Charger,Anker,EXCELLENT,GIVEAWAY,AVAILABLE,1850,2025-12-06,2026-05-03,Mechanical Lab
I01534,U0169,Engineering Drawing Kit — Staedtler #1534,Equipment,Engineering Drawing Kit,Staedtler,GOOD,BORROW,AVAILABLE,1650,2025-12-27,2026-06-05,Architecture Studio
I01535,U0872,Tripod — Digitek #1535,Equipment,Tripod,Digitek,NEW,GIVEAWAY,RETURNED,2400,2026-01-05,2026-04-24,CS Department
I01536,U0378,Digital Multimeter — Meco #1536,Lab Equipment,Digital Multimeter,Meco,EXCELLENT,BORROW,BORROWED,850,2025-12-27,2026-02-14,Main Block
I01537,U0306,College Backpack — Wildcraft #1537,Bag,College Backpack,Wildcraft,GOOD,BORROW,RESERVED,2950,2026-06-03,2026-08-25,Central Library
I01538,U0655,Headphones — JBL #1538,Electronics,Headphones,JBL,GOOD,GIVEAWAY,AVAILABLE,1400,2026-02-19,2026-07-25,Student Centre
I01539,U0770,Mechanical Drawing Set — Rotring #1539,Stationery,Mechanical Drawing Set,Rotring,GOOD,BORROW,AVAILABLE,1150,2026-05-27,2026-08-13,Hostel Block A
I01540,U0840,Desk Lamp — Philips #1540,Accessory,Desk Lamp,Philips,EXCELLENT,GIVEAWAY,AVAILABLE,1050,2026-04-05,2026-09-13,Hostel Block B
I01541,U0444,Textbook — Pearson #1541,Book,Textbook,Pearson,FAIR,SWAP,RESERVED,1200,2025-12-15,2026-01-25,Hostel Block C
I01542,U0011,USB Flash Drive — SanDisk #1542,Storage,USB Flash Drive,SanDisk,FAIR,SELL,AVAILABLE,600,2026-09-07,2026-11-03,Hostel Block D
I01543,U0090,Scientific Calculator — Texas Instruments #1543,Academic,Scientific Calculator,Texas Instruments,GOOD,SWAP,AVAILABLE,2350,2026-09-24,2027-03-08,Innovation Lab
I01544,U0290,Lab Coat — Generic #1544,Clothing,Lab Coat,Generic,EXCELLENT,BORROW,AVAILABLE,800,2025-11-04,2026-04-26,ECE Lab
I01545,U0875,Power Bank — MI #1545,Accessory,Power Bank,MI,GOOD,BORROW,INACTIVE,900,2026-09-23,2026-12-17,Mechanical Lab
I01546,U0454,HDMI Cable — UGREEN #1546,Cable,HDMI Cable,UGREEN,NEW,BORROW,AVAILABLE,250,2026-09-20,2026-10-23,Architecture Studio
I01547,U0122,Drawing Board — Camel #1547,Equipment,Drawing Board,Camel,EXCELLENT,GIVEAWAY,AVAILABLE,1750,2026-08-13,2026-10-03,CS Department
I01548,U0175,Ethernet Cable — D-Link #1548,Cable,Ethernet Cable,D-Link,GOOD,GIVEAWAY,AVAILABLE,350,2026-06-16,2026-07-16,Main Block
I01549,U0722,Extension Board — Philips #1549,Electronics,Extension Board,Philips,EXCELLENT,BORROW,AVAILABLE,950,2025-12-07,2026-05-18,Central Library
I01550,U0797,Breadboard Kit — Generic #1550,Lab Equipment,Breadboard Kit,Generic,GOOD,SELL,RETURNED,300,2026-05-05,2026-08-05,Student Centre
I01551,U0562,Presentation Clicker — Logitech #1551,Accessory,Presentation Clicker,Logitech,GOOD,GIVEAWAY,AVAILABLE,1150,2026-05-28,2026-10-08,Hostel Block A
I01552,U0522,Arduino Kit — Arduino #1552,Lab Equipment,Arduino Kit,Arduino,GOOD,BORROW,AVAILABLE,2050,2025-08-08,2025-11-09,Hostel Block B
I01553,U0480,Safety Goggles — 3M #1553,Safety Equipment,Safety Goggles,3M,EXCELLENT,GIVEAWAY,RESERVED,600,2026-03-25,2026-05-16,Hostel Block C
I01554,U0573,Webcam — Logitech #1554,Electronics,Webcam,Logitech,GOOD,GIVEAWAY,AVAILABLE,1900,2026-04-25,2026-10-04,Hostel Block D
I01555,U0021,Graph Paper Pack — Classmate #1555,Stationery,Graph Paper Pack,Classmate,EXCELLENT,BORROW,AVAILABLE,200,2026-09-05,2027-02-06,Innovation Lab
I01556,U0468,Soldering Iron Kit — Weller #1556,Lab Equipment,Soldering Iron Kit,Weller,GOOD,GIVEAWAY,AVAILABLE,3100,2025-09-08,2026-01-30,ECE Lab
I01557,U0052,Screwdriver Set — Bosch #1557,Equipment,Screwdriver Set,Bosch,EXCELLENT,GIVEAWAY,RETURNED,1250,2026-01-27,2026-07-22,Mechanical Lab
I01558,U0187,Python Programming Book — O'Reilly #1558,Book,Python Programming Book,O'Reilly,NEW,SWAP,AVAILABLE,1300,2026-04-26,2026-10-04,Architecture Studio
I01559,U0085,Vernier Caliper — Mitutoyo #1559,Lab Equipment,Vernier Caliper,Mitutoyo,EXCELLENT,GIVEAWAY,AVAILABLE,3800,2026-06-22,2026-08-14,CS Department
I01560,U0779,Calculator — CASIO #1560,Academic,Calculator,CASIO,GOOD,GIVEAWAY,RETURNED,1650,2026-02-02,2026-05-18,Main Block
I01561,U0465,Bluetooth Keyboard — Logitech #1561,Accessory,Bluetooth Keyboard,Logitech,EXCELLENT,BORROW,AVAILABLE,1450,2025-09-18,2025-12-10,Central Library
I01562,U0466,External Hard Drive — WD #1562,Storage,External Hard Drive,WD,GOOD,GIVEAWAY,AVAILABLE,2700,2026-02-28,2026-08-25,Student Centre
I01563,U0243,USB-C Charger — Anker #1563,Electronics,USB-C Charger,Anker,GOOD,SELL,AVAILABLE,500,2026-02-23,2026-03-30,Hostel Block A
I01564,U0263,Engineering Drawing Kit — Staedtler #1564,Equipment,Engineering Drawing Kit,Staedtler,GOOD,SELL,RESERVED,950,2025-09-19,2025-11-11,Hostel Block B
I01565,U0068,Tripod — Digitek #1565,Equipment,Tripod,Digitek,GOOD,SWAP,AVAILABLE,2100,2025-11-29,2026-03-03,Hostel Block C
I01566,U0490,Digital Multimeter — Meco #1566,Lab Equipment,Digital Multimeter,Meco,EXCELLENT,SELL,AVAILABLE,1550,2026-08-25,2026-09-26,Hostel Block D
I01567,U0482,College Backpack — Wildcraft #1567,Bag,College Backpack,Wildcraft,GOOD,BORROW,AVAILABLE,1650,2026-01-16,2026-04-02,Innovation Lab
I01568,U0678,Headphones — JBL #1568,Electronics,Headphones,JBL,GOOD,BORROW,AVAILABLE,3450,2026-04-25,2026-09-10,ECE Lab
I01569,U0179,Mechanical Drawing Set — Rotring #1569,Stationery,Mechanical Drawing Set,Rotring,GOOD,SWAP,AVAILABLE,1300,2026-05-09,2026-09-27,Mechanical Lab
I01570,U0633,Desk Lamp — Philips #1570,Accessory,Desk Lamp,Philips,GOOD,BORROW,AVAILABLE,950,2025-10-25,2026-03-05,Architecture Studio
I01571,U0050,Textbook — Pearson #1571,Book,Textbook,Pearson,NEW,BORROW,AVAILABLE,500,2026-07-23,2026-09-05,CS Department
I01572,U0388,USB Flash Drive — SanDisk #1572,Storage,USB Flash Drive,SanDisk,FAIR,BORROW,RETURNED,1150,2026-09-07,2026-11-25,Main Block
I01573,U0791,Scientific Calculator — Texas Instruments #1573,Academic,Scientific Calculator,Texas Instruments,FAIR,SWAP,AVAILABLE,1150,2025-09-18,2025-12-27,Central Library
I01574,U0923,Lab Coat — Generic #1574,Clothing,Lab Coat,Generic,GOOD,SWAP,AVAILABLE,1000,2026-04-17,2026-08-11,Student Centre
I01575,U0548,Power Bank — MI #1575,Accessory,Power Bank,MI,EXCELLENT,GIVEAWAY,AVAILABLE,1450,2025-12-15,2026-01-17,Hostel Block A
I01576,U0304,HDMI Cable — UGREEN #1576,Cable,HDMI Cable,UGREEN,GOOD,SWAP,INACTIVE,250,2025-09-08,2025-11-23,Hostel Block B
I01577,U0979,Drawing Board — Camel #1577,Equipment,Drawing Board,Camel,EXCELLENT,BORROW,RETURNED,650,2026-01-31,2026-03-10,Hostel Block C
I01578,U0827,Ethernet Cable — D-Link #1578,Cable,Ethernet Cable,D-Link,GOOD,BORROW,AVAILABLE,300,2025-08-14,2025-11-01,Hostel Block D
I01579,U0680,Extension Board — Philips #1579,Electronics,Extension Board,Philips,GOOD,GIVEAWAY,AVAILABLE,1200,2026-06-25,2026-10-28,Innovation Lab
I01580,U0347,Breadboard Kit — Generic #1580,Lab Equipment,Breadboard Kit,Generic,GOOD,BORROW,AVAILABLE,750,2026-03-13,2026-07-11,ECE Lab
I01581,U0359,Presentation Clicker — Logitech #1581,Accessory,Presentation Clicker,Logitech,GOOD,BORROW,AVAILABLE,1200,2025-10-17,2025-11-19,Mechanical Lab
I01582,U0928,Arduino Kit — Arduino #1582,Lab Equipment,Arduino Kit,Arduino,EXCELLENT,GIVEAWAY,AVAILABLE,3350,2026-05-09,2026-10-06,Architecture Studio
I01583,U0606,Safety Goggles — 3M #1583,Safety Equipment,Safety Goggles,3M,NEW,BORROW,AVAILABLE,350,2026-03-23,2026-06-03,CS Department
I01584,U0069,Webcam — Logitech #1584,Electronics,Webcam,Logitech,EXCELLENT,BORROW,INACTIVE,2900,2026-05-15,2026-07-06,Main Block
I01585,U0031,Graph Paper Pack — Classmate #1585,Stationery,Graph Paper Pack,Classmate,GOOD,BORROW,AVAILABLE,150,2025-10-30,2026-01-07,Central Library
I01586,U0495,Soldering Iron Kit — Weller #1586,Lab Equipment,Soldering Iron Kit,Weller,GOOD,SELL,AVAILABLE,2300,2025-09-08,2026-02-08,Student Centre
I01587,U0817,Screwdriver Set — Bosch #1587,Equipment,Screwdriver Set,Bosch,GOOD,SELL,AVAILABLE,1400,2025-08-06,2025-11-14,Hostel Block A
I01588,U0457,Python Programming Book — O'Reilly #1588,Book,Python Programming Book,O'Reilly,EXCELLENT,BORROW,INACTIVE,550,2026-03-27,2026-09-16,Hostel Block B
I01589,U0405,Vernier Caliper — Mitutoyo #1589,Lab Equipment,Vernier Caliper,Mitutoyo,GOOD,BORROW,AVAILABLE,3350,2025-12-16,2026-06-09,Hostel Block C
I01590,U0146,Calculator — CASIO #1590,Academic,Calculator,CASIO,EXCELLENT,SWAP,AVAILABLE,1050,2026-07-28,2026-09-04,Hostel Block D
I01591,U0619,Bluetooth Keyboard — Logitech #1591,Accessory,Bluetooth Keyboard,Logitech,GOOD,GIVEAWAY,AVAILABLE,3000,2025-12-28,2026-03-21,Innovation Lab
I01592,U0814,External Hard Drive — WD #1592,Storage,External Hard Drive,WD,GOOD,SELL,RETURNED,5150,2026-07-01,2026-10-25,ECE Lab
I01593,U0645,USB-C Charger — Anker #1593,Electronics,USB-C Charger,Anker,GOOD,BORROW,AVAILABLE,1850,2025-12-28,2026-06-21,Mechanical Lab
I01594,U0263,Engineering Drawing Kit — Staedtler #1594,Equipment,Engineering Drawing Kit,Staedtler,GOOD,GIVEAWAY,AVAILABLE,1250,2026-04-01,2026-07-11,Architecture Studio
I01595,U0444,Tripod — Digitek #1595,Equipment,Tripod,Digitek,GOOD,BORROW,AVAILABLE,650,2026-05-28,2026-07-07,CS Department
I01596,U0628,Digital Multimeter — Meco #1596,Lab Equipment,Digital Multimeter,Meco,GOOD,SELL,AVAILABLE,500,2026-01-27,2026-02-26,Main Block
I01597,U0107,College Backpack — Wildcraft #1597,Bag,College Backpack,Wildcraft,GOOD,BORROW,RESERVED,1000,2026-05-21,2026-10-16,Central Library
I01598,U0769,Headphones — JBL #1598,Electronics,Headphones,JBL,FAIR,GIVEAWAY,BORROWED,2200,2025-11-08,2026-04-21,Student Centre
I01599,U0418,Mechanical Drawing Set — Rotring #1599,Stationery,Mechanical Drawing Set,Rotring,GOOD,BORROW,AVAILABLE,1900,2025-12-03,2026-04-21,Hostel Block A
I01600,U0351,Desk Lamp — Philips #1600,Accessory,Desk Lamp,Philips,GOOD,SWAP,AVAILABLE,750,2025-11-03,2025-12-31,Hostel Block B
I01601,U0649,Textbook — Pearson #1601,Book,Textbook,Pearson,FAIR,SWAP,AVAILABLE,1100,2026-01-22,2026-05-23,Hostel Block C
I01602,U0050,USB Flash Drive — SanDisk #1602,Storage,USB Flash Drive,SanDisk,GOOD,BORROW,BORROWED,600,2026-03-24,2026-06-09,Hostel Block D
I01603,U0588,Scientific Calculator — Texas Instruments #1603,Academic,Scientific Calculator,Texas Instruments,GOOD,SWAP,RETURNED,950,2025-12-05,2026-05-10,Innovation Lab
I01604,U0165,Lab Coat — Generic #1604,Clothing,Lab Coat,Generic,GOOD,GIVEAWAY,RETURNED,600,2026-02-21,2026-06-03,ECE Lab
I01605,U0251,Power Bank — MI #1605,Accessory,Power Bank,MI,GOOD,BORROW,AVAILABLE,1950,2026-02-05,2026-07-15,Mechanical Lab
I01606,U0856,HDMI Cable — UGREEN #1606,Cable,HDMI Cable,UGREEN,GOOD,BORROW,INACTIVE,150,2025-12-23,2026-01-28,Architecture Studio
I01607,U0950,Drawing Board — Camel #1607,Equipment,Drawing Board,Camel,EXCELLENT,SWAP,AVAILABLE,500,2026-08-10,2027-01-05,CS Department
I01608,U0463,Ethernet Cable — D-Link #1608,Cable,Ethernet Cable,D-Link,GOOD,BORROW,RESERVED,250,2025-08-20,2025-10-01,Main Block
I01609,U0404,Extension Board — Philips #1609,Electronics,Extension Board,Philips,GOOD,BORROW,AVAILABLE,800,2025-12-04,2026-04-03,Central Library
I01610,U0357,Breadboard Kit — Generic #1610,Lab Equipment,Breadboard Kit,Generic,FAIR,GIVEAWAY,RESERVED,250,2026-07-24,2026-10-10,Student Centre
I01611,U0098,Presentation Clicker — Logitech #1611,Accessory,Presentation Clicker,Logitech,EXCELLENT,BORROW,AVAILABLE,1350,2026-01-18,2026-02-26,Hostel Block A
I01612,U0811,Arduino Kit — Arduino #1612,Lab Equipment,Arduino Kit,Arduino,FAIR,GIVEAWAY,AVAILABLE,2100,2026-06-06,2026-10-05,Hostel Block B
I01613,U0197,Safety Goggles — 3M #1613,Safety Equipment,Safety Goggles,3M,EXCELLENT,BORROW,BORROWED,550,2025-09-02,2026-01-11,Hostel Block C
I01614,U0038,Webcam — Logitech #1614,Electronics,Webcam,Logitech,GOOD,BORROW,AVAILABLE,4150,2025-10-26,2026-02-17,Hostel Block D
I01615,U0873,Graph Paper Pack — Classmate #1615,Stationery,Graph Paper Pack,Classmate,GOOD,BORROW,AVAILABLE,100,2025-10-23,2026-02-14,Innovation Lab
I01616,U0048,Soldering Iron Kit — Weller #1616,Lab Equipment,Soldering Iron Kit,Weller,GOOD,GIVEAWAY,AVAILABLE,1400,2026-05-13,2026-09-25,ECE Lab
I01617,U0605,Screwdriver Set — Bosch #1617,Equipment,Screwdriver Set,Bosch,EXCELLENT,GIVEAWAY,AVAILABLE,1100,2025-12-08,2026-06-01,Mechanical Lab
I01618,U0266,Python Programming Book — O'Reilly #1618,Book,Python Programming Book,O'Reilly,GOOD,BORROW,RETURNED,600,2026-04-12,2026-05-26,Architecture Studio
I01619,U0045,Vernier Caliper — Mitutoyo #1619,Lab Equipment,Vernier Caliper,Mitutoyo,GOOD,BORROW,BORROWED,2500,2026-02-16,2026-05-17,CS Department
I01620,U0905,Calculator — CASIO #1620,Academic,Calculator,CASIO,EXCELLENT,BORROW,BORROWED,1100,2025-12-09,2026-05-02,Main Block
I01621,U0444,Bluetooth Keyboard — Logitech #1621,Accessory,Bluetooth Keyboard,Logitech,GOOD,BORROW,AVAILABLE,1050,2025-10-19,2026-02-01,Central Library
I01622,U0325,External Hard Drive — WD #1622,Storage,External Hard Drive,WD,EXCELLENT,BORROW,AVAILABLE,4750,2026-01-19,2026-07-09,Student Centre
I01623,U0101,USB-C Charger — Anker #1623,Electronics,USB-C Charger,Anker,FAIR,SELL,RETURNED,1200,2026-05-01,2026-08-23,Hostel Block A
I01624,U0601,Engineering Drawing Kit — Staedtler #1624,Equipment,Engineering Drawing Kit,Staedtler,GOOD,SELL,AVAILABLE,950,2025-11-21,2026-02-16,Hostel Block B
I01625,U0543,Tripod — Digitek #1625,Equipment,Tripod,Digitek,GOOD,SWAP,AVAILABLE,1400,2026-04-26,2026-07-09,Hostel Block C
I01626,U0179,Digital Multimeter — Meco #1626,Lab Equipment,Digital Multimeter,Meco,GOOD,BORROW,AVAILABLE,1800,2025-10-13,2026-02-20,Hostel Block D
I01627,U0947,College Backpack — Wildcraft #1627,Bag,College Backpack,Wildcraft,FAIR,BORROW,AVAILABLE,1800,2026-02-17,2026-05-26,Innovation Lab
I01628,U0126,Headphones — JBL #1628,Electronics,Headphones,JBL,GOOD,BORROW,AVAILABLE,3300,2025-09-15,2025-10-23,ECE Lab
I01629,U0396,Mechanical Drawing Set — Rotring #1629,Stationery,Mechanical Drawing Set,Rotring,GOOD,SWAP,AVAILABLE,1700,2025-11-04,2026-04-13,Mechanical Lab
I01630,U0943,Desk Lamp — Philips #1630,Accessory,Desk Lamp,Philips,FAIR,GIVEAWAY,AVAILABLE,1550,2026-02-06,2026-03-18,Architecture Studio
I01631,U0965,Textbook — Pearson #1631,Book,Textbook,Pearson,GOOD,SELL,AVAILABLE,500,2026-09-22,2027-02-20,CS Department
I01632,U0136,USB Flash Drive — SanDisk #1632,Storage,USB Flash Drive,SanDisk,FAIR,SWAP,AVAILABLE,400,2026-02-12,2026-03-23,Main Block
I01633,U0114,Scientific Calculator — Texas Instruments #1633,Academic,Scientific Calculator,Texas Instruments,GOOD,BORROW,BORROWED,2200,2026-09-17,2027-01-23,Central Library
I01634,U0046,Lab Coat — Generic #1634,Clothing,Lab Coat,Generic,FAIR,BORROW,RETURNED,350,2026-02-19,2026-07-11,Student Centre
I01635,U0622,Power Bank — MI #1635,Accessory,Power Bank,MI,GOOD,BORROW,AVAILABLE,1300,2026-07-31,2027-01-18,Hostel Block A
I01636,U0904,HDMI Cable — UGREEN #1636,Cable,HDMI Cable,UGREEN,GOOD,SELL,AVAILABLE,650,2026-05-14,2026-10-06,Hostel Block B
I01637,U0632,Drawing Board — Camel #1637,Equipment,Drawing Board,Camel,FAIR,SWAP,AVAILABLE,800,2025-08-08,2025-12-30,Hostel Block C
I01638,U0420,Ethernet Cable — D-Link #1638,Cable,Ethernet Cable,D-Link,GOOD,BORROW,RETURNED,400,2025-09-12,2025-12-06,Hostel Block D
I01639,U0378,Extension Board — Philips #1639,Electronics,Extension Board,Philips,EXCELLENT,GIVEAWAY,RETURNED,750,2026-07-12,2026-12-02,Innovation Lab
I01640,U0928,Breadboard Kit — Generic #1640,Lab Equipment,Breadboard Kit,Generic,EXCELLENT,GIVEAWAY,AVAILABLE,550,2025-08-21,2026-01-14,ECE Lab
I01641,U0999,Presentation Clicker — Logitech #1641,Accessory,Presentation Clicker,Logitech,FAIR,SWAP,RESERVED,750,2025-12-20,2026-04-12,Mechanical Lab
I01642,U0422,Arduino Kit — Arduino #1642,Lab Equipment,Arduino Kit,Arduino,EXCELLENT,SELL,AVAILABLE,3300,2025-12-10,2026-02-06,Architecture Studio
I01643,U0689,Safety Goggles — 3M #1643,Safety Equipment,Safety Goggles,3M,FAIR,GIVEAWAY,AVAILABLE,450,2025-12-20,2026-03-02,CS Department
I01644,U0770,Webcam — Logitech #1644,Electronics,Webcam,Logitech,GOOD,BORROW,AVAILABLE,1850,2026-07-06,2026-08-26,Main Block
I01645,U0669,Graph Paper Pack — Classmate #1645,Stationery,Graph Paper Pack,Classmate,GOOD,BORROW,BORROWED,150,2025-09-20,2026-01-22,Central Library
I01646,U0867,Soldering Iron Kit — Weller #1646,Lab Equipment,Soldering Iron Kit,Weller,GOOD,BORROW,AVAILABLE,1850,2025-12-31,2026-03-07,Student Centre
I01647,U0412,Screwdriver Set — Bosch #1647,Equipment,Screwdriver Set,Bosch,GOOD,BORROW,AVAILABLE,1350,2025-09-09,2025-11-08,Hostel Block A
I01648,U0400,Python Programming Book — O'Reilly #1648,Book,Python Programming Book,O'Reilly,GOOD,BORROW,AVAILABLE,700,2026-09-06,2027-02-19,Hostel Block B
I01649,U0587,Vernier Caliper — Mitutoyo #1649,Lab Equipment,Vernier Caliper,Mitutoyo,GOOD,BORROW,AVAILABLE,4650,2026-01-03,2026-07-02,Hostel Block C
I01650,U0763,Calculator — CASIO #1650,Academic,Calculator,CASIO,GOOD,BORROW,BORROWED,650,2026-06-09,2026-10-22,Hostel Block D
I01651,U0458,Bluetooth Keyboard — Logitech #1651,Accessory,Bluetooth Keyboard,Logitech,GOOD,SWAP,AVAILABLE,1250,2025-12-24,2026-05-31,Innovation Lab
I01652,U0880,External Hard Drive — WD #1652,Storage,External Hard Drive,WD,GOOD,SWAP,AVAILABLE,2900,2025-12-05,2026-04-05,ECE Lab
I01653,U0841,USB-C Charger — Anker #1653,Electronics,USB-C Charger,Anker,EXCELLENT,BORROW,AVAILABLE,2400,2025-08-17,2025-11-24,Mechanical Lab
I01654,U0183,Engineering Drawing Kit — Staedtler #1654,Equipment,Engineering Drawing Kit,Staedtler,EXCELLENT,GIVEAWAY,RETURNED,1500,2026-04-05,2026-07-22,Architecture Studio
I01655,U0718,Tripod — Digitek #1655,Equipment,Tripod,Digitek,GOOD,BORROW,RETURNED,2050,2026-04-01,2026-08-08,CS Department
I01656,U0759,Digital Multimeter — Meco #1656,Lab Equipment,Digital Multimeter,Meco,GOOD,SWAP,AVAILABLE,800,2026-09-23,2027-02-04,Main Block
I01657,U0692,College Backpack — Wildcraft #1657,Bag,College Backpack,Wildcraft,EXCELLENT,SWAP,AVAILABLE,1600,2026-01-02,2026-04-13,Central Library
I01658,U0258,Headphones — JBL #1658,Electronics,Headphones,JBL,FAIR,SWAP,AVAILABLE,1150,2026-01-30,2026-04-26,Student Centre
I01659,U0591,Mechanical Drawing Set — Rotring #1659,Stationery,Mechanical Drawing Set,Rotring,EXCELLENT,SELL,AVAILABLE,2200,2025-10-04,2026-01-21,Hostel Block A
I01660,U0811,Desk Lamp — Philips #1660,Accessory,Desk Lamp,Philips,EXCELLENT,BORROW,AVAILABLE,1650,2026-09-03,2027-01-16,Hostel Block B
I01661,U0604,Textbook — Pearson #1661,Book,Textbook,Pearson,FAIR,BORROW,AVAILABLE,550,2025-11-07,2026-04-01,Hostel Block C
I01662,U0451,USB Flash Drive — SanDisk #1662,Storage,USB Flash Drive,SanDisk,EXCELLENT,BORROW,AVAILABLE,500,2026-04-21,2026-05-25,Hostel Block D
I01663,U0203,Scientific Calculator — Texas Instruments #1663,Academic,Scientific Calculator,Texas Instruments,GOOD,BORROW,AVAILABLE,1300,2026-07-18,2026-12-22,Innovation Lab
I01664,U0708,Lab Coat — Generic #1664,Clothing,Lab Coat,Generic,FAIR,BORROW,AVAILABLE,1000,2025-12-30,2026-05-18,ECE Lab
I01665,U0448,Power Bank — MI #1665,Accessory,Power Bank,MI,GOOD,BORROW,INACTIVE,1650,2025-08-28,2025-12-12,Mechanical Lab
I01666,U0536,HDMI Cable — UGREEN #1666,Cable,HDMI Cable,UGREEN,GOOD,GIVEAWAY,AVAILABLE,750,2025-08-23,2026-02-12,Architecture Studio
I01667,U0183,Drawing Board — Camel #1667,Equipment,Drawing Board,Camel,FAIR,SELL,INACTIVE,1250,2026-06-11,2026-10-02,CS Department
I01668,U0067,Ethernet Cable — D-Link #1668,Cable,Ethernet Cable,D-Link,GOOD,SWAP,RESERVED,550,2026-08-21,2027-02-03,Main Block
I01669,U0069,Extension Board — Philips #1669,Electronics,Extension Board,Philips,EXCELLENT,GIVEAWAY,RETURNED,800,2026-09-17,2026-11-14,Central Library
I01670,U0975,Breadboard Kit — Generic #1670,Lab Equipment,Breadboard Kit,Generic,GOOD,BORROW,RETURNED,350,2025-09-07,2026-01-20,Student Centre
I01671,U0311,Presentation Clicker — Logitech #1671,Accessory,Presentation Clicker,Logitech,GOOD,BORROW,BORROWED,2050,2025-08-07,2025-09-26,Hostel Block A
I01672,U0278,Arduino Kit — Arduino #1672,Lab Equipment,Arduino Kit,Arduino,NEW,SELL,AVAILABLE,3350,2026-05-25,2026-06-28,Hostel Block B
I01673,U0009,Safety Goggles — 3M #1673,Safety Equipment,Safety Goggles,3M,EXCELLENT,BORROW,RETURNED,350,2026-05-20,2026-10-02,Hostel Block C
I01674,U0572,Webcam — Logitech #1674,Electronics,Webcam,Logitech,EXCELLENT,GIVEAWAY,BORROWED,1300,2025-10-01,2026-01-09,Hostel Block D
I01675,U0953,Graph Paper Pack — Classmate #1675,Stationery,Graph Paper Pack,Classmate,FAIR,GIVEAWAY,BORROWED,100,2026-04-17,2026-06-18,Innovation Lab
I01676,U0183,Soldering Iron Kit — Weller #1676,Lab Equipment,Soldering Iron Kit,Weller,GOOD,BORROW,RETURNED,2350,2025-12-08,2026-04-26,ECE Lab
I01677,U0949,Screwdriver Set — Bosch #1677,Equipment,Screwdriver Set,Bosch,GOOD,GIVEAWAY,AVAILABLE,700,2026-03-23,2026-07-23,Mechanical Lab
I01678,U0270,Python Programming Book — O'Reilly #1678,Book,Python Programming Book,O'Reilly,GOOD,BORROW,BORROWED,1550,2026-01-10,2026-04-08,Architecture Studio
I01679,U0855,Vernier Caliper — Mitutoyo #1679,Lab Equipment,Vernier Caliper,Mitutoyo,EXCELLENT,SWAP,AVAILABLE,5250,2026-03-15,2026-04-25,CS Department
I01680,U0702,Calculator — CASIO #1680,Academic,Calculator,CASIO,FAIR,SWAP,RESERVED,350,2026-08-11,2026-11-09,Main Block
I01681,U0786,Bluetooth Keyboard — Logitech #1681,Accessory,Bluetooth Keyboard,Logitech,EXCELLENT,SWAP,AVAILABLE,2050,2026-04-22,2026-10-17,Central Library
I01682,U0035,External Hard Drive — WD #1682,Storage,External Hard Drive,WD,GOOD,SWAP,RESERVED,2800,2025-11-20,2026-01-18,Student Centre
I01683,U0912,USB-C Charger — Anker #1683,Electronics,USB-C Charger,Anker,GOOD,BORROW,AVAILABLE,1350,2026-07-09,2026-11-09,Hostel Block A
I01684,U0509,Engineering Drawing Kit — Staedtler #1684,Equipment,Engineering Drawing Kit,Staedtler,EXCELLENT,BORROW,AVAILABLE,1900,2026-04-08,2026-07-28,Hostel Block B
I01685,U0547,Tripod — Digitek #1685,Equipment,Tripod,Digitek,EXCELLENT,GIVEAWAY,AVAILABLE,2500,2026-03-28,2026-08-16,Hostel Block C
I01686,U0822,Digital Multimeter — Meco #1686,Lab Equipment,Digital Multimeter,Meco,EXCELLENT,GIVEAWAY,RETURNED,1050,2026-05-10,2026-06-30,Hostel Block D
I01687,U0552,College Backpack — Wildcraft #1687,Bag,College Backpack,Wildcraft,GOOD,BORROW,RETURNED,2700,2025-09-17,2026-03-07,Innovation Lab
I01688,U0121,Headphones — JBL #1688,Electronics,Headphones,JBL,EXCELLENT,BORROW,AVAILABLE,1800,2025-12-12,2026-05-21,ECE Lab
I01689,U0328,Mechanical Drawing Set — Rotring #1689,Stationery,Mechanical Drawing Set,Rotring,FAIR,SELL,RESERVED,1000,2026-06-09,2026-08-09,Mechanical Lab
I01690,U0291,Desk Lamp — Philips #1690,Accessory,Desk Lamp,Philips,EXCELLENT,BORROW,AVAILABLE,400,2026-04-30,2026-07-12,Architecture Studio
I01691,U0565,Textbook — Pearson #1691,Book,Textbook,Pearson,EXCELLENT,BORROW,BORROWED,550,2025-11-28,2026-02-06,CS Department
I01692,U0929,USB Flash Drive — SanDisk #1692,Storage,USB Flash Drive,SanDisk,GOOD,GIVEAWAY,RESERVED,1100,2026-03-05,2026-08-04,Main Block
I01693,U0468,Scientific Calculator — Texas Instruments #1693,Academic,Scientific Calculator,Texas Instruments,GOOD,BORROW,RETURNED,2000,2025-12-30,2026-02-25,Central Library
I01694,U0310,Lab Coat — Generic #1694,Clothing,Lab Coat,Generic,GOOD,BORROW,INACTIVE,700,2026-03-14,2026-05-26,Student Centre
I01695,U0181,Power Bank — MI #1695,Accessory,Power Bank,MI,EXCELLENT,SWAP,RETURNED,1850,2026-06-22,2026-07-25,Hostel Block A
I01696,U0099,HDMI Cable — UGREEN #1696,Cable,HDMI Cable,UGREEN,GOOD,GIVEAWAY,AVAILABLE,650,2026-03-19,2026-06-12,Hostel Block B
I01697,U0023,Drawing Board — Camel #1697,Equipment,Drawing Board,Camel,GOOD,BORROW,AVAILABLE,1100,2026-09-05,2026-10-10,Hostel Block C
I01698,U0955,Ethernet Cable — D-Link #1698,Cable,Ethernet Cable,D-Link,GOOD,GIVEAWAY,BORROWED,200,2025-09-29,2026-02-08,Hostel Block D
I01699,U0567,Extension Board — Philips #1699,Electronics,Extension Board,Philips,GOOD,BORROW,RESERVED,1250,2025-08-24,2025-11-18,Innovation Lab
I01700,U0552,Breadboard Kit — Generic #1700,Lab Equipment,Breadboard Kit,Generic,GOOD,SWAP,RETURNED,700,2026-08-09,2026-10-10,ECE Lab
I01701,U0558,Presentation Clicker — Logitech #1701,Accessory,Presentation Clicker,Logitech,GOOD,SWAP,AVAILABLE,1000,2026-08-12,2026-09-15,Mechanical Lab
I01702,U0076,Arduino Kit — Arduino #1702,Lab Equipment,Arduino Kit,Arduino,FAIR,BORROW,AVAILABLE,1300,2026-06-23,2026-11-29,Architecture Studio
I01703,U0725,Safety Goggles — 3M #1703,Safety Equipment,Safety Goggles,3M,GOOD,BORROW,AVAILABLE,400,2025-09-17,2026-02-20,CS Department
I01704,U0741,Webcam — Logitech #1704,Electronics,Webcam,Logitech,GOOD,BORROW,RETURNED,3300,2026-02-27,2026-05-16,Main Block
I01705,U0307,Graph Paper Pack — Classmate #1705,Stationery,Graph Paper Pack,Classmate,EXCELLENT,BORROW,RESERVED,50,2026-07-17,2026-10-02,Central Library
I01706,U0707,Soldering Iron Kit — Weller #1706,Lab Equipment,Soldering Iron Kit,Weller,GOOD,BORROW,RETURNED,700,2026-04-15,2026-09-18,Student Centre
I01707,U0283,Screwdriver Set — Bosch #1707,Equipment,Screwdriver Set,Bosch,GOOD,BORROW,AVAILABLE,1450,2025-08-01,2025-11-23,Hostel Block A
I01708,U0364,Python Programming Book — O'Reilly #1708,Book,Python Programming Book,O'Reilly,NEW,GIVEAWAY,AVAILABLE,1600,2026-03-19,2026-06-06,Hostel Block B
I01709,U0990,Vernier Caliper — Mitutoyo #1709,Lab Equipment,Vernier Caliper,Mitutoyo,GOOD,SWAP,AVAILABLE,3900,2025-10-27,2025-12-14,Hostel Block C
I01710,U0394,Calculator — CASIO #1710,Academic,Calculator,CASIO,EXCELLENT,BORROW,AVAILABLE,850,2026-03-10,2026-07-10,Hostel Block D
I01711,U0829,Bluetooth Keyboard — Logitech #1711,Accessory,Bluetooth Keyboard,Logitech,GOOD,BORROW,RETURNED,3400,2026-09-12,2026-12-12,Innovation Lab
I01712,U0447,External Hard Drive — WD #1712,Storage,External Hard Drive,WD,GOOD,SELL,AVAILABLE,6150,2026-05-19,2026-09-08,ECE Lab
I01713,U0609,USB-C Charger — Anker #1713,Electronics,USB-C Charger,Anker,EXCELLENT,GIVEAWAY,AVAILABLE,1050,2026-07-30,2026-10-12,Mechanical Lab
I01714,U0432,Engineering Drawing Kit — Staedtler #1714,Equipment,Engineering Drawing Kit,Staedtler,EXCELLENT,SWAP,AVAILABLE,1000,2026-01-17,2026-05-04,Architecture Studio
I01715,U0927,Tripod — Digitek #1715,Equipment,Tripod,Digitek,EXCELLENT,SELL,INACTIVE,1400,2026-07-06,2026-12-20,CS Department
I01716,U0490,Digital Multimeter — Meco #1716,Lab Equipment,Digital Multimeter,Meco,FAIR,BORROW,RESERVED,1700,2026-05-22,2026-11-14,Main Block
I01717,U0937,College Backpack — Wildcraft #1717,Bag,College Backpack,Wildcraft,GOOD,BORROW,AVAILABLE,2850,2026-08-28,2027-01-05,Central Library
I01718,U0162,Headphones — JBL #1718,Electronics,Headphones,JBL,EXCELLENT,BORROW,AVAILABLE,2700,2026-03-10,2026-09-01,Student Centre
I01719,U0126,Mechanical Drawing Set — Rotring #1719,Stationery,Mechanical Drawing Set,Rotring,GOOD,GIVEAWAY,INACTIVE,1300,2025-11-11,2026-01-29,Hostel Block A
I01720,U0908,Desk Lamp — Philips #1720,Accessory,Desk Lamp,Philips,GOOD,BORROW,RESERVED,1250,2026-03-09,2026-07-19,Hostel Block B
I01721,U0275,Textbook — Pearson #1721,Book,Textbook,Pearson,GOOD,BORROW,AVAILABLE,800,2026-08-26,2027-02-11,Hostel Block C
I01722,U0961,USB Flash Drive — SanDisk #1722,Storage,USB Flash Drive,SanDisk,EXCELLENT,BORROW,AVAILABLE,300,2026-08-01,2027-01-02,Hostel Block D
I01723,U0963,Scientific Calculator — Texas Instruments #1723,Academic,Scientific Calculator,Texas Instruments,EXCELLENT,GIVEAWAY,BORROWED,1050,2026-09-08,2026-11-10,Innovation Lab
I01724,U0218,Lab Coat — Generic #1724,Clothing,Lab Coat,Generic,EXCELLENT,SWAP,INACTIVE,400,2026-09-16,2026-12-19,ECE Lab
I01725,U0879,Power Bank — MI #1725,Accessory,Power Bank,MI,GOOD,BORROW,INACTIVE,650,2025-12-03,2026-02-15,Mechanical Lab
I01726,U0561,HDMI Cable — UGREEN #1726,Cable,HDMI Cable,UGREEN,FAIR,SWAP,BORROWED,300,2025-08-21,2026-01-02,Architecture Studio
I01727,U0640,Drawing Board — Camel #1727,Equipment,Drawing Board,Camel,GOOD,BORROW,AVAILABLE,1100,2025-09-29,2025-11-27,CS Department
I01728,U0406,Ethernet Cable — D-Link #1728,Cable,Ethernet Cable,D-Link,GOOD,SWAP,BORROWED,350,2026-09-17,2027-02-10,Main Block
I01729,U0584,Extension Board — Philips #1729,Electronics,Extension Board,Philips,GOOD,BORROW,AVAILABLE,650,2025-08-08,2026-01-07,Central Library
I01730,U0092,Breadboard Kit — Generic #1730,Lab Equipment,Breadboard Kit,Generic,EXCELLENT,GIVEAWAY,AVAILABLE,300,2025-11-12,2026-02-02,Student Centre
I01731,U0396,Presentation Clicker — Logitech #1731,Accessory,Presentation Clicker,Logitech,EXCELLENT,SWAP,BORROWED,1700,2026-02-18,2026-03-29,Hostel Block A
I01732,U0382,Arduino Kit — Arduino #1732,Lab Equipment,Arduino Kit,Arduino,GOOD,GIVEAWAY,AVAILABLE,2900,2026-04-17,2026-08-02,Hostel Block B
I01733,U0526,Safety Goggles — 3M #1733,Safety Equipment,Safety Goggles,3M,NEW,SELL,RETURNED,700,2025-09-30,2026-03-28,Hostel Block C
I01734,U0152,Webcam — Logitech #1734,Electronics,Webcam,Logitech,EXCELLENT,SELL,AVAILABLE,2150,2026-07-02,2026-10-28,Hostel Block D
I01735,U0772,Graph Paper Pack — Classmate #1735,Stationery,Graph Paper Pack,Classmate,GOOD,SELL,INACTIVE,150,2025-11-25,2026-05-03,Innovation Lab
I01736,U0973,Soldering Iron Kit — Weller #1736,Lab Equipment,Soldering Iron Kit,Weller,GOOD,BORROW,AVAILABLE,2850,2025-08-27,2026-02-14,ECE Lab
I01737,U0772,Screwdriver Set — Bosch #1737,Equipment,Screwdriver Set,Bosch,GOOD,SWAP,BORROWED,450,2025-09-26,2026-01-03,Mechanical Lab
I01738,U0158,Python Programming Book — O'Reilly #1738,Book,Python Programming Book,O'Reilly,EXCELLENT,GIVEAWAY,AVAILABLE,600,2025-12-21,2026-05-15,Architecture Studio
I01739,U0981,Vernier Caliper — Mitutoyo #1739,Lab Equipment,Vernier Caliper,Mitutoyo,NEW,BORROW,RETURNED,3000,2025-08-05,2025-12-17,CS Department
I01740,U0242,Calculator — CASIO #1740,Academic,Calculator,CASIO,FAIR,SWAP,AVAILABLE,1450,2026-02-11,2026-06-13,Main Block
I01741,U0347,Bluetooth Keyboard — Logitech #1741,Accessory,Bluetooth Keyboard,Logitech,GOOD,SWAP,AVAILABLE,2750,2026-09-11,2026-12-14,Central Library
I01742,U0167,External Hard Drive — WD #1742,Storage,External Hard Drive,WD,FAIR,BORROW,BORROWED,4950,2026-06-04,2026-11-21,Student Centre
I01743,U0654,USB-C Charger — Anker #1743,Electronics,USB-C Charger,Anker,GOOD,GIVEAWAY,AVAILABLE,1200,2025-09-08,2026-01-23,Hostel Block A
I01744,U0866,Engineering Drawing Kit — Staedtler #1744,Equipment,Engineering Drawing Kit,Staedtler,FAIR,GIVEAWAY,RETURNED,2050,2025-11-18,2026-01-13,Hostel Block B
I01745,U0101,Tripod — Digitek #1745,Equipment,Tripod,Digitek,FAIR,SWAP,AVAILABLE,700,2025-09-12,2026-02-05,Hostel Block C
I01746,U0457,Digital Multimeter — Meco #1746,Lab Equipment,Digital Multimeter,Meco,GOOD,SELL,AVAILABLE,1250,2026-01-21,2026-04-25,Hostel Block D
I01747,U0600,College Backpack — Wildcraft #1747,Bag,College Backpack,Wildcraft,GOOD,SELL,AVAILABLE,1200,2025-08-27,2025-10-30,Innovation Lab
I01748,U0129,Headphones — JBL #1748,Electronics,Headphones,JBL,FAIR,BORROW,AVAILABLE,3050,2025-09-30,2025-12-11,ECE Lab
I01749,U0723,Mechanical Drawing Set — Rotring #1749,Stationery,Mechanical Drawing Set,Rotring,GOOD,SWAP,INACTIVE,1650,2026-07-04,2026-08-24,Mechanical Lab
I01750,U0635,Desk Lamp — Philips #1750,Accessory,Desk Lamp,Philips,GOOD,BORROW,BORROWED,1650,2026-06-05,2026-08-24,Architecture Studio
I01751,U0465,Textbook — Pearson #1751,Book,Textbook,Pearson,GOOD,BORROW,AVAILABLE,700,2026-03-05,2026-07-05,CS Department
I01752,U0216,USB Flash Drive — SanDisk #1752,Storage,USB Flash Drive,SanDisk,GOOD,SWAP,AVAILABLE,500,2026-05-06,2026-06-24,Main Block
I01753,U0061,Scientific Calculator — Texas Instruments #1753,Academic,Scientific Calculator,Texas Instruments,GOOD,GIVEAWAY,AVAILABLE,950,2025-11-23,2026-02-07,Central Library
I01754,U0157,Lab Coat — Generic #1754,Clothing,Lab Coat,Generic,GOOD,SELL,RETURNED,350,2026-04-18,2026-08-19,Student Centre
I01755,U0299,Power Bank — MI #1755,Accessory,Power Bank,MI,GOOD,GIVEAWAY,BORROWED,1150,2026-07-29,2026-09-15,Hostel Block A
I01756,U0084,HDMI Cable — UGREEN #1756,Cable,HDMI Cable,UGREEN,EXCELLENT,SWAP,BORROWED,250,2026-06-11,2026-07-23,Hostel Block B
I01757,U0081,Drawing Board — Camel #1757,Equipment,Drawing Board,Camel,GOOD,GIVEAWAY,AVAILABLE,750,2025-12-13,2026-02-10,Hostel Block C
I01758,U0426,Ethernet Cable — D-Link #1758,Cable,Ethernet Cable,D-Link,GOOD,BORROW,AVAILABLE,550,2026-05-15,2026-10-31,Hostel Block D
I01759,U0405,Extension Board — Philips #1759,Electronics,Extension Board,Philips,GOOD,SELL,AVAILABLE,1500,2026-06-08,2026-08-24,Innovation Lab
I01760,U0642,Breadboard Kit — Generic #1760,Lab Equipment,Breadboard Kit,Generic,GOOD,SELL,RETURNED,300,2025-10-30,2025-12-15,ECE Lab
I01761,U0903,Presentation Clicker — Logitech #1761,Accessory,Presentation Clicker,Logitech,GOOD,GIVEAWAY,AVAILABLE,1750,2025-08-22,2025-10-21,Mechanical Lab
I01762,U0998,Arduino Kit — Arduino #1762,Lab Equipment,Arduino Kit,Arduino,GOOD,BORROW,AVAILABLE,2650,2026-06-17,2026-07-20,Architecture Studio
I01763,U0816,Safety Goggles — 3M #1763,Safety Equipment,Safety Goggles,3M,GOOD,GIVEAWAY,AVAILABLE,450,2025-08-20,2026-01-30,CS Department
I01764,U0559,Webcam — Logitech #1764,Electronics,Webcam,Logitech,EXCELLENT,GIVEAWAY,AVAILABLE,2050,2025-11-30,2026-04-23,Main Block
I01765,U0885,Graph Paper Pack — Classmate #1765,Stationery,Graph Paper Pack,Classmate,GOOD,SELL,RETURNED,150,2025-10-30,2026-03-07,Central Library
I01766,U0489,Soldering Iron Kit — Weller #1766,Lab Equipment,Soldering Iron Kit,Weller,EXCELLENT,SELL,AVAILABLE,2850,2026-04-27,2026-09-09,Student Centre
I01767,U0602,Screwdriver Set — Bosch #1767,Equipment,Screwdriver Set,Bosch,FAIR,BORROW,AVAILABLE,950,2025-08-10,2026-01-16,Hostel Block A
I01768,U0805,Python Programming Book — O'Reilly #1768,Book,Python Programming Book,O'Reilly,GOOD,BORROW,AVAILABLE,850,2025-12-26,2026-04-18,Hostel Block B
I01769,U0634,Vernier Caliper — Mitutoyo #1769,Lab Equipment,Vernier Caliper,Mitutoyo,EXCELLENT,SELL,AVAILABLE,2400,2026-07-04,2026-09-24,Hostel Block C
I01770,U0176,Calculator — CASIO #1770,Academic,Calculator,CASIO,GOOD,SELL,AVAILABLE,1300,2025-08-14,2025-10-14,Hostel Block D
I01771,U0149,Bluetooth Keyboard — Logitech #1771,Accessory,Bluetooth Keyboard,Logitech,GOOD,GIVEAWAY,AVAILABLE,1600,2026-09-22,2027-02-18,Innovation Lab
I01772,U0386,External Hard Drive — WD #1772,Storage,External Hard Drive,WD,EXCELLENT,SELL,AVAILABLE,6450,2025-11-08,2026-01-03,ECE Lab
I01773,U0318,USB-C Charger — Anker #1773,Electronics,USB-C Charger,Anker,NEW,BORROW,RESERVED,2200,2026-06-24,2026-12-07,Mechanical Lab
I01774,U0994,Engineering Drawing Kit — Staedtler #1774,Equipment,Engineering Drawing Kit,Staedtler,GOOD,BORROW,RETURNED,2150,2026-03-19,2026-07-29,Architecture Studio
I01775,U0114,Tripod — Digitek #1775,Equipment,Tripod,Digitek,EXCELLENT,BORROW,AVAILABLE,950,2026-07-23,2026-11-22,CS Department
I01776,U0655,Digital Multimeter — Meco #1776,Lab Equipment,Digital Multimeter,Meco,FAIR,BORROW,RESERVED,700,2025-08-29,2026-01-20,Main Block
I01777,U0206,College Backpack — Wildcraft #1777,Bag,College Backpack,Wildcraft,GOOD,BORROW,AVAILABLE,1050,2026-03-24,2026-07-08,Central Library
I01778,U0092,Headphones — JBL #1778,Electronics,Headphones,JBL,NEW,SWAP,INACTIVE,2350,2026-05-03,2026-09-06,Student Centre
I01779,U0780,Mechanical Drawing Set — Rotring #1779,Stationery,Mechanical Drawing Set,Rotring,GOOD,SELL,INACTIVE,2000,2026-09-08,2027-01-26,Hostel Block A
I01780,U0580,Desk Lamp — Philips #1780,Accessory,Desk Lamp,Philips,GOOD,BORROW,AVAILABLE,1600,2026-06-24,2026-12-19,Hostel Block B
I01781,U0823,Textbook — Pearson #1781,Book,Textbook,Pearson,NEW,SELL,RETURNED,1100,2025-10-26,2026-03-26,Hostel Block C
I01782,U0923,USB Flash Drive — SanDisk #1782,Storage,USB Flash Drive,SanDisk,FAIR,BORROW,AVAILABLE,350,2026-09-05,2027-01-18,Hostel Block D
I01783,U0246,Scientific Calculator — Texas Instruments #1783,Academic,Scientific Calculator,Texas Instruments,GOOD,SELL,RESERVED,450,2026-01-05,2026-03-30,Innovation Lab
I01784,U0205,Lab Coat — Generic #1784,Clothing,Lab Coat,Generic,EXCELLENT,SELL,AVAILABLE,850,2026-07-01,2026-11-02,ECE Lab
I01785,U0382,Power Bank — MI #1785,Accessory,Power Bank,MI,EXCELLENT,GIVEAWAY,AVAILABLE,600,2026-05-17,2026-07-19,Mechanical Lab
I01786,U0025,HDMI Cable — UGREEN #1786,Cable,HDMI Cable,UGREEN,FAIR,GIVEAWAY,AVAILABLE,200,2026-06-17,2026-09-17,Architecture Studio
I01787,U0055,Drawing Board — Camel #1787,Equipment,Drawing Board,Camel,FAIR,SELL,INACTIVE,650,2025-08-17,2025-11-21,CS Department
I01788,U0939,Ethernet Cable — D-Link #1788,Cable,Ethernet Cable,D-Link,GOOD,BORROW,AVAILABLE,550,2026-04-09,2026-07-31,Main Block
I01789,U0834,Extension Board — Philips #1789,Electronics,Extension Board,Philips,GOOD,BORROW,AVAILABLE,700,2025-10-31,2026-03-08,Central Library
I01790,U0263,Breadboard Kit — Generic #1790,Lab Equipment,Breadboard Kit,Generic,NEW,BORROW,AVAILABLE,200,2026-01-17,2026-04-25,Student Centre
I01791,U0905,Presentation Clicker — Logitech #1791,Accessory,Presentation Clicker,Logitech,GOOD,BORROW,BORROWED,650,2026-03-06,2026-05-17,Hostel Block A
I01792,U0935,Arduino Kit — Arduino #1792,Lab Equipment,Arduino Kit,Arduino,GOOD,BORROW,BORROWED,1250,2026-07-12,2026-12-21,Hostel Block B
I01793,U0143,Safety Goggles — 3M #1793,Safety Equipment,Safety Goggles,3M,GOOD,GIVEAWAY,AVAILABLE,500,2026-04-09,2026-05-10,Hostel Block C
I01794,U0923,Webcam — Logitech #1794,Electronics,Webcam,Logitech,GOOD,BORROW,AVAILABLE,1800,2025-12-03,2026-01-13,Hostel Block D
I01795,U0024,Graph Paper Pack — Classmate #1795,Stationery,Graph Paper Pack,Classmate,EXCELLENT,GIVEAWAY,AVAILABLE,200,2026-05-13,2026-08-13,Innovation Lab
I01796,U0753,Soldering Iron Kit — Weller #1796,Lab Equipment,Soldering Iron Kit,Weller,EXCELLENT,SWAP,AVAILABLE,3350,2025-12-05,2026-04-22,ECE Lab
I01797,U0716,Screwdriver Set — Bosch #1797,Equipment,Screwdriver Set,Bosch,GOOD,BORROW,BORROWED,1550,2026-08-04,2026-11-23,Mechanical Lab
I01798,U0883,Python Programming Book — O'Reilly #1798,Book,Python Programming Book,O'Reilly,FAIR,SELL,AVAILABLE,1550,2026-09-08,2027-01-23,Architecture Studio
I01799,U0951,Vernier Caliper — Mitutoyo #1799,Lab Equipment,Vernier Caliper,Mitutoyo,GOOD,GIVEAWAY,AVAILABLE,5250,2025-10-13,2025-11-12,CS Department
I01800,U0313,Calculator — CASIO #1800,Academic,Calculator,CASIO,EXCELLENT,SELL,BORROWED,1550,2026-08-13,2026-12-20,Main Block
I01801,U0871,Bluetooth Keyboard — Logitech #1801,Accessory,Bluetooth Keyboard,Logitech,GOOD,BORROW,AVAILABLE,2400,2026-06-02,2026-08-10,Central Library
I01802,U0096,External Hard Drive — WD #1802,Storage,External Hard Drive,WD,NEW,SWAP,AVAILABLE,2900,2026-04-04,2026-05-26,Student Centre
I01803,U0666,USB-C Charger — Anker #1803,Electronics,USB-C Charger,Anker,FAIR,BORROW,INACTIVE,2150,2026-04-11,2026-08-31,Hostel Block A
I01804,U0174,Engineering Drawing Kit — Staedtler #1804,Equipment,Engineering Drawing Kit,Staedtler,FAIR,SWAP,AVAILABLE,2050,2025-09-16,2025-10-26,Hostel Block B
I01805,U0985,Tripod — Digitek #1805,Equipment,Tripod,Digitek,GOOD,GIVEAWAY,RETURNED,1950,2026-06-08,2026-09-05,Hostel Block C
I01806,U0163,Digital Multimeter — Meco #1806,Lab Equipment,Digital Multimeter,Meco,GOOD,BORROW,AVAILABLE,1200,2026-05-28,2026-08-10,Hostel Block D
I01807,U0584,College Backpack — Wildcraft #1807,Bag,College Backpack,Wildcraft,EXCELLENT,BORROW,AVAILABLE,1500,2026-08-07,2026-10-18,Innovation Lab
I01808,U0077,Headphones — JBL #1808,Electronics,Headphones,JBL,EXCELLENT,GIVEAWAY,AVAILABLE,750,2026-05-02,2026-10-14,ECE Lab
I01809,U0107,Mechanical Drawing Set — Rotring #1809,Stationery,Mechanical Drawing Set,Rotring,FAIR,SWAP,AVAILABLE,1850,2026-09-20,2027-03-13,Mechanical Lab
I01810,U0885,Desk Lamp — Philips #1810,Accessory,Desk Lamp,Philips,GOOD,GIVEAWAY,INACTIVE,1000,2026-04-23,2026-09-12,Architecture Studio
I01811,U0237,Textbook — Pearson #1811,Book,Textbook,Pearson,GOOD,SELL,AVAILABLE,650,2026-06-11,2026-10-14,CS Department
I01812,U0877,USB Flash Drive — SanDisk #1812,Storage,USB Flash Drive,SanDisk,EXCELLENT,SELL,AVAILABLE,400,2026-01-02,2026-04-28,Main Block
I01813,U0851,Scientific Calculator — Texas Instruments #1813,Academic,Scientific Calculator,Texas Instruments,FAIR,BORROW,RETURNED,1950,2025-10-29,2026-01-04,Central Library
I01814,U0717,Lab Coat — Generic #1814,Clothing,Lab Coat,Generic,FAIR,SWAP,RETURNED,1100,2026-09-04,2027-02-12,Student Centre
I01815,U0839,Power Bank — MI #1815,Accessory,Power Bank,MI,FAIR,SWAP,BORROWED,2100,2026-02-23,2026-07-25,Hostel Block A
I01816,U0915,HDMI Cable — UGREEN #1816,Cable,HDMI Cable,UGREEN,GOOD,BORROW,AVAILABLE,200,2026-03-29,2026-07-23,Hostel Block B
I01817,U0349,Drawing Board — Camel #1817,Equipment,Drawing Board,Camel,GOOD,BORROW,AVAILABLE,1550,2026-01-23,2026-07-16,Hostel Block C
I01818,U0167,Ethernet Cable — D-Link #1818,Cable,Ethernet Cable,D-Link,GOOD,GIVEAWAY,BORROWED,350,2026-02-05,2026-07-27,Hostel Block D
I01819,U0255,Extension Board — Philips #1819,Electronics,Extension Board,Philips,GOOD,BORROW,RETURNED,1550,2026-02-19,2026-06-12,Innovation Lab
I01820,U0987,Breadboard Kit — Generic #1820,Lab Equipment,Breadboard Kit,Generic,GOOD,GIVEAWAY,BORROWED,250,2026-05-09,2026-08-24,ECE Lab
I01821,U0159,Presentation Clicker — Logitech #1821,Accessory,Presentation Clicker,Logitech,GOOD,SWAP,AVAILABLE,1400,2026-02-07,2026-03-23,Mechanical Lab
I01822,U0161,Arduino Kit — Arduino #1822,Lab Equipment,Arduino Kit,Arduino,FAIR,GIVEAWAY,RETURNED,2400,2026-06-01,2026-07-04,Architecture Studio
I01823,U0526,Safety Goggles — 3M #1823,Safety Equipment,Safety Goggles,3M,GOOD,GIVEAWAY,AVAILABLE,150,2026-04-15,2026-09-03,CS Department
I01824,U0003,Webcam — Logitech #1824,Electronics,Webcam,Logitech,GOOD,SWAP,AVAILABLE,2650,2026-03-31,2026-06-11,Main Block
I01825,U0354,Graph Paper Pack — Classmate #1825,Stationery,Graph Paper Pack,Classmate,GOOD,GIVEAWAY,RESERVED,200,2026-02-15,2026-08-10,Central Library
I01826,U0808,Soldering Iron Kit — Weller #1826,Lab Equipment,Soldering Iron Kit,Weller,EXCELLENT,SELL,AVAILABLE,3050,2025-09-10,2025-11-23,Student Centre
I01827,U0916,Screwdriver Set — Bosch #1827,Equipment,Screwdriver Set,Bosch,NEW,BORROW,AVAILABLE,750,2025-11-24,2026-01-15,Hostel Block A
I01828,U0105,Python Programming Book — O'Reilly #1828,Book,Python Programming Book,O'Reilly,GOOD,SWAP,RESERVED,1050,2026-02-03,2026-06-23,Hostel Block B
I01829,U0065,Vernier Caliper — Mitutoyo #1829,Lab Equipment,Vernier Caliper,Mitutoyo,GOOD,BORROW,RETURNED,5000,2025-09-20,2025-11-12,Hostel Block C
I01830,U0276,Calculator — CASIO #1830,Academic,Calculator,CASIO,EXCELLENT,GIVEAWAY,RESERVED,650,2026-07-16,2026-09-19,Hostel Block D
I01831,U0690,Bluetooth Keyboard — Logitech #1831,Accessory,Bluetooth Keyboard,Logitech,EXCELLENT,GIVEAWAY,INACTIVE,2550,2026-03-06,2026-08-06,Innovation Lab
I01832,U0363,External Hard Drive — WD #1832,Storage,External Hard Drive,WD,GOOD,BORROW,AVAILABLE,5300,2026-06-24,2026-10-28,ECE Lab
I01833,U0188,USB-C Charger — Anker #1833,Electronics,USB-C Charger,Anker,GOOD,SELL,AVAILABLE,1400,2026-03-16,2026-06-19,Mechanical Lab
I01834,U0793,Engineering Drawing Kit — Staedtler #1834,Equipment,Engineering Drawing Kit,Staedtler,FAIR,SELL,RETURNED,2000,2025-12-27,2026-03-10,Architecture Studio
I01835,U0856,Tripod — Digitek #1835,Equipment,Tripod,Digitek,GOOD,SWAP,BORROWED,650,2026-01-07,2026-06-10,CS Department
I01836,U0091,Digital Multimeter — Meco #1836,Lab Equipment,Digital Multimeter,Meco,GOOD,GIVEAWAY,RESERVED,950,2026-06-11,2026-11-21,Main Block
I01837,U0090,College Backpack — Wildcraft #1837,Bag,College Backpack,Wildcraft,GOOD,BORROW,AVAILABLE,3000,2026-01-25,2026-05-08,Central Library
I01838,U0526,Headphones — JBL #1838,Electronics,Headphones,JBL,NEW,BORROW,AVAILABLE,2900,2026-03-29,2026-05-21,Student Centre
I01839,U0988,Mechanical Drawing Set — Rotring #1839,Stationery,Mechanical Drawing Set,Rotring,GOOD,GIVEAWAY,AVAILABLE,1100,2026-01-11,2026-05-18,Hostel Block A
I01840,U0881,Desk Lamp — Philips #1840,Accessory,Desk Lamp,Philips,NEW,SWAP,AVAILABLE,1100,2026-07-03,2026-12-26,Hostel Block B
I01841,U0799,Textbook — Pearson #1841,Book,Textbook,Pearson,EXCELLENT,SWAP,AVAILABLE,1000,2026-05-29,2026-09-25,Hostel Block C
I01842,U0259,USB Flash Drive — SanDisk #1842,Storage,USB Flash Drive,SanDisk,GOOD,BORROW,RESERVED,400,2026-08-08,2027-01-09,Hostel Block D
I01843,U0055,Scientific Calculator — Texas Instruments #1843,Academic,Scientific Calculator,Texas Instruments,FAIR,GIVEAWAY,INACTIVE,2200,2025-12-29,2026-05-29,Innovation Lab
I01844,U0468,Lab Coat — Generic #1844,Clothing,Lab Coat,Generic,NEW,BORROW,AVAILABLE,750,2025-09-18,2026-02-08,ECE Lab
I01845,U0249,Power Bank — MI #1845,Accessory,Power Bank,MI,EXCELLENT,BORROW,AVAILABLE,1000,2026-07-05,2026-11-13,Mechanical Lab
I01846,U0519,HDMI Cable — UGREEN #1846,Cable,HDMI Cable,UGREEN,GOOD,BORROW,BORROWED,500,2025-08-19,2025-10-06,Architecture Studio
I01847,U0748,Drawing Board — Camel #1847,Equipment,Drawing Board,Camel,GOOD,BORROW,AVAILABLE,1750,2026-07-09,2026-11-22,CS Department
I01848,U0078,Ethernet Cable — D-Link #1848,Cable,Ethernet Cable,D-Link,EXCELLENT,BORROW,INACTIVE,200,2025-10-09,2026-01-19,Main Block
I01849,U0554,Extension Board — Philips #1849,Electronics,Extension Board,Philips,GOOD,BORROW,AVAILABLE,600,2026-06-28,2026-09-23,Central Library
I01850,U0696,Breadboard Kit — Generic #1850,Lab Equipment,Breadboard Kit,Generic,EXCELLENT,SWAP,AVAILABLE,400,2026-01-19,2026-05-18,Student Centre
I01851,U0964,Presentation Clicker — Logitech #1851,Accessory,Presentation Clicker,Logitech,GOOD,SWAP,RESERVED,1700,2025-11-08,2026-03-05,Hostel Block A
I01852,U0907,Arduino Kit — Arduino #1852,Lab Equipment,Arduino Kit,Arduino,GOOD,GIVEAWAY,AVAILABLE,3150,2026-06-22,2026-07-29,Hostel Block B
I01853,U0239,Safety Goggles — 3M #1853,Safety Equipment,Safety Goggles,3M,GOOD,SWAP,AVAILABLE,350,2025-09-09,2026-02-11,Hostel Block C
I01854,U0054,Webcam — Logitech #1854,Electronics,Webcam,Logitech,GOOD,BORROW,AVAILABLE,1050,2026-04-19,2026-06-09,Hostel Block D
I01855,U0052,Graph Paper Pack — Classmate #1855,Stationery,Graph Paper Pack,Classmate,GOOD,GIVEAWAY,BORROWED,50,2025-09-20,2026-02-13,Innovation Lab
I01856,U0124,Soldering Iron Kit — Weller #1856,Lab Equipment,Soldering Iron Kit,Weller,EXCELLENT,SWAP,BORROWED,1300,2026-02-16,2026-03-23,ECE Lab
I01857,U0165,Screwdriver Set — Bosch #1857,Equipment,Screwdriver Set,Bosch,GOOD,GIVEAWAY,AVAILABLE,1800,2026-01-20,2026-07-16,Mechanical Lab
I01858,U0766,Python Programming Book — O'Reilly #1858,Book,Python Programming Book,O'Reilly,EXCELLENT,GIVEAWAY,AVAILABLE,1400,2026-02-24,2026-07-04,Architecture Studio
I01859,U0077,Vernier Caliper — Mitutoyo #1859,Lab Equipment,Vernier Caliper,Mitutoyo,FAIR,SWAP,BORROWED,3800,2025-09-18,2025-12-21,CS Department
I01860,U0994,Calculator — CASIO #1860,Academic,Calculator,CASIO,EXCELLENT,BORROW,AVAILABLE,1550,2026-06-25,2026-10-28,Main Block
I01861,U0553,Bluetooth Keyboard — Logitech #1861,Accessory,Bluetooth Keyboard,Logitech,EXCELLENT,BORROW,AVAILABLE,1650,2025-10-05,2026-01-20,Central Library
I01862,U0969,External Hard Drive — WD #1862,Storage,External Hard Drive,WD,EXCELLENT,BORROW,AVAILABLE,6500,2025-10-12,2026-04-09,Student Centre
I01863,U0565,USB-C Charger — Anker #1863,Electronics,USB-C Charger,Anker,GOOD,SWAP,RETURNED,1900,2026-05-31,2026-08-28,Hostel Block A
I01864,U0068,Engineering Drawing Kit — Staedtler #1864,Equipment,Engineering Drawing Kit,Staedtler,GOOD,SELL,RETURNED,2000,2026-07-08,2026-10-02,Hostel Block B
I01865,U0341,Tripod — Digitek #1865,Equipment,Tripod,Digitek,GOOD,SWAP,AVAILABLE,1200,2026-01-24,2026-03-30,Hostel Block C
I01866,U0616,Digital Multimeter — Meco #1866,Lab Equipment,Digital Multimeter,Meco,GOOD,BORROW,AVAILABLE,2000,2026-09-15,2026-11-08,Hostel Block D
I01867,U0684,College Backpack — Wildcraft #1867,Bag,College Backpack,Wildcraft,GOOD,SELL,AVAILABLE,2400,2025-10-23,2025-12-02,Innovation Lab
I01868,U0742,Headphones — JBL #1868,Electronics,Headphones,JBL,FAIR,SELL,AVAILABLE,2600,2025-09-16,2025-11-10,ECE Lab
I01869,U0746,Mechanical Drawing Set — Rotring #1869,Stationery,Mechanical Drawing Set,Rotring,GOOD,GIVEAWAY,INACTIVE,1550,2026-09-17,2027-02-12,Mechanical Lab
I01870,U0234,Desk Lamp — Philips #1870,Accessory,Desk Lamp,Philips,FAIR,BORROW,AVAILABLE,1400,2026-03-16,2026-04-15,Architecture Studio
I01871,U0552,Textbook — Pearson #1871,Book,Textbook,Pearson,GOOD,GIVEAWAY,AVAILABLE,1200,2025-11-04,2025-12-23,CS Department
I01872,U0050,USB Flash Drive — SanDisk #1872,Storage,USB Flash Drive,SanDisk,FAIR,BORROW,AVAILABLE,450,2026-01-09,2026-02-11,Main Block
I01873,U0939,Scientific Calculator — Texas Instruments #1873,Academic,Scientific Calculator,Texas Instruments,FAIR,SELL,AVAILABLE,850,2026-05-16,2026-10-25,Central Library
I01874,U0805,Lab Coat — Generic #1874,Clothing,Lab Coat,Generic,GOOD,BORROW,AVAILABLE,700,2026-07-13,2026-12-03,Student Centre
I01875,U0243,Power Bank — MI #1875,Accessory,Power Bank,MI,EXCELLENT,BORROW,RETURNED,900,2026-05-24,2026-06-25,Hostel Block A
I01876,U0149,HDMI Cable — UGREEN #1876,Cable,HDMI Cable,UGREEN,EXCELLENT,BORROW,AVAILABLE,400,2025-11-08,2025-12-29,Hostel Block B
I01877,U0871,Drawing Board — Camel #1877,Equipment,Drawing Board,Camel,GOOD,SELL,RETURNED,1300,2026-07-30,2026-12-12,Hostel Block C
I01878,U0686,Ethernet Cable — D-Link #1878,Cable,Ethernet Cable,D-Link,GOOD,GIVEAWAY,AVAILABLE,150,2026-07-24,2026-12-18,Hostel Block D
I01879,U0033,Extension Board — Philips #1879,Electronics,Extension Board,Philips,GOOD,GIVEAWAY,RETURNED,450,2026-04-14,2026-07-22,Innovation Lab
I01880,U0080,Breadboard Kit — Generic #1880,Lab Equipment,Breadboard Kit,Generic,GOOD,BORROW,AVAILABLE,450,2026-01-07,2026-05-02,ECE Lab
I01881,U0912,Presentation Clicker — Logitech #1881,Accessory,Presentation Clicker,Logitech,GOOD,BORROW,RETURNED,1250,2026-03-30,2026-06-09,Mechanical Lab
I01882,U0626,Arduino Kit — Arduino #1882,Lab Equipment,Arduino Kit,Arduino,GOOD,SWAP,AVAILABLE,650,2025-08-13,2025-12-09,Architecture Studio
I01883,U0039,Safety Goggles — 3M #1883,Safety Equipment,Safety Goggles,3M,FAIR,SWAP,RESERVED,350,2026-07-15,2027-01-04,CS Department
I01884,U0827,Webcam — Logitech #1884,Electronics,Webcam,Logitech,EXCELLENT,SELL,AVAILABLE,4250,2026-05-27,2026-07-30,Main Block
I01885,U0476,Graph Paper Pack — Classmate #1885,Stationery,Graph Paper Pack,Classmate,GOOD,SELL,AVAILABLE,200,2026-06-28,2026-08-08,Central Library
I01886,U0531,Soldering Iron Kit — Weller #1886,Lab Equipment,Soldering Iron Kit,Weller,GOOD,BORROW,AVAILABLE,3300,2026-04-16,2026-07-13,Student Centre
I01887,U0686,Screwdriver Set — Bosch #1887,Equipment,Screwdriver Set,Bosch,GOOD,BORROW,AVAILABLE,1750,2025-11-19,2026-04-21,Hostel Block A
I01888,U0556,Python Programming Book — O'Reilly #1888,Book,Python Programming Book,O'Reilly,GOOD,BORROW,AVAILABLE,950,2026-01-18,2026-03-20,Hostel Block B
I01889,U0816,Vernier Caliper — Mitutoyo #1889,Lab Equipment,Vernier Caliper,Mitutoyo,GOOD,SWAP,BORROWED,4850,2026-05-24,2026-07-13,Hostel Block C
I01890,U0303,Calculator — CASIO #1890,Academic,Calculator,CASIO,GOOD,GIVEAWAY,AVAILABLE,1350,2026-02-20,2026-06-27,Hostel Block D
I01891,U0335,Bluetooth Keyboard — Logitech #1891,Accessory,Bluetooth Keyboard,Logitech,FAIR,SWAP,AVAILABLE,1400,2026-07-12,2026-11-04,Innovation Lab
I01892,U0175,External Hard Drive — WD #1892,Storage,External Hard Drive,WD,FAIR,BORROW,AVAILABLE,4550,2026-02-17,2026-08-10,ECE Lab
I01893,U0602,USB-C Charger — Anker #1893,Electronics,USB-C Charger,Anker,EXCELLENT,GIVEAWAY,INACTIVE,1600,2026-09-23,2027-01-02,Mechanical Lab
I01894,U0783,Engineering Drawing Kit — Staedtler #1894,Equipment,Engineering Drawing Kit,Staedtler,GOOD,SELL,RETURNED,2250,2026-08-13,2026-12-25,Architecture Studio
I01895,U0479,Tripod — Digitek #1895,Equipment,Tripod,Digitek,GOOD,SWAP,RETURNED,1900,2026-02-20,2026-06-18,CS Department
I01896,U0598,Digital Multimeter — Meco #1896,Lab Equipment,Digital Multimeter,Meco,EXCELLENT,SELL,BORROWED,1200,2026-01-13,2026-06-12,Main Block
I01897,U0751,College Backpack — Wildcraft #1897,Bag,College Backpack,Wildcraft,GOOD,SWAP,AVAILABLE,850,2025-09-30,2025-11-03,Central Library
I01898,U0790,Headphones — JBL #1898,Electronics,Headphones,JBL,GOOD,BORROW,BORROWED,2750,2026-08-13,2027-01-06,Student Centre
I01899,U0390,Mechanical Drawing Set — Rotring #1899,Stationery,Mechanical Drawing Set,Rotring,EXCELLENT,SELL,AVAILABLE,1900,2026-04-10,2026-05-10,Hostel Block A
I01900,U0531,Desk Lamp — Philips #1900,Accessory,Desk Lamp,Philips,GOOD,SWAP,AVAILABLE,1450,2025-12-21,2026-04-24,Hostel Block B
I01901,U0081,Textbook — Pearson #1901,Book,Textbook,Pearson,GOOD,BORROW,AVAILABLE,1200,2025-12-21,2026-04-10,Hostel Block C
I01902,U0789,USB Flash Drive — SanDisk #1902,Storage,USB Flash Drive,SanDisk,GOOD,BORROW,AVAILABLE,650,2025-12-04,2026-03-03,Hostel Block D
I01903,U0722,Scientific Calculator — Texas Instruments #1903,Academic,Scientific Calculator,Texas Instruments,NEW,BORROW,AVAILABLE,1200,2026-09-07,2026-11-26,Innovation Lab
I01904,U0939,Lab Coat — Generic #1904,Clothing,Lab Coat,Generic,EXCELLENT,BORROW,AVAILABLE,800,2026-02-22,2026-05-30,ECE Lab
I01905,U0021,Power Bank — MI #1905,Accessory,Power Bank,MI,GOOD,GIVEAWAY,AVAILABLE,800,2025-12-30,2026-06-02,Mechanical Lab
I01906,U0409,HDMI Cable — UGREEN #1906,Cable,HDMI Cable,UGREEN,EXCELLENT,SWAP,AVAILABLE,600,2026-03-08,2026-06-26,Architecture Studio
I01907,U0347,Drawing Board — Camel #1907,Equipment,Drawing Board,Camel,GOOD,GIVEAWAY,BORROWED,650,2026-07-21,2026-11-01,CS Department
I01908,U0968,Ethernet Cable — D-Link #1908,Cable,Ethernet Cable,D-Link,GOOD,GIVEAWAY,BORROWED,250,2026-05-03,2026-08-11,Main Block
I01909,U0526,Extension Board — Philips #1909,Electronics,Extension Board,Philips,GOOD,GIVEAWAY,INACTIVE,400,2026-09-21,2026-12-13,Central Library
I01910,U0048,Breadboard Kit — Generic #1910,Lab Equipment,Breadboard Kit,Generic,GOOD,BORROW,AVAILABLE,750,2026-06-14,2026-08-07,Student Centre
I01911,U0081,Presentation Clicker — Logitech #1911,Accessory,Presentation Clicker,Logitech,GOOD,BORROW,INACTIVE,1300,2026-07-03,2026-08-13,Hostel Block A
I01912,U0347,Arduino Kit — Arduino #1912,Lab Equipment,Arduino Kit,Arduino,GOOD,BORROW,AVAILABLE,1050,2026-05-31,2026-10-02,Hostel Block B
I01913,U0142,Safety Goggles — 3M #1913,Safety Equipment,Safety Goggles,3M,GOOD,GIVEAWAY,AVAILABLE,600,2026-09-12,2026-12-26,Hostel Block C
I01914,U0843,Webcam — Logitech #1914,Electronics,Webcam,Logitech,GOOD,SWAP,RESERVED,3900,2025-08-28,2025-10-20,Hostel Block D
I01915,U0977,Graph Paper Pack — Classmate #1915,Stationery,Graph Paper Pack,Classmate,GOOD,BORROW,AVAILABLE,50,2026-09-22,2026-10-28,Innovation Lab
I01916,U0206,Soldering Iron Kit — Weller #1916,Lab Equipment,Soldering Iron Kit,Weller,FAIR,BORROW,RETURNED,2900,2025-10-18,2026-03-08,ECE Lab
I01917,U0755,Screwdriver Set — Bosch #1917,Equipment,Screwdriver Set,Bosch,EXCELLENT,BORROW,RESERVED,700,2026-02-23,2026-06-21,Mechanical Lab
I01918,U0861,Python Programming Book — O'Reilly #1918,Book,Python Programming Book,O'Reilly,EXCELLENT,SELL,AVAILABLE,1400,2025-10-19,2025-12-07,Architecture Studio
I01919,U0211,Vernier Caliper — Mitutoyo #1919,Lab Equipment,Vernier Caliper,Mitutoyo,FAIR,SWAP,AVAILABLE,2750,2026-01-02,2026-03-02,CS Department
I01920,U0175,Calculator — CASIO #1920,Academic,Calculator,CASIO,FAIR,GIVEAWAY,AVAILABLE,900,2026-01-09,2026-03-15,Main Block
I01921,U0186,Bluetooth Keyboard — Logitech #1921,Accessory,Bluetooth Keyboard,Logitech,EXCELLENT,SWAP,AVAILABLE,1900,2025-10-01,2026-03-06,Central Library
I01922,U0374,External Hard Drive — WD #1922,Storage,External Hard Drive,WD,FAIR,SELL,RESERVED,5650,2025-10-31,2026-02-16,Student Centre
I01923,U0805,USB-C Charger — Anker #1923,Electronics,USB-C Charger,Anker,FAIR,GIVEAWAY,RESERVED,1000,2026-06-09,2026-08-26,Hostel Block A
I01924,U0640,Engineering Drawing Kit — Staedtler #1924,Equipment,Engineering Drawing Kit,Staedtler,GOOD,SELL,AVAILABLE,2000,2026-02-16,2026-05-08,Hostel Block B
I01925,U0229,Tripod — Digitek #1925,Equipment,Tripod,Digitek,GOOD,BORROW,AVAILABLE,1700,2025-09-20,2026-02-19,Hostel Block C
I01926,U0749,Digital Multimeter — Meco #1926,Lab Equipment,Digital Multimeter,Meco,FAIR,SELL,INACTIVE,2150,2025-10-11,2026-03-10,Hostel Block D
I01927,U0734,College Backpack — Wildcraft #1927,Bag,College Backpack,Wildcraft,GOOD,BORROW,RETURNED,1750,2026-02-10,2026-07-14,Innovation Lab
I01928,U0471,Headphones — JBL #1928,Electronics,Headphones,JBL,EXCELLENT,SWAP,AVAILABLE,2050,2025-11-29,2026-03-06,ECE Lab
I01929,U0702,Mechanical Drawing Set — Rotring #1929,Stationery,Mechanical Drawing Set,Rotring,EXCELLENT,SWAP,AVAILABLE,1900,2026-01-09,2026-04-18,Mechanical Lab
I01930,U0972,Desk Lamp — Philips #1930,Accessory,Desk Lamp,Philips,GOOD,BORROW,AVAILABLE,1300,2026-06-24,2026-08-21,Architecture Studio
I01931,U0061,Textbook — Pearson #1931,Book,Textbook,Pearson,EXCELLENT,SELL,AVAILABLE,850,2026-01-09,2026-02-28,CS Department
I01932,U0195,USB Flash Drive — SanDisk #1932,Storage,USB Flash Drive,SanDisk,GOOD,BORROW,AVAILABLE,250,2026-09-05,2026-11-02,Main Block
I01933,U0391,Scientific Calculator — Texas Instruments #1933,Academic,Scientific Calculator,Texas Instruments,GOOD,SELL,AVAILABLE,1050,2025-09-13,2025-11-06,Central Library
I01934,U0808,Lab Coat — Generic #1934,Clothing,Lab Coat,Generic,EXCELLENT,BORROW,RETURNED,550,2026-01-20,2026-05-18,Student Centre
I01935,U0607,Power Bank — MI #1935,Accessory,Power Bank,MI,GOOD,SWAP,AVAILABLE,650,2026-02-06,2026-05-11,Hostel Block A
I01936,U0210,HDMI Cable — UGREEN #1936,Cable,HDMI Cable,UGREEN,FAIR,GIVEAWAY,AVAILABLE,550,2025-09-13,2026-01-08,Hostel Block B
I01937,U0235,Drawing Board — Camel #1937,Equipment,Drawing Board,Camel,FAIR,SWAP,AVAILABLE,550,2025-12-26,2026-02-22,Hostel Block C
I01938,U0379,Ethernet Cable — D-Link #1938,Cable,Ethernet Cable,D-Link,FAIR,BORROW,BORROWED,100,2026-09-14,2027-01-03,Hostel Block D
I01939,U0389,Extension Board — Philips #1939,Electronics,Extension Board,Philips,EXCELLENT,BORROW,AVAILABLE,1400,2026-02-03,2026-06-06,Innovation Lab
I01940,U0049,Breadboard Kit — Generic #1940,Lab Equipment,Breadboard Kit,Generic,EXCELLENT,BORROW,AVAILABLE,650,2026-07-24,2027-01-08,ECE Lab
I01941,U0150,Presentation Clicker — Logitech #1941,Accessory,Presentation Clicker,Logitech,GOOD,SELL,BORROWED,1000,2026-03-11,2026-06-10,Mechanical Lab
I01942,U0732,Arduino Kit — Arduino #1942,Lab Equipment,Arduino Kit,Arduino,EXCELLENT,BORROW,AVAILABLE,1150,2026-03-20,2026-09-09,Architecture Studio
I01943,U0150,Safety Goggles — 3M #1943,Safety Equipment,Safety Goggles,3M,GOOD,GIVEAWAY,BORROWED,350,2026-01-31,2026-05-01,CS Department
I01944,U0604,Webcam — Logitech #1944,Electronics,Webcam,Logitech,GOOD,SWAP,AVAILABLE,750,2026-09-16,2027-03-11,Main Block
I01945,U0664,Graph Paper Pack — Classmate #1945,Stationery,Graph Paper Pack,Classmate,GOOD,SELL,INACTIVE,100,2026-05-15,2026-10-01,Central Library
I01946,U0892,Soldering Iron Kit — Weller #1946,Lab Equipment,Soldering Iron Kit,Weller,GOOD,GIVEAWAY,RESERVED,2150,2026-04-16,2026-08-28,Student Centre
I01947,U0207,Screwdriver Set — Bosch #1947,Equipment,Screwdriver Set,Bosch,GOOD,GIVEAWAY,AVAILABLE,1450,2025-08-08,2025-10-29,Hostel Block A
I01948,U0666,Python Programming Book — O'Reilly #1948,Book,Python Programming Book,O'Reilly,EXCELLENT,BORROW,INACTIVE,1450,2026-08-16,2027-01-19,Hostel Block B
I01949,U0928,Vernier Caliper — Mitutoyo #1949,Lab Equipment,Vernier Caliper,Mitutoyo,FAIR,GIVEAWAY,AVAILABLE,5100,2026-06-30,2026-08-21,Hostel Block C
I01950,U0906,Calculator — CASIO #1950,Academic,Calculator,CASIO,GOOD,BORROW,AVAILABLE,400,2025-11-21,2025-12-28,Hostel Block D
I01951,U0483,Bluetooth Keyboard — Logitech #1951,Accessory,Bluetooth Keyboard,Logitech,EXCELLENT,GIVEAWAY,RETURNED,900,2026-01-05,2026-02-18,Innovation Lab
I01952,U0896,External Hard Drive — WD #1952,Storage,External Hard Drive,WD,GOOD,GIVEAWAY,AVAILABLE,4750,2026-03-24,2026-09-05,ECE Lab
I01953,U0363,USB-C Charger — Anker #1953,Electronics,USB-C Charger,Anker,GOOD,BORROW,RETURNED,1800,2026-07-13,2026-12-18,Mechanical Lab
I01954,U0862,Engineering Drawing Kit — Staedtler #1954,Equipment,Engineering Drawing Kit,Staedtler,EXCELLENT,BORROW,AVAILABLE,850,2025-10-29,2026-01-29,Architecture Studio
I01955,U0579,Tripod — Digitek #1955,Equipment,Tripod,Digitek,EXCELLENT,BORROW,RETURNED,2350,2026-01-12,2026-05-19,CS Department
I01956,U0368,Digital Multimeter — Meco #1956,Lab Equipment,Digital Multimeter,Meco,GOOD,BORROW,INACTIVE,1900,2026-05-20,2026-07-20,Main Block
I01957,U0486,College Backpack — Wildcraft #1957,Bag,College Backpack,Wildcraft,GOOD,SWAP,RESERVED,1500,2026-05-07,2026-10-20,Central Library
I01958,U0243,Headphones — JBL #1958,Electronics,Headphones,JBL,GOOD,GIVEAWAY,RESERVED,1700,2026-03-20,2026-07-03,Student Centre
I01959,U0713,Mechanical Drawing Set — Rotring #1959,Stationery,Mechanical Drawing Set,Rotring,FAIR,BORROW,BORROWED,500,2025-09-27,2025-12-22,Hostel Block A
I01960,U0490,Desk Lamp — Philips #1960,Accessory,Desk Lamp,Philips,EXCELLENT,GIVEAWAY,AVAILABLE,1550,2026-07-29,2026-10-02,Hostel Block B
I01961,U0991,Textbook — Pearson #1961,Book,Textbook,Pearson,GOOD,BORROW,AVAILABLE,1150,2025-10-10,2025-12-11,Hostel Block C
I01962,U0912,USB Flash Drive — SanDisk #1962,Storage,USB Flash Drive,SanDisk,FAIR,BORROW,AVAILABLE,800,2025-11-20,2026-05-18,Hostel Block D
I01963,U0599,Scientific Calculator — Texas Instruments #1963,Academic,Scientific Calculator,Texas Instruments,GOOD,GIVEAWAY,RETURNED,900,2026-07-18,2026-11-16,Innovation Lab
I01964,U0951,Lab Coat — Generic #1964,Clothing,Lab Coat,Generic,GOOD,SELL,AVAILABLE,450,2026-04-30,2026-07-02,ECE Lab
I01965,U0530,Power Bank — MI #1965,Accessory,Power Bank,MI,GOOD,BORROW,RETURNED,1400,2026-01-24,2026-06-13,Mechanical Lab
I01966,U0991,HDMI Cable — UGREEN #1966,Cable,HDMI Cable,UGREEN,GOOD,BORROW,AVAILABLE,600,2026-04-10,2026-07-03,Architecture Studio
I01967,U0733,Drawing Board — Camel #1967,Equipment,Drawing Board,Camel,GOOD,BORROW,AVAILABLE,1350,2026-06-16,2026-08-30,CS Department
I01968,U0763,Ethernet Cable — D-Link #1968,Cable,Ethernet Cable,D-Link,GOOD,SELL,AVAILABLE,250,2025-09-10,2026-03-03,Main Block
I01969,U0432,Extension Board — Philips #1969,Electronics,Extension Board,Philips,GOOD,GIVEAWAY,RETURNED,1250,2026-04-10,2026-08-09,Central Library
I01970,U0187,Breadboard Kit — Generic #1970,Lab Equipment,Breadboard Kit,Generic,GOOD,BORROW,INACTIVE,600,2026-02-15,2026-06-03,Student Centre
I01971,U0790,Presentation Clicker — Logitech #1971,Accessory,Presentation Clicker,Logitech,FAIR,GIVEAWAY,BORROWED,700,2026-03-23,2026-07-20,Hostel Block A
I01972,U0875,Arduino Kit — Arduino #1972,Lab Equipment,Arduino Kit,Arduino,GOOD,SELL,RETURNED,1400,2026-01-30,2026-04-17,Hostel Block B
I01973,U0845,Safety Goggles — 3M #1973,Safety Equipment,Safety Goggles,3M,EXCELLENT,GIVEAWAY,AVAILABLE,200,2025-11-24,2025-12-25,Hostel Block C
I01974,U0467,Webcam — Logitech #1974,Electronics,Webcam,Logitech,GOOD,SELL,AVAILABLE,1750,2026-09-21,2027-03-19,Hostel Block D
I01975,U0436,Graph Paper Pack — Classmate #1975,Stationery,Graph Paper Pack,Classmate,GOOD,BORROW,AVAILABLE,150,2026-08-10,2026-10-08,Innovation Lab
I01976,U0537,Soldering Iron Kit — Weller #1976,Lab Equipment,Soldering Iron Kit,Weller,EXCELLENT,BORROW,RETURNED,3150,2025-10-28,2025-11-29,ECE Lab
I01977,U0748,Screwdriver Set — Bosch #1977,Equipment,Screwdriver Set,Bosch,GOOD,BORROW,BORROWED,900,2025-12-07,2026-02-24,Mechanical Lab
I01978,U0311,Python Programming Book — O'Reilly #1978,Book,Python Programming Book,O'Reilly,FAIR,GIVEAWAY,AVAILABLE,850,2026-02-23,2026-08-21,Architecture Studio
I01979,U0809,Vernier Caliper — Mitutoyo #1979,Lab Equipment,Vernier Caliper,Mitutoyo,GOOD,BORROW,AVAILABLE,4400,2025-08-10,2026-02-03,CS Department
I01980,U0017,Calculator — CASIO #1980,Academic,Calculator,CASIO,FAIR,SELL,AVAILABLE,1300,2025-11-25,2026-01-18,Main Block
I01981,U0671,Bluetooth Keyboard — Logitech #1981,Accessory,Bluetooth Keyboard,Logitech,GOOD,GIVEAWAY,BORROWED,2800,2025-11-11,2026-01-16,Central Library
I01982,U0560,External Hard Drive — WD #1982,Storage,External Hard Drive,WD,EXCELLENT,BORROW,AVAILABLE,3550,2026-07-21,2026-12-31,Student Centre
I01983,U0356,USB-C Charger — Anker #1983,Electronics,USB-C Charger,Anker,GOOD,SELL,AVAILABLE,1100,2025-12-16,2026-04-06,Hostel Block A
I01984,U0226,Engineering Drawing Kit — Staedtler #1984,Equipment,Engineering Drawing Kit,Staedtler,EXCELLENT,SELL,AVAILABLE,750,2026-05-13,2026-07-17,Hostel Block B
I01985,U0160,Tripod — Digitek #1985,Equipment,Tripod,Digitek,EXCELLENT,BORROW,INACTIVE,1600,2026-05-29,2026-06-29,Hostel Block C
I01986,U0432,Digital Multimeter — Meco #1986,Lab Equipment,Digital Multimeter,Meco,GOOD,SELL,AVAILABLE,1800,2026-06-25,2026-08-10,Hostel Block D
I01987,U0497,College Backpack — Wildcraft #1987,Bag,College Backpack,Wildcraft,GOOD,SWAP,AVAILABLE,2250,2026-08-04,2026-12-19,Innovation Lab
I01988,U0504,Headphones — JBL #1988,Electronics,Headphones,JBL,EXCELLENT,BORROW,INACTIVE,1350,2026-04-07,2026-09-19,ECE Lab
I01989,U0816,Mechanical Drawing Set — Rotring #1989,Stationery,Mechanical Drawing Set,Rotring,GOOD,SWAP,AVAILABLE,1450,2026-09-12,2027-03-11,Mechanical Lab
I01990,U0232,Desk Lamp — Philips #1990,Accessory,Desk Lamp,Philips,GOOD,GIVEAWAY,AVAILABLE,1750,2026-09-17,2027-01-10,Architecture Studio
I01991,U0754,Textbook — Pearson #1991,Book,Textbook,Pearson,EXCELLENT,SWAP,AVAILABLE,850,2026-05-02,2026-06-22,CS Department
I01992,U0464,USB Flash Drive — SanDisk #1992,Storage,USB Flash Drive,SanDisk,EXCELLENT,BORROW,AVAILABLE,400,2026-06-27,2026-08-12,Main Block
I01993,U0560,Scientific Calculator — Texas Instruments #1993,Academic,Scientific Calculator,Texas Instruments,GOOD,BORROW,AVAILABLE,1150,2026-01-15,2026-03-18,Central Library
I01994,U0732,Lab Coat — Generic #1994,Clothing,Lab Coat,Generic,GOOD,GIVEAWAY,BORROWED,700,2026-09-14,2027-03-01,Student Centre
I01995,U0022,Power Bank — MI #1995,Accessory,Power Bank,MI,GOOD,BORROW,AVAILABLE,900,2026-07-04,2026-10-24,Hostel Block A
I01996,U0324,HDMI Cable — UGREEN #1996,Cable,HDMI Cable,UGREEN,EXCELLENT,SWAP,AVAILABLE,600,2025-09-30,2025-12-06,Hostel Block B
I01997,U0219,Drawing Board — Camel #1997,Equipment,Drawing Board,Camel,NEW,BORROW,AVAILABLE,1550,2025-12-23,2026-05-21,Hostel Block C
I01998,U0720,Ethernet Cable — D-Link #1998,Cable,Ethernet Cable,D-Link,GOOD,BORROW,BORROWED,400,2025-08-03,2025-12-21,Hostel Block D
I01999,U0341,Extension Board — Philips #1999,Electronics,Extension Board,Philips,EXCELLENT,BORROW,AVAILABLE,950,2026-06-29,2026-08-19,Innovation Lab
I02000,U0473,Breadboard Kit — Generic #2000,Lab Equipment,Breadboard Kit,Generic,EXCELLENT,BORROW,AVAILABLE,750,2026-02-09,2026-06-18,ECE Lab
I02001,U0421,Presentation Clicker — Logitech #2001,Accessory,Presentation Clicker,Logitech,GOOD,SELL,AVAILABLE,950,2026-06-30,2026-08-24,Mechanical Lab
I02002,U0312,Arduino Kit — Arduino #2002,Lab Equipment,Arduino Kit,Arduino,GOOD,BORROW,AVAILABLE,2200,2026-03-08,2026-07-02,Architecture Studio
I02003,U0782,Safety Goggles — 3M #2003,Safety Equipment,Safety Goggles,3M,GOOD,BORROW,AVAILABLE,350,2026-02-16,2026-08-03,CS Department
I02004,U0913,Webcam — Logitech #2004,Electronics,Webcam,Logitech,GOOD,BORROW,BORROWED,1600,2025-12-10,2026-04-23,Main Block
I02005,U0770,Graph Paper Pack — Classmate #2005,Stationery,Graph Paper Pack,Classmate,GOOD,GIVEAWAY,AVAILABLE,100,2026-05-30,2026-08-09,Central Library
I02006,U0148,Soldering Iron Kit — Weller #2006,Lab Equipment,Soldering Iron Kit,Weller,GOOD,BORROW,AVAILABLE,950,2025-12-27,2026-02-22,Student Centre
I02007,U0119,Screwdriver Set — Bosch #2007,Equipment,Screwdriver Set,Bosch,FAIR,BORROW,INACTIVE,1300,2026-01-14,2026-06-17,Hostel Block A
I02008,U0605,Python Programming Book — O'Reilly #2008,Book,Python Programming Book,O'Reilly,EXCELLENT,SWAP,AVAILABLE,600,2026-02-19,2026-04-07,Hostel Block B
I02009,U0744,Vernier Caliper — Mitutoyo #2009,Lab Equipment,Vernier Caliper,Mitutoyo,GOOD,BORROW,BORROWED,2300,2025-12-09,2026-02-28,Hostel Block C
I02010,U0512,Calculator — CASIO #2010,Academic,Calculator,CASIO,GOOD,SWAP,RETURNED,350,2026-05-29,2026-08-15,Hostel Block D
I02011,U0211,Bluetooth Keyboard — Logitech #2011,Accessory,Bluetooth Keyboard,Logitech,EXCELLENT,SELL,BORROWED,1950,2025-09-14,2025-12-01,Innovation Lab
I02012,U0715,External Hard Drive — WD #2012,Storage,External Hard Drive,WD,GOOD,SELL,AVAILABLE,6800,2025-12-23,2026-02-10,ECE Lab
I02013,U0844,USB-C Charger — Anker #2013,Electronics,USB-C Charger,Anker,GOOD,BORROW,AVAILABLE,1650,2026-02-06,2026-03-31,Mechanical Lab
I02014,U0713,Engineering Drawing Kit — Staedtler #2014,Equipment,Engineering Drawing Kit,Staedtler,FAIR,SELL,AVAILABLE,1600,2026-04-05,2026-07-14,Architecture Studio
I02015,U0745,Tripod — Digitek #2015,Equipment,Tripod,Digitek,GOOD,GIVEAWAY,AVAILABLE,2250,2026-02-25,2026-06-28,CS Department
I02016,U0951,Digital Multimeter — Meco #2016,Lab Equipment,Digital Multimeter,Meco,EXCELLENT,GIVEAWAY,AVAILABLE,1950,2026-06-22,2026-11-10,Main Block
I02017,U0649,College Backpack — Wildcraft #2017,Bag,College Backpack,Wildcraft,FAIR,GIVEAWAY,AVAILABLE,1400,2025-08-12,2025-09-24,Central Library
I02018,U0569,Headphones — JBL #2018,Electronics,Headphones,JBL,EXCELLENT,BORROW,AVAILABLE,2200,2026-06-21,2026-08-15,Student Centre
I02019,U0580,Mechanical Drawing Set — Rotring #2019,Stationery,Mechanical Drawing Set,Rotring,EXCELLENT,SWAP,BORROWED,2150,2025-11-28,2026-04-04,Hostel Block A
I02020,U0214,Desk Lamp — Philips #2020,Accessory,Desk Lamp,Philips,GOOD,SWAP,AVAILABLE,500,2025-12-09,2026-05-25,Hostel Block B
I02021,U0432,Textbook — Pearson #2021,Book,Textbook,Pearson,GOOD,SWAP,RETURNED,1000,2026-04-04,2026-08-08,Hostel Block C
I02022,U0169,USB Flash Drive — SanDisk #2022,Storage,USB Flash Drive,SanDisk,GOOD,BORROW,RETURNED,300,2026-09-15,2027-01-31,Hostel Block D
I02023,U0294,Scientific Calculator — Texas Instruments #2023,Academic,Scientific Calculator,Texas Instruments,EXCELLENT,GIVEAWAY,RETURNED,1000,2026-01-01,2026-04-14,Innovation Lab
I02024,U0400,Lab Coat — Generic #2024,Clothing,Lab Coat,Generic,EXCELLENT,GIVEAWAY,RETURNED,650,2026-08-17,2026-10-10,ECE Lab
I02025,U0103,Power Bank — MI #2025,Accessory,Power Bank,MI,GOOD,SELL,AVAILABLE,950,2026-06-27,2026-08-30,Mechanical Lab
I02026,U0133,HDMI Cable — UGREEN #2026,Cable,HDMI Cable,UGREEN,GOOD,SWAP,AVAILABLE,300,2025-10-06,2026-04-02,Architecture Studio
I02027,U0494,Drawing Board — Camel #2027,Equipment,Drawing Board,Camel,GOOD,SWAP,RESERVED,1600,2026-04-30,2026-10-14,CS Department
I02028,U0869,Ethernet Cable — D-Link #2028,Cable,Ethernet Cable,D-Link,GOOD,SWAP,AVAILABLE,200,2026-05-21,2026-07-10,Main Block
I02029,U0827,Extension Board — Philips #2029,Electronics,Extension Board,Philips,EXCELLENT,BORROW,AVAILABLE,500,2025-08-30,2026-01-16,Central Library
I02030,U0460,Breadboard Kit — Generic #2030,Lab Equipment,Breadboard Kit,Generic,GOOD,BORROW,RETURNED,500,2025-12-14,2026-04-03,Student Centre
I02031,U0967,Presentation Clicker — Logitech #2031,Accessory,Presentation Clicker,Logitech,FAIR,SWAP,AVAILABLE,850,2025-08-25,2025-12-15,Hostel Block A
I02032,U0585,Arduino Kit — Arduino #2032,Lab Equipment,Arduino Kit,Arduino,GOOD,BORROW,INACTIVE,1350,2026-02-05,2026-06-07,Hostel Block B
I02033,U0259,Safety Goggles — 3M #2033,Safety Equipment,Safety Goggles,3M,GOOD,BORROW,AVAILABLE,450,2025-10-31,2026-02-23,Hostel Block C
I02034,U0730,Webcam — Logitech #2034,Electronics,Webcam,Logitech,EXCELLENT,GIVEAWAY,AVAILABLE,850,2026-04-29,2026-06-15,Hostel Block D
I02035,U0220,Graph Paper Pack — Classmate #2035,Stationery,Graph Paper Pack,Classmate,GOOD,SELL,AVAILABLE,200,2026-01-20,2026-03-06,Innovation Lab
I02036,U0213,Soldering Iron Kit — Weller #2036,Lab Equipment,Soldering Iron Kit,Weller,NEW,BORROW,AVAILABLE,2450,2026-02-12,2026-04-10,ECE Lab
I02037,U0190,Screwdriver Set — Bosch #2037,Equipment,Screwdriver Set,Bosch,EXCELLENT,SELL,RETURNED,1650,2026-02-28,2026-08-24,Mechanical Lab
I02038,U0412,Python Programming Book — O'Reilly #2038,Book,Python Programming Book,O'Reilly,EXCELLENT,BORROW,AVAILABLE,1250,2026-08-28,2027-02-19,Architecture Studio
I02039,U0225,Vernier Caliper — Mitutoyo #2039,Lab Equipment,Vernier Caliper,Mitutoyo,FAIR,SWAP,AVAILABLE,3700,2026-02-03,2026-04-14,CS Department
I02040,U0414,Calculator — CASIO #2040,Academic,Calculator,CASIO,GOOD,SWAP,AVAILABLE,1500,2025-11-01,2026-02-18,Main Block
I02041,U0032,Bluetooth Keyboard — Logitech #2041,Accessory,Bluetooth Keyboard,Logitech,FAIR,GIVEAWAY,RETURNED,2000,2026-07-31,2027-01-18,Central Library
I02042,U0936,External Hard Drive — WD #2042,Storage,External Hard Drive,WD,FAIR,BORROW,RETURNED,2500,2026-06-05,2026-12-02,Student Centre
I02043,U0530,USB-C Charger — Anker #2043,Electronics,USB-C Charger,Anker,GOOD,BORROW,AVAILABLE,2050,2026-09-15,2027-02-18,Hostel Block A
I02044,U0451,Engineering Drawing Kit — Staedtler #2044,Equipment,Engineering Drawing Kit,Staedtler,GOOD,BORROW,AVAILABLE,1900,2026-05-29,2026-09-30,Hostel Block B
I02045,U0390,Tripod — Digitek #2045,Equipment,Tripod,Digitek,EXCELLENT,BORROW,AVAILABLE,1400,2025-12-27,2026-02-12,Hostel Block C
I02046,U0819,Digital Multimeter — Meco #2046,Lab Equipment,Digital Multimeter,Meco,NEW,SWAP,BORROWED,2000,2025-10-27,2026-01-14,Hostel Block D
I02047,U0928,College Backpack — Wildcraft #2047,Bag,College Backpack,Wildcraft,EXCELLENT,BORROW,AVAILABLE,700,2026-02-13,2026-05-19,Innovation Lab
I02048,U0988,Headphones — JBL #2048,Electronics,Headphones,JBL,NEW,BORROW,AVAILABLE,3400,2026-09-16,2027-03-05,ECE Lab
I02049,U0353,Mechanical Drawing Set — Rotring #2049,Stationery,Mechanical Drawing Set,Rotring,GOOD,BORROW,AVAILABLE,900,2025-10-29,2025-12-24,Mechanical Lab
I02050,U0851,Desk Lamp — Philips #2050,Accessory,Desk Lamp,Philips,NEW,GIVEAWAY,INACTIVE,600,2026-02-25,2026-04-18,Architecture Studio
I02051,U0811,Textbook — Pearson #2051,Book,Textbook,Pearson,GOOD,BORROW,AVAILABLE,250,2025-09-29,2026-01-17,CS Department
I02052,U0763,USB Flash Drive — SanDisk #2052,Storage,USB Flash Drive,SanDisk,FAIR,GIVEAWAY,AVAILABLE,750,2025-09-13,2025-11-30,Main Block
I02053,U0445,Scientific Calculator — Texas Instruments #2053,Academic,Scientific Calculator,Texas Instruments,GOOD,SELL,BORROWED,2300,2026-08-12,2026-11-25,Central Library
I02054,U0345,Lab Coat — Generic #2054,Clothing,Lab Coat,Generic,GOOD,SWAP,AVAILABLE,1200,2026-01-28,2026-04-04,Student Centre
I02055,U0081,Power Bank — MI #2055,Accessory,Power Bank,MI,EXCELLENT,BORROW,RETURNED,1900,2025-10-28,2026-03-18,Hostel Block A
I02056,U0261,HDMI Cable — UGREEN #2056,Cable,HDMI Cable,UGREEN,FAIR,GIVEAWAY,AVAILABLE,250,2026-01-25,2026-05-07,Hostel Block B
I02057,U0165,Drawing Board — Camel #2057,Equipment,Drawing Board,Camel,EXCELLENT,GIVEAWAY,INACTIVE,1250,2026-02-12,2026-07-01,Hostel Block C
I02058,U0244,Ethernet Cable — D-Link #2058,Cable,Ethernet Cable,D-Link,NEW,SWAP,AVAILABLE,250,2026-08-12,2026-11-04,Hostel Block D
I02059,U0992,Extension Board — Philips #2059,Electronics,Extension Board,Philips,EXCELLENT,BORROW,AVAILABLE,550,2025-12-08,2026-02-15,Innovation Lab
I02060,U0734,Breadboard Kit — Generic #2060,Lab Equipment,Breadboard Kit,Generic,EXCELLENT,SWAP,AVAILABLE,400,2026-04-12,2026-08-19,ECE Lab
I02061,U0833,Presentation Clicker — Logitech #2061,Accessory,Presentation Clicker,Logitech,GOOD,BORROW,INACTIVE,1200,2026-02-26,2026-05-24,Mechanical Lab
I02062,U0169,Arduino Kit — Arduino #2062,Lab Equipment,Arduino Kit,Arduino,EXCELLENT,SELL,AVAILABLE,2950,2025-10-03,2026-01-26,Architecture Studio
I02063,U0127,Safety Goggles — 3M #2063,Safety Equipment,Safety Goggles,3M,EXCELLENT,GIVEAWAY,INACTIVE,700,2026-05-30,2026-08-24,CS Department
I02064,U0026,Webcam — Logitech #2064,Electronics,Webcam,Logitech,GOOD,SELL,AVAILABLE,1950,2025-11-18,2026-04-22,Main Block
I02065,U0122,Graph Paper Pack — Classmate #2065,Stationery,Graph Paper Pack,Classmate,GOOD,SWAP,AVAILABLE,200,2026-08-20,2026-10-31,Central Library
I02066,U0824,Soldering Iron Kit — Weller #2066,Lab Equipment,Soldering Iron Kit,Weller,FAIR,GIVEAWAY,AVAILABLE,2800,2025-09-24,2025-10-25,Student Centre
I02067,U0117,Screwdriver Set — Bosch #2067,Equipment,Screwdriver Set,Bosch,EXCELLENT,BORROW,RETURNED,1250,2025-10-11,2026-02-17,Hostel Block A
I02068,U0169,Python Programming Book — O'Reilly #2068,Book,Python Programming Book,O'Reilly,FAIR,SELL,BORROWED,1200,2026-05-05,2026-08-25,Hostel Block B
I02069,U0898,Vernier Caliper — Mitutoyo #2069,Lab Equipment,Vernier Caliper,Mitutoyo,GOOD,BORROW,INACTIVE,1350,2026-01-11,2026-05-26,Hostel Block C
I02070,U0746,Calculator — CASIO #2070,Academic,Calculator,CASIO,EXCELLENT,BORROW,AVAILABLE,600,2025-08-24,2026-01-02,Hostel Block D
I02071,U0325,Bluetooth Keyboard — Logitech #2071,Accessory,Bluetooth Keyboard,Logitech,GOOD,SELL,AVAILABLE,2950,2025-11-14,2026-05-05,Innovation Lab
I02072,U0002,External Hard Drive — WD #2072,Storage,External Hard Drive,WD,EXCELLENT,BORROW,RETURNED,6850,2026-05-18,2026-11-03,ECE Lab
I02073,U0123,USB-C Charger — Anker #2073,Electronics,USB-C Charger,Anker,EXCELLENT,GIVEAWAY,INACTIVE,1750,2026-05-05,2026-06-25,Mechanical Lab
I02074,U0833,Engineering Drawing Kit — Staedtler #2074,Equipment,Engineering Drawing Kit,Staedtler,GOOD,BORROW,AVAILABLE,700,2025-12-02,2026-02-23,Architecture Studio
I02075,U0493,Tripod — Digitek #2075,Equipment,Tripod,Digitek,EXCELLENT,SWAP,AVAILABLE,1350,2026-02-08,2026-06-10,CS Department
I02076,U0424,Digital Multimeter — Meco #2076,Lab Equipment,Digital Multimeter,Meco,GOOD,BORROW,RETURNED,700,2026-06-29,2026-11-16,Main Block
I02077,U0753,College Backpack — Wildcraft #2077,Bag,College Backpack,Wildcraft,EXCELLENT,GIVEAWAY,AVAILABLE,900,2025-08-12,2025-10-04,Central Library
I02078,U0659,Headphones — JBL #2078,Electronics,Headphones,JBL,EXCELLENT,BORROW,AVAILABLE,2750,2026-03-15,2026-04-27,Student Centre
I02079,U0862,Mechanical Drawing Set — Rotring #2079,Stationery,Mechanical Drawing Set,Rotring,EXCELLENT,GIVEAWAY,RESERVED,800,2025-10-26,2025-12-09,Hostel Block A
I02080,U0341,Desk Lamp — Philips #2080,Accessory,Desk Lamp,Philips,GOOD,GIVEAWAY,AVAILABLE,1100,2026-01-25,2026-04-11,Hostel Block B
I02081,U0122,Textbook — Pearson #2081,Book,Textbook,Pearson,GOOD,BORROW,AVAILABLE,850,2026-06-11,2026-10-09,Hostel Block C
I02082,U0227,USB Flash Drive — SanDisk #2082,Storage,USB Flash Drive,SanDisk,NEW,GIVEAWAY,RESERVED,1100,2026-09-01,2026-10-11,Hostel Block D
I02083,U0209,Scientific Calculator — Texas Instruments #2083,Academic,Scientific Calculator,Texas Instruments,EXCELLENT,GIVEAWAY,RETURNED,900,2026-09-20,2027-03-19,Innovation Lab
I02084,U0348,Lab Coat — Generic #2084,Clothing,Lab Coat,Generic,EXCELLENT,BORROW,BORROWED,700,2026-07-06,2026-08-08,ECE Lab
I02085,U0688,Power Bank — MI #2085,Accessory,Power Bank,MI,GOOD,GIVEAWAY,AVAILABLE,1950,2026-06-22,2026-10-29,Mechanical Lab
I02086,U0517,HDMI Cable — UGREEN #2086,Cable,HDMI Cable,UGREEN,GOOD,GIVEAWAY,AVAILABLE,250,2026-04-08,2026-07-09,Architecture Studio
I02087,U0130,Drawing Board — Camel #2087,Equipment,Drawing Board,Camel,GOOD,GIVEAWAY,RESERVED,1100,2025-11-03,2026-03-30,CS Department
I02088,U0256,Ethernet Cable — D-Link #2088,Cable,Ethernet Cable,D-Link,GOOD,BORROW,INACTIVE,500,2025-10-12,2026-03-22,Main Block
I02089,U0146,Extension Board — Philips #2089,Electronics,Extension Board,Philips,GOOD,SWAP,AVAILABLE,350,2026-01-13,2026-06-14,Central Library
I02090,U0944,Breadboard Kit — Generic #2090,Lab Equipment,Breadboard Kit,Generic,GOOD,BORROW,AVAILABLE,750,2025-12-29,2026-05-03,Student Centre
I02091,U0092,Presentation Clicker — Logitech #2091,Accessory,Presentation Clicker,Logitech,GOOD,SELL,AVAILABLE,1050,2026-05-13,2026-10-05,Hostel Block A
I02092,U0535,Arduino Kit — Arduino #2092,Lab Equipment,Arduino Kit,Arduino,NEW,SELL,AVAILABLE,650,2026-02-19,2026-06-18,Hostel Block B
I02093,U0413,Safety Goggles — 3M #2093,Safety Equipment,Safety Goggles,3M,GOOD,SWAP,AVAILABLE,350,2025-08-11,2025-10-22,Hostel Block C
I02094,U0971,Webcam — Logitech #2094,Electronics,Webcam,Logitech,GOOD,BORROW,AVAILABLE,3150,2025-08-05,2025-10-30,Hostel Block D
I02095,U0104,Graph Paper Pack — Classmate #2095,Stationery,Graph Paper Pack,Classmate,EXCELLENT,BORROW,AVAILABLE,150,2026-06-17,2026-11-17,Innovation Lab
I02096,U0717,Soldering Iron Kit — Weller #2096,Lab Equipment,Soldering Iron Kit,Weller,GOOD,BORROW,AVAILABLE,2850,2026-03-08,2026-07-23,ECE Lab
I02097,U0123,Screwdriver Set — Bosch #2097,Equipment,Screwdriver Set,Bosch,GOOD,SELL,INACTIVE,650,2025-10-31,2026-02-22,Mechanical Lab
I02098,U0447,Python Programming Book — O'Reilly #2098,Book,Python Programming Book,O'Reilly,FAIR,BORROW,AVAILABLE,1250,2026-07-24,2026-08-23,Architecture Studio
I02099,U0206,Vernier Caliper — Mitutoyo #2099,Lab Equipment,Vernier Caliper,Mitutoyo,EXCELLENT,BORROW,BORROWED,3500,2025-11-13,2026-04-03,CS Department
I02100,U0805,Calculator — CASIO #2100,Academic,Calculator,CASIO,EXCELLENT,BORROW,AVAILABLE,950,2025-09-17,2026-02-23,Main Block
I02101,U0304,Bluetooth Keyboard — Logitech #2101,Accessory,Bluetooth Keyboard,Logitech,EXCELLENT,BORROW,BORROWED,3250,2026-05-14,2026-07-12,Central Library
I02102,U0865,External Hard Drive — WD #2102,Storage,External Hard Drive,WD,GOOD,SWAP,AVAILABLE,4800,2026-01-03,2026-05-20,Student Centre
I02103,U0837,USB-C Charger — Anker #2103,Electronics,USB-C Charger,Anker,GOOD,GIVEAWAY,RETURNED,1850,2025-10-05,2026-03-06,Hostel Block A
I02104,U0915,Engineering Drawing Kit — Staedtler #2104,Equipment,Engineering Drawing Kit,Staedtler,EXCELLENT,SELL,AVAILABLE,1350,2026-09-15,2026-12-22,Hostel Block B
I02105,U0113,Tripod — Digitek #2105,Equipment,Tripod,Digitek,EXCELLENT,SWAP,AVAILABLE,1600,2026-08-12,2026-09-15,Hostel Block C
I02106,U0579,Digital Multimeter — Meco #2106,Lab Equipment,Digital Multimeter,Meco,GOOD,SWAP,RETURNED,1300,2026-03-08,2026-05-20,Hostel Block D
I02107,U0231,College Backpack — Wildcraft #2107,Bag,College Backpack,Wildcraft,EXCELLENT,SWAP,AVAILABLE,1300,2026-09-16,2027-01-27,Innovation Lab
I02108,U0185,Headphones — JBL #2108,Electronics,Headphones,JBL,GOOD,GIVEAWAY,AVAILABLE,2450,2025-09-06,2025-12-30,ECE Lab
I02109,U0428,Mechanical Drawing Set — Rotring #2109,Stationery,Mechanical Drawing Set,Rotring,EXCELLENT,SWAP,BORROWED,700,2026-08-18,2026-11-05,Mechanical Lab
I02110,U0864,Desk Lamp — Philips #2110,Accessory,Desk Lamp,Philips,EXCELLENT,SWAP,AVAILABLE,1250,2025-09-07,2025-11-17,Architecture Studio
I02111,U0354,Textbook — Pearson #2111,Book,Textbook,Pearson,GOOD,BORROW,AVAILABLE,1100,2026-08-15,2026-11-20,CS Department
I02112,U0614,USB Flash Drive — SanDisk #2112,Storage,USB Flash Drive,SanDisk,GOOD,BORROW,RETURNED,950,2025-11-23,2026-03-10,Main Block
I02113,U0246,Scientific Calculator — Texas Instruments #2113,Academic,Scientific Calculator,Texas Instruments,GOOD,SELL,AVAILABLE,2250,2025-12-13,2026-02-09,Central Library
I02114,U0852,Lab Coat — Generic #2114,Clothing,Lab Coat,Generic,GOOD,BORROW,AVAILABLE,550,2026-09-23,2026-12-21,Student Centre
I02115,U0184,Power Bank — MI #2115,Accessory,Power Bank,MI,GOOD,GIVEAWAY,BORROWED,1450,2026-06-03,2026-08-11,Hostel Block A
I02116,U0801,HDMI Cable — UGREEN #2116,Cable,HDMI Cable,UGREEN,GOOD,SELL,AVAILABLE,350,2026-02-19,2026-04-07,Hostel Block B
I02117,U0135,Drawing Board — Camel #2117,Equipment,Drawing Board,Camel,FAIR,BORROW,INACTIVE,1000,2025-09-09,2025-12-22,Hostel Block C
I02118,U0984,Ethernet Cable — D-Link #2118,Cable,Ethernet Cable,D-Link,GOOD,BORROW,RESERVED,200,2025-10-29,2026-04-26,Hostel Block D
I02119,U0908,Extension Board — Philips #2119,Electronics,Extension Board,Philips,EXCELLENT,SELL,AVAILABLE,950,2026-03-10,2026-06-16,Innovation Lab
I02120,U0608,Breadboard Kit — Generic #2120,Lab Equipment,Breadboard Kit,Generic,GOOD,GIVEAWAY,AVAILABLE,400,2026-03-20,2026-08-07,ECE Lab
I02121,U0333,Presentation Clicker — Logitech #2121,Accessory,Presentation Clicker,Logitech,EXCELLENT,BORROW,RESERVED,1500,2025-10-13,2026-03-03,Mechanical Lab
I02122,U0091,Arduino Kit — Arduino #2122,Lab Equipment,Arduino Kit,Arduino,GOOD,SELL,RETURNED,1800,2026-06-26,2026-09-11,Architecture Studio
I02123,U0806,Safety Goggles — 3M #2123,Safety Equipment,Safety Goggles,3M,EXCELLENT,SELL,INACTIVE,650,2026-03-06,2026-06-19,CS Department
I02124,U0730,Webcam — Logitech #2124,Electronics,Webcam,Logitech,GOOD,BORROW,AVAILABLE,1300,2025-10-17,2026-02-08,Main Block
I02125,U0589,Graph Paper Pack — Classmate #2125,Stationery,Graph Paper Pack,Classmate,GOOD,SWAP,AVAILABLE,150,2026-03-04,2026-07-12,Central Library
I02126,U0529,Soldering Iron Kit — Weller #2126,Lab Equipment,Soldering Iron Kit,Weller,FAIR,BORROW,AVAILABLE,2600,2025-09-03,2026-01-04,Student Centre
I02127,U0103,Screwdriver Set — Bosch #2127,Equipment,Screwdriver Set,Bosch,GOOD,BORROW,AVAILABLE,1150,2026-04-09,2026-09-02,Hostel Block A
I02128,U0687,Python Programming Book — O'Reilly #2128,Book,Python Programming Book,O'Reilly,EXCELLENT,GIVEAWAY,BORROWED,750,2025-08-21,2025-09-27,Hostel Block B
I02129,U0056,Vernier Caliper — Mitutoyo #2129,Lab Equipment,Vernier Caliper,Mitutoyo,EXCELLENT,SWAP,AVAILABLE,1600,2026-07-21,2026-12-07,Hostel Block C
I02130,U0646,Calculator — CASIO #2130,Academic,Calculator,CASIO,GOOD,BORROW,AVAILABLE,400,2026-01-29,2026-06-03,Hostel Block D
I02131,U0973,Bluetooth Keyboard — Logitech #2131,Accessory,Bluetooth Keyboard,Logitech,FAIR,BORROW,INACTIVE,1300,2026-02-24,2026-05-09,Innovation Lab
I02132,U0611,External Hard Drive — WD #2132,Storage,External Hard Drive,WD,GOOD,SWAP,RESERVED,4300,2025-11-03,2026-01-13,ECE Lab
I02133,U0650,USB-C Charger — Anker #2133,Electronics,USB-C Charger,Anker,EXCELLENT,GIVEAWAY,INACTIVE,1750,2026-07-29,2026-11-13,Mechanical Lab
I02134,U0035,Engineering Drawing Kit — Staedtler #2134,Equipment,Engineering Drawing Kit,Staedtler,EXCELLENT,BORROW,AVAILABLE,1600,2026-06-07,2026-07-21,Architecture Studio
I02135,U0586,Tripod — Digitek #2135,Equipment,Tripod,Digitek,FAIR,BORROW,AVAILABLE,1300,2025-12-20,2026-03-12,CS Department
I02136,U0941,Digital Multimeter — Meco #2136,Lab Equipment,Digital Multimeter,Meco,EXCELLENT,SWAP,BORROWED,2100,2026-06-09,2026-09-18,Main Block
I02137,U0466,College Backpack — Wildcraft #2137,Bag,College Backpack,Wildcraft,GOOD,GIVEAWAY,AVAILABLE,1900,2025-11-07,2026-02-21,Central Library
I02138,U0730,Headphones — JBL #2138,Electronics,Headphones,JBL,GOOD,SELL,BORROWED,1800,2026-07-03,2026-11-17,Student Centre
I02139,U0147,Mechanical Drawing Set — Rotring #2139,Stationery,Mechanical Drawing Set,Rotring,NEW,GIVEAWAY,AVAILABLE,1250,2026-03-28,2026-06-05,Hostel Block A
I02140,U0645,Desk Lamp — Philips #2140,Accessory,Desk Lamp,Philips,GOOD,SWAP,RESERVED,1500,2026-03-18,2026-08-14,Hostel Block B
I02141,U0957,Textbook — Pearson #2141,Book,Textbook,Pearson,GOOD,BORROW,AVAILABLE,850,2026-06-11,2026-11-21,Hostel Block C
I02142,U0657,USB Flash Drive — SanDisk #2142,Storage,USB Flash Drive,SanDisk,NEW,BORROW,RETURNED,1100,2025-11-15,2026-04-24,Hostel Block D
I02143,U0042,Scientific Calculator — Texas Instruments #2143,Academic,Scientific Calculator,Texas Instruments,EXCELLENT,BORROW,AVAILABLE,2500,2025-12-26,2026-05-23,Innovation Lab
I02144,U0566,Lab Coat — Generic #2144,Clothing,Lab Coat,Generic,GOOD,GIVEAWAY,AVAILABLE,1000,2025-09-07,2026-01-04,ECE Lab
I02145,U0923,Power Bank — MI #2145,Accessory,Power Bank,MI,EXCELLENT,BORROW,RESERVED,950,2026-03-11,2026-05-15,Mechanical Lab
I02146,U0687,HDMI Cable — UGREEN #2146,Cable,HDMI Cable,UGREEN,GOOD,GIVEAWAY,BORROWED,250,2025-12-02,2026-01-17,Architecture Studio
I02147,U0630,Drawing Board — Camel #2147,Equipment,Drawing Board,Camel,EXCELLENT,BORROW,AVAILABLE,1500,2025-11-27,2026-01-24,CS Department
I02148,U0342,Ethernet Cable — D-Link #2148,Cable,Ethernet Cable,D-Link,GOOD,SELL,RETURNED,600,2026-03-24,2026-05-25,Main Block
I02149,U0459,Extension Board — Philips #2149,Electronics,Extension Board,Philips,GOOD,BORROW,AVAILABLE,1200,2025-10-24,2026-02-10,Central Library
I02150,U0478,Breadboard Kit — Generic #2150,Lab Equipment,Breadboard Kit,Generic,EXCELLENT,BORROW,AVAILABLE,400,2026-05-17,2026-10-24,Student Centre
I02151,U0569,Presentation Clicker — Logitech #2151,Accessory,Presentation Clicker,Logitech,GOOD,SELL,AVAILABLE,2100,2025-10-11,2025-12-31,Hostel Block A
I02152,U0043,Arduino Kit — Arduino #2152,Lab Equipment,Arduino Kit,Arduino,FAIR,BORROW,AVAILABLE,1000,2025-09-25,2026-02-09,Hostel Block B
I02153,U0408,Safety Goggles — 3M #2153,Safety Equipment,Safety Goggles,3M,NEW,BORROW,AVAILABLE,400,2026-01-19,2026-04-22,Hostel Block C
I02154,U0988,Webcam — Logitech #2154,Electronics,Webcam,Logitech,GOOD,BORROW,INACTIVE,2400,2025-10-31,2025-12-28,Hostel Block D
I02155,U0159,Graph Paper Pack — Classmate #2155,Stationery,Graph Paper Pack,Classmate,GOOD,SWAP,AVAILABLE,100,2026-08-17,2026-12-14,Innovation Lab
I02156,U0316,Soldering Iron Kit — Weller #2156,Lab Equipment,Soldering Iron Kit,Weller,NEW,BORROW,AVAILABLE,1900,2026-03-25,2026-09-21,ECE Lab
I02157,U0347,Screwdriver Set — Bosch #2157,Equipment,Screwdriver Set,Bosch,NEW,BORROW,RETURNED,550,2026-06-25,2026-08-08,Mechanical Lab
I02158,U0136,Python Programming Book — O'Reilly #2158,Book,Python Programming Book,O'Reilly,GOOD,GIVEAWAY,AVAILABLE,1650,2026-03-05,2026-08-13,Architecture Studio
I02159,U0131,Vernier Caliper — Mitutoyo #2159,Lab Equipment,Vernier Caliper,Mitutoyo,NEW,BORROW,AVAILABLE,1850,2026-05-20,2026-09-08,CS Department
I02160,U0740,Calculator — CASIO #2160,Academic,Calculator,CASIO,NEW,GIVEAWAY,RETURNED,1200,2025-10-03,2026-02-02,Main Block
I02161,U0604,Bluetooth Keyboard — Logitech #2161,Accessory,Bluetooth Keyboard,Logitech,FAIR,SELL,AVAILABLE,3400,2026-02-13,2026-04-08,Central Library
I02162,U0056,External Hard Drive — WD #2162,Storage,External Hard Drive,WD,GOOD,BORROW,RESERVED,3500,2026-01-06,2026-03-23,Student Centre
I02163,U0409,USB-C Charger — Anker #2163,Electronics,USB-C Charger,Anker,GOOD,SELL,AVAILABLE,1900,2025-12-30,2026-03-18,Hostel Block A
I02164,U0783,Engineering Drawing Kit — Staedtler #2164,Equipment,Engineering Drawing Kit,Staedtler,FAIR,GIVEAWAY,AVAILABLE,2350,2026-07-19,2026-08-26,Hostel Block B
I02165,U0303,Tripod — Digitek #2165,Equipment,Tripod,Digitek,GOOD,BORROW,RETURNED,1300,2026-05-28,2026-11-04,Hostel Block C
I02166,U0716,Digital Multimeter — Meco #2166,Lab Equipment,Digital Multimeter,Meco,EXCELLENT,SWAP,RESERVED,1000,2026-05-09,2026-06-18,Hostel Block D
I02167,U0896,College Backpack — Wildcraft #2167,Bag,College Backpack,Wildcraft,FAIR,BORROW,AVAILABLE,950,2025-09-27,2026-02-06,Innovation Lab
I02168,U0302,Headphones — JBL #2168,Electronics,Headphones,JBL,FAIR,SWAP,AVAILABLE,2950,2025-12-24,2026-05-14,ECE Lab
I02169,U0857,Mechanical Drawing Set — Rotring #2169,Stationery,Mechanical Drawing Set,Rotring,FAIR,GIVEAWAY,BORROWED,2050,2026-04-21,2026-06-18,Mechanical Lab
I02170,U0049,Desk Lamp — Philips #2170,Accessory,Desk Lamp,Philips,GOOD,SWAP,AVAILABLE,850,2026-03-22,2026-05-26,Architecture Studio
I02171,U0714,Textbook — Pearson #2171,Book,Textbook,Pearson,EXCELLENT,GIVEAWAY,AVAILABLE,1000,2026-01-30,2026-05-11,CS Department
I02172,U0266,USB Flash Drive — SanDisk #2172,Storage,USB Flash Drive,SanDisk,GOOD,GIVEAWAY,AVAILABLE,500,2026-03-19,2026-06-11,Main Block
I02173,U0341,Scientific Calculator — Texas Instruments #2173,Academic,Scientific Calculator,Texas Instruments,EXCELLENT,SWAP,AVAILABLE,450,2026-02-03,2026-07-16,Central Library
I02174,U0406,Lab Coat — Generic #2174,Clothing,Lab Coat,Generic,GOOD,SELL,RETURNED,750,2026-09-16,2026-11-05,Student Centre
I02175,U0525,Power Bank — MI #2175,Accessory,Power Bank,MI,EXCELLENT,SELL,RETURNED,1450,2026-06-28,2026-08-04,Hostel Block A
I02176,U0656,HDMI Cable — UGREEN #2176,Cable,HDMI Cable,UGREEN,EXCELLENT,SWAP,RETURNED,350,2025-11-25,2026-02-04,Hostel Block B
I02177,U0079,Drawing Board — Camel #2177,Equipment,Drawing Board,Camel,EXCELLENT,GIVEAWAY,AVAILABLE,1400,2025-11-24,2026-02-25,Hostel Block C
I02178,U0413,Ethernet Cable — D-Link #2178,Cable,Ethernet Cable,D-Link,GOOD,BORROW,AVAILABLE,300,2026-08-25,2026-10-18,Hostel Block D
I02179,U0003,Extension Board — Philips #2179,Electronics,Extension Board,Philips,FAIR,SWAP,INACTIVE,1250,2025-12-01,2026-04-06,Innovation Lab
I02180,U0017,Breadboard Kit — Generic #2180,Lab Equipment,Breadboard Kit,Generic,GOOD,SWAP,AVAILABLE,600,2025-08-24,2025-12-25,ECE Lab
I02181,U0716,Presentation Clicker — Logitech #2181,Accessory,Presentation Clicker,Logitech,GOOD,SELL,BORROWED,1500,2025-12-05,2026-03-09,Mechanical Lab
I02182,U0725,Arduino Kit — Arduino #2182,Lab Equipment,Arduino Kit,Arduino,EXCELLENT,SELL,AVAILABLE,1850,2026-07-28,2026-09-08,Architecture Studio
I02183,U0125,Safety Goggles — 3M #2183,Safety Equipment,Safety Goggles,3M,GOOD,SWAP,AVAILABLE,500,2026-03-30,2026-08-15,CS Department
I02184,U0614,Webcam — Logitech #2184,Electronics,Webcam,Logitech,GOOD,SWAP,RETURNED,1300,2026-01-17,2026-06-25,Main Block
I02185,U0701,Graph Paper Pack — Classmate #2185,Stationery,Graph Paper Pack,Classmate,NEW,BORROW,AVAILABLE,100,2025-08-14,2025-11-30,Central Library
I02186,U0983,Soldering Iron Kit — Weller #2186,Lab Equipment,Soldering Iron Kit,Weller,GOOD,SELL,AVAILABLE,1900,2025-10-19,2025-12-14,Student Centre
I02187,U0471,Screwdriver Set — Bosch #2187,Equipment,Screwdriver Set,Bosch,NEW,BORROW,RETURNED,1650,2026-05-29,2026-11-05,Hostel Block A
I02188,U0683,Python Programming Book — O'Reilly #2188,Book,Python Programming Book,O'Reilly,GOOD,BORROW,AVAILABLE,1700,2026-02-08,2026-07-22,Hostel Block B
I02189,U0872,Vernier Caliper — Mitutoyo #2189,Lab Equipment,Vernier Caliper,Mitutoyo,FAIR,BORROW,AVAILABLE,5150,2025-12-30,2026-03-30,Hostel Block C
I02190,U0202,Calculator — CASIO #2190,Academic,Calculator,CASIO,EXCELLENT,BORROW,AVAILABLE,1000,2026-06-16,2026-11-04,Hostel Block D
I02191,U0970,Bluetooth Keyboard — Logitech #2191,Accessory,Bluetooth Keyboard,Logitech,GOOD,BORROW,AVAILABLE,1950,2026-04-03,2026-06-14,Innovation Lab
I02192,U0934,External Hard Drive — WD #2192,Storage,External Hard Drive,WD,GOOD,GIVEAWAY,BORROWED,6650,2025-10-29,2026-01-21,ECE Lab
I02193,U0672,USB-C Charger — Anker #2193,Electronics,USB-C Charger,Anker,GOOD,BORROW,AVAILABLE,2200,2025-10-01,2026-01-20,Mechanical Lab
I02194,U0230,Engineering Drawing Kit — Staedtler #2194,Equipment,Engineering Drawing Kit,Staedtler,GOOD,BORROW,INACTIVE,1150,2026-07-06,2026-09-27,Architecture Studio
I02195,U0241,Tripod — Digitek #2195,Equipment,Tripod,Digitek,GOOD,BORROW,RETURNED,550,2025-08-14,2025-10-31,CS Department
I02196,U0699,Digital Multimeter — Meco #2196,Lab Equipment,Digital Multimeter,Meco,GOOD,SWAP,AVAILABLE,600,2026-04-22,2026-07-07,Main Block
I02197,U0377,College Backpack — Wildcraft #2197,Bag,College Backpack,Wildcraft,GOOD,SELL,AVAILABLE,650,2026-09-10,2026-12-26,Central Library
I02198,U0630,Headphones — JBL #2198,Electronics,Headphones,JBL,EXCELLENT,BORROW,AVAILABLE,2000,2026-06-22,2026-09-27,Student Centre
I02199,U0690,Mechanical Drawing Set — Rotring #2199,Stationery,Mechanical Drawing Set,Rotring,GOOD,SWAP,RESERVED,1450,2025-10-08,2025-11-15,Hostel Block A
I02200,U0839,Desk Lamp — Philips #2200,Accessory,Desk Lamp,Philips,GOOD,SELL,RESERVED,1400,2026-05-26,2026-09-27,Hostel Block B
I02201,U0690,Textbook — Pearson #2201,Book,Textbook,Pearson,GOOD,SELL,AVAILABLE,700,2026-09-25,2026-11-16,Hostel Block C
I02202,U0208,USB Flash Drive — SanDisk #2202,Storage,USB Flash Drive,SanDisk,EXCELLENT,BORROW,AVAILABLE,650,2025-12-12,2026-02-12,Hostel Block D
I02203,U0133,Scientific Calculator — Texas Instruments #2203,Academic,Scientific Calculator,Texas Instruments,EXCELLENT,BORROW,RESERVED,2200,2026-04-17,2026-07-01,Innovation Lab
I02204,U0512,Lab Coat — Generic #2204,Clothing,Lab Coat,Generic,EXCELLENT,SELL,AVAILABLE,800,2026-03-23,2026-09-14,ECE Lab
I02205,U0176,Power Bank — MI #2205,Accessory,Power Bank,MI,GOOD,BORROW,AVAILABLE,850,2026-05-26,2026-09-17,Mechanical Lab
I02206,U0064,HDMI Cable — UGREEN #2206,Cable,HDMI Cable,UGREEN,GOOD,SWAP,INACTIVE,750,2026-08-19,2026-11-10,Architecture Studio
I02207,U0965,Drawing Board — Camel #2207,Equipment,Drawing Board,Camel,GOOD,SELL,INACTIVE,1550,2025-09-08,2025-12-01,CS Department
I02208,U0393,Ethernet Cable — D-Link #2208,Cable,Ethernet Cable,D-Link,FAIR,SWAP,RESERVED,500,2026-03-23,2026-08-26,Main Block
I02209,U0872,Extension Board — Philips #2209,Electronics,Extension Board,Philips,EXCELLENT,BORROW,AVAILABLE,1000,2026-03-02,2026-07-31,Central Library
I02210,U0175,Breadboard Kit — Generic #2210,Lab Equipment,Breadboard Kit,Generic,GOOD,GIVEAWAY,BORROWED,750,2026-05-21,2026-08-30,Student Centre
I02211,U0601,Presentation Clicker — Logitech #2211,Accessory,Presentation Clicker,Logitech,EXCELLENT,BORROW,AVAILABLE,2050,2025-09-06,2025-10-29,Hostel Block A
I02212,U0317,Arduino Kit — Arduino #2212,Lab Equipment,Arduino Kit,Arduino,NEW,SELL,AVAILABLE,1000,2026-07-23,2027-01-17,Hostel Block B
I02213,U0445,Safety Goggles — 3M #2213,Safety Equipment,Safety Goggles,3M,FAIR,SELL,AVAILABLE,150,2026-09-12,2027-02-03,Hostel Block C
I02214,U0936,Webcam — Logitech #2214,Electronics,Webcam,Logitech,EXCELLENT,BORROW,AVAILABLE,2000,2026-06-01,2026-11-17,Hostel Block D
I02215,U0940,Graph Paper Pack — Classmate #2215,Stationery,Graph Paper Pack,Classmate,GOOD,BORROW,AVAILABLE,200,2026-04-01,2026-06-27,Innovation Lab
I02216,U0213,Soldering Iron Kit — Weller #2216,Lab Equipment,Soldering Iron Kit,Weller,GOOD,BORROW,AVAILABLE,3200,2026-04-08,2026-08-29,ECE Lab
I02217,U0145,Screwdriver Set — Bosch #2217,Equipment,Screwdriver Set,Bosch,GOOD,GIVEAWAY,AVAILABLE,400,2025-10-20,2026-03-22,Mechanical Lab
I02218,U0934,Python Programming Book — O'Reilly #2218,Book,Python Programming Book,O'Reilly,EXCELLENT,GIVEAWAY,RESERVED,550,2026-05-19,2026-06-22,Architecture Studio
I02219,U0240,Vernier Caliper — Mitutoyo #2219,Lab Equipment,Vernier Caliper,Mitutoyo,GOOD,SWAP,AVAILABLE,5850,2025-08-17,2025-11-16,CS Department
I02220,U0454,Calculator — CASIO #2220,Academic,Calculator,CASIO,GOOD,GIVEAWAY,AVAILABLE,550,2025-09-29,2026-01-21,Main Block
I02221,U0717,Bluetooth Keyboard — Logitech #2221,Accessory,Bluetooth Keyboard,Logitech,NEW,SELL,AVAILABLE,2100,2026-06-12,2026-08-18,Central Library
I02222,U0745,External Hard Drive — WD #2222,Storage,External Hard Drive,WD,EXCELLENT,BORROW,AVAILABLE,4850,2025-10-31,2026-01-18,Student Centre
I02223,U0122,USB-C Charger — Anker #2223,Electronics,USB-C Charger,Anker,FAIR,GIVEAWAY,AVAILABLE,1700,2026-08-01,2027-01-24,Hostel Block A
I02224,U0690,Engineering Drawing Kit — Staedtler #2224,Equipment,Engineering Drawing Kit,Staedtler,GOOD,BORROW,AVAILABLE,550,2026-01-26,2026-05-30,Hostel Block B
I02225,U0587,Tripod — Digitek #2225,Equipment,Tripod,Digitek,EXCELLENT,BORROW,AVAILABLE,2250,2025-09-16,2025-12-11,Hostel Block C
I02226,U0139,Digital Multimeter — Meco #2226,Lab Equipment,Digital Multimeter,Meco,EXCELLENT,BORROW,AVAILABLE,1850,2025-08-19,2025-10-12,Hostel Block D
I02227,U0268,College Backpack — Wildcraft #2227,Bag,College Backpack,Wildcraft,GOOD,BORROW,AVAILABLE,2950,2026-05-26,2026-08-16,Innovation Lab
I02228,U0876,Headphones — JBL #2228,Electronics,Headphones,JBL,GOOD,SWAP,RETURNED,1600,2025-12-16,2026-04-20,ECE Lab
I02229,U0287,Mechanical Drawing Set — Rotring #2229,Stationery,Mechanical Drawing Set,Rotring,EXCELLENT,SWAP,AVAILABLE,1350,2025-08-21,2025-11-24,Mechanical Lab
I02230,U0815,Desk Lamp — Philips #2230,Accessory,Desk Lamp,Philips,NEW,GIVEAWAY,BORROWED,500,2026-03-28,2026-05-25,Architecture Studio
I02231,U0130,Textbook — Pearson #2231,Book,Textbook,Pearson,EXCELLENT,BORROW,AVAILABLE,950,2025-08-19,2025-11-27,CS Department
I02232,U0851,USB Flash Drive — SanDisk #2232,Storage,USB Flash Drive,SanDisk,GOOD,BORROW,RETURNED,350,2026-08-07,2026-12-31,Main Block
I02233,U0500,Scientific Calculator — Texas Instruments #2233,Academic,Scientific Calculator,Texas Instruments,GOOD,SWAP,AVAILABLE,1450,2026-07-14,2026-12-05,Central Library
I02234,U0051,Lab Coat — Generic #2234,Clothing,Lab Coat,Generic,GOOD,SWAP,RETURNED,600,2025-10-26,2025-12-17,Student Centre
I02235,U0148,Power Bank — MI #2235,Accessory,Power Bank,MI,GOOD,BORROW,RETURNED,1200,2026-09-02,2027-01-12,Hostel Block A
I02236,U0640,HDMI Cable — UGREEN #2236,Cable,HDMI Cable,UGREEN,FAIR,SWAP,AVAILABLE,500,2025-09-26,2026-02-10,Hostel Block B
I02237,U0231,Drawing Board — Camel #2237,Equipment,Drawing Board,Camel,GOOD,BORROW,AVAILABLE,1700,2026-03-05,2026-09-01,Hostel Block C
I02238,U0642,Ethernet Cable — D-Link #2238,Cable,Ethernet Cable,D-Link,EXCELLENT,BORROW,AVAILABLE,400,2025-12-14,2026-03-20,Hostel Block D
I02239,U0053,Extension Board — Philips #2239,Electronics,Extension Board,Philips,EXCELLENT,BORROW,AVAILABLE,1350,2026-06-18,2026-08-20,Innovation Lab
I02240,U0542,Breadboard Kit — Generic #2240,Lab Equipment,Breadboard Kit,Generic,GOOD,BORROW,AVAILABLE,200,2025-08-27,2026-01-20,ECE Lab
I02241,U0279,Presentation Clicker — Logitech #2241,Accessory,Presentation Clicker,Logitech,GOOD,SWAP,INACTIVE,800,2026-02-21,2026-07-22,Mechanical Lab
I02242,U0568,Arduino Kit — Arduino #2242,Lab Equipment,Arduino Kit,Arduino,EXCELLENT,BORROW,AVAILABLE,1750,2026-05-20,2026-10-28,Architecture Studio
I02243,U0875,Safety Goggles — 3M #2243,Safety Equipment,Safety Goggles,3M,FAIR,BORROW,AVAILABLE,350,2026-03-16,2026-08-05,CS Department
I02244,U0872,Webcam — Logitech #2244,Electronics,Webcam,Logitech,EXCELLENT,SELL,AVAILABLE,1600,2026-07-24,2026-09-08,Main Block
I02245,U0391,Graph Paper Pack — Classmate #2245,Stationery,Graph Paper Pack,Classmate,GOOD,BORROW,AVAILABLE,150,2026-01-07,2026-04-29,Central Library
I02246,U0394,Soldering Iron Kit — Weller #2246,Lab Equipment,Soldering Iron Kit,Weller,GOOD,BORROW,AVAILABLE,1500,2025-08-24,2025-10-19,Student Centre
I02247,U0407,Screwdriver Set — Bosch #2247,Equipment,Screwdriver Set,Bosch,GOOD,BORROW,AVAILABLE,350,2026-07-08,2026-12-16,Hostel Block A
I02248,U0710,Python Programming Book — O'Reilly #2248,Book,Python Programming Book,O'Reilly,GOOD,BORROW,AVAILABLE,1150,2026-04-28,2026-09-02,Hostel Block B
I02249,U0332,Vernier Caliper — Mitutoyo #2249,Lab Equipment,Vernier Caliper,Mitutoyo,GOOD,SELL,AVAILABLE,2200,2025-12-07,2026-01-07,Hostel Block C
I02250,U0217,Calculator — CASIO #2250,Academic,Calculator,CASIO,EXCELLENT,SWAP,BORROWED,1150,2025-10-19,2026-03-14,Hostel Block D
I02251,U0026,Bluetooth Keyboard — Logitech #2251,Accessory,Bluetooth Keyboard,Logitech,GOOD,SWAP,BORROWED,1850,2025-10-22,2026-03-23,Innovation Lab
I02252,U0715,External Hard Drive — WD #2252,Storage,External Hard Drive,WD,GOOD,SELL,AVAILABLE,4150,2026-04-06,2026-08-23,ECE Lab
I02253,U0035,USB-C Charger — Anker #2253,Electronics,USB-C Charger,Anker,GOOD,BORROW,AVAILABLE,2100,2026-05-03,2026-07-26,Mechanical Lab
I02254,U0647,Engineering Drawing Kit — Staedtler #2254,Equipment,Engineering Drawing Kit,Staedtler,GOOD,SELL,AVAILABLE,1000,2026-03-18,2026-09-09,Architecture Studio
I02255,U0264,Tripod — Digitek #2255,Equipment,Tripod,Digitek,GOOD,SWAP,AVAILABLE,1500,2025-11-30,2026-03-07,CS Department
I02256,U0587,Digital Multimeter — Meco #2256,Lab Equipment,Digital Multimeter,Meco,FAIR,BORROW,AVAILABLE,650,2025-11-02,2025-12-04,Main Block
I02257,U0609,College Backpack — Wildcraft #2257,Bag,College Backpack,Wildcraft,EXCELLENT,BORROW,BORROWED,1200,2026-09-07,2027-01-16,Central Library
I02258,U0510,Headphones — JBL #2258,Electronics,Headphones,JBL,EXCELLENT,BORROW,AVAILABLE,3050,2025-12-22,2026-02-07,Student Centre
I02259,U0067,Mechanical Drawing Set — Rotring #2259,Stationery,Mechanical Drawing Set,Rotring,GOOD,SWAP,AVAILABLE,700,2025-09-11,2026-02-16,Hostel Block A
I02260,U0620,Desk Lamp — Philips #2260,Accessory,Desk Lamp,Philips,GOOD,GIVEAWAY,AVAILABLE,1350,2025-09-25,2026-02-28,Hostel Block B
I02261,U0920,Textbook — Pearson #2261,Book,Textbook,Pearson,GOOD,SELL,AVAILABLE,1000,2026-06-18,2026-12-05,Hostel Block C
I02262,U0048,USB Flash Drive — SanDisk #2262,Storage,USB Flash Drive,SanDisk,EXCELLENT,GIVEAWAY,RETURNED,650,2026-08-21,2027-01-21,Hostel Block D
I02263,U0149,Scientific Calculator — Texas Instruments #2263,Academic,Scientific Calculator,Texas Instruments,GOOD,SWAP,RESERVED,1200,2026-02-10,2026-05-17,Innovation Lab
I02264,U0648,Lab Coat — Generic #2264,Clothing,Lab Coat,Generic,GOOD,BORROW,AVAILABLE,400,2025-08-30,2025-10-28,ECE Lab
I02265,U0285,Power Bank — MI #2265,Accessory,Power Bank,MI,GOOD,SELL,RETURNED,950,2026-05-17,2026-09-29,Mechanical Lab
I02266,U0274,HDMI Cable — UGREEN #2266,Cable,HDMI Cable,UGREEN,GOOD,SWAP,RESERVED,300,2026-06-13,2026-10-20,Architecture Studio
I02267,U0601,Drawing Board — Camel #2267,Equipment,Drawing Board,Camel,GOOD,BORROW,AVAILABLE,600,2026-01-27,2026-04-23,CS Department
I02268,U0771,Ethernet Cable — D-Link #2268,Cable,Ethernet Cable,D-Link,EXCELLENT,GIVEAWAY,BORROWED,500,2026-06-28,2026-09-23,Main Block
I02269,U0750,Extension Board — Philips #2269,Electronics,Extension Board,Philips,GOOD,SWAP,AVAILABLE,1150,2026-04-02,2026-08-28,Central Library
I02270,U0864,Breadboard Kit — Generic #2270,Lab Equipment,Breadboard Kit,Generic,FAIR,SWAP,AVAILABLE,600,2026-07-12,2026-10-12,Student Centre
I02271,U0595,Presentation Clicker — Logitech #2271,Accessory,Presentation Clicker,Logitech,EXCELLENT,GIVEAWAY,AVAILABLE,2100,2026-03-21,2026-05-30,Hostel Block A
I02272,U0089,Arduino Kit — Arduino #2272,Lab Equipment,Arduino Kit,Arduino,GOOD,SELL,AVAILABLE,2100,2026-08-25,2027-01-30,Hostel Block B
I02273,U0482,Safety Goggles — 3M #2273,Safety Equipment,Safety Goggles,3M,EXCELLENT,SELL,AVAILABLE,450,2026-08-07,2026-10-03,Hostel Block C
I02274,U0427,Webcam — Logitech #2274,Electronics,Webcam,Logitech,GOOD,BORROW,AVAILABLE,4250,2026-04-27,2026-10-05,Hostel Block D
I02275,U0658,Graph Paper Pack — Classmate #2275,Stationery,Graph Paper Pack,Classmate,FAIR,GIVEAWAY,AVAILABLE,50,2025-12-14,2026-05-18,Innovation Lab
I02276,U0892,Soldering Iron Kit — Weller #2276,Lab Equipment,Soldering Iron Kit,Weller,GOOD,BORROW,AVAILABLE,2700,2026-07-12,2026-10-25,ECE Lab
I02277,U0959,Screwdriver Set — Bosch #2277,Equipment,Screwdriver Set,Bosch,GOOD,GIVEAWAY,INACTIVE,300,2026-01-17,2026-06-16,Mechanical Lab
I02278,U0959,Python Programming Book — O'Reilly #2278,Book,Python Programming Book,O'Reilly,GOOD,BORROW,AVAILABLE,1700,2026-01-24,2026-05-08,Architecture Studio
I02279,U0043,Vernier Caliper — Mitutoyo #2279,Lab Equipment,Vernier Caliper,Mitutoyo,EXCELLENT,BORROW,AVAILABLE,2450,2025-08-19,2025-11-20,CS Department
I02280,U0611,Calculator — CASIO #2280,Academic,Calculator,CASIO,FAIR,BORROW,AVAILABLE,1600,2026-07-25,2026-11-27,Main Block
I02281,U0553,Bluetooth Keyboard — Logitech #2281,Accessory,Bluetooth Keyboard,Logitech,GOOD,BORROW,AVAILABLE,3350,2026-03-10,2026-08-25,Central Library
I02282,U0598,External Hard Drive — WD #2282,Storage,External Hard Drive,WD,GOOD,SWAP,AVAILABLE,2600,2025-09-01,2025-11-19,Student Centre
I02283,U0846,USB-C Charger — Anker #2283,Electronics,USB-C Charger,Anker,FAIR,SELL,RETURNED,1700,2025-08-02,2025-09-05,Hostel Block A
I02284,U0671,Engineering Drawing Kit — Staedtler #2284,Equipment,Engineering Drawing Kit,Staedtler,GOOD,SELL,AVAILABLE,750,2025-08-15,2025-11-07,Hostel Block B
I02285,U0285,Tripod — Digitek #2285,Equipment,Tripod,Digitek,FAIR,GIVEAWAY,AVAILABLE,1700,2026-03-28,2026-07-21,Hostel Block C
I02286,U0515,Digital Multimeter — Meco #2286,Lab Equipment,Digital Multimeter,Meco,GOOD,GIVEAWAY,AVAILABLE,600,2026-07-23,2026-10-24,Hostel Block D
I02287,U0549,College Backpack — Wildcraft #2287,Bag,College Backpack,Wildcraft,GOOD,SWAP,AVAILABLE,750,2026-01-03,2026-02-23,Innovation Lab
I02288,U0548,Headphones — JBL #2288,Electronics,Headphones,JBL,GOOD,SWAP,AVAILABLE,3350,2026-05-13,2026-09-18,ECE Lab
I02289,U0756,Mechanical Drawing Set — Rotring #2289,Stationery,Mechanical Drawing Set,Rotring,GOOD,BORROW,RETURNED,1850,2025-11-21,2026-05-15,Mechanical Lab
I02290,U0802,Desk Lamp — Philips #2290,Accessory,Desk Lamp,Philips,GOOD,SELL,INACTIVE,650,2026-01-28,2026-03-22,Architecture Studio
I02291,U0098,Textbook — Pearson #2291,Book,Textbook,Pearson,GOOD,BORROW,AVAILABLE,400,2026-04-03,2026-08-12,CS Department
I02292,U0464,USB Flash Drive — SanDisk #2292,Storage,USB Flash Drive,SanDisk,GOOD,GIVEAWAY,AVAILABLE,350,2026-09-08,2027-02-14,Main Block
I02293,U0331,Scientific Calculator — Texas Instruments #2293,Academic,Scientific Calculator,Texas Instruments,GOOD,BORROW,AVAILABLE,750,2025-12-23,2026-02-04,Central Library
I02294,U0900,Lab Coat — Generic #2294,Clothing,Lab Coat,Generic,GOOD,SWAP,RESERVED,1000,2026-08-01,2026-11-28,Student Centre
I02295,U0746,Power Bank — MI #2295,Accessory,Power Bank,MI,EXCELLENT,SELL,RETURNED,1500,2026-02-16,2026-07-19,Hostel Block A
I02296,U0229,HDMI Cable — UGREEN #2296,Cable,HDMI Cable,UGREEN,EXCELLENT,GIVEAWAY,BORROWED,800,2026-06-23,2026-11-18,Hostel Block B
I02297,U0014,Drawing Board — Camel #2297,Equipment,Drawing Board,Camel,FAIR,GIVEAWAY,AVAILABLE,1650,2025-10-10,2026-04-07,Hostel Block C
I02298,U0570,Ethernet Cable — D-Link #2298,Cable,Ethernet Cable,D-Link,GOOD,GIVEAWAY,RETURNED,250,2025-10-29,2025-12-29,Hostel Block D
I02299,U0037,Extension Board — Philips #2299,Electronics,Extension Board,Philips,GOOD,SELL,AVAILABLE,1000,2026-08-02,2026-09-23,Innovation Lab
I02300,U0522,Breadboard Kit — Generic #2300,Lab Equipment,Breadboard Kit,Generic,GOOD,SWAP,BORROWED,200,2025-09-12,2025-11-27,ECE Lab
I02301,U0475,Presentation Clicker — Logitech #2301,Accessory,Presentation Clicker,Logitech,EXCELLENT,BORROW,RETURNED,700,2025-10-24,2026-01-25,Mechanical Lab
I02302,U0278,Arduino Kit — Arduino #2302,Lab Equipment,Arduino Kit,Arduino,EXCELLENT,SWAP,AVAILABLE,1950,2026-03-10,2026-07-02,Architecture Studio
I02303,U0804,Safety Goggles — 3M #2303,Safety Equipment,Safety Goggles,3M,GOOD,BORROW,AVAILABLE,450,2026-07-18,2026-12-06,CS Department
I02304,U0007,Webcam — Logitech #2304,Electronics,Webcam,Logitech,GOOD,BORROW,AVAILABLE,4150,2026-06-28,2026-10-11,Main Block
I02305,U0416,Graph Paper Pack — Classmate #2305,Stationery,Graph Paper Pack,Classmate,NEW,BORROW,RESERVED,200,2026-05-17,2026-09-25,Central Library
I02306,U0373,Soldering Iron Kit — Weller #2306,Lab Equipment,Soldering Iron Kit,Weller,FAIR,BORROW,AVAILABLE,950,2025-08-28,2025-12-11,Student Centre
I02307,U0560,Screwdriver Set — Bosch #2307,Equipment,Screwdriver Set,Bosch,EXCELLENT,SWAP,AVAILABLE,1200,2026-09-05,2026-12-06,Hostel Block A
I02308,U0391,Python Programming Book — O'Reilly #2308,Book,Python Programming Book,O'Reilly,GOOD,BORROW,AVAILABLE,1050,2026-04-29,2026-09-10,Hostel Block B
I02309,U0686,Vernier Caliper — Mitutoyo #2309,Lab Equipment,Vernier Caliper,Mitutoyo,GOOD,GIVEAWAY,AVAILABLE,3150,2026-02-22,2026-06-17,Hostel Block C
I02310,U0745,Calculator — CASIO #2310,Academic,Calculator,CASIO,FAIR,SWAP,BORROWED,1100,2025-11-25,2026-02-13,Hostel Block D
I02311,U0432,Bluetooth Keyboard — Logitech #2311,Accessory,Bluetooth Keyboard,Logitech,GOOD,GIVEAWAY,RETURNED,1800,2026-06-09,2026-11-12,Innovation Lab
I02312,U0256,External Hard Drive — WD #2312,Storage,External Hard Drive,WD,EXCELLENT,SELL,AVAILABLE,5150,2025-11-03,2026-03-16,ECE Lab
I02313,U0413,USB-C Charger — Anker #2313,Electronics,USB-C Charger,Anker,GOOD,SELL,AVAILABLE,1850,2026-09-24,2027-01-02,Mechanical Lab
I02314,U0535,Engineering Drawing Kit — Staedtler #2314,Equipment,Engineering Drawing Kit,Staedtler,FAIR,GIVEAWAY,RETURNED,1650,2026-07-03,2026-12-23,Architecture Studio
I02315,U0140,Tripod — Digitek #2315,Equipment,Tripod,Digitek,GOOD,SWAP,BORROWED,1800,2026-04-09,2026-09-17,CS Department
I02316,U0101,Digital Multimeter — Meco #2316,Lab Equipment,Digital Multimeter,Meco,EXCELLENT,SELL,AVAILABLE,2150,2026-01-14,2026-03-01,Main Block
I02317,U0327,College Backpack — Wildcraft #2317,Bag,College Backpack,Wildcraft,GOOD,SELL,AVAILABLE,1550,2026-02-16,2026-06-25,Central Library
I02318,U0028,Headphones — JBL #2318,Electronics,Headphones,JBL,GOOD,BORROW,AVAILABLE,2500,2026-03-02,2026-06-07,Student Centre
I02319,U0274,Mechanical Drawing Set — Rotring #2319,Stationery,Mechanical Drawing Set,Rotring,GOOD,SWAP,AVAILABLE,950,2025-11-17,2026-05-02,Hostel Block A
I02320,U0135,Desk Lamp — Philips #2320,Accessory,Desk Lamp,Philips,FAIR,BORROW,AVAILABLE,1700,2026-03-17,2026-07-03,Hostel Block B
I02321,U0620,Textbook — Pearson #2321,Book,Textbook,Pearson,EXCELLENT,SWAP,AVAILABLE,900,2025-10-06,2026-02-20,Hostel Block C
I02322,U0430,USB Flash Drive — SanDisk #2322,Storage,USB Flash Drive,SanDisk,NEW,BORROW,AVAILABLE,1000,2025-09-28,2026-02-20,Hostel Block D
I02323,U0222,Scientific Calculator — Texas Instruments #2323,Academic,Scientific Calculator,Texas Instruments,GOOD,BORROW,AVAILABLE,1450,2025-11-22,2026-04-28,Innovation Lab
I02324,U0004,Lab Coat — Generic #2324,Clothing,Lab Coat,Generic,GOOD,BORROW,AVAILABLE,1150,2026-06-07,2026-08-05,ECE Lab
I02325,U0278,Power Bank — MI #2325,Accessory,Power Bank,MI,GOOD,SWAP,AVAILABLE,1450,2026-05-08,2026-10-12,Mechanical Lab
I02326,U0480,HDMI Cable — UGREEN #2326,Cable,HDMI Cable,UGREEN,NEW,SELL,AVAILABLE,250,2026-05-03,2026-10-16,Architecture Studio
I02327,U0877,Drawing Board — Camel #2327,Equipment,Drawing Board,Camel,FAIR,SWAP,AVAILABLE,800,2026-01-20,2026-04-29,CS Department
I02328,U0889,Ethernet Cable — D-Link #2328,Cable,Ethernet Cable,D-Link,FAIR,SWAP,AVAILABLE,500,2026-08-21,2026-09-25,Main Block
I02329,U0776,Extension Board — Philips #2329,Electronics,Extension Board,Philips,EXCELLENT,SELL,BORROWED,900,2026-08-10,2026-12-24,Central Library
I02330,U0253,Breadboard Kit — Generic #2330,Lab Equipment,Breadboard Kit,Generic,GOOD,BORROW,BORROWED,550,2026-06-30,2026-08-15,Student Centre
I02331,U0187,Presentation Clicker — Logitech #2331,Accessory,Presentation Clicker,Logitech,FAIR,SWAP,AVAILABLE,1150,2025-12-07,2026-04-01,Hostel Block A
I02332,U0523,Arduino Kit — Arduino #2332,Lab Equipment,Arduino Kit,Arduino,FAIR,SELL,RETURNED,850,2025-10-12,2026-03-13,Hostel Block B
I02333,U0525,Safety Goggles — 3M #2333,Safety Equipment,Safety Goggles,3M,EXCELLENT,BORROW,AVAILABLE,500,2025-09-05,2025-10-09,Hostel Block C
I02334,U0351,Webcam — Logitech #2334,Electronics,Webcam,Logitech,NEW,GIVEAWAY,AVAILABLE,3400,2026-09-23,2027-01-10,Hostel Block D
I02335,U0147,Graph Paper Pack — Classmate #2335,Stationery,Graph Paper Pack,Classmate,GOOD,SELL,AVAILABLE,150,2026-07-25,2026-10-27,Innovation Lab
I02336,U0627,Soldering Iron Kit — Weller #2336,Lab Equipment,Soldering Iron Kit,Weller,GOOD,BORROW,AVAILABLE,1300,2026-02-16,2026-07-15,ECE Lab
I02337,U0451,Screwdriver Set — Bosch #2337,Equipment,Screwdriver Set,Bosch,GOOD,BORROW,BORROWED,1200,2026-04-29,2026-06-08,Mechanical Lab
I02338,U0705,Python Programming Book — O'Reilly #2338,Book,Python Programming Book,O'Reilly,EXCELLENT,BORROW,AVAILABLE,850,2026-04-22,2026-07-25,Architecture Studio
I02339,U0884,Vernier Caliper — Mitutoyo #2339,Lab Equipment,Vernier Caliper,Mitutoyo,GOOD,SWAP,BORROWED,3750,2025-11-07,2026-03-24,CS Department
I02340,U0513,Calculator — CASIO #2340,Academic,Calculator,CASIO,GOOD,BORROW,AVAILABLE,1400,2026-01-02,2026-03-09,Main Block
I02341,U0776,Bluetooth Keyboard — Logitech #2341,Accessory,Bluetooth Keyboard,Logitech,EXCELLENT,GIVEAWAY,INACTIVE,2950,2026-09-10,2026-12-01,Central Library
I02342,U0925,External Hard Drive — WD #2342,Storage,External Hard Drive,WD,EXCELLENT,BORROW,AVAILABLE,5100,2026-03-09,2026-08-13,Student Centre
I02343,U0397,USB-C Charger — Anker #2343,Electronics,USB-C Charger,Anker,EXCELLENT,BORROW,AVAILABLE,650,2026-04-01,2026-07-05,Hostel Block A
I02344,U0052,Engineering Drawing Kit — Staedtler #2344,Equipment,Engineering Drawing Kit,Staedtler,EXCELLENT,GIVEAWAY,AVAILABLE,1750,2025-09-27,2025-10-29,Hostel Block B
I02345,U0721,Tripod — Digitek #2345,Equipment,Tripod,Digitek,GOOD,BORROW,AVAILABLE,1700,2025-09-15,2025-10-17,Hostel Block C
I02346,U0591,Digital Multimeter — Meco #2346,Lab Equipment,Digital Multimeter,Meco,EXCELLENT,BORROW,AVAILABLE,1700,2025-10-07,2025-12-21,Hostel Block D
I02347,U0865,College Backpack — Wildcraft #2347,Bag,College Backpack,Wildcraft,GOOD,BORROW,AVAILABLE,600,2026-09-07,2027-01-09,Innovation Lab
I02348,U0373,Headphones — JBL #2348,Electronics,Headphones,JBL,GOOD,SWAP,RETURNED,1800,2026-02-18,2026-05-09,ECE Lab
I02349,U0257,Mechanical Drawing Set — Rotring #2349,Stationery,Mechanical Drawing Set,Rotring,EXCELLENT,GIVEAWAY,BORROWED,1650,2026-05-15,2026-06-28,Mechanical Lab
I02350,U0431,Desk Lamp — Philips #2350,Accessory,Desk Lamp,Philips,FAIR,GIVEAWAY,AVAILABLE,1750,2026-09-22,2027-03-09,Architecture Studio
I02351,U0484,Textbook — Pearson #2351,Book,Textbook,Pearson,EXCELLENT,BORROW,AVAILABLE,650,2026-05-09,2026-08-21,CS Department
I02352,U0248,USB Flash Drive — SanDisk #2352,Storage,USB Flash Drive,SanDisk,GOOD,GIVEAWAY,AVAILABLE,650,2025-12-26,2026-06-17,Main Block
I02353,U0886,Scientific Calculator — Texas Instruments #2353,Academic,Scientific Calculator,Texas Instruments,GOOD,GIVEAWAY,AVAILABLE,2350,2026-07-10,2026-09-24,Central Library
I02354,U0733,Lab Coat — Generic #2354,Clothing,Lab Coat,Generic,GOOD,BORROW,AVAILABLE,1000,2026-06-13,2026-10-27,Student Centre
I02355,U0015,Power Bank — MI #2355,Accessory,Power Bank,MI,EXCELLENT,SELL,BORROWED,900,2025-12-05,2026-04-28,Hostel Block A
I02356,U0146,HDMI Cable — UGREEN #2356,Cable,HDMI Cable,UGREEN,GOOD,GIVEAWAY,RETURNED,600,2026-04-25,2026-08-12,Hostel Block B
I02357,U0725,Drawing Board — Camel #2357,Equipment,Drawing Board,Camel,FAIR,BORROW,AVAILABLE,700,2026-06-05,2026-11-02,Hostel Block C
I02358,U0204,Ethernet Cable — D-Link #2358,Cable,Ethernet Cable,D-Link,GOOD,GIVEAWAY,INACTIVE,500,2025-11-28,2026-05-20,Hostel Block D
I02359,U0701,Extension Board — Philips #2359,Electronics,Extension Board,Philips,EXCELLENT,GIVEAWAY,RESERVED,1500,2026-01-04,2026-04-24,Innovation Lab
I02360,U0901,Breadboard Kit — Generic #2360,Lab Equipment,Breadboard Kit,Generic,GOOD,SELL,AVAILABLE,650,2025-08-01,2025-10-22,ECE Lab
I02361,U0587,Presentation Clicker — Logitech #2361,Accessory,Presentation Clicker,Logitech,GOOD,BORROW,INACTIVE,1600,2026-05-06,2026-06-20,Mechanical Lab
I02362,U0793,Arduino Kit — Arduino #2362,Lab Equipment,Arduino Kit,Arduino,EXCELLENT,SWAP,AVAILABLE,3200,2025-10-28,2025-12-08,Architecture Studio
I02363,U0767,Safety Goggles — 3M #2363,Safety Equipment,Safety Goggles,3M,NEW,SELL,AVAILABLE,300,2026-08-06,2026-11-15,CS Department
I02364,U0869,Webcam — Logitech #2364,Electronics,Webcam,Logitech,FAIR,SELL,AVAILABLE,1400,2026-09-25,2026-12-20,Main Block
I02365,U0625,Graph Paper Pack — Classmate #2365,Stationery,Graph Paper Pack,Classmate,GOOD,BORROW,RESERVED,50,2026-01-26,2026-03-21,Central Library
I02366,U0099,Soldering Iron Kit — Weller #2366,Lab Equipment,Soldering Iron Kit,Weller,GOOD,SWAP,BORROWED,2550,2026-05-20,2026-10-18,Student Centre
I02367,U0008,Screwdriver Set — Bosch #2367,Equipment,Screwdriver Set,Bosch,GOOD,SWAP,AVAILABLE,950,2026-04-18,2026-05-26,Hostel Block A
I02368,U0728,Python Programming Book — O'Reilly #2368,Book,Python Programming Book,O'Reilly,EXCELLENT,BORROW,AVAILABLE,600,2025-10-21,2026-04-03,Hostel Block B
I02369,U0662,Vernier Caliper — Mitutoyo #2369,Lab Equipment,Vernier Caliper,Mitutoyo,GOOD,GIVEAWAY,AVAILABLE,1350,2026-09-05,2026-11-25,Hostel Block C
I02370,U0758,Calculator — CASIO #2370,Academic,Calculator,CASIO,EXCELLENT,GIVEAWAY,INACTIVE,550,2026-05-16,2026-09-26,Hostel Block D
I02371,U0936,Bluetooth Keyboard — Logitech #2371,Accessory,Bluetooth Keyboard,Logitech,GOOD,SWAP,RETURNED,1650,2026-03-06,2026-08-18,Innovation Lab
I02372,U0579,External Hard Drive — WD #2372,Storage,External Hard Drive,WD,EXCELLENT,BORROW,AVAILABLE,6650,2025-10-19,2025-12-31,ECE Lab
I02373,U0542,USB-C Charger — Anker #2373,Electronics,USB-C Charger,Anker,EXCELLENT,GIVEAWAY,RETURNED,2350,2026-07-24,2026-09-17,Mechanical Lab
I02374,U0664,Engineering Drawing Kit — Staedtler #2374,Equipment,Engineering Drawing Kit,Staedtler,FAIR,BORROW,AVAILABLE,1650,2026-05-05,2026-10-07,Architecture Studio
I02375,U0064,Tripod — Digitek #2375,Equipment,Tripod,Digitek,GOOD,GIVEAWAY,INACTIVE,1350,2026-08-19,2026-11-16,CS Department
I02376,U0342,Digital Multimeter — Meco #2376,Lab Equipment,Digital Multimeter,Meco,EXCELLENT,GIVEAWAY,AVAILABLE,750,2026-08-14,2026-12-16,Main Block
I02377,U0230,College Backpack — Wildcraft #2377,Bag,College Backpack,Wildcraft,GOOD,BORROW,RESERVED,2450,2026-04-18,2026-05-21,Central Library
I02378,U0135,Headphones — JBL #2378,Electronics,Headphones,JBL,GOOD,SELL,AVAILABLE,3150,2026-07-22,2026-10-16,Student Centre
I02379,U0197,Mechanical Drawing Set — Rotring #2379,Stationery,Mechanical Drawing Set,Rotring,FAIR,BORROW,AVAILABLE,850,2026-07-04,2026-10-13,Hostel Block A
I02380,U0881,Desk Lamp — Philips #2380,Accessory,Desk Lamp,Philips,FAIR,GIVEAWAY,AVAILABLE,400,2026-02-24,2026-04-12,Hostel Block B
I02381,U0735,Textbook — Pearson #2381,Book,Textbook,Pearson,GOOD,BORROW,AVAILABLE,1100,2025-11-27,2026-04-29,Hostel Block C
I02382,U0138,USB Flash Drive — SanDisk #2382,Storage,USB Flash Drive,SanDisk,GOOD,BORROW,RETURNED,1000,2025-09-06,2026-01-28,Hostel Block D
I02383,U0526,Scientific Calculator — Texas Instruments #2383,Academic,Scientific Calculator,Texas Instruments,FAIR,SELL,AVAILABLE,1000,2026-01-22,2026-07-08,Innovation Lab
I02384,U0789,Lab Coat — Generic #2384,Clothing,Lab Coat,Generic,GOOD,GIVEAWAY,AVAILABLE,900,2026-05-08,2026-09-20,ECE Lab
I02385,U0453,Power Bank — MI #2385,Accessory,Power Bank,MI,GOOD,GIVEAWAY,AVAILABLE,950,2025-12-28,2026-02-12,Mechanical Lab
I02386,U0937,HDMI Cable — UGREEN #2386,Cable,HDMI Cable,UGREEN,GOOD,GIVEAWAY,AVAILABLE,350,2025-08-18,2026-01-31,Architecture Studio
I02387,U0784,Drawing Board — Camel #2387,Equipment,Drawing Board,Camel,FAIR,BORROW,RETURNED,1150,2026-04-30,2026-05-30,CS Department
I02388,U0750,Ethernet Cable — D-Link #2388,Cable,Ethernet Cable,D-Link,GOOD,BORROW,AVAILABLE,350,2026-04-11,2026-09-10,Main Block
I02389,U0809,Extension Board — Philips #2389,Electronics,Extension Board,Philips,GOOD,GIVEAWAY,INACTIVE,1300,2025-12-11,2026-01-16,Central Library
I02390,U0840,Breadboard Kit — Generic #2390,Lab Equipment,Breadboard Kit,Generic,FAIR,BORROW,RETURNED,300,2026-02-02,2026-06-26,Student Centre
I02391,U0538,Presentation Clicker — Logitech #2391,Accessory,Presentation Clicker,Logitech,GOOD,SWAP,RETURNED,1450,2026-06-24,2026-11-12,Hostel Block A
I02392,U0268,Arduino Kit — Arduino #2392,Lab Equipment,Arduino Kit,Arduino,EXCELLENT,SELL,INACTIVE,1750,2025-08-11,2025-12-27,Hostel Block B
I02393,U0253,Safety Goggles — 3M #2393,Safety Equipment,Safety Goggles,3M,GOOD,SWAP,AVAILABLE,350,2025-08-24,2026-01-12,Hostel Block C
I02394,U0206,Webcam — Logitech #2394,Electronics,Webcam,Logitech,GOOD,BORROW,RESERVED,2700,2026-02-02,2026-03-20,Hostel Block D
I02395,U0490,Graph Paper Pack — Classmate #2395,Stationery,Graph Paper Pack,Classmate,EXCELLENT,SELL,AVAILABLE,150,2026-08-20,2027-01-19,Innovation Lab
I02396,U0224,Soldering Iron Kit — Weller #2396,Lab Equipment,Soldering Iron Kit,Weller,GOOD,BORROW,INACTIVE,750,2025-11-28,2026-02-02,ECE Lab
I02397,U0133,Screwdriver Set — Bosch #2397,Equipment,Screwdriver Set,Bosch,GOOD,GIVEAWAY,AVAILABLE,550,2026-03-05,2026-08-26,Mechanical Lab
I02398,U0098,Python Programming Book — O'Reilly #2398,Book,Python Programming Book,O'Reilly,GOOD,BORROW,RESERVED,1500,2026-01-11,2026-04-07,Architecture Studio
I02399,U0107,Vernier Caliper — Mitutoyo #2399,Lab Equipment,Vernier Caliper,Mitutoyo,GOOD,BORROW,AVAILABLE,4850,2026-07-28,2026-10-18,CS Department
I02400,U0689,Calculator — CASIO #2400,Academic,Calculator,CASIO,GOOD,GIVEAWAY,AVAILABLE,1650,2026-04-09,2026-05-21,Main Block
I02401,U0164,Bluetooth Keyboard — Logitech #2401,Accessory,Bluetooth Keyboard,Logitech,GOOD,BORROW,AVAILABLE,2000,2025-10-07,2025-12-23,Central Library
I02402,U0052,External Hard Drive — WD #2402,Storage,External Hard Drive,WD,GOOD,SWAP,AVAILABLE,5150,2026-03-13,2026-08-22,Student Centre
I02403,U0747,USB-C Charger — Anker #2403,Electronics,USB-C Charger,Anker,NEW,SELL,RETURNED,2450,2026-02-18,2026-07-27,Hostel Block A
I02404,U0350,Engineering Drawing Kit — Staedtler #2404,Equipment,Engineering Drawing Kit,Staedtler,GOOD,SWAP,AVAILABLE,2200,2026-03-09,2026-09-03,Hostel Block B
I02405,U0867,Tripod — Digitek #2405,Equipment,Tripod,Digitek,GOOD,SWAP,AVAILABLE,1500,2025-10-27,2026-02-09,Hostel Block C
I02406,U0889,Digital Multimeter — Meco #2406,Lab Equipment,Digital Multimeter,Meco,EXCELLENT,SWAP,RETURNED,1500,2025-11-02,2026-03-12,Hostel Block D
I02407,U0176,College Backpack — Wildcraft #2407,Bag,College Backpack,Wildcraft,GOOD,GIVEAWAY,BORROWED,2050,2025-10-04,2025-11-14,Innovation Lab
I02408,U0702,Headphones — JBL #2408,Electronics,Headphones,JBL,FAIR,SWAP,AVAILABLE,1100,2025-09-20,2025-11-30,ECE Lab
I02409,U0061,Mechanical Drawing Set — Rotring #2409,Stationery,Mechanical Drawing Set,Rotring,GOOD,BORROW,RETURNED,1000,2026-05-25,2026-10-02,Mechanical Lab
I02410,U0338,Desk Lamp — Philips #2410,Accessory,Desk Lamp,Philips,GOOD,SWAP,AVAILABLE,500,2026-03-03,2026-06-12,Architecture Studio
I02411,U0091,Textbook — Pearson #2411,Book,Textbook,Pearson,GOOD,BORROW,RETURNED,600,2026-01-28,2026-05-26,CS Department
I02412,U0190,USB Flash Drive — SanDisk #2412,Storage,USB Flash Drive,SanDisk,NEW,GIVEAWAY,RETURNED,1150,2026-03-13,2026-08-28,Main Block
I02413,U0472,Scientific Calculator — Texas Instruments #2413,Academic,Scientific Calculator,Texas Instruments,GOOD,SELL,AVAILABLE,1850,2025-08-06,2026-02-02,Central Library
I02414,U0246,Lab Coat — Generic #2414,Clothing,Lab Coat,Generic,NEW,SWAP,AVAILABLE,500,2025-09-28,2026-02-17,Student Centre
I02415,U0704,Power Bank — MI #2415,Accessory,Power Bank,MI,GOOD,BORROW,AVAILABLE,650,2025-09-03,2026-02-23,Hostel Block A
I02416,U0092,HDMI Cable — UGREEN #2416,Cable,HDMI Cable,UGREEN,EXCELLENT,BORROW,BORROWED,650,2026-08-22,2026-11-08,Hostel Block B
I02417,U0582,Drawing Board — Camel #2417,Equipment,Drawing Board,Camel,EXCELLENT,BORROW,AVAILABLE,1550,2025-09-07,2026-01-08,Hostel Block C
I02418,U0913,Ethernet Cable — D-Link #2418,Cable,Ethernet Cable,D-Link,FAIR,GIVEAWAY,BORROWED,400,2025-12-15,2026-03-22,Hostel Block D
I02419,U0549,Extension Board — Philips #2419,Electronics,Extension Board,Philips,EXCELLENT,GIVEAWAY,RETURNED,1050,2025-09-21,2026-03-15,Innovation Lab
I02420,U0099,Breadboard Kit — Generic #2420,Lab Equipment,Breadboard Kit,Generic,FAIR,BORROW,AVAILABLE,350,2025-09-02,2025-10-24,ECE Lab
I02421,U0731,Presentation Clicker — Logitech #2421,Accessory,Presentation Clicker,Logitech,GOOD,SELL,RETURNED,1950,2026-09-23,2026-12-19,Mechanical Lab
I02422,U0235,Arduino Kit — Arduino #2422,Lab Equipment,Arduino Kit,Arduino,FAIR,SWAP,AVAILABLE,1650,2025-12-27,2026-05-14,Architecture Studio
I02423,U0394,Safety Goggles — 3M #2423,Safety Equipment,Safety Goggles,3M,GOOD,BORROW,INACTIVE,150,2026-07-19,2026-12-01,CS Department
I02424,U0716,Webcam — Logitech #2424,Electronics,Webcam,Logitech,GOOD,GIVEAWAY,AVAILABLE,3200,2025-10-18,2026-01-14,Main Block
I02425,U0182,Graph Paper Pack — Classmate #2425,Stationery,Graph Paper Pack,Classmate,GOOD,GIVEAWAY,RESERVED,200,2025-12-22,2026-03-17,Central Library
I02426,U0506,Soldering Iron Kit — Weller #2426,Lab Equipment,Soldering Iron Kit,Weller,GOOD,GIVEAWAY,AVAILABLE,1600,2026-08-22,2026-10-25,Student Centre
I02427,U0889,Screwdriver Set — Bosch #2427,Equipment,Screwdriver Set,Bosch,GOOD,GIVEAWAY,AVAILABLE,1650,2026-09-17,2026-12-25,Hostel Block A
I02428,U0871,Python Programming Book — O'Reilly #2428,Book,Python Programming Book,O'Reilly,EXCELLENT,BORROW,AVAILABLE,1350,2026-02-17,2026-07-31,Hostel Block B
I02429,U0361,Vernier Caliper — Mitutoyo #2429,Lab Equipment,Vernier Caliper,Mitutoyo,GOOD,BORROW,RESERVED,2250,2026-02-26,2026-06-07,Hostel Block C
I02430,U0615,Calculator — CASIO #2430,Academic,Calculator,CASIO,GOOD,GIVEAWAY,RETURNED,1800,2025-12-03,2026-04-06,Hostel Block D
I02431,U0204,Bluetooth Keyboard — Logitech #2431,Accessory,Bluetooth Keyboard,Logitech,GOOD,SELL,AVAILABLE,2800,2026-03-18,2026-05-08,Innovation Lab
I02432,U0289,External Hard Drive — WD #2432,Storage,External Hard Drive,WD,GOOD,SWAP,AVAILABLE,6650,2026-01-25,2026-04-05,ECE Lab
I02433,U0334,USB-C Charger — Anker #2433,Electronics,USB-C Charger,Anker,GOOD,BORROW,AVAILABLE,950,2025-09-29,2025-11-06,Mechanical Lab
I02434,U0449,Engineering Drawing Kit — Staedtler #2434,Equipment,Engineering Drawing Kit,Staedtler,EXCELLENT,BORROW,INACTIVE,1850,2026-02-06,2026-06-14,Architecture Studio
I02435,U0013,Tripod — Digitek #2435,Equipment,Tripod,Digitek,NEW,BORROW,BORROWED,2150,2025-11-13,2026-01-25,CS Department
I02436,U0103,Digital Multimeter — Meco #2436,Lab Equipment,Digital Multimeter,Meco,GOOD,GIVEAWAY,RETURNED,1200,2026-03-13,2026-07-05,Main Block
I02437,U0366,College Backpack — Wildcraft #2437,Bag,College Backpack,Wildcraft,EXCELLENT,SWAP,INACTIVE,2050,2025-11-15,2026-05-03,Central Library
I02438,U0395,Headphones — JBL #2438,Electronics,Headphones,JBL,GOOD,SELL,AVAILABLE,1950,2026-02-22,2026-03-27,Student Centre
I02439,U0341,Mechanical Drawing Set — Rotring #2439,Stationery,Mechanical Drawing Set,Rotring,FAIR,SELL,AVAILABLE,1150,2025-09-19,2025-11-27,Hostel Block A
I02440,U0708,Desk Lamp — Philips #2440,Accessory,Desk Lamp,Philips,GOOD,SWAP,AVAILABLE,500,2026-07-25,2026-10-21,Hostel Block B
I02441,U0547,Textbook — Pearson #2441,Book,Textbook,Pearson,EXCELLENT,SWAP,INACTIVE,450,2026-02-22,2026-08-12,Hostel Block C
I02442,U0555,USB Flash Drive — SanDisk #2442,Storage,USB Flash Drive,SanDisk,EXCELLENT,GIVEAWAY,INACTIVE,850,2025-12-18,2026-04-12,Hostel Block D
I02443,U0161,Scientific Calculator — Texas Instruments #2443,Academic,Scientific Calculator,Texas Instruments,GOOD,GIVEAWAY,AVAILABLE,1900,2026-03-11,2026-06-07,Innovation Lab
I02444,U0980,Lab Coat — Generic #2444,Clothing,Lab Coat,Generic,EXCELLENT,SELL,AVAILABLE,450,2026-02-22,2026-06-19,ECE Lab
I02445,U0731,Power Bank — MI #2445,Accessory,Power Bank,MI,EXCELLENT,BORROW,BORROWED,800,2026-08-06,2026-11-25,Mechanical Lab
I02446,U0608,HDMI Cable — UGREEN #2446,Cable,HDMI Cable,UGREEN,EXCELLENT,BORROW,AVAILABLE,200,2026-08-22,2026-10-01,Architecture Studio
I02447,U0107,Drawing Board — Camel #2447,Equipment,Drawing Board,Camel,FAIR,BORROW,BORROWED,600,2026-01-03,2026-03-25,CS Department
I02448,U0065,Ethernet Cable — D-Link #2448,Cable,Ethernet Cable,D-Link,GOOD,SWAP,RETURNED,150,2025-12-12,2026-02-13,Main Block
I02449,U0332,Extension Board — Philips #2449,Electronics,Extension Board,Philips,GOOD,GIVEAWAY,AVAILABLE,950,2025-12-20,2026-01-30,Central Library
I02450,U0412,Breadboard Kit — Generic #2450,Lab Equipment,Breadboard Kit,Generic,FAIR,SWAP,AVAILABLE,350,2025-12-17,2026-04-30,Student Centre
I02451,U0523,Presentation Clicker — Logitech #2451,Accessory,Presentation Clicker,Logitech,EXCELLENT,SELL,AVAILABLE,1300,2026-03-11,2026-07-17,Hostel Block A
I02452,U0303,Arduino Kit — Arduino #2452,Lab Equipment,Arduino Kit,Arduino,FAIR,BORROW,INACTIVE,2500,2025-09-13,2026-01-21,Hostel Block B
I02453,U0263,Safety Goggles — 3M #2453,Safety Equipment,Safety Goggles,3M,GOOD,BORROW,INACTIVE,550,2025-12-24,2026-06-08,Hostel Block C
I02454,U0914,Webcam — Logitech #2454,Electronics,Webcam,Logitech,GOOD,BORROW,AVAILABLE,3750,2026-08-07,2026-11-29,Hostel Block D
I02455,U0445,Graph Paper Pack — Classmate #2455,Stationery,Graph Paper Pack,Classmate,GOOD,BORROW,BORROWED,100,2025-09-09,2026-02-28,Innovation Lab
I02456,U0903,Soldering Iron Kit — Weller #2456,Lab Equipment,Soldering Iron Kit,Weller,GOOD,BORROW,AVAILABLE,1400,2026-09-25,2026-11-27,ECE Lab
I02457,U0360,Screwdriver Set — Bosch #2457,Equipment,Screwdriver Set,Bosch,GOOD,BORROW,RETURNED,1200,2026-01-12,2026-02-16,Mechanical Lab
I02458,U0709,Python Programming Book — O'Reilly #2458,Book,Python Programming Book,O'Reilly,GOOD,GIVEAWAY,AVAILABLE,1100,2025-11-08,2026-02-06,Architecture Studio
I02459,U0998,Vernier Caliper — Mitutoyo #2459,Lab Equipment,Vernier Caliper,Mitutoyo,GOOD,SWAP,AVAILABLE,5700,2026-07-04,2026-09-13,CS Department
I02460,U0552,Calculator — CASIO #2460,Academic,Calculator,CASIO,GOOD,GIVEAWAY,AVAILABLE,950,2025-10-11,2025-12-26,Main Block
I02461,U0103,Bluetooth Keyboard — Logitech #2461,Accessory,Bluetooth Keyboard,Logitech,FAIR,GIVEAWAY,AVAILABLE,3100,2026-01-04,2026-06-11,Central Library
I02462,U0390,External Hard Drive — WD #2462,Storage,External Hard Drive,WD,NEW,SELL,RETURNED,5500,2026-01-26,2026-05-05,Student Centre
I02463,U0053,USB-C Charger — Anker #2463,Electronics,USB-C Charger,Anker,GOOD,SELL,RESERVED,2400,2026-06-29,2026-11-03,Hostel Block A
I02464,U0966,Engineering Drawing Kit — Staedtler #2464,Equipment,Engineering Drawing Kit,Staedtler,GOOD,SWAP,AVAILABLE,2150,2026-04-24,2026-07-11,Hostel Block B
I02465,U0501,Tripod — Digitek #2465,Equipment,Tripod,Digitek,GOOD,SELL,AVAILABLE,1200,2025-11-13,2025-12-28,Hostel Block C
I02466,U0279,Digital Multimeter — Meco #2466,Lab Equipment,Digital Multimeter,Meco,EXCELLENT,BORROW,BORROWED,1000,2026-04-02,2026-06-06,Hostel Block D
I02467,U0367,College Backpack — Wildcraft #2467,Bag,College Backpack,Wildcraft,GOOD,BORROW,AVAILABLE,1800,2026-06-07,2026-08-24,Innovation Lab
I02468,U0203,Headphones — JBL #2468,Electronics,Headphones,JBL,EXCELLENT,GIVEAWAY,BORROWED,1350,2026-04-25,2026-07-17,ECE Lab
I02469,U0069,Mechanical Drawing Set — Rotring #2469,Stationery,Mechanical Drawing Set,Rotring,GOOD,BORROW,BORROWED,950,2026-03-29,2026-06-19,Mechanical Lab
I02470,U0624,Desk Lamp — Philips #2470,Accessory,Desk Lamp,Philips,FAIR,GIVEAWAY,AVAILABLE,1400,2026-07-05,2026-08-17,Architecture Studio
I02471,U0733,Textbook — Pearson #2471,Book,Textbook,Pearson,EXCELLENT,SWAP,AVAILABLE,650,2025-10-06,2026-02-01,CS Department
I02472,U0973,USB Flash Drive — SanDisk #2472,Storage,USB Flash Drive,SanDisk,GOOD,SELL,RETURNED,1150,2026-07-05,2026-08-12,Main Block
I02473,U0020,Scientific Calculator — Texas Instruments #2473,Academic,Scientific Calculator,Texas Instruments,GOOD,SWAP,AVAILABLE,1500,2025-08-08,2025-12-24,Central Library
I02474,U0228,Lab Coat — Generic #2474,Clothing,Lab Coat,Generic,GOOD,BORROW,AVAILABLE,1000,2025-12-06,2026-06-02,Student Centre
I02475,U0389,Power Bank — MI #2475,Accessory,Power Bank,MI,FAIR,BORROW,AVAILABLE,2150,2026-01-10,2026-03-17,Hostel Block A
I02476,U0392,HDMI Cable — UGREEN #2476,Cable,HDMI Cable,UGREEN,EXCELLENT,SELL,AVAILABLE,200,2026-04-26,2026-09-12,Hostel Block B
I02477,U0258,Drawing Board — Camel #2477,Equipment,Drawing Board,Camel,GOOD,BORROW,AVAILABLE,1700,2026-02-12,2026-08-03,Hostel Block C
I02478,U0113,Ethernet Cable — D-Link #2478,Cable,Ethernet Cable,D-Link,EXCELLENT,SWAP,RETURNED,200,2026-08-17,2026-11-27,Hostel Block D
I02479,U0969,Extension Board — Philips #2479,Electronics,Extension Board,Philips,GOOD,GIVEAWAY,INACTIVE,550,2026-02-08,2026-05-30,Innovation Lab
I02480,U0946,Breadboard Kit — Generic #2480,Lab Equipment,Breadboard Kit,Generic,GOOD,SWAP,RESERVED,600,2026-02-11,2026-06-11,ECE Lab
I02481,U0947,Presentation Clicker — Logitech #2481,Accessory,Presentation Clicker,Logitech,GOOD,BORROW,RESERVED,1800,2025-11-10,2026-03-13,Mechanical Lab
I02482,U0436,Arduino Kit — Arduino #2482,Lab Equipment,Arduino Kit,Arduino,GOOD,GIVEAWAY,RETURNED,2100,2025-12-17,2026-01-17,Architecture Studio
I02483,U0688,Safety Goggles — 3M #2483,Safety Equipment,Safety Goggles,3M,EXCELLENT,SWAP,RETURNED,700,2025-08-24,2025-12-20,CS Department
I02484,U0208,Webcam — Logitech #2484,Electronics,Webcam,Logitech,GOOD,BORROW,AVAILABLE,1600,2026-07-30,2026-11-12,Main Block
I02485,U0938,Graph Paper Pack — Classmate #2485,Stationery,Graph Paper Pack,Classmate,FAIR,SWAP,RETURNED,50,2026-03-26,2026-09-16,Central Library
I02486,U0074,Soldering Iron Kit — Weller #2486,Lab Equipment,Soldering Iron Kit,Weller,FAIR,GIVEAWAY,AVAILABLE,3350,2025-08-23,2025-09-25,Student Centre
I02487,U0340,Screwdriver Set — Bosch #2487,Equipment,Screwdriver Set,Bosch,NEW,SWAP,BORROWED,1750,2026-06-04,2026-09-30,Hostel Block A
I02488,U0318,Python Programming Book — O'Reilly #2488,Book,Python Programming Book,O'Reilly,EXCELLENT,SWAP,BORROWED,400,2025-09-20,2026-03-16,Hostel Block B
I02489,U0168,Vernier Caliper — Mitutoyo #2489,Lab Equipment,Vernier Caliper,Mitutoyo,GOOD,BORROW,AVAILABLE,5500,2026-08-19,2027-01-18,Hostel Block C
I02490,U0916,Calculator — CASIO #2490,Academic,Calculator,CASIO,GOOD,BORROW,AVAILABLE,750,2025-12-04,2026-04-21,Hostel Block D
I02491,U0333,Bluetooth Keyboard — Logitech #2491,Accessory,Bluetooth Keyboard,Logitech,GOOD,GIVEAWAY,AVAILABLE,1500,2026-04-22,2026-07-02,Innovation Lab
I02492,U0261,External Hard Drive — WD #2492,Storage,External Hard Drive,WD,GOOD,GIVEAWAY,AVAILABLE,3200,2026-04-13,2026-09-14,ECE Lab
I02493,U0907,USB-C Charger — Anker #2493,Electronics,USB-C Charger,Anker,GOOD,SELL,AVAILABLE,1050,2026-03-03,2026-08-03,Mechanical Lab
I02494,U0790,Engineering Drawing Kit — Staedtler #2494,Equipment,Engineering Drawing Kit,Staedtler,EXCELLENT,SELL,AVAILABLE,1150,2026-04-14,2026-07-06,Architecture Studio
I02495,U0142,Tripod — Digitek #2495,Equipment,Tripod,Digitek,NEW,BORROW,RESERVED,1500,2026-07-28,2026-12-08,CS Department
I02496,U0405,Digital Multimeter — Meco #2496,Lab Equipment,Digital Multimeter,Meco,GOOD,BORROW,AVAILABLE,1650,2026-07-24,2026-11-22,Main Block
I02497,U0917,College Backpack — Wildcraft #2497,Bag,College Backpack,Wildcraft,NEW,SWAP,AVAILABLE,1300,2025-09-28,2025-12-06,Central Library
I02498,U0420,Headphones — JBL #2498,Electronics,Headphones,JBL,EXCELLENT,BORROW,AVAILABLE,2450,2026-09-02,2026-12-14,Student Centre
I02499,U0902,Mechanical Drawing Set — Rotring #2499,Stationery,Mechanical Drawing Set,Rotring,GOOD,BORROW,RETURNED,1300,2026-08-19,2026-11-04,Hostel Block A
I02500,U0267,Desk Lamp — Philips #2500,Accessory,Desk Lamp,Philips,EXCELLENT,BORROW,AVAILABLE,1200,2026-02-07,2026-05-05,Hostel Block B
I02501,U0172,Textbook — Pearson #2501,Book,Textbook,Pearson,EXCELLENT,SELL,RETURNED,550,2025-08-16,2026-01-27,Hostel Block C
I02502,U0793,USB Flash Drive — SanDisk #2502,Storage,USB Flash Drive,SanDisk,GOOD,BORROW,AVAILABLE,550,2026-03-10,2026-05-30,Hostel Block D
I02503,U0821,Scientific Calculator — Texas Instruments #2503,Academic,Scientific Calculator,Texas Instruments,GOOD,SELL,BORROWED,800,2026-02-27,2026-07-14,Innovation Lab
I02504,U0455,Lab Coat — Generic #2504,Clothing,Lab Coat,Generic,GOOD,BORROW,RESERVED,950,2026-04-13,2026-06-16,ECE Lab
I02505,U0947,Power Bank — MI #2505,Accessory,Power Bank,MI,GOOD,GIVEAWAY,AVAILABLE,600,2026-09-09,2026-10-19,Mechanical Lab
I02506,U0705,HDMI Cable — UGREEN #2506,Cable,HDMI Cable,UGREEN,FAIR,SWAP,AVAILABLE,350,2025-09-27,2025-11-19,Architecture Studio
I02507,U0171,Drawing Board — Camel #2507,Equipment,Drawing Board,Camel,NEW,BORROW,BORROWED,650,2026-06-14,2026-07-19,CS Department
I02508,U0722,Ethernet Cable — D-Link #2508,Cable,Ethernet Cable,D-Link,GOOD,SWAP,RETURNED,350,2026-09-23,2027-03-18,Main Block
I02509,U0410,Extension Board — Philips #2509,Electronics,Extension Board,Philips,FAIR,SWAP,INACTIVE,1500,2025-12-15,2026-04-30,Central Library
I02510,U0776,Breadboard Kit — Generic #2510,Lab Equipment,Breadboard Kit,Generic,NEW,GIVEAWAY,RETURNED,500,2026-01-16,2026-04-03,Student Centre
I02511,U0114,Presentation Clicker — Logitech #2511,Accessory,Presentation Clicker,Logitech,EXCELLENT,BORROW,RESERVED,1000,2026-03-15,2026-07-28,Hostel Block A
I02512,U0547,Arduino Kit — Arduino #2512,Lab Equipment,Arduino Kit,Arduino,GOOD,SELL,AVAILABLE,1500,2026-05-03,2026-07-17,Hostel Block B
I02513,U0616,Safety Goggles — 3M #2513,Safety Equipment,Safety Goggles,3M,EXCELLENT,GIVEAWAY,BORROWED,650,2025-09-27,2025-12-19,Hostel Block C
I02514,U0005,Webcam — Logitech #2514,Electronics,Webcam,Logitech,GOOD,SELL,BORROWED,1950,2026-07-02,2026-09-09,Hostel Block D
I02515,U0074,Graph Paper Pack — Classmate #2515,Stationery,Graph Paper Pack,Classmate,GOOD,SWAP,INACTIVE,50,2026-08-13,2027-01-07,Innovation Lab
I02516,U0375,Soldering Iron Kit — Weller #2516,Lab Equipment,Soldering Iron Kit,Weller,EXCELLENT,BORROW,INACTIVE,2400,2026-02-01,2026-04-18,ECE Lab
I02517,U0832,Screwdriver Set — Bosch #2517,Equipment,Screwdriver Set,Bosch,GOOD,BORROW,AVAILABLE,800,2026-09-25,2026-10-27,Mechanical Lab
I02518,U0833,Python Programming Book — O'Reilly #2518,Book,Python Programming Book,O'Reilly,EXCELLENT,GIVEAWAY,BORROWED,1250,2025-11-08,2026-01-31,Architecture Studio
I02519,U0720,Vernier Caliper — Mitutoyo #2519,Lab Equipment,Vernier Caliper,Mitutoyo,EXCELLENT,SWAP,BORROWED,2050,2026-05-01,2026-07-23,CS Department
I02520,U0236,Calculator — CASIO #2520,Academic,Calculator,CASIO,GOOD,SWAP,RESERVED,1250,2026-03-04,2026-04-14,Main Block
I02521,U0938,Bluetooth Keyboard — Logitech #2521,Accessory,Bluetooth Keyboard,Logitech,GOOD,BORROW,RESERVED,2450,2026-02-19,2026-07-12,Central Library
I02522,U0041,External Hard Drive — WD #2522,Storage,External Hard Drive,WD,GOOD,BORROW,AVAILABLE,3500,2025-09-04,2026-02-23,Student Centre
I02523,U0390,USB-C Charger — Anker #2523,Electronics,USB-C Charger,Anker,GOOD,BORROW,RESERVED,1600,2026-07-26,2026-12-22,Hostel Block A
I02524,U0749,Engineering Drawing Kit — Staedtler #2524,Equipment,Engineering Drawing Kit,Staedtler,EXCELLENT,BORROW,AVAILABLE,2050,2025-11-06,2026-04-20,Hostel Block B
I02525,U0449,Tripod — Digitek #2525,Equipment,Tripod,Digitek,GOOD,SELL,RESERVED,950,2025-09-06,2025-12-22,Hostel Block C
I02526,U0531,Digital Multimeter — Meco #2526,Lab Equipment,Digital Multimeter,Meco,EXCELLENT,SELL,AVAILABLE,1300,2026-05-08,2026-08-14,Hostel Block D
I02527,U0853,College Backpack — Wildcraft #2527,Bag,College Backpack,Wildcraft,EXCELLENT,BORROW,BORROWED,700,2025-12-25,2026-04-20,Innovation Lab
I02528,U0014,Headphones — JBL #2528,Electronics,Headphones,JBL,NEW,BORROW,AVAILABLE,2450,2025-11-02,2026-01-31,ECE Lab
I02529,U0983,Mechanical Drawing Set — Rotring #2529,Stationery,Mechanical Drawing Set,Rotring,GOOD,SWAP,RESERVED,2050,2025-08-02,2025-10-10,Mechanical Lab
I02530,U0596,Desk Lamp — Philips #2530,Accessory,Desk Lamp,Philips,EXCELLENT,SWAP,AVAILABLE,1100,2025-12-31,2026-02-25,Architecture Studio
I02531,U0022,Textbook — Pearson #2531,Book,Textbook,Pearson,FAIR,GIVEAWAY,RESERVED,300,2026-04-05,2026-05-16,CS Department
I02532,U0051,USB Flash Drive — SanDisk #2532,Storage,USB Flash Drive,SanDisk,GOOD,SWAP,RETURNED,900,2026-09-08,2026-10-21,Main Block
I02533,U0476,Scientific Calculator — Texas Instruments #2533,Academic,Scientific Calculator,Texas Instruments,GOOD,SELL,AVAILABLE,1350,2025-12-14,2026-02-07,Central Library
I02534,U0844,Lab Coat — Generic #2534,Clothing,Lab Coat,Generic,GOOD,SWAP,AVAILABLE,800,2026-07-18,2026-12-13,Student Centre
I02535,U0877,Power Bank — MI #2535,Accessory,Power Bank,MI,EXCELLENT,SWAP,AVAILABLE,1950,2025-11-23,2025-12-24,Hostel Block A
I02536,U0022,HDMI Cable — UGREEN #2536,Cable,HDMI Cable,UGREEN,GOOD,SWAP,AVAILABLE,500,2026-01-28,2026-07-08,Hostel Block B
I02537,U0652,Drawing Board — Camel #2537,Equipment,Drawing Board,Camel,GOOD,BORROW,RETURNED,1500,2025-09-10,2025-12-07,Hostel Block C
I02538,U0216,Ethernet Cable — D-Link #2538,Cable,Ethernet Cable,D-Link,GOOD,BORROW,AVAILABLE,100,2026-03-03,2026-07-14,Hostel Block D
I02539,U0497,Extension Board — Philips #2539,Electronics,Extension Board,Philips,EXCELLENT,GIVEAWAY,AVAILABLE,450,2026-08-22,2026-11-18,Innovation Lab
I02540,U0221,Breadboard Kit — Generic #2540,Lab Equipment,Breadboard Kit,Generic,GOOD,BORROW,AVAILABLE,700,2026-01-23,2026-05-31,ECE Lab
I02541,U0052,Presentation Clicker — Logitech #2541,Accessory,Presentation Clicker,Logitech,EXCELLENT,GIVEAWAY,AVAILABLE,2050,2026-05-24,2026-11-10,Mechanical Lab
I02542,U0757,Arduino Kit — Arduino #2542,Lab Equipment,Arduino Kit,Arduino,EXCELLENT,BORROW,AVAILABLE,3250,2025-10-09,2025-12-15,Architecture Studio
I02543,U0485,Safety Goggles — 3M #2543,Safety Equipment,Safety Goggles,3M,EXCELLENT,SWAP,AVAILABLE,350,2026-08-11,2027-01-11,CS Department
I02544,U0082,Webcam — Logitech #2544,Electronics,Webcam,Logitech,EXCELLENT,SWAP,AVAILABLE,4050,2026-07-30,2026-12-14,Main Block
I02545,U0133,Graph Paper Pack — Classmate #2545,Stationery,Graph Paper Pack,Classmate,GOOD,BORROW,AVAILABLE,150,2025-09-06,2025-10-18,Central Library
I02546,U0530,Soldering Iron Kit — Weller #2546,Lab Equipment,Soldering Iron Kit,Weller,GOOD,BORROW,RETURNED,2850,2025-11-12,2025-12-22,Student Centre
I02547,U0288,Screwdriver Set — Bosch #2547,Equipment,Screwdriver Set,Bosch,EXCELLENT,BORROW,AVAILABLE,1750,2025-10-26,2025-12-06,Hostel Block A
I02548,U0505,Python Programming Book — O'Reilly #2548,Book,Python Programming Book,O'Reilly,GOOD,BORROW,RETURNED,800,2026-01-07,2026-03-22,Hostel Block B
I02549,U0896,Vernier Caliper — Mitutoyo #2549,Lab Equipment,Vernier Caliper,Mitutoyo,GOOD,BORROW,AVAILABLE,3200,2026-09-23,2027-01-30,Hostel Block C
I02550,U0788,Calculator — CASIO #2550,Academic,Calculator,CASIO,GOOD,SWAP,AVAILABLE,1300,2025-11-15,2026-01-07,Hostel Block D
I02551,U0954,Bluetooth Keyboard — Logitech #2551,Accessory,Bluetooth Keyboard,Logitech,GOOD,GIVEAWAY,RETURNED,900,2026-07-01,2026-09-06,Innovation Lab
I02552,U0210,External Hard Drive — WD #2552,Storage,External Hard Drive,WD,GOOD,BORROW,AVAILABLE,3650,2026-05-19,2026-11-06,ECE Lab
I02553,U0850,USB-C Charger — Anker #2553,Electronics,USB-C Charger,Anker,FAIR,GIVEAWAY,AVAILABLE,2000,2026-05-06,2026-08-14,Mechanical Lab
I02554,U0421,Engineering Drawing Kit — Staedtler #2554,Equipment,Engineering Drawing Kit,Staedtler,GOOD,BORROW,INACTIVE,2250,2026-08-01,2027-01-15,Architecture Studio
I02555,U0271,Tripod — Digitek #2555,Equipment,Tripod,Digitek,GOOD,BORROW,AVAILABLE,1300,2025-08-10,2025-09-11,CS Department
I02556,U0505,Digital Multimeter — Meco #2556,Lab Equipment,Digital Multimeter,Meco,GOOD,SWAP,BORROWED,500,2026-03-24,2026-08-18,Main Block
I02557,U0835,College Backpack — Wildcraft #2557,Bag,College Backpack,Wildcraft,EXCELLENT,BORROW,RETURNED,1450,2025-09-22,2025-11-18,Central Library
I02558,U0765,Headphones — JBL #2558,Electronics,Headphones,JBL,GOOD,BORROW,AVAILABLE,2550,2025-10-14,2026-01-29,Student Centre
I02559,U0154,Mechanical Drawing Set — Rotring #2559,Stationery,Mechanical Drawing Set,Rotring,GOOD,BORROW,AVAILABLE,1200,2026-02-24,2026-04-18,Hostel Block A
I02560,U0102,Desk Lamp — Philips #2560,Accessory,Desk Lamp,Philips,GOOD,BORROW,AVAILABLE,850,2025-10-08,2026-02-17,Hostel Block B
I02561,U0657,Textbook — Pearson #2561,Book,Textbook,Pearson,EXCELLENT,BORROW,BORROWED,400,2025-12-23,2026-06-20,Hostel Block C
I02562,U0309,USB Flash Drive — SanDisk #2562,Storage,USB Flash Drive,SanDisk,FAIR,BORROW,AVAILABLE,800,2025-09-30,2025-12-24,Hostel Block D
I02563,U0074,Scientific Calculator — Texas Instruments #2563,Academic,Scientific Calculator,Texas Instruments,GOOD,SWAP,RESERVED,750,2026-03-31,2026-05-27,Innovation Lab
I02564,U0694,Lab Coat — Generic #2564,Clothing,Lab Coat,Generic,EXCELLENT,SELL,BORROWED,900,2026-07-18,2026-10-12,ECE Lab
I02565,U0466,Power Bank — MI #2565,Accessory,Power Bank,MI,GOOD,BORROW,RETURNED,1250,2026-03-19,2026-06-10,Mechanical Lab
I02566,U0925,HDMI Cable — UGREEN #2566,Cable,HDMI Cable,UGREEN,EXCELLENT,BORROW,INACTIVE,250,2026-08-11,2026-11-14,Architecture Studio
I02567,U0012,Drawing Board — Camel #2567,Equipment,Drawing Board,Camel,GOOD,SWAP,RESERVED,650,2026-09-23,2026-11-16,CS Department
I02568,U0835,Ethernet Cable — D-Link #2568,Cable,Ethernet Cable,D-Link,GOOD,SELL,AVAILABLE,350,2025-11-22,2026-04-01,Main Block
I02569,U0170,Extension Board — Philips #2569,Electronics,Extension Board,Philips,GOOD,BORROW,AVAILABLE,700,2026-08-07,2026-12-09,Central Library
I02570,U0695,Breadboard Kit — Generic #2570,Lab Equipment,Breadboard Kit,Generic,EXCELLENT,SELL,AVAILABLE,600,2026-07-15,2026-09-28,Student Centre
I02571,U0047,Presentation Clicker — Logitech #2571,Accessory,Presentation Clicker,Logitech,EXCELLENT,BORROW,AVAILABLE,1650,2025-08-19,2026-01-28,Hostel Block A
I02572,U0445,Arduino Kit — Arduino #2572,Lab Equipment,Arduino Kit,Arduino,GOOD,GIVEAWAY,AVAILABLE,900,2025-12-08,2026-02-25,Hostel Block B
I02573,U0330,Safety Goggles — 3M #2573,Safety Equipment,Safety Goggles,3M,EXCELLENT,GIVEAWAY,RETURNED,600,2026-01-15,2026-07-12,Hostel Block C
I02574,U0837,Webcam — Logitech #2574,Electronics,Webcam,Logitech,GOOD,GIVEAWAY,INACTIVE,1250,2025-09-13,2026-01-22,Hostel Block D
I02575,U0053,Graph Paper Pack — Classmate #2575,Stationery,Graph Paper Pack,Classmate,GOOD,BORROW,BORROWED,100,2026-06-22,2026-10-20,Innovation Lab
I02576,U0555,Soldering Iron Kit — Weller #2576,Lab Equipment,Soldering Iron Kit,Weller,GOOD,GIVEAWAY,INACTIVE,2900,2026-07-26,2026-11-19,ECE Lab
I02577,U0292,Screwdriver Set — Bosch #2577,Equipment,Screwdriver Set,Bosch,GOOD,BORROW,AVAILABLE,450,2026-07-26,2026-10-24,Mechanical Lab
I02578,U0430,Python Programming Book — O'Reilly #2578,Book,Python Programming Book,O'Reilly,GOOD,GIVEAWAY,AVAILABLE,1550,2026-05-28,2026-08-01,Architecture Studio
I02579,U0442,Vernier Caliper — Mitutoyo #2579,Lab Equipment,Vernier Caliper,Mitutoyo,GOOD,BORROW,AVAILABLE,2450,2026-04-27,2026-09-12,CS Department
I02580,U0558,Calculator — CASIO #2580,Academic,Calculator,CASIO,EXCELLENT,SWAP,INACTIVE,1550,2026-01-17,2026-03-07,Main Block
I02581,U0235,Bluetooth Keyboard — Logitech #2581,Accessory,Bluetooth Keyboard,Logitech,GOOD,SELL,BORROWED,3450,2026-05-28,2026-09-04,Central Library
I02582,U0007,External Hard Drive — WD #2582,Storage,External Hard Drive,WD,GOOD,BORROW,RETURNED,6950,2026-01-06,2026-02-27,Student Centre
I02583,U0725,USB-C Charger — Anker #2583,Electronics,USB-C Charger,Anker,GOOD,GIVEAWAY,AVAILABLE,1700,2026-01-26,2026-06-06,Hostel Block A
I02584,U0989,Engineering Drawing Kit — Staedtler #2584,Equipment,Engineering Drawing Kit,Staedtler,EXCELLENT,SELL,RESERVED,2350,2026-05-26,2026-11-16,Hostel Block B
I02585,U0334,Tripod — Digitek #2585,Equipment,Tripod,Digitek,GOOD,BORROW,INACTIVE,1250,2026-02-04,2026-03-18,Hostel Block C
I02586,U0775,Digital Multimeter — Meco #2586,Lab Equipment,Digital Multimeter,Meco,GOOD,BORROW,AVAILABLE,2050,2025-08-03,2025-11-08,Hostel Block D
I02587,U0667,College Backpack — Wildcraft #2587,Bag,College Backpack,Wildcraft,EXCELLENT,BORROW,AVAILABLE,2550,2026-04-27,2026-06-17,Innovation Lab
I02588,U0577,Headphones — JBL #2588,Electronics,Headphones,JBL,FAIR,BORROW,RETURNED,2500,2025-11-24,2026-03-12,ECE Lab
I02589,U0407,Mechanical Drawing Set — Rotring #2589,Stationery,Mechanical Drawing Set,Rotring,EXCELLENT,BORROW,AVAILABLE,1600,2025-08-19,2025-10-03,Mechanical Lab
I02590,U0225,Desk Lamp — Philips #2590,Accessory,Desk Lamp,Philips,EXCELLENT,GIVEAWAY,AVAILABLE,1000,2025-08-03,2025-10-11,Architecture Studio
I02591,U0581,Textbook — Pearson #2591,Book,Textbook,Pearson,EXCELLENT,BORROW,RETURNED,900,2026-09-03,2027-02-13,CS Department
I02592,U0309,USB Flash Drive — SanDisk #2592,Storage,USB Flash Drive,SanDisk,GOOD,GIVEAWAY,RETURNED,1100,2025-10-04,2026-02-23,Main Block
I02593,U0264,Scientific Calculator — Texas Instruments #2593,Academic,Scientific Calculator,Texas Instruments,GOOD,BORROW,RETURNED,2200,2025-08-16,2025-09-18,Central Library
I02594,U0504,Lab Coat — Generic #2594,Clothing,Lab Coat,Generic,GOOD,BORROW,RESERVED,650,2026-08-24,2026-12-07,Student Centre
I02595,U0671,Power Bank — MI #2595,Accessory,Power Bank,MI,FAIR,SELL,AVAILABLE,1050,2026-06-06,2026-08-23,Hostel Block A
I02596,U0469,HDMI Cable — UGREEN #2596,Cable,HDMI Cable,UGREEN,GOOD,GIVEAWAY,RETURNED,500,2026-03-31,2026-05-29,Hostel Block B
I02597,U0266,Drawing Board — Camel #2597,Equipment,Drawing Board,Camel,GOOD,SWAP,AVAILABLE,750,2025-10-23,2025-12-07,Hostel Block C
I02598,U0894,Ethernet Cable — D-Link #2598,Cable,Ethernet Cable,D-Link,NEW,SWAP,INACTIVE,250,2026-03-31,2026-07-04,Hostel Block D
I02599,U0398,Extension Board — Philips #2599,Electronics,Extension Board,Philips,GOOD,GIVEAWAY,AVAILABLE,550,2025-10-23,2026-01-07,Innovation Lab
I02600,U0136,Breadboard Kit — Generic #2600,Lab Equipment,Breadboard Kit,Generic,EXCELLENT,BORROW,RETURNED,800,2025-10-17,2026-03-06,ECE Lab
I02601,U0202,Presentation Clicker — Logitech #2601,Accessory,Presentation Clicker,Logitech,EXCELLENT,SELL,AVAILABLE,1850,2026-06-11,2026-11-10,Mechanical Lab
I02602,U0136,Arduino Kit — Arduino #2602,Lab Equipment,Arduino Kit,Arduino,EXCELLENT,BORROW,BORROWED,2800,2026-06-24,2026-08-12,Architecture Studio
I02603,U0118,Safety Goggles — 3M #2603,Safety Equipment,Safety Goggles,3M,FAIR,SWAP,INACTIVE,550,2026-05-30,2026-09-01,CS Department
I02604,U0906,Webcam — Logitech #2604,Electronics,Webcam,Logitech,GOOD,BORROW,AVAILABLE,3250,2025-12-19,2026-03-20,Main Block
I02605,U0667,Graph Paper Pack — Classmate #2605,Stationery,Graph Paper Pack,Classmate,GOOD,BORROW,AVAILABLE,200,2026-09-20,2027-02-09,Central Library
I02606,U0701,Soldering Iron Kit — Weller #2606,Lab Equipment,Soldering Iron Kit,Weller,NEW,SWAP,AVAILABLE,1600,2026-05-07,2026-09-09,Student Centre
I02607,U0136,Screwdriver Set — Bosch #2607,Equipment,Screwdriver Set,Bosch,NEW,GIVEAWAY,AVAILABLE,1400,2026-04-19,2026-10-01,Hostel Block A
I02608,U0264,Python Programming Book — O'Reilly #2608,Book,Python Programming Book,O'Reilly,NEW,BORROW,AVAILABLE,1300,2025-12-04,2026-04-05,Hostel Block B
I02609,U0032,Vernier Caliper — Mitutoyo #2609,Lab Equipment,Vernier Caliper,Mitutoyo,FAIR,BORROW,AVAILABLE,2900,2026-05-07,2026-08-08,Hostel Block C
I02610,U0201,Calculator — CASIO #2610,Academic,Calculator,CASIO,GOOD,SWAP,AVAILABLE,550,2026-08-26,2026-09-30,Hostel Block D
I02611,U0367,Bluetooth Keyboard — Logitech #2611,Accessory,Bluetooth Keyboard,Logitech,GOOD,BORROW,RESERVED,2150,2026-09-03,2026-12-31,Innovation Lab
I02612,U0382,External Hard Drive — WD #2612,Storage,External Hard Drive,WD,GOOD,BORROW,RETURNED,5450,2026-06-06,2026-11-05,ECE Lab
I02613,U0496,USB-C Charger — Anker #2613,Electronics,USB-C Charger,Anker,EXCELLENT,BORROW,RETURNED,1900,2026-04-02,2026-08-27,Mechanical Lab
I02614,U0382,Engineering Drawing Kit — Staedtler #2614,Equipment,Engineering Drawing Kit,Staedtler,FAIR,GIVEAWAY,AVAILABLE,2450,2026-06-11,2026-10-14,Architecture Studio
I02615,U0656,Tripod — Digitek #2615,Equipment,Tripod,Digitek,GOOD,SELL,RETURNED,1950,2026-05-04,2026-10-07,CS Department
I02616,U0829,Digital Multimeter — Meco #2616,Lab Equipment,Digital Multimeter,Meco,EXCELLENT,GIVEAWAY,AVAILABLE,600,2025-09-01,2026-01-26,Main Block
I02617,U0019,College Backpack — Wildcraft #2617,Bag,College Backpack,Wildcraft,GOOD,SELL,INACTIVE,2100,2026-01-19,2026-06-02,Central Library
I02618,U0254,Headphones — JBL #2618,Electronics,Headphones,JBL,EXCELLENT,GIVEAWAY,BORROWED,950,2026-01-07,2026-03-31,Student Centre
I02619,U0440,Mechanical Drawing Set — Rotring #2619,Stationery,Mechanical Drawing Set,Rotring,EXCELLENT,BORROW,AVAILABLE,1850,2026-03-20,2026-06-22,Hostel Block A
I02620,U0770,Desk Lamp — Philips #2620,Accessory,Desk Lamp,Philips,GOOD,SELL,RETURNED,1600,2025-08-05,2025-10-06,Hostel Block B
I02621,U0628,Textbook — Pearson #2621,Book,Textbook,Pearson,EXCELLENT,BORROW,RETURNED,1200,2025-11-10,2026-02-18,Hostel Block C
I02622,U0257,USB Flash Drive — SanDisk #2622,Storage,USB Flash Drive,SanDisk,GOOD,BORROW,AVAILABLE,450,2025-10-02,2026-02-20,Hostel Block D
I02623,U0621,Scientific Calculator — Texas Instruments #2623,Academic,Scientific Calculator,Texas Instruments,EXCELLENT,BORROW,AVAILABLE,1700,2025-09-10,2025-11-13,Innovation Lab
I02624,U0279,Lab Coat — Generic #2624,Clothing,Lab Coat,Generic,FAIR,GIVEAWAY,RETURNED,350,2026-02-16,2026-04-23,ECE Lab
I02625,U0703,Power Bank — MI #2625,Accessory,Power Bank,MI,GOOD,SWAP,AVAILABLE,1450,2025-10-12,2026-02-08,Mechanical Lab
I02626,U0341,HDMI Cable — UGREEN #2626,Cable,HDMI Cable,UGREEN,GOOD,BORROW,RETURNED,500,2026-04-28,2026-06-17,Architecture Studio
I02627,U0604,Drawing Board — Camel #2627,Equipment,Drawing Board,Camel,GOOD,SELL,RETURNED,1050,2026-08-07,2026-10-22,CS Department
I02628,U0391,Ethernet Cable — D-Link #2628,Cable,Ethernet Cable,D-Link,GOOD,BORROW,RESERVED,100,2025-08-27,2025-11-12,Main Block
I02629,U0478,Extension Board — Philips #2629,Electronics,Extension Board,Philips,GOOD,SELL,RESERVED,1550,2025-10-12,2026-01-24,Central Library
I02630,U0746,Breadboard Kit — Generic #2630,Lab Equipment,Breadboard Kit,Generic,FAIR,BORROW,AVAILABLE,800,2025-11-01,2026-02-13,Student Centre
I02631,U0400,Presentation Clicker — Logitech #2631,Accessory,Presentation Clicker,Logitech,EXCELLENT,SWAP,INACTIVE,1000,2025-10-18,2025-12-12,Hostel Block A
I02632,U0406,Arduino Kit — Arduino #2632,Lab Equipment,Arduino Kit,Arduino,GOOD,BORROW,AVAILABLE,3050,2026-09-20,2026-10-24,Hostel Block B
I02633,U0924,Safety Goggles — 3M #2633,Safety Equipment,Safety Goggles,3M,GOOD,BORROW,RETURNED,250,2026-06-12,2026-09-28,Hostel Block C
I02634,U0746,Webcam — Logitech #2634,Electronics,Webcam,Logitech,GOOD,BORROW,AVAILABLE,2600,2026-06-28,2026-08-01,Hostel Block D
I02635,U0123,Graph Paper Pack — Classmate #2635,Stationery,Graph Paper Pack,Classmate,EXCELLENT,BORROW,AVAILABLE,200,2026-01-24,2026-04-05,Innovation Lab
I02636,U0775,Soldering Iron Kit — Weller #2636,Lab Equipment,Soldering Iron Kit,Weller,GOOD,BORROW,AVAILABLE,1200,2025-08-12,2026-01-14,ECE Lab
I02637,U0500,Screwdriver Set — Bosch #2637,Equipment,Screwdriver Set,Bosch,GOOD,SWAP,AVAILABLE,1250,2025-11-21,2026-01-17,Mechanical Lab
I02638,U0758,Python Programming Book — O'Reilly #2638,Book,Python Programming Book,O'Reilly,GOOD,BORROW,RETURNED,1350,2026-09-09,2026-10-22,Architecture Studio
I02639,U0699,Vernier Caliper — Mitutoyo #2639,Lab Equipment,Vernier Caliper,Mitutoyo,GOOD,SELL,AVAILABLE,5250,2026-01-22,2026-05-18,CS Department
I02640,U0954,Calculator — CASIO #2640,Academic,Calculator,CASIO,EXCELLENT,SWAP,BORROWED,1300,2026-07-11,2026-08-27,Main Block
I02641,U0583,Bluetooth Keyboard — Logitech #2641,Accessory,Bluetooth Keyboard,Logitech,GOOD,GIVEAWAY,AVAILABLE,2600,2025-12-28,2026-05-31,Central Library
I02642,U0715,External Hard Drive — WD #2642,Storage,External Hard Drive,WD,EXCELLENT,SELL,BORROWED,4100,2026-01-19,2026-04-18,Student Centre
I02643,U0117,USB-C Charger — Anker #2643,Electronics,USB-C Charger,Anker,GOOD,BORROW,AVAILABLE,1100,2026-09-17,2026-12-07,Hostel Block A
I02644,U0488,Engineering Drawing Kit — Staedtler #2644,Equipment,Engineering Drawing Kit,Staedtler,GOOD,GIVEAWAY,RETURNED,2100,2025-10-08,2026-04-06,Hostel Block B
I02645,U0704,Tripod — Digitek #2645,Equipment,Tripod,Digitek,FAIR,BORROW,BORROWED,2200,2025-08-30,2026-02-12,Hostel Block C
I02646,U0185,Digital Multimeter — Meco #2646,Lab Equipment,Digital Multimeter,Meco,EXCELLENT,SWAP,AVAILABLE,1450,2025-10-08,2025-11-09,Hostel Block D
I02647,U0487,College Backpack — Wildcraft #2647,Bag,College Backpack,Wildcraft,GOOD,BORROW,RESERVED,1300,2026-08-05,2026-12-12,Innovation Lab
I02648,U0458,Headphones — JBL #2648,Electronics,Headphones,JBL,GOOD,BORROW,INACTIVE,2550,2025-09-07,2025-11-19,ECE Lab
I02649,U0363,Mechanical Drawing Set — Rotring #2649,Stationery,Mechanical Drawing Set,Rotring,FAIR,BORROW,AVAILABLE,700,2026-02-22,2026-08-10,Mechanical Lab
I02650,U0016,Desk Lamp — Philips #2650,Accessory,Desk Lamp,Philips,EXCELLENT,SWAP,INACTIVE,1550,2025-12-08,2026-05-21,Architecture Studio
I02651,U0295,Textbook — Pearson #2651,Book,Textbook,Pearson,GOOD,SWAP,AVAILABLE,450,2026-02-21,2026-08-15,CS Department
I02652,U0713,USB Flash Drive — SanDisk #2652,Storage,USB Flash Drive,SanDisk,EXCELLENT,SELL,INACTIVE,350,2026-09-15,2027-01-25,Main Block
I02653,U0576,Scientific Calculator — Texas Instruments #2653,Academic,Scientific Calculator,Texas Instruments,GOOD,BORROW,RESERVED,2300,2026-03-10,2026-04-19,Central Library
I02654,U0629,Lab Coat — Generic #2654,Clothing,Lab Coat,Generic,GOOD,SWAP,BORROWED,950,2025-11-05,2026-04-08,Student Centre
I02655,U0620,Power Bank — MI #2655,Accessory,Power Bank,MI,GOOD,GIVEAWAY,AVAILABLE,1000,2026-05-22,2026-08-11,Hostel Block A
I02656,U0278,HDMI Cable — UGREEN #2656,Cable,HDMI Cable,UGREEN,GOOD,SWAP,AVAILABLE,650,2025-08-01,2025-09-25,Hostel Block B
I02657,U0111,Drawing Board — Camel #2657,Equipment,Drawing Board,Camel,FAIR,BORROW,AVAILABLE,1150,2026-02-10,2026-03-14,Hostel Block C
I02658,U0914,Ethernet Cable — D-Link #2658,Cable,Ethernet Cable,D-Link,FAIR,SWAP,RETURNED,400,2026-02-11,2026-07-08,Hostel Block D
I02659,U0317,Extension Board — Philips #2659,Electronics,Extension Board,Philips,GOOD,BORROW,RESERVED,950,2025-10-01,2026-03-25,Innovation Lab
I02660,U0851,Breadboard Kit — Generic #2660,Lab Equipment,Breadboard Kit,Generic,GOOD,BORROW,AVAILABLE,450,2026-02-09,2026-07-20,ECE Lab
I02661,U0179,Presentation Clicker — Logitech #2661,Accessory,Presentation Clicker,Logitech,GOOD,SELL,BORROWED,2100,2025-08-18,2025-11-18,Mechanical Lab
I02662,U0267,Arduino Kit — Arduino #2662,Lab Equipment,Arduino Kit,Arduino,EXCELLENT,SWAP,RETURNED,1850,2026-02-01,2026-04-07,Architecture Studio
I02663,U0702,Safety Goggles — 3M #2663,Safety Equipment,Safety Goggles,3M,NEW,SWAP,INACTIVE,700,2026-09-13,2027-01-04,CS Department
I02664,U0583,Webcam — Logitech #2664,Electronics,Webcam,Logitech,GOOD,BORROW,RESERVED,3850,2025-08-26,2025-10-04,Main Block
I02665,U0546,Graph Paper Pack — Classmate #2665,Stationery,Graph Paper Pack,Classmate,EXCELLENT,GIVEAWAY,INACTIVE,100,2026-07-08,2026-12-05,Central Library
I02666,U0155,Soldering Iron Kit — Weller #2666,Lab Equipment,Soldering Iron Kit,Weller,FAIR,BORROW,AVAILABLE,1550,2026-06-11,2026-08-21,Student Centre
I02667,U0727,Screwdriver Set — Bosch #2667,Equipment,Screwdriver Set,Bosch,EXCELLENT,GIVEAWAY,BORROWED,350,2026-04-04,2026-07-14,Hostel Block A
I02668,U0153,Python Programming Book — O'Reilly #2668,Book,Python Programming Book,O'Reilly,GOOD,BORROW,AVAILABLE,1600,2025-11-26,2026-02-27,Hostel Block B
I02669,U0549,Vernier Caliper — Mitutoyo #2669,Lab Equipment,Vernier Caliper,Mitutoyo,EXCELLENT,BORROW,RETURNED,3900,2026-04-14,2026-07-07,Hostel Block C
I02670,U0127,Calculator — CASIO #2670,Academic,Calculator,CASIO,EXCELLENT,BORROW,AVAILABLE,1150,2026-05-07,2026-08-31,Hostel Block D
I02671,U0146,Bluetooth Keyboard — Logitech #2671,Accessory,Bluetooth Keyboard,Logitech,GOOD,SWAP,AVAILABLE,1500,2026-01-01,2026-06-04,Innovation Lab
I02672,U0760,External Hard Drive — WD #2672,Storage,External Hard Drive,WD,NEW,GIVEAWAY,AVAILABLE,3800,2026-04-29,2026-09-11,ECE Lab
I02673,U0644,USB-C Charger — Anker #2673,Electronics,USB-C Charger,Anker,GOOD,BORROW,AVAILABLE,1850,2025-09-20,2026-01-18,Mechanical Lab
I02674,U0303,Engineering Drawing Kit — Staedtler #2674,Equipment,Engineering Drawing Kit,Staedtler,GOOD,SELL,INACTIVE,2100,2025-09-15,2025-11-03,Architecture Studio
I02675,U0127,Tripod — Digitek #2675,Equipment,Tripod,Digitek,EXCELLENT,BORROW,AVAILABLE,1750,2026-04-07,2026-05-14,CS Department
I02676,U0696,Digital Multimeter — Meco #2676,Lab Equipment,Digital Multimeter,Meco,EXCELLENT,BORROW,AVAILABLE,1800,2026-04-14,2026-09-23,Main Block
I02677,U0643,College Backpack — Wildcraft #2677,Bag,College Backpack,Wildcraft,GOOD,BORROW,AVAILABLE,1350,2026-08-27,2027-02-17,Central Library
I02678,U0586,Headphones — JBL #2678,Electronics,Headphones,JBL,GOOD,SELL,AVAILABLE,1950,2026-04-10,2026-05-22,Student Centre
I02679,U0883,Mechanical Drawing Set — Rotring #2679,Stationery,Mechanical Drawing Set,Rotring,FAIR,BORROW,AVAILABLE,1200,2026-02-14,2026-07-04,Hostel Block A
I02680,U0166,Desk Lamp — Philips #2680,Accessory,Desk Lamp,Philips,FAIR,BORROW,BORROWED,1000,2025-11-07,2025-12-20,Hostel Block B
I02681,U0655,Textbook — Pearson #2681,Book,Textbook,Pearson,EXCELLENT,GIVEAWAY,BORROWED,300,2026-01-28,2026-07-12,Hostel Block C
I02682,U0561,USB Flash Drive — SanDisk #2682,Storage,USB Flash Drive,SanDisk,GOOD,BORROW,RETURNED,650,2025-10-20,2026-04-06,Hostel Block D
I02683,U0293,Scientific Calculator — Texas Instruments #2683,Academic,Scientific Calculator,Texas Instruments,GOOD,BORROW,AVAILABLE,2350,2026-05-21,2026-10-29,Innovation Lab
I02684,U0156,Lab Coat — Generic #2684,Clothing,Lab Coat,Generic,EXCELLENT,SELL,AVAILABLE,600,2026-02-20,2026-05-14,ECE Lab
I02685,U0081,Power Bank — MI #2685,Accessory,Power Bank,MI,EXCELLENT,BORROW,RETURNED,900,2026-04-15,2026-10-04,Mechanical Lab
I02686,U0444,HDMI Cable — UGREEN #2686,Cable,HDMI Cable,UGREEN,GOOD,SWAP,BORROWED,650,2026-07-13,2026-10-26,Architecture Studio
I02687,U0188,Drawing Board — Camel #2687,Equipment,Drawing Board,Camel,GOOD,BORROW,AVAILABLE,600,2026-05-24,2026-08-22,CS Department
I02688,U0917,Ethernet Cable — D-Link #2688,Cable,Ethernet Cable,D-Link,FAIR,BORROW,RETURNED,450,2026-05-26,2026-08-04,Main Block
I02689,U0908,Extension Board — Philips #2689,Electronics,Extension Board,Philips,GOOD,SWAP,AVAILABLE,1250,2025-09-02,2025-10-28,Central Library
I02690,U0620,Breadboard Kit — Generic #2690,Lab Equipment,Breadboard Kit,Generic,EXCELLENT,BORROW,AVAILABLE,300,2026-07-10,2026-12-18,Student Centre
I02691,U0087,Presentation Clicker — Logitech #2691,Accessory,Presentation Clicker,Logitech,GOOD,BORROW,AVAILABLE,1250,2025-10-26,2026-03-18,Hostel Block A
I02692,U0321,Arduino Kit — Arduino #2692,Lab Equipment,Arduino Kit,Arduino,EXCELLENT,GIVEAWAY,BORROWED,1650,2026-03-14,2026-07-17,Hostel Block B
I02693,U0793,Safety Goggles — 3M #2693,Safety Equipment,Safety Goggles,3M,EXCELLENT,GIVEAWAY,AVAILABLE,400,2025-12-31,2026-02-24,Hostel Block C
I02694,U0728,Webcam — Logitech #2694,Electronics,Webcam,Logitech,FAIR,SELL,INACTIVE,1700,2026-03-25,2026-07-13,Hostel Block D
I02695,U0920,Graph Paper Pack — Classmate #2695,Stationery,Graph Paper Pack,Classmate,GOOD,SWAP,RESERVED,150,2026-03-07,2026-06-17,Innovation Lab
I02696,U0232,Soldering Iron Kit — Weller #2696,Lab Equipment,Soldering Iron Kit,Weller,EXCELLENT,GIVEAWAY,RETURNED,1250,2025-09-19,2025-12-04,ECE Lab
I02697,U0919,Screwdriver Set — Bosch #2697,Equipment,Screwdriver Set,Bosch,GOOD,SELL,AVAILABLE,1450,2026-01-31,2026-06-11,Mechanical Lab
I02698,U0225,Python Programming Book — O'Reilly #2698,Book,Python Programming Book,O'Reilly,FAIR,SWAP,AVAILABLE,750,2025-09-22,2025-11-10,Architecture Studio
I02699,U0940,Vernier Caliper — Mitutoyo #2699,Lab Equipment,Vernier Caliper,Mitutoyo,GOOD,SELL,AVAILABLE,5650,2026-04-26,2026-08-11,CS Department
I02700,U0837,Calculator — CASIO #2700,Academic,Calculator,CASIO,GOOD,SWAP,AVAILABLE,1750,2026-02-26,2026-06-03,Main Block
I02701,U0170,Bluetooth Keyboard — Logitech #2701,Accessory,Bluetooth Keyboard,Logitech,GOOD,BORROW,RETURNED,1900,2026-01-04,2026-04-26,Central Library
I02702,U0517,External Hard Drive — WD #2702,Storage,External Hard Drive,WD,FAIR,BORROW,BORROWED,3050,2026-09-25,2026-12-01,Student Centre
I02703,U0316,USB-C Charger — Anker #2703,Electronics,USB-C Charger,Anker,EXCELLENT,BORROW,AVAILABLE,1700,2026-04-26,2026-08-05,Hostel Block A
I02704,U0779,Engineering Drawing Kit — Staedtler #2704,Equipment,Engineering Drawing Kit,Staedtler,FAIR,BORROW,AVAILABLE,1050,2026-02-18,2026-07-29,Hostel Block B
I02705,U0439,Tripod — Digitek #2705,Equipment,Tripod,Digitek,NEW,SELL,AVAILABLE,1450,2026-01-01,2026-02-13,Hostel Block C
I02706,U0416,Digital Multimeter — Meco #2706,Lab Equipment,Digital Multimeter,Meco,GOOD,SELL,AVAILABLE,1450,2025-08-10,2025-10-08,Hostel Block D
I02707,U0198,College Backpack — Wildcraft #2707,Bag,College Backpack,Wildcraft,EXCELLENT,GIVEAWAY,BORROWED,2350,2026-07-16,2027-01-10,Innovation Lab
I02708,U0003,Headphones — JBL #2708,Electronics,Headphones,JBL,GOOD,BORROW,AVAILABLE,2500,2025-11-29,2026-04-09,ECE Lab
I02709,U0674,Mechanical Drawing Set — Rotring #2709,Stationery,Mechanical Drawing Set,Rotring,GOOD,GIVEAWAY,AVAILABLE,850,2025-08-23,2025-11-09,Mechanical Lab
I02710,U0138,Desk Lamp — Philips #2710,Accessory,Desk Lamp,Philips,GOOD,SELL,RETURNED,1450,2026-02-08,2026-03-31,Architecture Studio
I02711,U0810,Textbook — Pearson #2711,Book,Textbook,Pearson,GOOD,BORROW,BORROWED,450,2025-08-18,2025-12-20,CS Department
I02712,U0075,USB Flash Drive — SanDisk #2712,Storage,USB Flash Drive,SanDisk,GOOD,SWAP,AVAILABLE,750,2026-06-16,2026-07-23,Main Block
I02713,U0817,Scientific Calculator — Texas Instruments #2713,Academic,Scientific Calculator,Texas Instruments,GOOD,GIVEAWAY,RESERVED,2350,2026-02-14,2026-06-17,Central Library
I02714,U0260,Lab Coat — Generic #2714,Clothing,Lab Coat,Generic,GOOD,BORROW,RETURNED,1150,2025-08-17,2025-10-11,Student Centre
I02715,U0212,Power Bank — MI #2715,Accessory,Power Bank,MI,GOOD,BORROW,RESERVED,1550,2026-09-03,2026-10-31,Hostel Block A
I02716,U0518,HDMI Cable — UGREEN #2716,Cable,HDMI Cable,UGREEN,GOOD,BORROW,AVAILABLE,450,2026-03-25,2026-06-24,Hostel Block B
I02717,U0250,Drawing Board — Camel #2717,Equipment,Drawing Board,Camel,FAIR,GIVEAWAY,AVAILABLE,850,2026-09-21,2027-01-30,Hostel Block C
I02718,U0098,Ethernet Cable — D-Link #2718,Cable,Ethernet Cable,D-Link,GOOD,SELL,RESERVED,100,2026-08-31,2027-02-05,Hostel Block D
I02719,U0148,Extension Board — Philips #2719,Electronics,Extension Board,Philips,GOOD,BORROW,RESERVED,650,2026-06-01,2026-08-31,Innovation Lab
I02720,U0113,Breadboard Kit — Generic #2720,Lab Equipment,Breadboard Kit,Generic,GOOD,BORROW,AVAILABLE,450,2025-09-14,2026-02-05,ECE Lab
I02721,U0121,Presentation Clicker — Logitech #2721,Accessory,Presentation Clicker,Logitech,GOOD,BORROW,INACTIVE,1050,2025-10-05,2025-12-12,Mechanical Lab
I02722,U0465,Arduino Kit — Arduino #2722,Lab Equipment,Arduino Kit,Arduino,GOOD,SELL,BORROWED,1900,2026-07-29,2026-08-29,Architecture Studio
I02723,U0015,Safety Goggles — 3M #2723,Safety Equipment,Safety Goggles,3M,GOOD,BORROW,AVAILABLE,400,2025-08-29,2026-01-10,CS Department
I02724,U0743,Webcam — Logitech #2724,Electronics,Webcam,Logitech,FAIR,BORROW,RESERVED,2600,2026-08-23,2026-12-12,Main Block
I02725,U0092,Graph Paper Pack — Classmate #2725,Stationery,Graph Paper Pack,Classmate,GOOD,SELL,BORROWED,150,2026-09-19,2027-01-22,Central Library
I02726,U0647,Soldering Iron Kit — Weller #2726,Lab Equipment,Soldering Iron Kit,Weller,EXCELLENT,BORROW,AVAILABLE,1150,2025-09-16,2025-12-14,Student Centre
I02727,U0635,Screwdriver Set — Bosch #2727,Equipment,Screwdriver Set,Bosch,GOOD,BORROW,RETURNED,1350,2026-03-23,2026-08-27,Hostel Block A
I02728,U0634,Python Programming Book — O'Reilly #2728,Book,Python Programming Book,O'Reilly,FAIR,BORROW,AVAILABLE,1550,2026-02-24,2026-08-13,Hostel Block B
I02729,U0105,Vernier Caliper — Mitutoyo #2729,Lab Equipment,Vernier Caliper,Mitutoyo,GOOD,BORROW,BORROWED,2300,2026-07-17,2026-10-04,Hostel Block C
I02730,U0560,Calculator — CASIO #2730,Academic,Calculator,CASIO,EXCELLENT,BORROW,AVAILABLE,1750,2026-04-24,2026-09-19,Hostel Block D
I02731,U0766,Bluetooth Keyboard — Logitech #2731,Accessory,Bluetooth Keyboard,Logitech,GOOD,SWAP,AVAILABLE,1800,2026-09-03,2027-01-09,Innovation Lab
I02732,U0771,External Hard Drive — WD #2732,Storage,External Hard Drive,WD,FAIR,SWAP,AVAILABLE,6000,2025-10-20,2026-02-16,ECE Lab
I02733,U0141,USB-C Charger — Anker #2733,Electronics,USB-C Charger,Anker,GOOD,BORROW,RETURNED,650,2026-06-14,2026-08-06,Mechanical Lab
I02734,U0087,Engineering Drawing Kit — Staedtler #2734,Equipment,Engineering Drawing Kit,Staedtler,EXCELLENT,BORROW,AVAILABLE,1450,2026-04-19,2026-07-06,Architecture Studio
I02735,U0486,Tripod — Digitek #2735,Equipment,Tripod,Digitek,EXCELLENT,SELL,AVAILABLE,2250,2026-09-02,2027-01-09,CS Department
I02736,U0432,Digital Multimeter — Meco #2736,Lab Equipment,Digital Multimeter,Meco,GOOD,BORROW,AVAILABLE,1950,2026-07-09,2026-08-22,Main Block
I02737,U0722,College Backpack — Wildcraft #2737,Bag,College Backpack,Wildcraft,GOOD,BORROW,AVAILABLE,1150,2025-08-01,2025-12-05,Central Library
I02738,U0910,Headphones — JBL #2738,Electronics,Headphones,JBL,EXCELLENT,SELL,BORROWED,2400,2025-10-22,2026-02-01,Student Centre
I02739,U0368,Mechanical Drawing Set — Rotring #2739,Stationery,Mechanical Drawing Set,Rotring,GOOD,BORROW,AVAILABLE,1500,2026-06-18,2026-11-21,Hostel Block A
I02740,U0269,Desk Lamp — Philips #2740,Accessory,Desk Lamp,Philips,GOOD,SWAP,AVAILABLE,550,2025-08-02,2025-09-25,Hostel Block B
I02741,U0168,Textbook — Pearson #2741,Book,Textbook,Pearson,EXCELLENT,SWAP,AVAILABLE,550,2026-03-20,2026-06-18,Hostel Block C
I02742,U0114,USB Flash Drive — SanDisk #2742,Storage,USB Flash Drive,SanDisk,EXCELLENT,BORROW,AVAILABLE,250,2025-12-19,2026-01-18,Hostel Block D
I02743,U0439,Scientific Calculator — Texas Instruments #2743,Academic,Scientific Calculator,Texas Instruments,GOOD,GIVEAWAY,RETURNED,2450,2026-05-04,2026-07-20,Innovation Lab
I02744,U0751,Lab Coat — Generic #2744,Clothing,Lab Coat,Generic,GOOD,SELL,RETURNED,450,2026-05-08,2026-06-16,ECE Lab
I02745,U0512,Power Bank — MI #2745,Accessory,Power Bank,MI,GOOD,GIVEAWAY,BORROWED,1050,2025-12-15,2026-04-26,Mechanical Lab
I02746,U0051,HDMI Cable — UGREEN #2746,Cable,HDMI Cable,UGREEN,FAIR,SWAP,AVAILABLE,400,2026-03-13,2026-05-25,Architecture Studio
I02747,U0021,Drawing Board — Camel #2747,Equipment,Drawing Board,Camel,FAIR,SELL,AVAILABLE,1750,2026-06-01,2026-07-09,CS Department
I02748,U0734,Ethernet Cable — D-Link #2748,Cable,Ethernet Cable,D-Link,GOOD,SELL,RESERVED,150,2025-09-20,2025-12-09,Main Block
I02749,U0106,Extension Board — Philips #2749,Electronics,Extension Board,Philips,GOOD,BORROW,RETURNED,750,2025-11-18,2026-04-23,Central Library
I02750,U0642,Breadboard Kit — Generic #2750,Lab Equipment,Breadboard Kit,Generic,GOOD,BORROW,AVAILABLE,150,2025-10-04,2025-12-25,Student Centre
I02751,U0635,Presentation Clicker — Logitech #2751,Accessory,Presentation Clicker,Logitech,GOOD,BORROW,AVAILABLE,1850,2026-05-01,2026-06-28,Hostel Block A
I02752,U0911,Arduino Kit — Arduino #2752,Lab Equipment,Arduino Kit,Arduino,GOOD,SWAP,RETURNED,2950,2025-11-14,2026-01-05,Hostel Block B
I02753,U0078,Safety Goggles — 3M #2753,Safety Equipment,Safety Goggles,3M,GOOD,BORROW,AVAILABLE,500,2026-07-19,2026-12-31,Hostel Block C
I02754,U0352,Webcam — Logitech #2754,Electronics,Webcam,Logitech,GOOD,BORROW,AVAILABLE,2150,2026-01-23,2026-06-30,Hostel Block D
I02755,U0334,Graph Paper Pack — Classmate #2755,Stationery,Graph Paper Pack,Classmate,EXCELLENT,BORROW,RESERVED,150,2026-07-08,2026-09-17,Innovation Lab
I02756,U0523,Soldering Iron Kit — Weller #2756,Lab Equipment,Soldering Iron Kit,Weller,EXCELLENT,BORROW,AVAILABLE,2900,2026-02-26,2026-07-11,ECE Lab
I02757,U0491,Screwdriver Set — Bosch #2757,Equipment,Screwdriver Set,Bosch,GOOD,BORROW,AVAILABLE,750,2026-01-08,2026-02-26,Mechanical Lab
I02758,U0496,Python Programming Book — O'Reilly #2758,Book,Python Programming Book,O'Reilly,EXCELLENT,BORROW,RESERVED,1000,2026-03-22,2026-05-14,Architecture Studio
I02759,U0523,Vernier Caliper — Mitutoyo #2759,Lab Equipment,Vernier Caliper,Mitutoyo,GOOD,SWAP,AVAILABLE,4700,2026-06-01,2026-07-21,CS Department
I02760,U0879,Calculator — CASIO #2760,Academic,Calculator,CASIO,EXCELLENT,SWAP,AVAILABLE,1350,2025-09-24,2025-11-26,Main Block
I02761,U0609,Bluetooth Keyboard — Logitech #2761,Accessory,Bluetooth Keyboard,Logitech,EXCELLENT,BORROW,INACTIVE,2700,2025-09-03,2026-01-08,Central Library
I02762,U0271,External Hard Drive — WD #2762,Storage,External Hard Drive,WD,EXCELLENT,BORROW,INACTIVE,5600,2025-08-09,2025-11-15,Student Centre
I02763,U0485,USB-C Charger — Anker #2763,Electronics,USB-C Charger,Anker,GOOD,BORROW,AVAILABLE,600,2026-09-07,2026-10-19,Hostel Block A
I02764,U0400,Engineering Drawing Kit — Staedtler #2764,Equipment,Engineering Drawing Kit,Staedtler,GOOD,BORROW,RETURNED,2150,2026-03-13,2026-07-21,Hostel Block B
I02765,U0631,Tripod — Digitek #2765,Equipment,Tripod,Digitek,EXCELLENT,BORROW,AVAILABLE,2100,2026-07-20,2026-11-04,Hostel Block C
I02766,U0946,Digital Multimeter — Meco #2766,Lab Equipment,Digital Multimeter,Meco,EXCELLENT,SELL,RETURNED,1500,2025-09-01,2025-11-07,Hostel Block D
I02767,U0251,College Backpack — Wildcraft #2767,Bag,College Backpack,Wildcraft,GOOD,SELL,AVAILABLE,1150,2026-04-22,2026-07-30,Innovation Lab
I02768,U0324,Headphones — JBL #2768,Electronics,Headphones,JBL,GOOD,BORROW,AVAILABLE,1200,2025-11-16,2026-01-24,ECE Lab
I02769,U0035,Mechanical Drawing Set — Rotring #2769,Stationery,Mechanical Drawing Set,Rotring,GOOD,BORROW,AVAILABLE,1900,2025-08-19,2026-02-12,Mechanical Lab
I02770,U0726,Desk Lamp — Philips #2770,Accessory,Desk Lamp,Philips,GOOD,SWAP,AVAILABLE,1100,2026-04-05,2026-05-22,Architecture Studio
I02771,U0447,Textbook — Pearson #2771,Book,Textbook,Pearson,GOOD,SELL,BORROWED,550,2025-11-09,2025-12-09,CS Department
I02772,U0694,USB Flash Drive — SanDisk #2772,Storage,USB Flash Drive,SanDisk,FAIR,BORROW,AVAILABLE,650,2025-11-23,2026-04-22,Main Block
I02773,U0651,Scientific Calculator — Texas Instruments #2773,Academic,Scientific Calculator,Texas Instruments,GOOD,BORROW,AVAILABLE,850,2026-03-13,2026-05-13,Central Library
I02774,U0531,Lab Coat — Generic #2774,Clothing,Lab Coat,Generic,GOOD,GIVEAWAY,AVAILABLE,300,2025-12-07,2026-06-02,Student Centre
I02775,U0102,Power Bank — MI #2775,Accessory,Power Bank,MI,FAIR,GIVEAWAY,RESERVED,1400,2026-01-26,2026-07-11,Hostel Block A
I02776,U0171,HDMI Cable — UGREEN #2776,Cable,HDMI Cable,UGREEN,GOOD,SELL,AVAILABLE,450,2025-10-26,2026-04-04,Hostel Block B
I02777,U0615,Drawing Board — Camel #2777,Equipment,Drawing Board,Camel,EXCELLENT,SELL,AVAILABLE,1150,2025-12-19,2026-02-26,Hostel Block C
I02778,U0427,Ethernet Cable — D-Link #2778,Cable,Ethernet Cable,D-Link,NEW,SWAP,AVAILABLE,400,2026-03-03,2026-04-02,Hostel Block D
I02779,U0194,Extension Board — Philips #2779,Electronics,Extension Board,Philips,GOOD,BORROW,RESERVED,500,2025-08-24,2025-10-06,Innovation Lab
I02780,U0563,Breadboard Kit — Generic #2780,Lab Equipment,Breadboard Kit,Generic,EXCELLENT,BORROW,AVAILABLE,750,2026-08-24,2026-12-27,ECE Lab
I02781,U0437,Presentation Clicker — Logitech #2781,Accessory,Presentation Clicker,Logitech,EXCELLENT,SWAP,BORROWED,2200,2026-08-22,2027-01-09,Mechanical Lab
I02782,U0204,Arduino Kit — Arduino #2782,Lab Equipment,Arduino Kit,Arduino,GOOD,SELL,RETURNED,2750,2025-12-26,2026-04-01,Architecture Studio
I02783,U0510,Safety Goggles — 3M #2783,Safety Equipment,Safety Goggles,3M,FAIR,BORROW,AVAILABLE,450,2025-08-18,2025-10-20,CS Department
I02784,U0213,Webcam — Logitech #2784,Electronics,Webcam,Logitech,FAIR,GIVEAWAY,AVAILABLE,2050,2026-07-01,2026-10-19,Main Block
I02785,U0805,Graph Paper Pack — Classmate #2785,Stationery,Graph Paper Pack,Classmate,FAIR,BORROW,RESERVED,50,2026-09-15,2027-03-14,Central Library
I02786,U0880,Soldering Iron Kit — Weller #2786,Lab Equipment,Soldering Iron Kit,Weller,FAIR,SWAP,AVAILABLE,2950,2026-01-12,2026-06-17,Student Centre
I02787,U0735,Screwdriver Set — Bosch #2787,Equipment,Screwdriver Set,Bosch,FAIR,SWAP,BORROWED,350,2025-08-19,2025-11-11,Hostel Block A
I02788,U0754,Python Programming Book — O'Reilly #2788,Book,Python Programming Book,O'Reilly,GOOD,BORROW,INACTIVE,800,2026-02-07,2026-05-13,Hostel Block B
I02789,U0590,Vernier Caliper — Mitutoyo #2789,Lab Equipment,Vernier Caliper,Mitutoyo,GOOD,SELL,AVAILABLE,3600,2026-04-05,2026-07-04,Hostel Block C
I02790,U0494,Calculator — CASIO #2790,Academic,Calculator,CASIO,NEW,SWAP,BORROWED,400,2026-07-26,2026-10-24,Hostel Block D
I02791,U0392,Bluetooth Keyboard — Logitech #2791,Accessory,Bluetooth Keyboard,Logitech,GOOD,BORROW,BORROWED,2150,2025-08-20,2025-12-10,Innovation Lab
I02792,U0696,External Hard Drive — WD #2792,Storage,External Hard Drive,WD,GOOD,BORROW,BORROWED,4500,2026-07-05,2026-08-28,ECE Lab
I02793,U0398,USB-C Charger — Anker #2793,Electronics,USB-C Charger,Anker,EXCELLENT,SELL,INACTIVE,850,2026-01-01,2026-06-21,Mechanical Lab
I02794,U0184,Engineering Drawing Kit — Staedtler #2794,Equipment,Engineering Drawing Kit,Staedtler,FAIR,BORROW,AVAILABLE,1450,2025-12-30,2026-06-24,Architecture Studio
I02795,U0052,Tripod — Digitek #2795,Equipment,Tripod,Digitek,GOOD,SELL,INACTIVE,1200,2025-12-28,2026-04-21,CS Department
I02796,U0083,Digital Multimeter — Meco #2796,Lab Equipment,Digital Multimeter,Meco,GOOD,BORROW,INACTIVE,650,2025-10-26,2026-01-13,Main Block
I02797,U0134,College Backpack — Wildcraft #2797,Bag,College Backpack,Wildcraft,GOOD,BORROW,BORROWED,1500,2026-08-11,2026-11-13,Central Library
I02798,U0999,Headphones — JBL #2798,Electronics,Headphones,JBL,GOOD,BORROW,RETURNED,1800,2026-08-16,2026-11-26,Student Centre
I02799,U0814,Mechanical Drawing Set — Rotring #2799,Stationery,Mechanical Drawing Set,Rotring,GOOD,SELL,AVAILABLE,600,2026-06-28,2026-09-01,Hostel Block A
I02800,U0878,Desk Lamp — Philips #2800,Accessory,Desk Lamp,Philips,EXCELLENT,GIVEAWAY,INACTIVE,1350,2025-11-22,2026-03-30,Hostel Block B
I02801,U0763,Textbook — Pearson #2801,Book,Textbook,Pearson,GOOD,SWAP,AVAILABLE,850,2025-09-27,2026-01-27,Hostel Block C
I02802,U0720,USB Flash Drive — SanDisk #2802,Storage,USB Flash Drive,SanDisk,GOOD,SWAP,AVAILABLE,550,2025-11-26,2026-04-26,Hostel Block D
I02803,U0765,Scientific Calculator — Texas Instruments #2803,Academic,Scientific Calculator,Texas Instruments,EXCELLENT,BORROW,BORROWED,1100,2026-01-23,2026-07-22,Innovation Lab
I02804,U0945,Lab Coat — Generic #2804,Clothing,Lab Coat,Generic,GOOD,BORROW,AVAILABLE,850,2026-08-27,2026-10-03,ECE Lab
I02805,U0277,Power Bank — MI #2805,Accessory,Power Bank,MI,EXCELLENT,SWAP,AVAILABLE,700,2026-05-09,2026-10-05,Mechanical Lab
I02806,U0874,HDMI Cable — UGREEN #2806,Cable,HDMI Cable,UGREEN,FAIR,BORROW,RESERVED,650,2026-02-07,2026-07-21,Architecture Studio
I02807,U0066,Drawing Board — Camel #2807,Equipment,Drawing Board,Camel,FAIR,GIVEAWAY,INACTIVE,800,2026-05-27,2026-08-19,CS Department
I02808,U0446,Ethernet Cable — D-Link #2808,Cable,Ethernet Cable,D-Link,GOOD,BORROW,AVAILABLE,450,2025-10-18,2026-03-13,Main Block
I02809,U0425,Extension Board — Philips #2809,Electronics,Extension Board,Philips,GOOD,SWAP,AVAILABLE,550,2026-07-20,2026-08-31,Central Library
I02810,U0235,Breadboard Kit — Generic #2810,Lab Equipment,Breadboard Kit,Generic,GOOD,BORROW,AVAILABLE,700,2025-12-02,2026-03-31,Student Centre
I02811,U0202,Presentation Clicker — Logitech #2811,Accessory,Presentation Clicker,Logitech,GOOD,SELL,AVAILABLE,900,2025-08-16,2025-10-09,Hostel Block A
I02812,U0953,Arduino Kit — Arduino #2812,Lab Equipment,Arduino Kit,Arduino,GOOD,SWAP,AVAILABLE,3100,2025-12-01,2026-02-12,Hostel Block B
I02813,U0663,Safety Goggles — 3M #2813,Safety Equipment,Safety Goggles,3M,EXCELLENT,BORROW,INACTIVE,500,2026-02-19,2026-05-29,Hostel Block C
I02814,U0053,Webcam — Logitech #2814,Electronics,Webcam,Logitech,GOOD,SELL,AVAILABLE,3600,2025-09-18,2026-01-02,Hostel Block D
I02815,U0945,Graph Paper Pack — Classmate #2815,Stationery,Graph Paper Pack,Classmate,GOOD,BORROW,AVAILABLE,100,2026-09-13,2026-11-18,Innovation Lab
I02816,U0141,Soldering Iron Kit — Weller #2816,Lab Equipment,Soldering Iron Kit,Weller,GOOD,SWAP,AVAILABLE,3100,2026-02-01,2026-03-27,ECE Lab
I02817,U0056,Screwdriver Set — Bosch #2817,Equipment,Screwdriver Set,Bosch,EXCELLENT,SELL,AVAILABLE,1650,2025-12-05,2026-01-28,Mechanical Lab
I02818,U0335,Python Programming Book — O'Reilly #2818,Book,Python Programming Book,O'Reilly,FAIR,BORROW,RETURNED,1550,2026-05-06,2026-07-25,Architecture Studio
I02819,U0726,Vernier Caliper — Mitutoyo #2819,Lab Equipment,Vernier Caliper,Mitutoyo,EXCELLENT,BORROW,AVAILABLE,3300,2025-10-14,2026-03-03,CS Department
I02820,U0327,Calculator — CASIO #2820,Academic,Calculator,CASIO,FAIR,GIVEAWAY,RETURNED,450,2025-11-30,2026-01-26,Main Block
I02821,U0666,Bluetooth Keyboard — Logitech #2821,Accessory,Bluetooth Keyboard,Logitech,EXCELLENT,SWAP,AVAILABLE,3350,2026-01-03,2026-03-13,Central Library
I02822,U0410,External Hard Drive — WD #2822,Storage,External Hard Drive,WD,FAIR,BORROW,AVAILABLE,4850,2026-07-27,2026-10-27,Student Centre
I02823,U0747,USB-C Charger — Anker #2823,Electronics,USB-C Charger,Anker,GOOD,BORROW,BORROWED,1400,2026-01-16,2026-03-26,Hostel Block A
I02824,U0688,Engineering Drawing Kit — Staedtler #2824,Equipment,Engineering Drawing Kit,Staedtler,GOOD,BORROW,AVAILABLE,550,2026-04-30,2026-08-28,Hostel Block B
I02825,U0983,Tripod — Digitek #2825,Equipment,Tripod,Digitek,GOOD,GIVEAWAY,BORROWED,750,2026-01-18,2026-06-27,Hostel Block C
I02826,U0892,Digital Multimeter — Meco #2826,Lab Equipment,Digital Multimeter,Meco,GOOD,SWAP,AVAILABLE,2000,2026-05-04,2026-10-15,Hostel Block D
I02827,U0998,College Backpack — Wildcraft #2827,Bag,College Backpack,Wildcraft,EXCELLENT,SWAP,INACTIVE,1800,2025-12-21,2026-04-17,Innovation Lab
I02828,U0861,Headphones — JBL #2828,Electronics,Headphones,JBL,NEW,SWAP,RESERVED,1550,2025-12-21,2026-06-08,ECE Lab
I02829,U0070,Mechanical Drawing Set — Rotring #2829,Stationery,Mechanical Drawing Set,Rotring,EXCELLENT,BORROW,BORROWED,550,2026-09-25,2027-03-09,Mechanical Lab
I02830,U0885,Desk Lamp — Philips #2830,Accessory,Desk Lamp,Philips,GOOD,BORROW,BORROWED,600,2026-05-03,2026-10-11,Architecture Studio
I02831,U0836,Textbook — Pearson #2831,Book,Textbook,Pearson,GOOD,SWAP,AVAILABLE,300,2026-08-04,2026-09-19,CS Department
I02832,U0787,USB Flash Drive — SanDisk #2832,Storage,USB Flash Drive,SanDisk,FAIR,GIVEAWAY,AVAILABLE,1050,2026-04-03,2026-05-23,Main Block
I02833,U0228,Scientific Calculator — Texas Instruments #2833,Academic,Scientific Calculator,Texas Instruments,GOOD,SELL,AVAILABLE,650,2025-08-10,2026-01-15,Central Library
I02834,U0404,Lab Coat — Generic #2834,Clothing,Lab Coat,Generic,GOOD,BORROW,AVAILABLE,900,2026-07-16,2026-11-16,Student Centre
I02835,U0107,Power Bank — MI #2835,Accessory,Power Bank,MI,GOOD,GIVEAWAY,RETURNED,700,2026-03-12,2026-06-04,Hostel Block A
I02836,U0409,HDMI Cable — UGREEN #2836,Cable,HDMI Cable,UGREEN,EXCELLENT,BORROW,AVAILABLE,750,2026-01-28,2026-06-05,Hostel Block B
I02837,U1000,Drawing Board — Camel #2837,Equipment,Drawing Board,Camel,FAIR,BORROW,AVAILABLE,1650,2026-06-13,2026-09-01,Hostel Block C
I02838,U0988,Ethernet Cable — D-Link #2838,Cable,Ethernet Cable,D-Link,GOOD,SWAP,RESERVED,200,2026-01-25,2026-04-07,Hostel Block D
I02839,U0775,Extension Board — Philips #2839,Electronics,Extension Board,Philips,GOOD,SWAP,AVAILABLE,1150,2026-05-14,2026-08-15,Innovation Lab
I02840,U0126,Breadboard Kit — Generic #2840,Lab Equipment,Breadboard Kit,Generic,EXCELLENT,BORROW,AVAILABLE,400,2026-05-26,2026-09-08,ECE Lab
I02841,U0578,Presentation Clicker — Logitech #2841,Accessory,Presentation Clicker,Logitech,GOOD,SWAP,AVAILABLE,600,2026-02-01,2026-07-19,Mechanical Lab
I02842,U0908,Arduino Kit — Arduino #2842,Lab Equipment,Arduino Kit,Arduino,EXCELLENT,BORROW,AVAILABLE,3250,2026-09-18,2027-03-11,Architecture Studio
I02843,U0845,Safety Goggles — 3M #2843,Safety Equipment,Safety Goggles,3M,GOOD,SWAP,RESERVED,300,2025-12-08,2026-05-15,CS Department
I02844,U0056,Webcam — Logitech #2844,Electronics,Webcam,Logitech,GOOD,GIVEAWAY,BORROWED,800,2026-06-22,2026-09-02,Main Block
I02845,U0702,Graph Paper Pack — Classmate #2845,Stationery,Graph Paper Pack,Classmate,GOOD,BORROW,AVAILABLE,50,2026-05-28,2026-10-16,Central Library
I02846,U0006,Soldering Iron Kit — Weller #2846,Lab Equipment,Soldering Iron Kit,Weller,GOOD,SWAP,INACTIVE,2100,2026-08-20,2026-11-16,Student Centre
I02847,U0096,Screwdriver Set — Bosch #2847,Equipment,Screwdriver Set,Bosch,EXCELLENT,BORROW,AVAILABLE,550,2026-06-26,2026-08-15,Hostel Block A
I02848,U0845,Python Programming Book — O'Reilly #2848,Book,Python Programming Book,O'Reilly,FAIR,SWAP,AVAILABLE,1350,2026-02-01,2026-06-04,Hostel Block B
I02849,U0753,Vernier Caliper — Mitutoyo #2849,Lab Equipment,Vernier Caliper,Mitutoyo,GOOD,GIVEAWAY,BORROWED,4200,2025-11-20,2026-04-25,Hostel Block C
I02850,U0147,Calculator — CASIO #2850,Academic,Calculator,CASIO,GOOD,BORROW,RETURNED,1350,2026-02-27,2026-08-02,Hostel Block D
I02851,U0126,Bluetooth Keyboard — Logitech #2851,Accessory,Bluetooth Keyboard,Logitech,GOOD,BORROW,AVAILABLE,1550,2026-02-27,2026-04-05,Innovation Lab
I02852,U0905,External Hard Drive — WD #2852,Storage,External Hard Drive,WD,FAIR,SELL,RETURNED,4400,2026-08-31,2027-01-12,ECE Lab
I02853,U0242,USB-C Charger — Anker #2853,Electronics,USB-C Charger,Anker,GOOD,GIVEAWAY,INACTIVE,2250,2026-08-31,2027-02-04,Mechanical Lab
I02854,U0942,Engineering Drawing Kit — Staedtler #2854,Equipment,Engineering Drawing Kit,Staedtler,GOOD,SWAP,RETURNED,1250,2026-03-25,2026-08-13,Architecture Studio
I02855,U0247,Tripod — Digitek #2855,Equipment,Tripod,Digitek,EXCELLENT,SWAP,RETURNED,1750,2026-02-26,2026-08-07,CS Department
I02856,U0028,Digital Multimeter — Meco #2856,Lab Equipment,Digital Multimeter,Meco,GOOD,BORROW,BORROWED,1650,2025-09-14,2025-11-11,Main Block
I02857,U0989,College Backpack — Wildcraft #2857,Bag,College Backpack,Wildcraft,EXCELLENT,GIVEAWAY,RETURNED,2100,2026-08-14,2027-01-05,Central Library
I02858,U0982,Headphones — JBL #2858,Electronics,Headphones,JBL,FAIR,BORROW,AVAILABLE,2600,2026-07-18,2026-10-26,Student Centre
I02859,U0333,Mechanical Drawing Set — Rotring #2859,Stationery,Mechanical Drawing Set,Rotring,GOOD,SELL,RETURNED,1100,2026-04-10,2026-06-30,Hostel Block A
I02860,U0134,Desk Lamp — Philips #2860,Accessory,Desk Lamp,Philips,GOOD,SELL,AVAILABLE,650,2025-08-19,2025-12-04,Hostel Block B
I02861,U0126,Textbook — Pearson #2861,Book,Textbook,Pearson,FAIR,SWAP,RETURNED,1000,2025-12-02,2026-04-28,Hostel Block C
I02862,U0152,USB Flash Drive — SanDisk #2862,Storage,USB Flash Drive,SanDisk,NEW,SWAP,BORROWED,600,2026-09-07,2026-10-24,Hostel Block D
I02863,U0879,Scientific Calculator — Texas Instruments #2863,Academic,Scientific Calculator,Texas Instruments,GOOD,SWAP,INACTIVE,2100,2026-04-22,2026-08-16,Innovation Lab
I02864,U0600,Lab Coat — Generic #2864,Clothing,Lab Coat,Generic,EXCELLENT,GIVEAWAY,AVAILABLE,550,2025-11-24,2026-04-18,ECE Lab
I02865,U0417,Power Bank — MI #2865,Accessory,Power Bank,MI,EXCELLENT,SELL,AVAILABLE,600,2025-09-18,2025-11-09,Mechanical Lab
I02866,U0785,HDMI Cable — UGREEN #2866,Cable,HDMI Cable,UGREEN,EXCELLENT,BORROW,AVAILABLE,250,2026-04-10,2026-08-17,Architecture Studio
I02867,U0277,Drawing Board — Camel #2867,Equipment,Drawing Board,Camel,GOOD,GIVEAWAY,AVAILABLE,1750,2025-11-05,2026-03-30,CS Department
I02868,U0738,Ethernet Cable — D-Link #2868,Cable,Ethernet Cable,D-Link,GOOD,BORROW,BORROWED,150,2026-03-21,2026-07-29,Main Block
I02869,U0210,Extension Board — Philips #2869,Electronics,Extension Board,Philips,GOOD,SWAP,RETURNED,1100,2026-01-25,2026-06-11,Central Library
I02870,U0129,Breadboard Kit — Generic #2870,Lab Equipment,Breadboard Kit,Generic,FAIR,BORROW,AVAILABLE,600,2026-04-12,2026-09-17,Student Centre
I02871,U0107,Presentation Clicker — Logitech #2871,Accessory,Presentation Clicker,Logitech,GOOD,SELL,RESERVED,1350,2026-02-20,2026-05-22,Hostel Block A
I02872,U0614,Arduino Kit — Arduino #2872,Lab Equipment,Arduino Kit,Arduino,FAIR,SWAP,RESERVED,650,2025-09-23,2026-03-06,Hostel Block B
I02873,U0536,Safety Goggles — 3M #2873,Safety Equipment,Safety Goggles,3M,GOOD,BORROW,AVAILABLE,300,2025-09-08,2025-11-16,Hostel Block C
I02874,U0992,Webcam — Logitech #2874,Electronics,Webcam,Logitech,GOOD,BORROW,RETURNED,1550,2026-03-01,2026-05-05,Hostel Block D
I02875,U0905,Graph Paper Pack — Classmate #2875,Stationery,Graph Paper Pack,Classmate,EXCELLENT,SWAP,RESERVED,50,2025-11-05,2026-05-01,Innovation Lab
I02876,U0983,Soldering Iron Kit — Weller #2876,Lab Equipment,Soldering Iron Kit,Weller,GOOD,BORROW,BORROWED,1850,2026-02-15,2026-03-22,ECE Lab
I02877,U0759,Screwdriver Set — Bosch #2877,Equipment,Screwdriver Set,Bosch,FAIR,SELL,AVAILABLE,400,2025-09-20,2025-11-23,Mechanical Lab
I02878,U0652,Python Programming Book — O'Reilly #2878,Book,Python Programming Book,O'Reilly,GOOD,BORROW,AVAILABLE,1050,2026-04-21,2026-10-09,Architecture Studio
I02879,U0203,Vernier Caliper — Mitutoyo #2879,Lab Equipment,Vernier Caliper,Mitutoyo,GOOD,GIVEAWAY,AVAILABLE,1300,2025-12-26,2026-05-07,CS Department
I02880,U0992,Calculator — CASIO #2880,Academic,Calculator,CASIO,FAIR,BORROW,AVAILABLE,450,2025-09-11,2025-11-10,Main Block
I02881,U0608,Bluetooth Keyboard — Logitech #2881,Accessory,Bluetooth Keyboard,Logitech,EXCELLENT,BORROW,RETURNED,2550,2026-07-01,2026-09-15,Central Library
I02882,U0264,External Hard Drive — WD #2882,Storage,External Hard Drive,WD,GOOD,BORROW,AVAILABLE,3950,2026-01-19,2026-02-18,Student Centre
I02883,U0032,USB-C Charger — Anker #2883,Electronics,USB-C Charger,Anker,GOOD,BORROW,AVAILABLE,900,2025-12-07,2026-02-19,Hostel Block A
I02884,U0468,Engineering Drawing Kit — Staedtler #2884,Equipment,Engineering Drawing Kit,Staedtler,GOOD,GIVEAWAY,RETURNED,1800,2025-11-29,2026-01-11,Hostel Block B
I02885,U0742,Tripod — Digitek #2885,Equipment,Tripod,Digitek,EXCELLENT,GIVEAWAY,BORROWED,2150,2026-05-22,2026-08-02,Hostel Block C
I02886,U0735,Digital Multimeter — Meco #2886,Lab Equipment,Digital Multimeter,Meco,GOOD,GIVEAWAY,AVAILABLE,1700,2026-06-07,2026-07-23,Hostel Block D
I02887,U0202,College Backpack — Wildcraft #2887,Bag,College Backpack,Wildcraft,GOOD,BORROW,AVAILABLE,2400,2026-07-11,2026-08-23,Innovation Lab
I02888,U0411,Headphones — JBL #2888,Electronics,Headphones,JBL,GOOD,GIVEAWAY,AVAILABLE,1300,2026-07-08,2026-12-15,ECE Lab
I02889,U0219,Mechanical Drawing Set — Rotring #2889,Stationery,Mechanical Drawing Set,Rotring,GOOD,BORROW,AVAILABLE,1150,2025-09-08,2025-12-30,Mechanical Lab
I02890,U0501,Desk Lamp — Philips #2890,Accessory,Desk Lamp,Philips,EXCELLENT,SWAP,RETURNED,400,2026-06-08,2026-10-25,Architecture Studio
I02891,U0537,Textbook — Pearson #2891,Book,Textbook,Pearson,EXCELLENT,GIVEAWAY,INACTIVE,500,2026-02-21,2026-04-23,CS Department
I02892,U0132,USB Flash Drive — SanDisk #2892,Storage,USB Flash Drive,SanDisk,EXCELLENT,BORROW,AVAILABLE,900,2025-11-05,2026-03-30,Main Block
I02893,U0051,Scientific Calculator — Texas Instruments #2893,Academic,Scientific Calculator,Texas Instruments,NEW,SELL,AVAILABLE,900,2025-12-23,2026-03-28,Central Library
I02894,U0794,Lab Coat — Generic #2894,Clothing,Lab Coat,Generic,GOOD,GIVEAWAY,BORROWED,550,2026-09-07,2026-11-17,Student Centre
I02895,U0266,Power Bank — MI #2895,Accessory,Power Bank,MI,GOOD,SWAP,AVAILABLE,1500,2026-08-18,2027-01-27,Hostel Block A
I02896,U0502,HDMI Cable — UGREEN #2896,Cable,HDMI Cable,UGREEN,GOOD,GIVEAWAY,RETURNED,250,2025-11-12,2026-03-18,Hostel Block B
I02897,U0135,Drawing Board — Camel #2897,Equipment,Drawing Board,Camel,GOOD,SELL,AVAILABLE,500,2025-10-03,2025-12-22,Hostel Block C
I02898,U0871,Ethernet Cable — D-Link #2898,Cable,Ethernet Cable,D-Link,FAIR,GIVEAWAY,AVAILABLE,400,2026-01-13,2026-02-21,Hostel Block D
I02899,U0721,Extension Board — Philips #2899,Electronics,Extension Board,Philips,GOOD,GIVEAWAY,RETURNED,650,2026-09-22,2026-12-28,Innovation Lab
I02900,U0581,Breadboard Kit — Generic #2900,Lab Equipment,Breadboard Kit,Generic,GOOD,SELL,AVAILABLE,400,2026-04-19,2026-08-19,ECE Lab
I02901,U0822,Presentation Clicker — Logitech #2901,Accessory,Presentation Clicker,Logitech,GOOD,BORROW,RETURNED,500,2025-12-20,2026-05-23,Mechanical Lab
I02902,U0011,Arduino Kit — Arduino #2902,Lab Equipment,Arduino Kit,Arduino,GOOD,BORROW,RESERVED,2400,2026-07-23,2026-11-04,Architecture Studio
I02903,U0983,Safety Goggles — 3M #2903,Safety Equipment,Safety Goggles,3M,EXCELLENT,SWAP,AVAILABLE,300,2026-08-20,2026-12-18,CS Department
I02904,U0455,Webcam — Logitech #2904,Electronics,Webcam,Logitech,FAIR,BORROW,BORROWED,4400,2026-04-23,2026-09-18,Main Block
I02905,U0534,Graph Paper Pack — Classmate #2905,Stationery,Graph Paper Pack,Classmate,EXCELLENT,BORROW,AVAILABLE,200,2025-10-02,2025-12-14,Central Library
I02906,U0664,Soldering Iron Kit — Weller #2906,Lab Equipment,Soldering Iron Kit,Weller,GOOD,BORROW,INACTIVE,1150,2026-03-15,2026-07-02,Student Centre
I02907,U0345,Screwdriver Set — Bosch #2907,Equipment,Screwdriver Set,Bosch,NEW,SELL,AVAILABLE,1600,2026-02-07,2026-05-19,Hostel Block A
I02908,U0170,Python Programming Book — O'Reilly #2908,Book,Python Programming Book,O'Reilly,FAIR,SWAP,AVAILABLE,1200,2025-12-18,2026-02-25,Hostel Block B
I02909,U0890,Vernier Caliper — Mitutoyo #2909,Lab Equipment,Vernier Caliper,Mitutoyo,FAIR,BORROW,RETURNED,2050,2026-07-04,2026-08-24,Hostel Block C
I02910,U0993,Calculator — CASIO #2910,Academic,Calculator,CASIO,NEW,SELL,AVAILABLE,1250,2025-08-20,2026-02-05,Hostel Block D
I02911,U0282,Bluetooth Keyboard — Logitech #2911,Accessory,Bluetooth Keyboard,Logitech,GOOD,BORROW,AVAILABLE,2150,2025-10-21,2026-04-16,Innovation Lab
I02912,U0388,External Hard Drive — WD #2912,Storage,External Hard Drive,WD,GOOD,SWAP,AVAILABLE,3600,2025-10-01,2026-01-13,ECE Lab
I02913,U0229,USB-C Charger — Anker #2913,Electronics,USB-C Charger,Anker,EXCELLENT,BORROW,AVAILABLE,600,2026-01-08,2026-06-18,Mechanical Lab
I02914,U0446,Engineering Drawing Kit — Staedtler #2914,Equipment,Engineering Drawing Kit,Staedtler,GOOD,SELL,RETURNED,750,2026-07-10,2026-08-10,Architecture Studio
I02915,U0299,Tripod — Digitek #2915,Equipment,Tripod,Digitek,EXCELLENT,GIVEAWAY,INACTIVE,600,2026-06-06,2026-12-01,CS Department
I02916,U0543,Digital Multimeter — Meco #2916,Lab Equipment,Digital Multimeter,Meco,FAIR,SWAP,RETURNED,1000,2026-07-24,2027-01-08,Main Block
I02917,U0747,College Backpack — Wildcraft #2917,Bag,College Backpack,Wildcraft,EXCELLENT,SWAP,AVAILABLE,2600,2026-06-13,2026-10-24,Central Library
I02918,U0196,Headphones — JBL #2918,Electronics,Headphones,JBL,FAIR,SELL,AVAILABLE,2450,2025-08-27,2025-11-16,Student Centre
I02919,U0047,Mechanical Drawing Set — Rotring #2919,Stationery,Mechanical Drawing Set,Rotring,NEW,SWAP,RESERVED,550,2026-01-15,2026-04-10,Hostel Block A
I02920,U0756,Desk Lamp — Philips #2920,Accessory,Desk Lamp,Philips,FAIR,SELL,AVAILABLE,700,2025-10-18,2026-04-16,Hostel Block B
I02921,U0836,Textbook — Pearson #2921,Book,Textbook,Pearson,EXCELLENT,GIVEAWAY,AVAILABLE,800,2026-07-16,2026-11-23,Hostel Block C
I02922,U0040,USB Flash Drive — SanDisk #2922,Storage,USB Flash Drive,SanDisk,EXCELLENT,GIVEAWAY,BORROWED,750,2026-04-28,2026-07-12,Hostel Block D
I02923,U0947,Scientific Calculator — Texas Instruments #2923,Academic,Scientific Calculator,Texas Instruments,GOOD,SELL,AVAILABLE,600,2025-10-30,2025-11-29,Innovation Lab
I02924,U0243,Lab Coat — Generic #2924,Clothing,Lab Coat,Generic,GOOD,SWAP,AVAILABLE,850,2026-02-23,2026-06-28,ECE Lab
I02925,U0251,Power Bank — MI #2925,Accessory,Power Bank,MI,GOOD,BORROW,AVAILABLE,900,2025-12-14,2026-06-11,Mechanical Lab
I02926,U0475,HDMI Cable — UGREEN #2926,Cable,HDMI Cable,UGREEN,GOOD,GIVEAWAY,BORROWED,400,2026-05-10,2026-06-25,Architecture Studio
I02927,U0377,Drawing Board — Camel #2927,Equipment,Drawing Board,Camel,NEW,SELL,INACTIVE,550,2026-02-27,2026-05-24,CS Department
I02928,U0102,Ethernet Cable — D-Link #2928,Cable,Ethernet Cable,D-Link,NEW,BORROW,RETURNED,600,2026-07-10,2026-08-17,Main Block
I02929,U0284,Extension Board — Philips #2929,Electronics,Extension Board,Philips,FAIR,GIVEAWAY,AVAILABLE,950,2026-08-05,2026-11-22,Central Library
I02930,U0938,Breadboard Kit — Generic #2930,Lab Equipment,Breadboard Kit,Generic,EXCELLENT,SWAP,INACTIVE,200,2025-10-26,2026-03-17,Student Centre
I02931,U0963,Presentation Clicker — Logitech #2931,Accessory,Presentation Clicker,Logitech,GOOD,BORROW,RESERVED,1150,2026-09-22,2026-10-23,Hostel Block A
I02932,U0529,Arduino Kit — Arduino #2932,Lab Equipment,Arduino Kit,Arduino,FAIR,SELL,BORROWED,2750,2026-05-13,2026-11-03,Hostel Block B
I02933,U0044,Safety Goggles — 3M #2933,Safety Equipment,Safety Goggles,3M,GOOD,SWAP,BORROWED,700,2026-08-09,2026-10-29,Hostel Block C
I02934,U0127,Webcam — Logitech #2934,Electronics,Webcam,Logitech,FAIR,BORROW,RETURNED,1900,2026-01-05,2026-02-20,Hostel Block D
I02935,U0182,Graph Paper Pack — Classmate #2935,Stationery,Graph Paper Pack,Classmate,EXCELLENT,GIVEAWAY,AVAILABLE,100,2026-06-03,2026-11-22,Innovation Lab
I02936,U0744,Soldering Iron Kit — Weller #2936,Lab Equipment,Soldering Iron Kit,Weller,GOOD,BORROW,AVAILABLE,2450,2026-03-06,2026-08-02,ECE Lab
I02937,U0373,Screwdriver Set — Bosch #2937,Equipment,Screwdriver Set,Bosch,GOOD,SWAP,AVAILABLE,1600,2025-12-02,2026-02-18,Mechanical Lab
I02938,U0050,Python Programming Book — O'Reilly #2938,Book,Python Programming Book,O'Reilly,GOOD,BORROW,RETURNED,1400,2026-07-06,2026-10-03,Architecture Studio
I02939,U0391,Vernier Caliper — Mitutoyo #2939,Lab Equipment,Vernier Caliper,Mitutoyo,FAIR,BORROW,INACTIVE,3350,2026-01-28,2026-03-22,CS Department
I02940,U0472,Calculator — CASIO #2940,Academic,Calculator,CASIO,NEW,GIVEAWAY,AVAILABLE,650,2026-07-17,2026-11-14,Main Block
I02941,U0438,Bluetooth Keyboard — Logitech #2941,Accessory,Bluetooth Keyboard,Logitech,FAIR,BORROW,BORROWED,2250,2025-08-27,2025-10-08,Central Library
I02942,U0146,External Hard Drive — WD #2942,Storage,External Hard Drive,WD,GOOD,BORROW,RESERVED,4550,2025-11-11,2026-03-15,Student Centre
I02943,U0934,USB-C Charger — Anker #2943,Electronics,USB-C Charger,Anker,GOOD,GIVEAWAY,RETURNED,2300,2026-01-06,2026-03-12,Hostel Block A
I02944,U0044,Engineering Drawing Kit — Staedtler #2944,Equipment,Engineering Drawing Kit,Staedtler,GOOD,SELL,AVAILABLE,2350,2025-10-30,2026-04-10,Hostel Block B
I02945,U0043,Tripod — Digitek #2945,Equipment,Tripod,Digitek,GOOD,SELL,BORROWED,1450,2025-10-27,2026-02-18,Hostel Block C
I02946,U0754,Digital Multimeter — Meco #2946,Lab Equipment,Digital Multimeter,Meco,EXCELLENT,GIVEAWAY,AVAILABLE,1300,2026-09-23,2027-01-25,Hostel Block D
I02947,U0537,College Backpack — Wildcraft #2947,Bag,College Backpack,Wildcraft,GOOD,GIVEAWAY,AVAILABLE,2950,2026-07-12,2026-10-07,Innovation Lab
I02948,U0356,Headphones — JBL #2948,Electronics,Headphones,JBL,GOOD,BORROW,RETURNED,2900,2026-08-19,2026-09-28,ECE Lab
I02949,U0755,Mechanical Drawing Set — Rotring #2949,Stationery,Mechanical Drawing Set,Rotring,GOOD,GIVEAWAY,AVAILABLE,1000,2025-08-19,2026-02-15,Mechanical Lab
I02950,U0380,Desk Lamp — Philips #2950,Accessory,Desk Lamp,Philips,GOOD,GIVEAWAY,AVAILABLE,1050,2025-12-11,2026-01-31,Architecture Studio
I02951,U0706,Textbook — Pearson #2951,Book,Textbook,Pearson,EXCELLENT,SWAP,AVAILABLE,300,2026-08-09,2026-10-10,CS Department
I02952,U0847,USB Flash Drive — SanDisk #2952,Storage,USB Flash Drive,SanDisk,GOOD,GIVEAWAY,AVAILABLE,450,2025-12-01,2026-03-12,Main Block
I02953,U0008,Scientific Calculator — Texas Instruments #2953,Academic,Scientific Calculator,Texas Instruments,NEW,BORROW,AVAILABLE,1150,2026-04-17,2026-09-18,Central Library
I02954,U0571,Lab Coat — Generic #2954,Clothing,Lab Coat,Generic,GOOD,SELL,AVAILABLE,1100,2026-09-21,2026-12-20,Student Centre
I02955,U0362,Power Bank — MI #2955,Accessory,Power Bank,MI,EXCELLENT,BORROW,INACTIVE,1500,2026-01-02,2026-05-15,Hostel Block A
I02956,U0618,HDMI Cable — UGREEN #2956,Cable,HDMI Cable,UGREEN,FAIR,BORROW,INACTIVE,500,2026-03-07,2026-05-13,Hostel Block B
I02957,U0724,Drawing Board — Camel #2957,Equipment,Drawing Board,Camel,GOOD,SELL,AVAILABLE,1700,2026-08-26,2026-10-25,Hostel Block C
I02958,U0136,Ethernet Cable — D-Link #2958,Cable,Ethernet Cable,D-Link,EXCELLENT,BORROW,RETURNED,450,2026-06-23,2026-11-17,Hostel Block D
I02959,U0839,Extension Board — Philips #2959,Electronics,Extension Board,Philips,GOOD,BORROW,AVAILABLE,800,2025-09-05,2026-02-10,Innovation Lab
I02960,U0484,Breadboard Kit — Generic #2960,Lab Equipment,Breadboard Kit,Generic,GOOD,SELL,AVAILABLE,200,2026-06-09,2026-10-21,ECE Lab
I02961,U0834,Presentation Clicker — Logitech #2961,Accessory,Presentation Clicker,Logitech,FAIR,BORROW,AVAILABLE,1650,2025-10-21,2026-04-03,Mechanical Lab
I02962,U0805,Arduino Kit — Arduino #2962,Lab Equipment,Arduino Kit,Arduino,FAIR,SWAP,AVAILABLE,2550,2026-08-24,2026-10-02,Architecture Studio
I02963,U0252,Safety Goggles — 3M #2963,Safety Equipment,Safety Goggles,3M,GOOD,SELL,AVAILABLE,450,2025-10-25,2026-02-26,CS Department
I02964,U0526,Webcam — Logitech #2964,Electronics,Webcam,Logitech,FAIR,BORROW,AVAILABLE,3800,2025-10-03,2026-01-16,Main Block
I02965,U0586,Graph Paper Pack — Classmate #2965,Stationery,Graph Paper Pack,Classmate,EXCELLENT,BORROW,AVAILABLE,150,2026-05-19,2026-11-08,Central Library
I02966,U0890,Soldering Iron Kit — Weller #2966,Lab Equipment,Soldering Iron Kit,Weller,EXCELLENT,BORROW,AVAILABLE,1550,2025-10-12,2026-03-06,Student Centre
I02967,U0784,Screwdriver Set — Bosch #2967,Equipment,Screwdriver Set,Bosch,FAIR,BORROW,AVAILABLE,900,2026-07-14,2026-12-19,Hostel Block A
I02968,U0878,Python Programming Book — O'Reilly #2968,Book,Python Programming Book,O'Reilly,GOOD,BORROW,AVAILABLE,550,2025-10-30,2026-01-21,Hostel Block B
I02969,U0323,Vernier Caliper — Mitutoyo #2969,Lab Equipment,Vernier Caliper,Mitutoyo,FAIR,GIVEAWAY,AVAILABLE,1750,2026-02-05,2026-06-09,Hostel Block C
I02970,U0706,Calculator — CASIO #2970,Academic,Calculator,CASIO,GOOD,BORROW,AVAILABLE,1550,2025-10-21,2025-12-24,Hostel Block D
I02971,U0654,Bluetooth Keyboard — Logitech #2971,Accessory,Bluetooth Keyboard,Logitech,EXCELLENT,SELL,AVAILABLE,2950,2026-08-11,2026-11-30,Innovation Lab
I02972,U0500,External Hard Drive — WD #2972,Storage,External Hard Drive,WD,GOOD,SWAP,INACTIVE,6150,2026-03-17,2026-05-22,ECE Lab
I02973,U0128,USB-C Charger — Anker #2973,Electronics,USB-C Charger,Anker,GOOD,BORROW,RETURNED,1300,2026-03-27,2026-08-15,Mechanical Lab
I02974,U0834,Engineering Drawing Kit — Staedtler #2974,Equipment,Engineering Drawing Kit,Staedtler,EXCELLENT,SWAP,AVAILABLE,1900,2025-10-10,2026-03-29,Architecture Studio
I02975,U0271,Tripod — Digitek #2975,Equipment,Tripod,Digitek,GOOD,GIVEAWAY,RETURNED,2500,2026-01-13,2026-06-19,CS Department
I02976,U0593,Digital Multimeter — Meco #2976,Lab Equipment,Digital Multimeter,Meco,GOOD,GIVEAWAY,BORROWED,2150,2026-05-11,2026-07-21,Main Block
I02977,U0878,College Backpack — Wildcraft #2977,Bag,College Backpack,Wildcraft,EXCELLENT,BORROW,AVAILABLE,1500,2026-07-09,2026-10-10,Central Library
I02978,U0345,Headphones — JBL #2978,Electronics,Headphones,JBL,GOOD,SWAP,RESERVED,1950,2026-05-11,2026-08-03,Student Centre
I02979,U0881,Mechanical Drawing Set — Rotring #2979,Stationery,Mechanical Drawing Set,Rotring,GOOD,BORROW,RESERVED,1900,2026-09-02,2027-01-23,Hostel Block A
I02980,U0337,Desk Lamp — Philips #2980,Accessory,Desk Lamp,Philips,FAIR,BORROW,BORROWED,1700,2026-03-14,2026-05-07,Hostel Block B
I02981,U0044,Textbook — Pearson #2981,Book,Textbook,Pearson,GOOD,SWAP,AVAILABLE,800,2026-02-06,2026-04-16,Hostel Block C
I02982,U0796,USB Flash Drive — SanDisk #2982,Storage,USB Flash Drive,SanDisk,GOOD,BORROW,AVAILABLE,1000,2025-11-12,2026-03-27,Hostel Block D
I02983,U0305,Scientific Calculator — Texas Instruments #2983,Academic,Scientific Calculator,Texas Instruments,EXCELLENT,GIVEAWAY,RESERVED,500,2025-09-10,2026-03-08,Innovation Lab
I02984,U0658,Lab Coat — Generic #2984,Clothing,Lab Coat,Generic,EXCELLENT,GIVEAWAY,AVAILABLE,350,2026-05-20,2026-06-30,ECE Lab
I02985,U0677,Power Bank — MI #2985,Accessory,Power Bank,MI,EXCELLENT,BORROW,AVAILABLE,2200,2026-02-19,2026-05-20,Mechanical Lab
I02986,U0094,HDMI Cable — UGREEN #2986,Cable,HDMI Cable,UGREEN,EXCELLENT,SELL,AVAILABLE,300,2026-01-13,2026-07-05,Architecture Studio
I02987,U0896,Drawing Board — Camel #2987,Equipment,Drawing Board,Camel,NEW,GIVEAWAY,AVAILABLE,600,2025-11-29,2026-03-23,CS Department
I02988,U0706,Ethernet Cable — D-Link #2988,Cable,Ethernet Cable,D-Link,GOOD,SELL,RETURNED,200,2026-07-21,2026-08-24,Main Block
I02989,U0721,Extension Board — Philips #2989,Electronics,Extension Board,Philips,GOOD,SWAP,AVAILABLE,1450,2026-03-10,2026-07-12,Central Library
I02990,U0072,Breadboard Kit — Generic #2990,Lab Equipment,Breadboard Kit,Generic,NEW,GIVEAWAY,AVAILABLE,400,2026-06-27,2026-07-31,Student Centre
I02991,U0700,Presentation Clicker — Logitech #2991,Accessory,Presentation Clicker,Logitech,GOOD,BORROW,AVAILABLE,1600,2026-06-21,2026-09-23,Hostel Block A
I02992,U0055,Arduino Kit — Arduino #2992,Lab Equipment,Arduino Kit,Arduino,GOOD,SWAP,AVAILABLE,1750,2026-06-04,2026-09-28,Hostel Block B
I02993,U0218,Safety Goggles — 3M #2993,Safety Equipment,Safety Goggles,3M,FAIR,BORROW,AVAILABLE,500,2026-03-14,2026-05-28,Hostel Block C
I02994,U0163,Webcam — Logitech #2994,Electronics,Webcam,Logitech,GOOD,GIVEAWAY,AVAILABLE,2800,2026-05-22,2026-08-06,Hostel Block D
I02995,U0051,Graph Paper Pack — Classmate #2995,Stationery,Graph Paper Pack,Classmate,EXCELLENT,BORROW,BORROWED,100,2025-11-28,2026-02-10,Innovation Lab
I02996,U0352,Soldering Iron Kit — Weller #2996,Lab Equipment,Soldering Iron Kit,Weller,GOOD,GIVEAWAY,AVAILABLE,1250,2025-09-30,2025-12-20,ECE Lab
I02997,U0354,Screwdriver Set — Bosch #2997,Equipment,Screwdriver Set,Bosch,FAIR,BORROW,AVAILABLE,1750,2026-01-27,2026-05-02,Mechanical Lab
I02998,U0312,Python Programming Book — O'Reilly #2998,Book,Python Programming Book,O'Reilly,EXCELLENT,BORROW,INACTIVE,1550,2025-11-11,2026-01-15,Architecture Studio
I02999,U0295,Vernier Caliper — Mitutoyo #2999,Lab Equipment,Vernier Caliper,Mitutoyo,EXCELLENT,GIVEAWAY,AVAILABLE,4000,2026-06-24,2026-10-12,CS Department
I03000,U0306,Calculator — CASIO #3000,Academic,Calculator,CASIO,FAIR,SWAP,AVAILABLE,1000,2026-04-10,2026-05-11,Main Block
I03001,U0330,Bluetooth Keyboard — Logitech #3001,Accessory,Bluetooth Keyboard,Logitech,EXCELLENT,BORROW,RESERVED,1300,2026-09-10,2027-02-25,Central Library
I03002,U0108,External Hard Drive — WD #3002,Storage,External Hard Drive,WD,GOOD,BORROW,AVAILABLE,4200,2025-09-03,2025-11-29,Student Centre
I03003,U0808,USB-C Charger — Anker #3003,Electronics,USB-C Charger,Anker,EXCELLENT,BORROW,RETURNED,2100,2026-07-09,2026-11-28,Hostel Block A
I03004,U0880,Engineering Drawing Kit — Staedtler #3004,Equipment,Engineering Drawing Kit,Staedtler,GOOD,BORROW,AVAILABLE,1800,2026-07-06,2026-09-19,Hostel Block B
I03005,U0864,Tripod — Digitek #3005,Equipment,Tripod,Digitek,EXCELLENT,BORROW,AVAILABLE,2250,2025-09-14,2026-01-17,Hostel Block C
I03006,U0874,Digital Multimeter — Meco #3006,Lab Equipment,Digital Multimeter,Meco,GOOD,GIVEAWAY,AVAILABLE,1700,2025-11-10,2026-03-16,Hostel Block D
I03007,U0933,College Backpack — Wildcraft #3007,Bag,College Backpack,Wildcraft,EXCELLENT,SELL,AVAILABLE,2150,2026-06-14,2026-12-05,Innovation Lab
I03008,U0275,Headphones — JBL #3008,Electronics,Headphones,JBL,EXCELLENT,SWAP,AVAILABLE,1800,2026-01-04,2026-02-28,ECE Lab
I03009,U0550,Mechanical Drawing Set — Rotring #3009,Stationery,Mechanical Drawing Set,Rotring,GOOD,SELL,AVAILABLE,2050,2025-12-24,2026-06-17,Mechanical Lab
I03010,U0122,Desk Lamp — Philips #3010,Accessory,Desk Lamp,Philips,GOOD,BORROW,AVAILABLE,500,2025-12-28,2026-03-15,Architecture Studio
I03011,U0887,Textbook — Pearson #3011,Book,Textbook,Pearson,GOOD,SWAP,AVAILABLE,850,2025-08-04,2026-01-02,CS Department
I03012,U0240,USB Flash Drive — SanDisk #3012,Storage,USB Flash Drive,SanDisk,EXCELLENT,SWAP,AVAILABLE,1050,2025-11-24,2026-05-02,Main Block
I03013,U0229,Scientific Calculator — Texas Instruments #3013,Academic,Scientific Calculator,Texas Instruments,GOOD,BORROW,RETURNED,1700,2026-04-13,2026-06-29,Central Library
I03014,U0191,Lab Coat — Generic #3014,Clothing,Lab Coat,Generic,FAIR,BORROW,AVAILABLE,750,2026-04-27,2026-08-19,Student Centre
I03015,U0185,Power Bank — MI #3015,Accessory,Power Bank,MI,GOOD,SWAP,BORROWED,700,2026-03-14,2026-05-06,Hostel Block A
I03016,U0619,HDMI Cable — UGREEN #3016,Cable,HDMI Cable,UGREEN,GOOD,BORROW,BORROWED,300,2026-05-29,2026-08-11,Hostel Block B
I03017,U0844,Drawing Board — Camel #3017,Equipment,Drawing Board,Camel,GOOD,BORROW,AVAILABLE,1750,2025-09-25,2026-03-11,Hostel Block C
I03018,U0690,Ethernet Cable — D-Link #3018,Cable,Ethernet Cable,D-Link,GOOD,BORROW,AVAILABLE,250,2026-04-12,2026-07-14,Hostel Block D
I03019,U0443,Extension Board — Philips #3019,Electronics,Extension Board,Philips,GOOD,SELL,BORROWED,1500,2026-01-03,2026-06-05,Innovation Lab
I03020,U0062,Breadboard Kit — Generic #3020,Lab Equipment,Breadboard Kit,Generic,GOOD,SWAP,AVAILABLE,750,2025-09-03,2025-11-30,ECE Lab
I03021,U0738,Presentation Clicker — Logitech #3021,Accessory,Presentation Clicker,Logitech,GOOD,SELL,INACTIVE,1650,2025-10-16,2025-11-20,Mechanical Lab
I03022,U0058,Arduino Kit — Arduino #3022,Lab Equipment,Arduino Kit,Arduino,GOOD,BORROW,AVAILABLE,2500,2026-01-26,2026-03-26,Architecture Studio
I03023,U0738,Safety Goggles — 3M #3023,Safety Equipment,Safety Goggles,3M,GOOD,SWAP,AVAILABLE,450,2026-03-27,2026-05-06,CS Department
I03024,U0260,Webcam — Logitech #3024,Electronics,Webcam,Logitech,EXCELLENT,BORROW,AVAILABLE,900,2026-09-17,2026-12-26,Main Block
I03025,U0532,Graph Paper Pack — Classmate #3025,Stationery,Graph Paper Pack,Classmate,FAIR,GIVEAWAY,INACTIVE,100,2026-01-04,2026-05-21,Central Library
I03026,U0696,Soldering Iron Kit — Weller #3026,Lab Equipment,Soldering Iron Kit,Weller,GOOD,GIVEAWAY,AVAILABLE,1600,2025-08-12,2025-11-29,Student Centre
I03027,U0244,Screwdriver Set — Bosch #3027,Equipment,Screwdriver Set,Bosch,EXCELLENT,BORROW,AVAILABLE,450,2026-05-08,2026-08-15,Hostel Block A
I03028,U0040,Python Programming Book — O'Reilly #3028,Book,Python Programming Book,O'Reilly,EXCELLENT,GIVEAWAY,AVAILABLE,650,2026-06-23,2026-11-17,Hostel Block B
I03029,U0472,Vernier Caliper — Mitutoyo #3029,Lab Equipment,Vernier Caliper,Mitutoyo,FAIR,SELL,AVAILABLE,3100,2025-09-29,2025-12-06,Hostel Block C
I03030,U0735,Calculator — CASIO #3030,Academic,Calculator,CASIO,EXCELLENT,BORROW,AVAILABLE,400,2026-06-30,2026-11-27,Hostel Block D
I03031,U0844,Bluetooth Keyboard — Logitech #3031,Accessory,Bluetooth Keyboard,Logitech,GOOD,SWAP,INACTIVE,900,2026-08-27,2026-11-30,Innovation Lab
I03032,U0109,External Hard Drive — WD #3032,Storage,External Hard Drive,WD,FAIR,BORROW,AVAILABLE,3800,2026-03-23,2026-09-05,ECE Lab
I03033,U0642,USB-C Charger — Anker #3033,Electronics,USB-C Charger,Anker,EXCELLENT,GIVEAWAY,INACTIVE,1450,2026-09-05,2026-12-24,Mechanical Lab
I03034,U0355,Engineering Drawing Kit — Staedtler #3034,Equipment,Engineering Drawing Kit,Staedtler,GOOD,SWAP,RETURNED,2200,2025-08-08,2026-01-15,Architecture Studio
I03035,U0242,Tripod — Digitek #3035,Equipment,Tripod,Digitek,GOOD,GIVEAWAY,INACTIVE,700,2025-09-15,2025-12-03,CS Department
I03036,U0862,Digital Multimeter — Meco #3036,Lab Equipment,Digital Multimeter,Meco,EXCELLENT,BORROW,AVAILABLE,1250,2025-12-08,2026-04-15,Main Block
I03037,U0768,College Backpack — Wildcraft #3037,Bag,College Backpack,Wildcraft,GOOD,SWAP,AVAILABLE,2400,2026-03-22,2026-05-20,Central Library
I03038,U0081,Headphones — JBL #3038,Electronics,Headphones,JBL,GOOD,BORROW,AVAILABLE,2550,2025-10-19,2026-01-29,Student Centre
I03039,U0466,Mechanical Drawing Set — Rotring #3039,Stationery,Mechanical Drawing Set,Rotring,FAIR,SELL,BORROWED,950,2026-06-20,2026-09-23,Hostel Block A
I03040,U0588,Desk Lamp — Philips #3040,Accessory,Desk Lamp,Philips,FAIR,SWAP,AVAILABLE,1400,2026-09-06,2026-11-26,Hostel Block B
I03041,U0445,Textbook — Pearson #3041,Book,Textbook,Pearson,EXCELLENT,SELL,AVAILABLE,300,2025-09-30,2025-12-10,Hostel Block C
I03042,U0263,USB Flash Drive — SanDisk #3042,Storage,USB Flash Drive,SanDisk,EXCELLENT,SELL,AVAILABLE,1100,2025-10-28,2026-01-31,Hostel Block D
I03043,U0150,Scientific Calculator — Texas Instruments #3043,Academic,Scientific Calculator,Texas Instruments,GOOD,BORROW,RETURNED,1200,2026-06-08,2026-11-05,Innovation Lab
I03044,U0150,Lab Coat — Generic #3044,Clothing,Lab Coat,Generic,GOOD,GIVEAWAY,INACTIVE,650,2025-08-24,2026-01-29,ECE Lab
I03045,U0769,Power Bank — MI #3045,Accessory,Power Bank,MI,GOOD,GIVEAWAY,RETURNED,750,2025-10-09,2026-04-02,Mechanical Lab
I03046,U0069,HDMI Cable — UGREEN #3046,Cable,HDMI Cable,UGREEN,GOOD,GIVEAWAY,AVAILABLE,650,2025-08-30,2025-10-12,Architecture Studio
I03047,U0239,Drawing Board — Camel #3047,Equipment,Drawing Board,Camel,NEW,SWAP,AVAILABLE,800,2026-04-23,2026-10-09,CS Department
I03048,U0701,Ethernet Cable — D-Link #3048,Cable,Ethernet Cable,D-Link,GOOD,BORROW,RESERVED,150,2026-09-17,2026-11-04,Main Block
I03049,U0483,Extension Board — Philips #3049,Electronics,Extension Board,Philips,FAIR,SWAP,AVAILABLE,1400,2026-08-07,2027-01-15,Central Library
I03050,U0016,Breadboard Kit — Generic #3050,Lab Equipment,Breadboard Kit,Generic,GOOD,SELL,BORROWED,750,2025-09-13,2026-03-03,Student Centre
I03051,U0421,Presentation Clicker — Logitech #3051,Accessory,Presentation Clicker,Logitech,EXCELLENT,BORROW,BORROWED,550,2025-10-12,2026-01-30,Hostel Block A
I03052,U0793,Arduino Kit — Arduino #3052,Lab Equipment,Arduino Kit,Arduino,GOOD,SWAP,RESERVED,3150,2026-07-01,2026-11-03,Hostel Block B
I03053,U0985,Safety Goggles — 3M #3053,Safety Equipment,Safety Goggles,3M,FAIR,GIVEAWAY,AVAILABLE,400,2026-08-26,2026-12-24,Hostel Block C
I03054,U0531,Webcam — Logitech #3054,Electronics,Webcam,Logitech,GOOD,GIVEAWAY,RESERVED,2000,2026-02-18,2026-05-20,Hostel Block D
I03055,U0494,Graph Paper Pack — Classmate #3055,Stationery,Graph Paper Pack,Classmate,GOOD,BORROW,AVAILABLE,100,2026-04-28,2026-06-28,Innovation Lab
I03056,U0063,Soldering Iron Kit — Weller #3056,Lab Equipment,Soldering Iron Kit,Weller,FAIR,BORROW,AVAILABLE,2250,2026-04-26,2026-08-06,ECE Lab
I03057,U0484,Screwdriver Set — Bosch #3057,Equipment,Screwdriver Set,Bosch,GOOD,BORROW,AVAILABLE,1350,2026-04-04,2026-09-10,Mechanical Lab
I03058,U0185,Python Programming Book — O'Reilly #3058,Book,Python Programming Book,O'Reilly,EXCELLENT,SELL,BORROWED,1200,2026-06-16,2026-11-07,Architecture Studio
I03059,U0758,Vernier Caliper — Mitutoyo #3059,Lab Equipment,Vernier Caliper,Mitutoyo,GOOD,GIVEAWAY,AVAILABLE,3250,2025-11-17,2026-04-08,CS Department
I03060,U0822,Calculator — CASIO #3060,Academic,Calculator,CASIO,FAIR,BORROW,RETURNED,1400,2025-09-16,2025-11-13,Main Block
I03061,U0478,Bluetooth Keyboard — Logitech #3061,Accessory,Bluetooth Keyboard,Logitech,GOOD,BORROW,AVAILABLE,2950,2026-01-21,2026-02-20,Central Library
I03062,U0724,External Hard Drive — WD #3062,Storage,External Hard Drive,WD,GOOD,SELL,AVAILABLE,4000,2026-03-25,2026-08-29,Student Centre
I03063,U0124,USB-C Charger — Anker #3063,Electronics,USB-C Charger,Anker,GOOD,SELL,AVAILABLE,1150,2026-09-15,2027-03-14,Hostel Block A
I03064,U0665,Engineering Drawing Kit — Staedtler #3064,Equipment,Engineering Drawing Kit,Staedtler,FAIR,BORROW,AVAILABLE,550,2026-07-21,2027-01-01,Hostel Block B
I03065,U0400,Tripod — Digitek #3065,Equipment,Tripod,Digitek,GOOD,BORROW,AVAILABLE,1300,2026-08-23,2026-12-17,Hostel Block C
I03066,U0097,Digital Multimeter — Meco #3066,Lab Equipment,Digital Multimeter,Meco,EXCELLENT,BORROW,BORROWED,2100,2026-06-19,2026-08-22,Hostel Block D
I03067,U0514,College Backpack — Wildcraft #3067,Bag,College Backpack,Wildcraft,GOOD,SWAP,RETURNED,600,2026-07-12,2026-11-29,Innovation Lab
I03068,U0103,Headphones — JBL #3068,Electronics,Headphones,JBL,FAIR,SWAP,AVAILABLE,3000,2026-06-12,2026-10-29,ECE Lab
I03069,U0358,Mechanical Drawing Set — Rotring #3069,Stationery,Mechanical Drawing Set,Rotring,EXCELLENT,SWAP,AVAILABLE,1500,2026-07-02,2026-08-12,Mechanical Lab
I03070,U0886,Desk Lamp — Philips #3070,Accessory,Desk Lamp,Philips,FAIR,SWAP,AVAILABLE,1550,2025-09-14,2025-12-03,Architecture Studio
I03071,U0620,Textbook — Pearson #3071,Book,Textbook,Pearson,GOOD,SWAP,AVAILABLE,500,2025-08-28,2025-12-26,CS Department
I03072,U0203,USB Flash Drive — SanDisk #3072,Storage,USB Flash Drive,SanDisk,EXCELLENT,BORROW,RETURNED,650,2025-08-18,2025-12-09,Main Block
I03073,U0877,Scientific Calculator — Texas Instruments #3073,Academic,Scientific Calculator,Texas Instruments,GOOD,GIVEAWAY,RETURNED,1900,2026-03-18,2026-05-21,Central Library
I03074,U0544,Lab Coat — Generic #3074,Clothing,Lab Coat,Generic,GOOD,SELL,AVAILABLE,1150,2026-07-16,2026-09-02,Student Centre
I03075,U0283,Power Bank — MI #3075,Accessory,Power Bank,MI,EXCELLENT,SELL,INACTIVE,700,2026-08-30,2027-01-02,Hostel Block A
I03076,U0659,HDMI Cable — UGREEN #3076,Cable,HDMI Cable,UGREEN,EXCELLENT,BORROW,RETURNED,400,2026-01-07,2026-06-16,Hostel Block B
I03077,U0777,Drawing Board — Camel #3077,Equipment,Drawing Board,Camel,FAIR,BORROW,INACTIVE,750,2025-10-19,2025-11-20,Hostel Block C
I03078,U0041,Ethernet Cable — D-Link #3078,Cable,Ethernet Cable,D-Link,GOOD,GIVEAWAY,AVAILABLE,450,2026-04-29,2026-09-07,Hostel Block D
I03079,U0562,Extension Board — Philips #3079,Electronics,Extension Board,Philips,EXCELLENT,BORROW,AVAILABLE,1350,2026-04-20,2026-09-09,Innovation Lab
I03080,U0903,Breadboard Kit — Generic #3080,Lab Equipment,Breadboard Kit,Generic,GOOD,SELL,RESERVED,350,2025-10-15,2026-01-25,ECE Lab
I03081,U0681,Presentation Clicker — Logitech #3081,Accessory,Presentation Clicker,Logitech,GOOD,BORROW,AVAILABLE,1500,2026-01-29,2026-06-09,Mechanical Lab
I03082,U0246,Arduino Kit — Arduino #3082,Lab Equipment,Arduino Kit,Arduino,GOOD,GIVEAWAY,BORROWED,1350,2025-11-20,2026-04-05,Architecture Studio
I03083,U0584,Safety Goggles — 3M #3083,Safety Equipment,Safety Goggles,3M,GOOD,BORROW,RETURNED,350,2025-09-22,2026-01-31,CS Department
I03084,U0424,Webcam — Logitech #3084,Electronics,Webcam,Logitech,EXCELLENT,BORROW,RESERVED,2100,2025-10-17,2025-11-21,Main Block
I03085,U0622,Graph Paper Pack — Classmate #3085,Stationery,Graph Paper Pack,Classmate,FAIR,BORROW,AVAILABLE,100,2026-02-10,2026-07-20,Central Library
I03086,U0699,Soldering Iron Kit — Weller #3086,Lab Equipment,Soldering Iron Kit,Weller,GOOD,BORROW,AVAILABLE,1750,2026-06-17,2026-08-04,Student Centre
I03087,U0284,Screwdriver Set — Bosch #3087,Equipment,Screwdriver Set,Bosch,GOOD,BORROW,AVAILABLE,650,2025-12-22,2026-06-20,Hostel Block A
I03088,U0479,Python Programming Book — O'Reilly #3088,Book,Python Programming Book,O'Reilly,GOOD,BORROW,INACTIVE,800,2025-08-02,2026-01-23,Hostel Block B
I03089,U0936,Vernier Caliper — Mitutoyo #3089,Lab Equipment,Vernier Caliper,Mitutoyo,GOOD,BORROW,AVAILABLE,2700,2026-06-16,2026-10-30,Hostel Block C
I03090,U0548,Calculator — CASIO #3090,Academic,Calculator,CASIO,GOOD,SELL,AVAILABLE,1250,2025-10-21,2026-04-10,Hostel Block D
I03091,U0836,Bluetooth Keyboard — Logitech #3091,Accessory,Bluetooth Keyboard,Logitech,EXCELLENT,BORROW,AVAILABLE,2550,2026-01-29,2026-06-29,Innovation Lab
I03092,U0188,External Hard Drive — WD #3092,Storage,External Hard Drive,WD,GOOD,BORROW,AVAILABLE,3400,2026-05-02,2026-06-27,ECE Lab
I03093,U0428,USB-C Charger — Anker #3093,Electronics,USB-C Charger,Anker,GOOD,GIVEAWAY,RETURNED,750,2026-04-23,2026-09-11,Mechanical Lab
I03094,U0326,Engineering Drawing Kit — Staedtler #3094,Equipment,Engineering Drawing Kit,Staedtler,GOOD,GIVEAWAY,AVAILABLE,2100,2026-07-04,2026-11-26,Architecture Studio
I03095,U0990,Tripod — Digitek #3095,Equipment,Tripod,Digitek,EXCELLENT,SWAP,BORROWED,2200,2025-10-31,2025-12-14,CS Department
I03096,U0996,Digital Multimeter — Meco #3096,Lab Equipment,Digital Multimeter,Meco,FAIR,BORROW,INACTIVE,950,2026-05-27,2026-08-01,Main Block
I03097,U0715,College Backpack — Wildcraft #3097,Bag,College Backpack,Wildcraft,GOOD,BORROW,AVAILABLE,550,2025-11-14,2026-04-15,Central Library
I03098,U0007,Headphones — JBL #3098,Electronics,Headphones,JBL,FAIR,SELL,AVAILABLE,3150,2025-10-25,2025-12-14,Student Centre
I03099,U0015,Mechanical Drawing Set — Rotring #3099,Stationery,Mechanical Drawing Set,Rotring,EXCELLENT,BORROW,INACTIVE,750,2026-06-18,2026-07-28,Hostel Block A
I03100,U0048,Desk Lamp — Philips #3100,Accessory,Desk Lamp,Philips,NEW,BORROW,RETURNED,1450,2025-10-26,2026-01-08,Hostel Block B
I03101,U0355,Textbook — Pearson #3101,Book,Textbook,Pearson,GOOD,BORROW,RETURNED,500,2026-04-25,2026-06-30,Hostel Block C
I03102,U0475,USB Flash Drive — SanDisk #3102,Storage,USB Flash Drive,SanDisk,FAIR,SWAP,RETURNED,300,2026-09-25,2027-02-02,Hostel Block D
I03103,U0616,Scientific Calculator — Texas Instruments #3103,Academic,Scientific Calculator,Texas Instruments,FAIR,SELL,AVAILABLE,650,2026-04-08,2026-07-06,Innovation Lab
I03104,U0796,Lab Coat — Generic #3104,Clothing,Lab Coat,Generic,EXCELLENT,BORROW,AVAILABLE,800,2025-09-18,2025-11-10,ECE Lab
I03105,U0678,Power Bank — MI #3105,Accessory,Power Bank,MI,FAIR,SWAP,AVAILABLE,1250,2026-02-02,2026-03-18,Mechanical Lab
I03106,U0636,HDMI Cable — UGREEN #3106,Cable,HDMI Cable,UGREEN,GOOD,BORROW,AVAILABLE,300,2026-06-27,2026-12-08,Architecture Studio
I03107,U0992,Drawing Board — Camel #3107,Equipment,Drawing Board,Camel,GOOD,SWAP,AVAILABLE,1400,2025-11-23,2026-04-23,CS Department
I03108,U0243,Ethernet Cable — D-Link #3108,Cable,Ethernet Cable,D-Link,GOOD,GIVEAWAY,BORROWED,300,2026-01-31,2026-03-19,Main Block
I03109,U0194,Extension Board — Philips #3109,Electronics,Extension Board,Philips,EXCELLENT,BORROW,AVAILABLE,1300,2026-01-01,2026-05-30,Central Library
I03110,U0661,Breadboard Kit — Generic #3110,Lab Equipment,Breadboard Kit,Generic,GOOD,SWAP,AVAILABLE,200,2026-08-17,2026-09-29,Student Centre
I03111,U0944,Presentation Clicker — Logitech #3111,Accessory,Presentation Clicker,Logitech,FAIR,BORROW,RESERVED,1200,2026-04-21,2026-09-16,Hostel Block A
I03112,U0237,Arduino Kit — Arduino #3112,Lab Equipment,Arduino Kit,Arduino,EXCELLENT,GIVEAWAY,AVAILABLE,1600,2026-05-04,2026-07-06,Hostel Block B
I03113,U0987,Safety Goggles — 3M #3113,Safety Equipment,Safety Goggles,3M,GOOD,BORROW,RETURNED,300,2026-06-17,2026-07-18,Hostel Block C
I03114,U0088,Webcam — Logitech #3114,Electronics,Webcam,Logitech,EXCELLENT,BORROW,RESERVED,3050,2026-04-19,2026-09-11,Hostel Block D
I03115,U0983,Graph Paper Pack — Classmate #3115,Stationery,Graph Paper Pack,Classmate,EXCELLENT,GIVEAWAY,BORROWED,200,2026-09-07,2026-10-07,Innovation Lab
I03116,U0697,Soldering Iron Kit — Weller #3116,Lab Equipment,Soldering Iron Kit,Weller,NEW,BORROW,INACTIVE,2200,2025-11-12,2026-02-21,ECE Lab
I03117,U0908,Screwdriver Set — Bosch #3117,Equipment,Screwdriver Set,Bosch,GOOD,BORROW,AVAILABLE,500,2025-08-27,2026-01-18,Mechanical Lab
I03118,U0182,Python Programming Book — O'Reilly #3118,Book,Python Programming Book,O'Reilly,NEW,SWAP,AVAILABLE,400,2025-08-19,2026-01-16,Architecture Studio
I03119,U0993,Vernier Caliper — Mitutoyo #3119,Lab Equipment,Vernier Caliper,Mitutoyo,GOOD,BORROW,RETURNED,5750,2026-05-31,2026-11-04,CS Department
I03120,U0537,Calculator — CASIO #3120,Academic,Calculator,CASIO,GOOD,BORROW,AVAILABLE,850,2026-08-27,2027-02-13,Main Block
I03121,U0338,Bluetooth Keyboard — Logitech #3121,Accessory,Bluetooth Keyboard,Logitech,GOOD,BORROW,INACTIVE,2550,2025-12-09,2026-02-05,Central Library
I03122,U0708,External Hard Drive — WD #3122,Storage,External Hard Drive,WD,FAIR,SWAP,AVAILABLE,6400,2026-09-05,2027-03-02,Student Centre
I03123,U0552,USB-C Charger — Anker #3123,Electronics,USB-C Charger,Anker,EXCELLENT,SELL,AVAILABLE,2150,2026-02-25,2026-05-17,Hostel Block A
I03124,U0162,Engineering Drawing Kit — Staedtler #3124,Equipment,Engineering Drawing Kit,Staedtler,GOOD,GIVEAWAY,AVAILABLE,1900,2026-04-23,2026-08-25,Hostel Block B
I03125,U0915,Tripod — Digitek #3125,Equipment,Tripod,Digitek,GOOD,BORROW,AVAILABLE,1750,2026-03-10,2026-07-13,Hostel Block C
I03126,U0839,Digital Multimeter — Meco #3126,Lab Equipment,Digital Multimeter,Meco,EXCELLENT,SWAP,AVAILABLE,1900,2026-02-06,2026-03-11,Hostel Block D
I03127,U0623,College Backpack — Wildcraft #3127,Bag,College Backpack,Wildcraft,FAIR,SWAP,AVAILABLE,850,2025-12-06,2026-03-15,Innovation Lab
I03128,U0323,Headphones — JBL #3128,Electronics,Headphones,JBL,FAIR,BORROW,AVAILABLE,1050,2025-12-05,2026-02-03,ECE Lab
I03129,U0179,Mechanical Drawing Set — Rotring #3129,Stationery,Mechanical Drawing Set,Rotring,FAIR,BORROW,RETURNED,650,2025-08-02,2025-10-01,Mechanical Lab
I03130,U0889,Desk Lamp — Philips #3130,Accessory,Desk Lamp,Philips,GOOD,GIVEAWAY,AVAILABLE,1650,2026-05-08,2026-08-30,Architecture Studio
I03131,U0129,Textbook — Pearson #3131,Book,Textbook,Pearson,EXCELLENT,GIVEAWAY,INACTIVE,400,2025-10-16,2026-02-19,CS Department
I03132,U0942,USB Flash Drive — SanDisk #3132,Storage,USB Flash Drive,SanDisk,FAIR,GIVEAWAY,AVAILABLE,800,2025-09-10,2025-10-19,Main Block
I03133,U0775,Scientific Calculator — Texas Instruments #3133,Academic,Scientific Calculator,Texas Instruments,EXCELLENT,SELL,AVAILABLE,1350,2026-01-19,2026-06-22,Central Library
I03134,U0142,Lab Coat — Generic #3134,Clothing,Lab Coat,Generic,GOOD,BORROW,AVAILABLE,800,2026-01-02,2026-02-23,Student Centre
I03135,U0293,Power Bank — MI #3135,Accessory,Power Bank,MI,EXCELLENT,BORROW,AVAILABLE,1250,2025-10-12,2026-03-27,Hostel Block A
I03136,U0778,HDMI Cable — UGREEN #3136,Cable,HDMI Cable,UGREEN,GOOD,BORROW,AVAILABLE,250,2025-10-31,2026-03-10,Hostel Block B
I03137,U0466,Drawing Board — Camel #3137,Equipment,Drawing Board,Camel,EXCELLENT,SWAP,BORROWED,1550,2026-04-19,2026-06-18,Hostel Block C
I03138,U0299,Ethernet Cable — D-Link #3138,Cable,Ethernet Cable,D-Link,GOOD,BORROW,RETURNED,500,2026-06-08,2026-10-22,Hostel Block D
I03139,U0692,Extension Board — Philips #3139,Electronics,Extension Board,Philips,EXCELLENT,SELL,AVAILABLE,700,2026-06-21,2026-09-06,Innovation Lab
I03140,U0730,Breadboard Kit — Generic #3140,Lab Equipment,Breadboard Kit,Generic,GOOD,BORROW,AVAILABLE,650,2025-10-06,2026-02-26,ECE Lab
I03141,U0610,Presentation Clicker — Logitech #3141,Accessory,Presentation Clicker,Logitech,GOOD,SWAP,AVAILABLE,900,2025-11-26,2026-05-01,Mechanical Lab
I03142,U0875,Arduino Kit — Arduino #3142,Lab Equipment,Arduino Kit,Arduino,GOOD,SELL,INACTIVE,1900,2025-12-24,2026-04-19,Architecture Studio
I03143,U0546,Safety Goggles — 3M #3143,Safety Equipment,Safety Goggles,3M,FAIR,SELL,RESERVED,450,2026-03-21,2026-07-02,CS Department
I03144,U0047,Webcam — Logitech #3144,Electronics,Webcam,Logitech,EXCELLENT,BORROW,AVAILABLE,1300,2025-12-09,2026-05-24,Main Block
I03145,U0702,Graph Paper Pack — Classmate #3145,Stationery,Graph Paper Pack,Classmate,GOOD,SWAP,AVAILABLE,100,2025-11-05,2026-04-17,Central Library
I03146,U0739,Soldering Iron Kit — Weller #3146,Lab Equipment,Soldering Iron Kit,Weller,FAIR,BORROW,BORROWED,2950,2026-02-19,2026-05-19,Student Centre
I03147,U0448,Screwdriver Set — Bosch #3147,Equipment,Screwdriver Set,Bosch,FAIR,BORROW,BORROWED,950,2026-06-02,2026-07-05,Hostel Block A
I03148,U0341,Python Programming Book — O'Reilly #3148,Book,Python Programming Book,O'Reilly,EXCELLENT,BORROW,AVAILABLE,1550,2025-09-16,2025-12-19,Hostel Block B
I03149,U0985,Vernier Caliper — Mitutoyo #3149,Lab Equipment,Vernier Caliper,Mitutoyo,GOOD,SELL,AVAILABLE,5400,2025-11-22,2026-01-14,Hostel Block C
I03150,U0104,Calculator — CASIO #3150,Academic,Calculator,CASIO,GOOD,SELL,AVAILABLE,800,2025-09-29,2025-12-28,Hostel Block D
I03151,U0170,Bluetooth Keyboard — Logitech #3151,Accessory,Bluetooth Keyboard,Logitech,GOOD,SELL,AVAILABLE,1500,2025-08-08,2025-10-10,Innovation Lab
I03152,U0916,External Hard Drive — WD #3152,Storage,External Hard Drive,WD,GOOD,GIVEAWAY,BORROWED,2750,2026-01-30,2026-07-22,ECE Lab
I03153,U0022,USB-C Charger — Anker #3153,Electronics,USB-C Charger,Anker,FAIR,SELL,RESERVED,550,2026-04-17,2026-08-26,Mechanical Lab
I03154,U0238,Engineering Drawing Kit — Staedtler #3154,Equipment,Engineering Drawing Kit,Staedtler,GOOD,GIVEAWAY,AVAILABLE,1650,2026-04-22,2026-09-08,Architecture Studio
I03155,U0385,Tripod — Digitek #3155,Equipment,Tripod,Digitek,NEW,BORROW,AVAILABLE,1600,2026-03-05,2026-04-20,CS Department
I03156,U0643,Digital Multimeter — Meco #3156,Lab Equipment,Digital Multimeter,Meco,GOOD,SELL,AVAILABLE,2050,2026-03-29,2026-07-23,Main Block
I03157,U0519,College Backpack — Wildcraft #3157,Bag,College Backpack,Wildcraft,GOOD,BORROW,RETURNED,1250,2025-12-09,2026-03-28,Central Library
I03158,U0949,Headphones — JBL #3158,Electronics,Headphones,JBL,EXCELLENT,SELL,RETURNED,3350,2025-08-12,2026-02-08,Student Centre
I03159,U0090,Mechanical Drawing Set — Rotring #3159,Stationery,Mechanical Drawing Set,Rotring,GOOD,BORROW,AVAILABLE,2150,2026-07-21,2026-12-30,Hostel Block A
I03160,U0804,Desk Lamp — Philips #3160,Accessory,Desk Lamp,Philips,GOOD,SELL,RETURNED,400,2025-12-16,2026-05-19,Hostel Block B
I03161,U0935,Textbook — Pearson #3161,Book,Textbook,Pearson,GOOD,BORROW,RETURNED,400,2026-02-13,2026-06-26,Hostel Block C
I03162,U0190,USB Flash Drive — SanDisk #3162,Storage,USB Flash Drive,SanDisk,FAIR,SWAP,AVAILABLE,700,2026-09-06,2027-02-10,Hostel Block D
I03163,U0797,Scientific Calculator — Texas Instruments #3163,Academic,Scientific Calculator,Texas Instruments,FAIR,GIVEAWAY,AVAILABLE,1150,2026-01-28,2026-07-05,Innovation Lab
I03164,U0982,Lab Coat — Generic #3164,Clothing,Lab Coat,Generic,GOOD,SELL,AVAILABLE,600,2026-03-25,2026-05-26,ECE Lab
I03165,U0173,Power Bank — MI #3165,Accessory,Power Bank,MI,GOOD,SWAP,AVAILABLE,1150,2025-12-24,2026-02-06,Mechanical Lab
I03166,U0073,HDMI Cable — UGREEN #3166,Cable,HDMI Cable,UGREEN,FAIR,SELL,RETURNED,300,2026-08-17,2026-11-21,Architecture Studio
I03167,U0477,Drawing Board — Camel #3167,Equipment,Drawing Board,Camel,GOOD,SELL,BORROWED,950,2025-12-28,2026-03-09,CS Department
I03168,U0419,Ethernet Cable — D-Link #3168,Cable,Ethernet Cable,D-Link,GOOD,SWAP,AVAILABLE,150,2026-08-05,2026-12-07,Main Block
I03169,U0791,Extension Board — Philips #3169,Electronics,Extension Board,Philips,GOOD,BORROW,RETURNED,1200,2026-03-18,2026-07-10,Central Library
I03170,U0893,Breadboard Kit — Generic #3170,Lab Equipment,Breadboard Kit,Generic,NEW,SWAP,AVAILABLE,500,2026-04-20,2026-07-27,Student Centre
I03171,U0151,Presentation Clicker — Logitech #3171,Accessory,Presentation Clicker,Logitech,EXCELLENT,GIVEAWAY,AVAILABLE,1200,2025-11-20,2026-03-17,Hostel Block A
I03172,U0085,Arduino Kit — Arduino #3172,Lab Equipment,Arduino Kit,Arduino,GOOD,SWAP,RESERVED,2300,2025-10-11,2026-04-05,Hostel Block B
I03173,U0792,Safety Goggles — 3M #3173,Safety Equipment,Safety Goggles,3M,GOOD,GIVEAWAY,INACTIVE,600,2025-12-05,2026-01-04,Hostel Block C
I03174,U0768,Webcam — Logitech #3174,Electronics,Webcam,Logitech,FAIR,BORROW,AVAILABLE,1000,2025-11-13,2025-12-24,Hostel Block D
I03175,U0869,Graph Paper Pack — Classmate #3175,Stationery,Graph Paper Pack,Classmate,GOOD,GIVEAWAY,AVAILABLE,100,2025-11-24,2026-01-03,Innovation Lab
I03176,U0720,Soldering Iron Kit — Weller #3176,Lab Equipment,Soldering Iron Kit,Weller,GOOD,BORROW,AVAILABLE,2600,2026-08-20,2026-09-28,ECE Lab
I03177,U0643,Screwdriver Set — Bosch #3177,Equipment,Screwdriver Set,Bosch,GOOD,BORROW,AVAILABLE,1750,2026-03-07,2026-04-24,Mechanical Lab
I03178,U0161,Python Programming Book — O'Reilly #3178,Book,Python Programming Book,O'Reilly,FAIR,BORROW,BORROWED,1550,2025-09-11,2025-11-11,Architecture Studio
I03179,U0714,Vernier Caliper — Mitutoyo #3179,Lab Equipment,Vernier Caliper,Mitutoyo,EXCELLENT,SWAP,AVAILABLE,5550,2026-03-19,2026-09-14,CS Department
I03180,U0901,Calculator — CASIO #3180,Academic,Calculator,CASIO,FAIR,BORROW,AVAILABLE,1600,2026-04-02,2026-07-18,Main Block
I03181,U0103,Bluetooth Keyboard — Logitech #3181,Accessory,Bluetooth Keyboard,Logitech,GOOD,BORROW,AVAILABLE,2400,2026-04-25,2026-09-04,Central Library
I03182,U0237,External Hard Drive — WD #3182,Storage,External Hard Drive,WD,EXCELLENT,GIVEAWAY,RETURNED,5600,2026-01-31,2026-05-26,Student Centre
I03183,U0329,USB-C Charger — Anker #3183,Electronics,USB-C Charger,Anker,FAIR,SWAP,AVAILABLE,1550,2026-04-09,2026-06-27,Hostel Block A
I03184,U0622,Engineering Drawing Kit — Staedtler #3184,Equipment,Engineering Drawing Kit,Staedtler,GOOD,SWAP,AVAILABLE,2050,2026-02-22,2026-06-28,Hostel Block B
I03185,U0186,Tripod — Digitek #3185,Equipment,Tripod,Digitek,EXCELLENT,SELL,AVAILABLE,2000,2026-08-20,2026-11-04,Hostel Block C
I03186,U0057,Digital Multimeter — Meco #3186,Lab Equipment,Digital Multimeter,Meco,GOOD,BORROW,AVAILABLE,1800,2026-04-19,2026-09-15,Hostel Block D
I03187,U0268,College Backpack — Wildcraft #3187,Bag,College Backpack,Wildcraft,GOOD,BORROW,AVAILABLE,1950,2026-05-19,2026-10-23,Innovation Lab
I03188,U0548,Headphones — JBL #3188,Electronics,Headphones,JBL,GOOD,BORROW,AVAILABLE,3200,2025-08-15,2026-02-11,ECE Lab
I03189,U0871,Mechanical Drawing Set — Rotring #3189,Stationery,Mechanical Drawing Set,Rotring,GOOD,SWAP,AVAILABLE,2200,2025-12-08,2026-05-03,Mechanical Lab
I03190,U0510,Desk Lamp — Philips #3190,Accessory,Desk Lamp,Philips,GOOD,GIVEAWAY,RETURNED,1500,2026-08-31,2026-12-03,Architecture Studio
I03191,U0605,Textbook — Pearson #3191,Book,Textbook,Pearson,GOOD,BORROW,AVAILABLE,400,2025-10-17,2026-03-04,CS Department
I03192,U0221,USB Flash Drive — SanDisk #3192,Storage,USB Flash Drive,SanDisk,GOOD,BORROW,AVAILABLE,400,2025-08-12,2025-11-19,Main Block
I03193,U0729,Scientific Calculator — Texas Instruments #3193,Academic,Scientific Calculator,Texas Instruments,EXCELLENT,SELL,RETURNED,1400,2026-04-09,2026-09-05,Central Library
I03194,U0591,Lab Coat — Generic #3194,Clothing,Lab Coat,Generic,EXCELLENT,BORROW,AVAILABLE,1000,2025-10-17,2026-03-27,Student Centre
I03195,U0770,Power Bank — MI #3195,Accessory,Power Bank,MI,FAIR,BORROW,AVAILABLE,2100,2026-04-18,2026-08-15,Hostel Block A
I03196,U0848,HDMI Cable — UGREEN #3196,Cable,HDMI Cable,UGREEN,GOOD,BORROW,AVAILABLE,700,2026-09-04,2027-02-10,Hostel Block B
I03197,U0501,Drawing Board — Camel #3197,Equipment,Drawing Board,Camel,GOOD,SWAP,INACTIVE,1050,2026-06-07,2026-12-03,Hostel Block C
I03198,U0608,Ethernet Cable — D-Link #3198,Cable,Ethernet Cable,D-Link,GOOD,BORROW,AVAILABLE,550,2025-08-25,2025-11-07,Hostel Block D
I03199,U0034,Extension Board — Philips #3199,Electronics,Extension Board,Philips,GOOD,SELL,BORROWED,1550,2026-09-08,2026-10-15,Innovation Lab
I03200,U0446,Breadboard Kit — Generic #3200,Lab Equipment,Breadboard Kit,Generic,GOOD,SWAP,AVAILABLE,400,2026-09-22,2026-10-26,ECE Lab
I03201,U0851,Presentation Clicker — Logitech #3201,Accessory,Presentation Clicker,Logitech,GOOD,BORROW,BORROWED,1950,2026-03-30,2026-06-27,Mechanical Lab
I03202,U0452,Arduino Kit — Arduino #3202,Lab Equipment,Arduino Kit,Arduino,EXCELLENT,BORROW,AVAILABLE,1950,2026-05-16,2026-08-06,Architecture Studio
I03203,U0732,Safety Goggles — 3M #3203,Safety Equipment,Safety Goggles,3M,GOOD,GIVEAWAY,AVAILABLE,450,2025-09-16,2026-02-05,CS Department
I03204,U0609,Webcam — Logitech #3204,Electronics,Webcam,Logitech,GOOD,BORROW,RETURNED,2500,2026-07-12,2026-09-01,Main Block
I03205,U0559,Graph Paper Pack — Classmate #3205,Stationery,Graph Paper Pack,Classmate,GOOD,BORROW,AVAILABLE,50,2026-07-28,2026-11-02,Central Library
I03206,U0495,Soldering Iron Kit — Weller #3206,Lab Equipment,Soldering Iron Kit,Weller,EXCELLENT,SWAP,AVAILABLE,3500,2025-08-13,2025-12-26,Student Centre
I03207,U0975,Screwdriver Set — Bosch #3207,Equipment,Screwdriver Set,Bosch,GOOD,GIVEAWAY,AVAILABLE,1450,2026-01-02,2026-05-16,Hostel Block A
I03208,U0402,Python Programming Book — O'Reilly #3208,Book,Python Programming Book,O'Reilly,EXCELLENT,BORROW,RETURNED,1400,2026-07-06,2026-12-01,Hostel Block B
I03209,U0683,Vernier Caliper — Mitutoyo #3209,Lab Equipment,Vernier Caliper,Mitutoyo,GOOD,SWAP,RESERVED,4300,2026-08-01,2026-09-27,Hostel Block C
I03210,U0362,Calculator — CASIO #3210,Academic,Calculator,CASIO,FAIR,SWAP,AVAILABLE,1650,2026-02-08,2026-03-19,Hostel Block D
I03211,U0457,Bluetooth Keyboard — Logitech #3211,Accessory,Bluetooth Keyboard,Logitech,FAIR,BORROW,AVAILABLE,1800,2026-06-22,2026-11-18,Innovation Lab
I03212,U0210,External Hard Drive — WD #3212,Storage,External Hard Drive,WD,GOOD,BORROW,AVAILABLE,3900,2026-03-15,2026-05-27,ECE Lab
I03213,U0761,USB-C Charger — Anker #3213,Electronics,USB-C Charger,Anker,EXCELLENT,GIVEAWAY,BORROWED,2100,2025-08-08,2025-12-29,Mechanical Lab
I03214,U0169,Engineering Drawing Kit — Staedtler #3214,Equipment,Engineering Drawing Kit,Staedtler,GOOD,BORROW,BORROWED,900,2026-01-20,2026-05-02,Architecture Studio
I03215,U0488,Tripod — Digitek #3215,Equipment,Tripod,Digitek,EXCELLENT,SELL,AVAILABLE,900,2025-12-21,2026-04-30,CS Department
I03216,U0846,Digital Multimeter — Meco #3216,Lab Equipment,Digital Multimeter,Meco,GOOD,BORROW,AVAILABLE,750,2025-11-07,2026-01-17,Main Block
I03217,U0346,College Backpack — Wildcraft #3217,Bag,College Backpack,Wildcraft,GOOD,BORROW,AVAILABLE,1100,2026-06-05,2026-07-08,Central Library
I03218,U0226,Headphones — JBL #3218,Electronics,Headphones,JBL,GOOD,SWAP,RETURNED,950,2026-05-18,2026-07-19,Student Centre
I03219,U0480,Mechanical Drawing Set — Rotring #3219,Stationery,Mechanical Drawing Set,Rotring,FAIR,BORROW,RETURNED,1850,2025-11-06,2026-03-17,Hostel Block A
I03220,U0880,Desk Lamp — Philips #3220,Accessory,Desk Lamp,Philips,NEW,BORROW,AVAILABLE,600,2026-05-21,2026-11-07,Hostel Block B
I03221,U0779,Textbook — Pearson #3221,Book,Textbook,Pearson,EXCELLENT,BORROW,BORROWED,650,2026-07-01,2026-10-20,Hostel Block C
I03222,U0904,USB Flash Drive — SanDisk #3222,Storage,USB Flash Drive,SanDisk,EXCELLENT,BORROW,AVAILABLE,300,2026-07-10,2026-10-13,Hostel Block D
I03223,U0602,Scientific Calculator — Texas Instruments #3223,Academic,Scientific Calculator,Texas Instruments,GOOD,BORROW,AVAILABLE,1950,2026-08-08,2027-01-21,Innovation Lab
I03224,U0744,Lab Coat — Generic #3224,Clothing,Lab Coat,Generic,GOOD,BORROW,RESERVED,950,2026-04-22,2026-08-19,ECE Lab
I03225,U0198,Power Bank — MI #3225,Accessory,Power Bank,MI,GOOD,BORROW,AVAILABLE,1350,2026-05-13,2026-09-22,Mechanical Lab
I03226,U0485,HDMI Cable — UGREEN #3226,Cable,HDMI Cable,UGREEN,GOOD,GIVEAWAY,AVAILABLE,700,2026-01-30,2026-07-23,Architecture Studio
I03227,U0566,Drawing Board — Camel #3227,Equipment,Drawing Board,Camel,GOOD,SELL,AVAILABLE,550,2026-03-26,2026-06-27,CS Department
I03228,U0952,Ethernet Cable — D-Link #3228,Cable,Ethernet Cable,D-Link,GOOD,SELL,RETURNED,150,2026-09-04,2026-11-18,Main Block
I03229,U0706,Extension Board — Philips #3229,Electronics,Extension Board,Philips,EXCELLENT,SWAP,AVAILABLE,1000,2026-08-29,2026-12-23,Central Library
I03230,U0420,Breadboard Kit — Generic #3230,Lab Equipment,Breadboard Kit,Generic,GOOD,BORROW,AVAILABLE,150,2026-07-27,2026-10-26,Student Centre
I03231,U0247,Presentation Clicker — Logitech #3231,Accessory,Presentation Clicker,Logitech,GOOD,BORROW,AVAILABLE,600,2026-01-12,2026-05-22,Hostel Block A
I03232,U0467,Arduino Kit — Arduino #3232,Lab Equipment,Arduino Kit,Arduino,GOOD,BORROW,AVAILABLE,1000,2026-05-22,2026-06-30,Hostel Block B
I03233,U0122,Safety Goggles — 3M #3233,Safety Equipment,Safety Goggles,3M,EXCELLENT,GIVEAWAY,BORROWED,350,2026-05-27,2026-10-18,Hostel Block C
I03234,U0196,Webcam — Logitech #3234,Electronics,Webcam,Logitech,NEW,SWAP,RESERVED,4450,2026-07-05,2026-10-08,Hostel Block D
I03235,U0825,Graph Paper Pack — Classmate #3235,Stationery,Graph Paper Pack,Classmate,FAIR,SELL,INACTIVE,150,2025-12-24,2026-04-26,Innovation Lab
I03236,U0506,Soldering Iron Kit — Weller #3236,Lab Equipment,Soldering Iron Kit,Weller,FAIR,SWAP,INACTIVE,1400,2026-09-05,2026-12-13,ECE Lab
I03237,U0124,Screwdriver Set — Bosch #3237,Equipment,Screwdriver Set,Bosch,EXCELLENT,BORROW,INACTIVE,1300,2025-12-21,2026-03-29,Mechanical Lab
I03238,U0716,Python Programming Book — O'Reilly #3238,Book,Python Programming Book,O'Reilly,EXCELLENT,BORROW,AVAILABLE,1300,2026-09-15,2027-01-17,Architecture Studio
I03239,U0494,Vernier Caliper — Mitutoyo #3239,Lab Equipment,Vernier Caliper,Mitutoyo,FAIR,SELL,AVAILABLE,4100,2026-08-20,2027-01-22,CS Department
I03240,U0469,Calculator — CASIO #3240,Academic,Calculator,CASIO,EXCELLENT,BORROW,AVAILABLE,600,2026-09-17,2027-01-17,Main Block
I03241,U0699,Bluetooth Keyboard — Logitech #3241,Accessory,Bluetooth Keyboard,Logitech,FAIR,GIVEAWAY,AVAILABLE,2800,2026-04-10,2026-06-01,Central Library
I03242,U0197,External Hard Drive — WD #3242,Storage,External Hard Drive,WD,GOOD,SELL,RESERVED,4600,2025-10-25,2026-02-13,Student Centre
I03243,U0864,USB-C Charger — Anker #3243,Electronics,USB-C Charger,Anker,EXCELLENT,SELL,AVAILABLE,1350,2025-08-23,2026-01-08,Hostel Block A
I03244,U0997,Engineering Drawing Kit — Staedtler #3244,Equipment,Engineering Drawing Kit,Staedtler,EXCELLENT,SWAP,AVAILABLE,1550,2026-03-26,2026-08-10,Hostel Block B
I03245,U0463,Tripod — Digitek #3245,Equipment,Tripod,Digitek,GOOD,BORROW,AVAILABLE,1900,2026-05-28,2026-09-19,Hostel Block C
I03246,U0325,Digital Multimeter — Meco #3246,Lab Equipment,Digital Multimeter,Meco,GOOD,BORROW,AVAILABLE,1600,2026-02-20,2026-08-08,Hostel Block D
I03247,U0882,College Backpack — Wildcraft #3247,Bag,College Backpack,Wildcraft,GOOD,SWAP,RESERVED,1200,2025-11-07,2026-04-13,Innovation Lab
I03248,U0936,Headphones — JBL #3248,Electronics,Headphones,JBL,NEW,BORROW,AVAILABLE,1500,2026-09-14,2026-12-14,ECE Lab
I03249,U0745,Mechanical Drawing Set — Rotring #3249,Stationery,Mechanical Drawing Set,Rotring,FAIR,GIVEAWAY,AVAILABLE,1100,2026-08-10,2026-12-21,Mechanical Lab
I03250,U0363,Desk Lamp — Philips #3250,Accessory,Desk Lamp,Philips,GOOD,BORROW,RESERVED,300,2026-02-28,2026-08-14,Architecture Studio
I03251,U0335,Textbook — Pearson #3251,Book,Textbook,Pearson,EXCELLENT,SELL,INACTIVE,600,2025-11-11,2026-02-01,CS Department
I03252,U0870,USB Flash Drive — SanDisk #3252,Storage,USB Flash Drive,SanDisk,GOOD,GIVEAWAY,AVAILABLE,700,2026-07-16,2026-12-14,Main Block
I03253,U0249,Scientific Calculator — Texas Instruments #3253,Academic,Scientific Calculator,Texas Instruments,EXCELLENT,GIVEAWAY,AVAILABLE,1100,2026-03-19,2026-06-29,Central Library
I03254,U0796,Lab Coat — Generic #3254,Clothing,Lab Coat,Generic,FAIR,GIVEAWAY,AVAILABLE,900,2026-01-30,2026-04-14,Student Centre
I03255,U0337,Power Bank — MI #3255,Accessory,Power Bank,MI,GOOD,GIVEAWAY,BORROWED,1100,2026-06-27,2026-09-23,Hostel Block A
I03256,U0813,HDMI Cable — UGREEN #3256,Cable,HDMI Cable,UGREEN,FAIR,SWAP,INACTIVE,450,2026-09-06,2026-11-18,Hostel Block B
I03257,U0635,Drawing Board — Camel #3257,Equipment,Drawing Board,Camel,GOOD,SELL,RESERVED,850,2025-11-20,2026-04-07,Hostel Block C
I03258,U0449,Ethernet Cable — D-Link #3258,Cable,Ethernet Cable,D-Link,GOOD,SWAP,RESERVED,400,2026-01-17,2026-02-25,Hostel Block D
I03259,U0572,Extension Board — Philips #3259,Electronics,Extension Board,Philips,EXCELLENT,SWAP,RETURNED,650,2025-09-23,2025-10-27,Innovation Lab
I03260,U0214,Breadboard Kit — Generic #3260,Lab Equipment,Breadboard Kit,Generic,GOOD,SWAP,RETURNED,300,2025-09-19,2026-02-02,ECE Lab
I03261,U0321,Presentation Clicker — Logitech #3261,Accessory,Presentation Clicker,Logitech,GOOD,GIVEAWAY,AVAILABLE,700,2025-09-05,2026-01-01,Mechanical Lab
I03262,U0764,Arduino Kit — Arduino #3262,Lab Equipment,Arduino Kit,Arduino,GOOD,GIVEAWAY,AVAILABLE,2750,2026-02-23,2026-04-20,Architecture Studio
I03263,U0711,Safety Goggles — 3M #3263,Safety Equipment,Safety Goggles,3M,EXCELLENT,SWAP,RETURNED,300,2026-01-18,2026-02-22,CS Department
I03264,U0695,Webcam — Logitech #3264,Electronics,Webcam,Logitech,FAIR,BORROW,AVAILABLE,3000,2025-08-20,2026-01-24,Main Block
I03265,U0013,Graph Paper Pack — Classmate #3265,Stationery,Graph Paper Pack,Classmate,GOOD,SWAP,AVAILABLE,200,2025-10-05,2025-11-07,Central Library
I03266,U0430,Soldering Iron Kit — Weller #3266,Lab Equipment,Soldering Iron Kit,Weller,GOOD,SELL,RETURNED,3100,2026-03-31,2026-05-28,Student Centre
I03267,U0518,Screwdriver Set — Bosch #3267,Equipment,Screwdriver Set,Bosch,EXCELLENT,BORROW,AVAILABLE,800,2026-02-19,2026-06-15,Hostel Block A
I03268,U0838,Python Programming Book — O'Reilly #3268,Book,Python Programming Book,O'Reilly,EXCELLENT,SELL,AVAILABLE,850,2025-10-30,2026-02-26,Hostel Block B
I03269,U0723,Vernier Caliper — Mitutoyo #3269,Lab Equipment,Vernier Caliper,Mitutoyo,FAIR,SWAP,AVAILABLE,1400,2025-10-03,2026-03-27,Hostel Block C
I03270,U0179,Calculator — CASIO #3270,Academic,Calculator,CASIO,FAIR,BORROW,RETURNED,1300,2025-11-24,2026-04-05,Hostel Block D
I03271,U0369,Bluetooth Keyboard — Logitech #3271,Accessory,Bluetooth Keyboard,Logitech,GOOD,BORROW,INACTIVE,1950,2025-08-07,2025-10-19,Innovation Lab
I03272,U0311,External Hard Drive — WD #3272,Storage,External Hard Drive,WD,GOOD,GIVEAWAY,RESERVED,2850,2025-11-19,2026-01-24,ECE Lab
I03273,U0978,USB-C Charger — Anker #3273,Electronics,USB-C Charger,Anker,GOOD,BORROW,AVAILABLE,2450,2026-02-20,2026-07-26,Mechanical Lab
I03274,U0415,Engineering Drawing Kit — Staedtler #3274,Equipment,Engineering Drawing Kit,Staedtler,FAIR,SWAP,RESERVED,2350,2025-08-21,2026-01-02,Architecture Studio
I03275,U0880,Tripod — Digitek #3275,Equipment,Tripod,Digitek,GOOD,BORROW,INACTIVE,700,2025-08-17,2026-02-11,CS Department
I03276,U0067,Digital Multimeter — Meco #3276,Lab Equipment,Digital Multimeter,Meco,GOOD,BORROW,AVAILABLE,650,2026-01-22,2026-04-18,Main Block
I03277,U0837,College Backpack — Wildcraft #3277,Bag,College Backpack,Wildcraft,GOOD,SWAP,RESERVED,2900,2026-01-13,2026-03-15,Central Library
I03278,U0130,Headphones — JBL #3278,Electronics,Headphones,JBL,NEW,BORROW,AVAILABLE,3400,2025-09-24,2026-01-01,Student Centre
I03279,U0262,Mechanical Drawing Set — Rotring #3279,Stationery,Mechanical Drawing Set,Rotring,GOOD,BORROW,AVAILABLE,900,2026-09-09,2027-01-08,Hostel Block A
I03280,U0634,Desk Lamp — Philips #3280,Accessory,Desk Lamp,Philips,EXCELLENT,SWAP,AVAILABLE,500,2026-05-23,2026-09-02,Hostel Block B
I03281,U0431,Textbook — Pearson #3281,Book,Textbook,Pearson,FAIR,BORROW,AVAILABLE,450,2026-01-06,2026-06-11,Hostel Block C
I03282,U0163,USB Flash Drive — SanDisk #3282,Storage,USB Flash Drive,SanDisk,EXCELLENT,GIVEAWAY,AVAILABLE,1050,2026-01-20,2026-07-16,Hostel Block D
I03283,U0120,Scientific Calculator — Texas Instruments #3283,Academic,Scientific Calculator,Texas Instruments,GOOD,SELL,AVAILABLE,1550,2026-05-06,2026-10-05,Innovation Lab
I03284,U0350,Lab Coat — Generic #3284,Clothing,Lab Coat,Generic,EXCELLENT,SELL,RETURNED,850,2026-02-19,2026-08-11,ECE Lab
I03285,U0630,Power Bank — MI #3285,Accessory,Power Bank,MI,GOOD,SWAP,AVAILABLE,1950,2026-02-26,2026-08-09,Mechanical Lab
I03286,U0834,HDMI Cable — UGREEN #3286,Cable,HDMI Cable,UGREEN,GOOD,SWAP,AVAILABLE,400,2025-08-13,2025-11-09,Architecture Studio
I03287,U0823,Drawing Board — Camel #3287,Equipment,Drawing Board,Camel,GOOD,BORROW,AVAILABLE,1500,2026-04-13,2026-09-02,CS Department
I03288,U0349,Ethernet Cable — D-Link #3288,Cable,Ethernet Cable,D-Link,EXCELLENT,GIVEAWAY,AVAILABLE,350,2025-08-02,2026-01-01,Main Block
I03289,U0962,Extension Board — Philips #3289,Electronics,Extension Board,Philips,EXCELLENT,SELL,AVAILABLE,850,2026-05-25,2026-07-01,Central Library
I03290,U0934,Breadboard Kit — Generic #3290,Lab Equipment,Breadboard Kit,Generic,EXCELLENT,BORROW,INACTIVE,400,2025-12-14,2026-02-20,Student Centre
I03291,U0467,Presentation Clicker — Logitech #3291,Accessory,Presentation Clicker,Logitech,EXCELLENT,SELL,AVAILABLE,1950,2026-01-18,2026-05-15,Hostel Block A
I03292,U0970,Arduino Kit — Arduino #3292,Lab Equipment,Arduino Kit,Arduino,EXCELLENT,SELL,AVAILABLE,2250,2025-10-18,2025-12-25,Hostel Block B
I03293,U0931,Safety Goggles — 3M #3293,Safety Equipment,Safety Goggles,3M,GOOD,BORROW,RETURNED,400,2025-11-06,2026-03-16,Hostel Block C
I03294,U0709,Webcam — Logitech #3294,Electronics,Webcam,Logitech,FAIR,GIVEAWAY,RETURNED,3800,2025-08-15,2026-01-01,Hostel Block D
I03295,U0785,Graph Paper Pack — Classmate #3295,Stationery,Graph Paper Pack,Classmate,GOOD,SELL,AVAILABLE,200,2025-09-05,2026-02-16,Innovation Lab
I03296,U0494,Soldering Iron Kit — Weller #3296,Lab Equipment,Soldering Iron Kit,Weller,GOOD,BORROW,AVAILABLE,1000,2026-01-29,2026-07-20,ECE Lab
I03297,U0968,Screwdriver Set — Bosch #3297,Equipment,Screwdriver Set,Bosch,FAIR,SWAP,INACTIVE,1050,2026-03-16,2026-05-09,Mechanical Lab
I03298,U0834,Python Programming Book — O'Reilly #3298,Book,Python Programming Book,O'Reilly,EXCELLENT,BORROW,AVAILABLE,800,2026-09-19,2027-01-24,Architecture Studio
I03299,U0539,Vernier Caliper — Mitutoyo #3299,Lab Equipment,Vernier Caliper,Mitutoyo,GOOD,BORROW,AVAILABLE,3750,2026-04-30,2026-06-05,CS Department
I03300,U0854,Calculator — CASIO #3300,Academic,Calculator,CASIO,GOOD,SELL,AVAILABLE,600,2026-01-25,2026-04-22,Main Block
I03301,U0961,Bluetooth Keyboard — Logitech #3301,Accessory,Bluetooth Keyboard,Logitech,GOOD,SWAP,AVAILABLE,1500,2025-11-17,2026-02-27,Central Library
I03302,U0957,External Hard Drive — WD #3302,Storage,External Hard Drive,WD,EXCELLENT,BORROW,AVAILABLE,4100,2026-02-07,2026-07-28,Student Centre
I03303,U0997,USB-C Charger — Anker #3303,Electronics,USB-C Charger,Anker,NEW,BORROW,AVAILABLE,1250,2026-05-30,2026-08-04,Hostel Block A
I03304,U0258,Engineering Drawing Kit — Staedtler #3304,Equipment,Engineering Drawing Kit,Staedtler,GOOD,BORROW,AVAILABLE,900,2026-03-15,2026-07-17,Hostel Block B
I03305,U0002,Tripod — Digitek #3305,Equipment,Tripod,Digitek,GOOD,BORROW,AVAILABLE,2400,2025-10-13,2025-11-14,Hostel Block C
I03306,U0818,Digital Multimeter — Meco #3306,Lab Equipment,Digital Multimeter,Meco,EXCELLENT,SELL,AVAILABLE,950,2026-01-11,2026-04-13,Hostel Block D
I03307,U0936,College Backpack — Wildcraft #3307,Bag,College Backpack,Wildcraft,EXCELLENT,BORROW,RESERVED,550,2025-09-18,2026-02-26,Innovation Lab
I03308,U0039,Headphones — JBL #3308,Electronics,Headphones,JBL,EXCELLENT,SWAP,INACTIVE,1850,2026-08-13,2026-12-24,ECE Lab
I03309,U0046,Mechanical Drawing Set — Rotring #3309,Stationery,Mechanical Drawing Set,Rotring,EXCELLENT,BORROW,AVAILABLE,1200,2026-09-18,2027-01-29,Mechanical Lab
I03310,U0495,Desk Lamp — Philips #3310,Accessory,Desk Lamp,Philips,GOOD,SELL,AVAILABLE,1700,2026-01-29,2026-04-17,Architecture Studio
I03311,U0178,Textbook — Pearson #3311,Book,Textbook,Pearson,GOOD,GIVEAWAY,AVAILABLE,750,2026-08-09,2026-11-19,CS Department
I03312,U0836,USB Flash Drive — SanDisk #3312,Storage,USB Flash Drive,SanDisk,GOOD,BORROW,INACTIVE,250,2026-03-31,2026-08-30,Main Block
I03313,U0155,Scientific Calculator — Texas Instruments #3313,Academic,Scientific Calculator,Texas Instruments,GOOD,BORROW,AVAILABLE,1300,2025-09-20,2026-03-13,Central Library
I03314,U0797,Lab Coat — Generic #3314,Clothing,Lab Coat,Generic,GOOD,BORROW,BORROWED,750,2025-08-13,2025-11-08,Student Centre
I03315,U0455,Power Bank — MI #3315,Accessory,Power Bank,MI,GOOD,BORROW,INACTIVE,1900,2026-03-25,2026-05-10,Hostel Block A
I03316,U0101,HDMI Cable — UGREEN #3316,Cable,HDMI Cable,UGREEN,GOOD,GIVEAWAY,AVAILABLE,750,2026-07-20,2027-01-02,Hostel Block B
I03317,U0174,Drawing Board — Camel #3317,Equipment,Drawing Board,Camel,GOOD,SWAP,AVAILABLE,950,2026-06-05,2026-10-22,Hostel Block C
I03318,U0503,Ethernet Cable — D-Link #3318,Cable,Ethernet Cable,D-Link,FAIR,BORROW,AVAILABLE,600,2026-02-09,2026-04-23,Hostel Block D
I03319,U0269,Extension Board — Philips #3319,Electronics,Extension Board,Philips,EXCELLENT,SELL,RETURNED,350,2026-08-24,2026-11-12,Innovation Lab
I03320,U0383,Breadboard Kit — Generic #3320,Lab Equipment,Breadboard Kit,Generic,NEW,SELL,AVAILABLE,400,2025-12-10,2026-01-27,ECE Lab
I03321,U0849,Presentation Clicker — Logitech #3321,Accessory,Presentation Clicker,Logitech,FAIR,BORROW,INACTIVE,2050,2026-02-13,2026-07-17,Mechanical Lab
I03322,U0600,Arduino Kit — Arduino #3322,Lab Equipment,Arduino Kit,Arduino,EXCELLENT,BORROW,AVAILABLE,2450,2026-04-15,2026-09-09,Architecture Studio
I03323,U0728,Safety Goggles — 3M #3323,Safety Equipment,Safety Goggles,3M,FAIR,SWAP,BORROWED,250,2026-06-10,2026-11-04,CS Department
I03324,U0779,Webcam — Logitech #3324,Electronics,Webcam,Logitech,EXCELLENT,BORROW,AVAILABLE,1400,2026-04-06,2026-07-14,Main Block
I03325,U0568,Graph Paper Pack — Classmate #3325,Stationery,Graph Paper Pack,Classmate,GOOD,SELL,RETURNED,100,2026-01-06,2026-06-05,Central Library
I03326,U0613,Soldering Iron Kit — Weller #3326,Lab Equipment,Soldering Iron Kit,Weller,EXCELLENT,SWAP,AVAILABLE,1600,2025-08-31,2025-10-04,Student Centre
I03327,U0318,Screwdriver Set — Bosch #3327,Equipment,Screwdriver Set,Bosch,FAIR,GIVEAWAY,RETURNED,500,2025-12-13,2026-01-22,Hostel Block A
I03328,U0339,Python Programming Book — O'Reilly #3328,Book,Python Programming Book,O'Reilly,EXCELLENT,SELL,RETURNED,850,2026-07-28,2026-09-06,Hostel Block B
I03329,U0878,Vernier Caliper — Mitutoyo #3329,Lab Equipment,Vernier Caliper,Mitutoyo,GOOD,BORROW,AVAILABLE,3000,2025-09-16,2025-10-17,Hostel Block C
I03330,U0336,Calculator — CASIO #3330,Academic,Calculator,CASIO,GOOD,BORROW,BORROWED,1050,2025-08-16,2026-01-23,Hostel Block D
I03331,U0550,Bluetooth Keyboard — Logitech #3331,Accessory,Bluetooth Keyboard,Logitech,EXCELLENT,SELL,BORROWED,2050,2025-10-20,2025-12-06,Innovation Lab
I03332,U0917,External Hard Drive — WD #3332,Storage,External Hard Drive,WD,GOOD,BORROW,AVAILABLE,3450,2026-05-24,2026-07-03,ECE Lab
I03333,U0283,USB-C Charger — Anker #3333,Electronics,USB-C Charger,Anker,GOOD,SWAP,AVAILABLE,2400,2026-06-22,2026-10-04,Mechanical Lab
I03334,U0762,Engineering Drawing Kit — Staedtler #3334,Equipment,Engineering Drawing Kit,Staedtler,EXCELLENT,SELL,AVAILABLE,550,2025-08-03,2025-12-22,Architecture Studio
I03335,U0757,Tripod — Digitek #3335,Equipment,Tripod,Digitek,EXCELLENT,BORROW,AVAILABLE,2400,2026-01-20,2026-04-29,CS Department
I03336,U0958,Digital Multimeter — Meco #3336,Lab Equipment,Digital Multimeter,Meco,FAIR,GIVEAWAY,AVAILABLE,750,2025-10-08,2026-02-15,Main Block
I03337,U0342,College Backpack — Wildcraft #3337,Bag,College Backpack,Wildcraft,FAIR,GIVEAWAY,AVAILABLE,1300,2026-06-30,2026-12-23,Central Library
I03338,U0510,Headphones — JBL #3338,Electronics,Headphones,JBL,FAIR,GIVEAWAY,AVAILABLE,2500,2025-10-23,2026-03-02,Student Centre
I03339,U0484,Mechanical Drawing Set — Rotring #3339,Stationery,Mechanical Drawing Set,Rotring,GOOD,BORROW,AVAILABLE,600,2026-03-20,2026-09-04,Hostel Block A
I03340,U0466,Desk Lamp — Philips #3340,Accessory,Desk Lamp,Philips,EXCELLENT,SWAP,AVAILABLE,1250,2026-05-11,2026-06-17,Hostel Block B
I03341,U0066,Textbook — Pearson #3341,Book,Textbook,Pearson,GOOD,SWAP,RESERVED,800,2026-01-29,2026-03-18,Hostel Block C
I03342,U0162,USB Flash Drive — SanDisk #3342,Storage,USB Flash Drive,SanDisk,EXCELLENT,SELL,AVAILABLE,600,2026-05-07,2026-07-12,Hostel Block D
I03343,U0466,Scientific Calculator — Texas Instruments #3343,Academic,Scientific Calculator,Texas Instruments,GOOD,SWAP,AVAILABLE,2050,2026-07-08,2026-12-14,Innovation Lab
I03344,U0951,Lab Coat — Generic #3344,Clothing,Lab Coat,Generic,EXCELLENT,BORROW,AVAILABLE,350,2026-08-08,2026-12-13,ECE Lab
I03345,U0854,Power Bank — MI #3345,Accessory,Power Bank,MI,EXCELLENT,SELL,AVAILABLE,1550,2025-12-06,2026-06-02,Mechanical Lab
I03346,U0826,HDMI Cable — UGREEN #3346,Cable,HDMI Cable,UGREEN,GOOD,BORROW,INACTIVE,400,2026-06-22,2026-09-12,Architecture Studio
I03347,U0074,Drawing Board — Camel #3347,Equipment,Drawing Board,Camel,FAIR,SWAP,INACTIVE,1100,2026-01-31,2026-06-17,CS Department
I03348,U0581,Ethernet Cable — D-Link #3348,Cable,Ethernet Cable,D-Link,GOOD,BORROW,AVAILABLE,450,2025-09-27,2026-02-22,Main Block
I03349,U0832,Extension Board — Philips #3349,Electronics,Extension Board,Philips,FAIR,SELL,RETURNED,450,2025-11-27,2026-05-04,Central Library
I03350,U0665,Breadboard Kit — Generic #3350,Lab Equipment,Breadboard Kit,Generic,EXCELLENT,SWAP,RETURNED,250,2026-06-10,2026-09-05,Student Centre
I03351,U0982,Presentation Clicker — Logitech #3351,Accessory,Presentation Clicker,Logitech,GOOD,BORROW,AVAILABLE,2050,2026-02-20,2026-08-09,Hostel Block A
I03352,U0510,Arduino Kit — Arduino #3352,Lab Equipment,Arduino Kit,Arduino,NEW,GIVEAWAY,AVAILABLE,1600,2025-09-05,2025-10-09,Hostel Block B
I03353,U0661,Safety Goggles — 3M #3353,Safety Equipment,Safety Goggles,3M,GOOD,SWAP,AVAILABLE,600,2025-10-04,2026-01-13,Hostel Block C
I03354,U0602,Webcam — Logitech #3354,Electronics,Webcam,Logitech,GOOD,BORROW,RESERVED,2850,2025-11-10,2026-01-05,Hostel Block D
I03355,U0628,Graph Paper Pack — Classmate #3355,Stationery,Graph Paper Pack,Classmate,FAIR,SELL,RETURNED,100,2025-12-27,2026-05-18,Innovation Lab
I03356,U0357,Soldering Iron Kit — Weller #3356,Lab Equipment,Soldering Iron Kit,Weller,NEW,GIVEAWAY,AVAILABLE,850,2025-11-21,2026-04-02,ECE Lab
I03357,U0356,Screwdriver Set — Bosch #3357,Equipment,Screwdriver Set,Bosch,EXCELLENT,SWAP,AVAILABLE,400,2025-12-15,2026-03-07,Mechanical Lab
I03358,U0762,Python Programming Book — O'Reilly #3358,Book,Python Programming Book,O'Reilly,FAIR,GIVEAWAY,RETURNED,850,2026-08-11,2026-09-15,Architecture Studio
I03359,U0118,Vernier Caliper — Mitutoyo #3359,Lab Equipment,Vernier Caliper,Mitutoyo,EXCELLENT,BORROW,RESERVED,3450,2025-10-17,2025-11-29,CS Department
I03360,U0907,Calculator — CASIO #3360,Academic,Calculator,CASIO,GOOD,BORROW,AVAILABLE,1200,2025-08-11,2026-02-01,Main Block
I03361,U0069,Bluetooth Keyboard — Logitech #3361,Accessory,Bluetooth Keyboard,Logitech,FAIR,SWAP,AVAILABLE,3400,2026-07-01,2026-11-02,Central Library
I03362,U0793,External Hard Drive — WD #3362,Storage,External Hard Drive,WD,GOOD,GIVEAWAY,INACTIVE,5350,2026-04-17,2026-08-27,Student Centre
I03363,U0948,USB-C Charger — Anker #3363,Electronics,USB-C Charger,Anker,EXCELLENT,GIVEAWAY,AVAILABLE,1200,2026-04-04,2026-05-23,Hostel Block A
I03364,U0746,Engineering Drawing Kit — Staedtler #3364,Equipment,Engineering Drawing Kit,Staedtler,GOOD,BORROW,INACTIVE,750,2025-12-06,2026-05-23,Hostel Block B
I03365,U0665,Tripod — Digitek #3365,Equipment,Tripod,Digitek,FAIR,BORROW,AVAILABLE,900,2025-12-14,2026-03-15,Hostel Block C
I03366,U0724,Digital Multimeter — Meco #3366,Lab Equipment,Digital Multimeter,Meco,EXCELLENT,SWAP,AVAILABLE,1550,2026-04-08,2026-05-09,Hostel Block D
I03367,U0351,College Backpack — Wildcraft #3367,Bag,College Backpack,Wildcraft,FAIR,BORROW,AVAILABLE,600,2026-02-19,2026-07-19,Innovation Lab
I03368,U0186,Headphones — JBL #3368,Electronics,Headphones,JBL,GOOD,SWAP,AVAILABLE,1650,2025-10-18,2026-02-20,ECE Lab
I03369,U0211,Mechanical Drawing Set — Rotring #3369,Stationery,Mechanical Drawing Set,Rotring,FAIR,BORROW,AVAILABLE,1000,2026-06-09,2026-10-21,Mechanical Lab
I03370,U0278,Desk Lamp — Philips #3370,Accessory,Desk Lamp,Philips,FAIR,GIVEAWAY,AVAILABLE,400,2026-08-20,2026-10-19,Architecture Studio
I03371,U0521,Textbook — Pearson #3371,Book,Textbook,Pearson,EXCELLENT,BORROW,AVAILABLE,900,2026-04-20,2026-10-05,CS Department
I03372,U0976,USB Flash Drive — SanDisk #3372,Storage,USB Flash Drive,SanDisk,FAIR,GIVEAWAY,AVAILABLE,450,2026-02-10,2026-04-07,Main Block
I03373,U0848,Scientific Calculator — Texas Instruments #3373,Academic,Scientific Calculator,Texas Instruments,EXCELLENT,BORROW,AVAILABLE,1250,2026-01-05,2026-06-29,Central Library
I03374,U0594,Lab Coat — Generic #3374,Clothing,Lab Coat,Generic,GOOD,GIVEAWAY,AVAILABLE,1150,2025-12-05,2026-03-13,Student Centre
I03375,U0991,Power Bank — MI #3375,Accessory,Power Bank,MI,GOOD,BORROW,RETURNED,1850,2026-02-26,2026-05-31,Hostel Block A
I03376,U0808,HDMI Cable — UGREEN #3376,Cable,HDMI Cable,UGREEN,EXCELLENT,BORROW,AVAILABLE,550,2025-10-11,2026-03-09,Hostel Block B
I03377,U0516,Drawing Board — Camel #3377,Equipment,Drawing Board,Camel,GOOD,BORROW,AVAILABLE,1150,2026-09-18,2027-01-21,Hostel Block C
I03378,U0789,Ethernet Cable — D-Link #3378,Cable,Ethernet Cable,D-Link,EXCELLENT,SWAP,RETURNED,500,2026-02-25,2026-08-13,Hostel Block D
I03379,U0131,Extension Board — Philips #3379,Electronics,Extension Board,Philips,EXCELLENT,GIVEAWAY,RESERVED,700,2026-05-27,2026-11-09,Innovation Lab
I03380,U0649,Breadboard Kit — Generic #3380,Lab Equipment,Breadboard Kit,Generic,GOOD,GIVEAWAY,INACTIVE,700,2026-06-06,2026-08-04,ECE Lab
I03381,U0543,Presentation Clicker — Logitech #3381,Accessory,Presentation Clicker,Logitech,FAIR,SELL,AVAILABLE,1700,2026-06-11,2026-10-12,Mechanical Lab
I03382,U0312,Arduino Kit — Arduino #3382,Lab Equipment,Arduino Kit,Arduino,EXCELLENT,SWAP,RESERVED,2350,2026-09-20,2026-10-22,Architecture Studio
I03383,U0117,Safety Goggles — 3M #3383,Safety Equipment,Safety Goggles,3M,FAIR,BORROW,AVAILABLE,600,2025-12-26,2026-06-24,CS Department
I03384,U0320,Webcam — Logitech #3384,Electronics,Webcam,Logitech,GOOD,BORROW,AVAILABLE,3550,2026-02-26,2026-05-27,Main Block
I03385,U0219,Graph Paper Pack — Classmate #3385,Stationery,Graph Paper Pack,Classmate,NEW,BORROW,AVAILABLE,150,2026-05-17,2026-06-27,Central Library
I03386,U0927,Soldering Iron Kit — Weller #3386,Lab Equipment,Soldering Iron Kit,Weller,FAIR,SWAP,AVAILABLE,950,2026-07-13,2026-09-05,Student Centre
I03387,U0338,Screwdriver Set — Bosch #3387,Equipment,Screwdriver Set,Bosch,GOOD,BORROW,INACTIVE,750,2026-03-23,2026-07-27,Hostel Block A
I03388,U0723,Python Programming Book — O'Reilly #3388,Book,Python Programming Book,O'Reilly,GOOD,BORROW,AVAILABLE,1600,2025-08-13,2025-12-23,Hostel Block B
I03389,U0953,Vernier Caliper — Mitutoyo #3389,Lab Equipment,Vernier Caliper,Mitutoyo,EXCELLENT,SELL,AVAILABLE,1200,2026-06-09,2026-11-23,Hostel Block C
I03390,U0616,Calculator — CASIO #3390,Academic,Calculator,CASIO,EXCELLENT,SELL,AVAILABLE,850,2026-08-29,2027-01-16,Hostel Block D
I03391,U0964,Bluetooth Keyboard — Logitech #3391,Accessory,Bluetooth Keyboard,Logitech,EXCELLENT,BORROW,RETURNED,3450,2025-08-28,2025-12-01,Innovation Lab
I03392,U0581,External Hard Drive — WD #3392,Storage,External Hard Drive,WD,GOOD,BORROW,RETURNED,6900,2026-01-18,2026-07-09,ECE Lab
I03393,U0810,USB-C Charger — Anker #3393,Electronics,USB-C Charger,Anker,GOOD,BORROW,AVAILABLE,2200,2026-07-10,2026-11-15,Mechanical Lab
I03394,U0612,Engineering Drawing Kit — Staedtler #3394,Equipment,Engineering Drawing Kit,Staedtler,EXCELLENT,BORROW,BORROWED,1550,2025-08-19,2025-10-10,Architecture Studio
I03395,U0648,Tripod — Digitek #3395,Equipment,Tripod,Digitek,NEW,BORROW,INACTIVE,2450,2026-03-12,2026-09-03,CS Department
I03396,U0375,Digital Multimeter — Meco #3396,Lab Equipment,Digital Multimeter,Meco,GOOD,BORROW,AVAILABLE,1750,2026-02-15,2026-07-12,Main Block
I03397,U0864,College Backpack — Wildcraft #3397,Bag,College Backpack,Wildcraft,GOOD,GIVEAWAY,AVAILABLE,1400,2026-06-12,2026-10-11,Central Library
I03398,U0042,Headphones — JBL #3398,Electronics,Headphones,JBL,FAIR,GIVEAWAY,AVAILABLE,3000,2026-03-14,2026-05-29,Student Centre
I03399,U0015,Mechanical Drawing Set — Rotring #3399,Stationery,Mechanical Drawing Set,Rotring,EXCELLENT,SWAP,AVAILABLE,2150,2026-04-02,2026-08-17,Hostel Block A
I03400,U0131,Desk Lamp — Philips #3400,Accessory,Desk Lamp,Philips,FAIR,BORROW,RETURNED,600,2026-06-24,2026-11-27,Hostel Block B
I03401,U0970,Textbook — Pearson #3401,Book,Textbook,Pearson,GOOD,SWAP,INACTIVE,700,2026-07-29,2026-11-10,Hostel Block C
I03402,U0835,USB Flash Drive — SanDisk #3402,Storage,USB Flash Drive,SanDisk,GOOD,SWAP,AVAILABLE,400,2026-01-28,2026-06-30,Hostel Block D
I03403,U0117,Scientific Calculator — Texas Instruments #3403,Academic,Scientific Calculator,Texas Instruments,EXCELLENT,BORROW,AVAILABLE,1800,2025-09-29,2025-11-21,Innovation Lab
I03404,U0827,Lab Coat — Generic #3404,Clothing,Lab Coat,Generic,EXCELLENT,GIVEAWAY,AVAILABLE,350,2025-09-05,2026-02-24,ECE Lab
I03405,U0943,Power Bank — MI #3405,Accessory,Power Bank,MI,GOOD,GIVEAWAY,AVAILABLE,1150,2026-08-28,2027-02-11,Mechanical Lab
I03406,U0473,HDMI Cable — UGREEN #3406,Cable,HDMI Cable,UGREEN,GOOD,SWAP,INACTIVE,400,2026-07-20,2026-09-26,Architecture Studio
I03407,U0509,Drawing Board — Camel #3407,Equipment,Drawing Board,Camel,GOOD,SWAP,BORROWED,750,2026-06-11,2026-07-25,CS Department
I03408,U0445,Ethernet Cable — D-Link #3408,Cable,Ethernet Cable,D-Link,GOOD,SWAP,AVAILABLE,400,2026-09-17,2026-12-06,Main Block
I03409,U0689,Extension Board — Philips #3409,Electronics,Extension Board,Philips,FAIR,SWAP,AVAILABLE,850,2026-03-12,2026-08-19,Central Library
I03410,U0683,Breadboard Kit — Generic #3410,Lab Equipment,Breadboard Kit,Generic,GOOD,SWAP,AVAILABLE,350,2026-05-31,2026-09-24,Student Centre
I03411,U0369,Presentation Clicker — Logitech #3411,Accessory,Presentation Clicker,Logitech,GOOD,SWAP,RESERVED,1000,2026-04-11,2026-07-26,Hostel Block A
I03412,U0111,Arduino Kit — Arduino #3412,Lab Equipment,Arduino Kit,Arduino,GOOD,BORROW,AVAILABLE,1000,2025-08-12,2025-10-21,Hostel Block B
I03413,U0635,Safety Goggles — 3M #3413,Safety Equipment,Safety Goggles,3M,GOOD,SWAP,AVAILABLE,300,2025-09-02,2025-12-03,Hostel Block C
I03414,U0497,Webcam — Logitech #3414,Electronics,Webcam,Logitech,GOOD,GIVEAWAY,RETURNED,2550,2026-03-11,2026-07-06,Hostel Block D
I03415,U0289,Graph Paper Pack — Classmate #3415,Stationery,Graph Paper Pack,Classmate,GOOD,GIVEAWAY,AVAILABLE,150,2026-09-25,2027-03-14,Innovation Lab
I03416,U0878,Soldering Iron Kit — Weller #3416,Lab Equipment,Soldering Iron Kit,Weller,GOOD,BORROW,RETURNED,2300,2026-01-30,2026-05-26,ECE Lab
I03417,U0057,Screwdriver Set — Bosch #3417,Equipment,Screwdriver Set,Bosch,EXCELLENT,GIVEAWAY,BORROWED,1450,2026-08-01,2026-10-05,Mechanical Lab
I03418,U0673,Python Programming Book — O'Reilly #3418,Book,Python Programming Book,O'Reilly,GOOD,GIVEAWAY,AVAILABLE,600,2026-01-27,2026-05-11,Architecture Studio
I03419,U0842,Vernier Caliper — Mitutoyo #3419,Lab Equipment,Vernier Caliper,Mitutoyo,GOOD,BORROW,AVAILABLE,5450,2025-09-22,2025-11-19,CS Department
I03420,U0115,Calculator — CASIO #3420,Academic,Calculator,CASIO,NEW,SWAP,AVAILABLE,650,2025-12-31,2026-05-12,Main Block
I03421,U0412,Bluetooth Keyboard — Logitech #3421,Accessory,Bluetooth Keyboard,Logitech,EXCELLENT,SWAP,RETURNED,2200,2026-01-17,2026-05-29,Central Library
I03422,U0513,External Hard Drive — WD #3422,Storage,External Hard Drive,WD,EXCELLENT,BORROW,AVAILABLE,6200,2026-02-19,2026-06-21,Student Centre
I03423,U0995,USB-C Charger — Anker #3423,Electronics,USB-C Charger,Anker,GOOD,BORROW,AVAILABLE,1750,2026-06-17,2026-08-22,Hostel Block A
I03424,U0154,Engineering Drawing Kit — Staedtler #3424,Equipment,Engineering Drawing Kit,Staedtler,GOOD,SWAP,INACTIVE,1350,2025-08-10,2025-12-15,Hostel Block B
I03425,U0443,Tripod — Digitek #3425,Equipment,Tripod,Digitek,GOOD,BORROW,AVAILABLE,1450,2026-05-03,2026-09-30,Hostel Block C
I03426,U0190,Digital Multimeter — Meco #3426,Lab Equipment,Digital Multimeter,Meco,FAIR,GIVEAWAY,RETURNED,1200,2026-05-08,2026-07-01,Hostel Block D
I03427,U0205,College Backpack — Wildcraft #3427,Bag,College Backpack,Wildcraft,EXCELLENT,SELL,AVAILABLE,1800,2026-04-04,2026-08-14,Innovation Lab
I03428,U0754,Headphones — JBL #3428,Electronics,Headphones,JBL,GOOD,BORROW,BORROWED,700,2025-10-02,2026-01-12,ECE Lab
I03429,U0332,Mechanical Drawing Set — Rotring #3429,Stationery,Mechanical Drawing Set,Rotring,FAIR,BORROW,INACTIVE,1750,2026-04-04,2026-06-05,Mechanical Lab
I03430,U0819,Desk Lamp — Philips #3430,Accessory,Desk Lamp,Philips,FAIR,GIVEAWAY,RESERVED,350,2026-08-20,2026-10-24,Architecture Studio
I03431,U0856,Textbook — Pearson #3431,Book,Textbook,Pearson,GOOD,BORROW,RETURNED,800,2025-11-22,2026-05-17,CS Department
I03432,U0018,USB Flash Drive — SanDisk #3432,Storage,USB Flash Drive,SanDisk,GOOD,BORROW,AVAILABLE,300,2026-01-14,2026-06-27,Main Block
I03433,U0382,Scientific Calculator — Texas Instruments #3433,Academic,Scientific Calculator,Texas Instruments,FAIR,SWAP,AVAILABLE,2350,2025-11-27,2026-02-14,Central Library
I03434,U0354,Lab Coat — Generic #3434,Clothing,Lab Coat,Generic,EXCELLENT,SWAP,AVAILABLE,1150,2025-12-10,2026-05-27,Student Centre
I03435,U0746,Power Bank — MI #3435,Accessory,Power Bank,MI,GOOD,BORROW,AVAILABLE,1700,2025-09-08,2025-12-04,Hostel Block A
I03436,U0159,HDMI Cable — UGREEN #3436,Cable,HDMI Cable,UGREEN,GOOD,SWAP,BORROWED,200,2025-08-07,2025-09-24,Hostel Block B
I03437,U0375,Drawing Board — Camel #3437,Equipment,Drawing Board,Camel,FAIR,SWAP,AVAILABLE,1600,2026-05-12,2026-09-05,Hostel Block C
I03438,U0046,Ethernet Cable — D-Link #3438,Cable,Ethernet Cable,D-Link,GOOD,BORROW,AVAILABLE,500,2026-06-15,2026-08-15,Hostel Block D
I03439,U0154,Extension Board — Philips #3439,Electronics,Extension Board,Philips,GOOD,SWAP,AVAILABLE,1350,2025-09-17,2026-02-10,Innovation Lab
I03440,U0700,Breadboard Kit — Generic #3440,Lab Equipment,Breadboard Kit,Generic,EXCELLENT,SELL,AVAILABLE,600,2026-09-12,2026-10-19,ECE Lab
I03441,U0025,Presentation Clicker — Logitech #3441,Accessory,Presentation Clicker,Logitech,EXCELLENT,BORROW,INACTIVE,2100,2026-04-19,2026-08-15,Mechanical Lab
I03442,U0176,Arduino Kit — Arduino #3442,Lab Equipment,Arduino Kit,Arduino,FAIR,BORROW,INACTIVE,2550,2025-10-15,2026-04-12,Architecture Studio
I03443,U0414,Safety Goggles — 3M #3443,Safety Equipment,Safety Goggles,3M,EXCELLENT,BORROW,AVAILABLE,250,2025-12-31,2026-06-22,CS Department
I03444,U0797,Webcam — Logitech #3444,Electronics,Webcam,Logitech,GOOD,BORROW,AVAILABLE,2450,2025-08-29,2026-02-25,Main Block
I03445,U0239,Graph Paper Pack — Classmate #3445,Stationery,Graph Paper Pack,Classmate,FAIR,GIVEAWAY,BORROWED,100,2026-02-07,2026-05-28,Central Library
I03446,U0939,Soldering Iron Kit — Weller #3446,Lab Equipment,Soldering Iron Kit,Weller,FAIR,BORROW,INACTIVE,3000,2026-02-18,2026-03-30,Student Centre
I03447,U0503,Screwdriver Set — Bosch #3447,Equipment,Screwdriver Set,Bosch,NEW,BORROW,AVAILABLE,300,2025-12-25,2026-05-19,Hostel Block A
I03448,U0216,Python Programming Book — O'Reilly #3448,Book,Python Programming Book,O'Reilly,EXCELLENT,BORROW,AVAILABLE,650,2025-11-05,2026-04-22,Hostel Block B
I03449,U0440,Vernier Caliper — Mitutoyo #3449,Lab Equipment,Vernier Caliper,Mitutoyo,GOOD,GIVEAWAY,AVAILABLE,2800,2026-06-10,2026-12-04,Hostel Block C
I03450,U0973,Calculator — CASIO #3450,Academic,Calculator,CASIO,FAIR,BORROW,INACTIVE,1650,2026-05-04,2026-08-04,Hostel Block D
I03451,U0017,Bluetooth Keyboard — Logitech #3451,Accessory,Bluetooth Keyboard,Logitech,GOOD,BORROW,AVAILABLE,3200,2026-03-04,2026-05-15,Innovation Lab
I03452,U0032,External Hard Drive — WD #3452,Storage,External Hard Drive,WD,EXCELLENT,BORROW,AVAILABLE,4200,2025-08-08,2025-12-09,ECE Lab
I03453,U0139,USB-C Charger — Anker #3453,Electronics,USB-C Charger,Anker,EXCELLENT,BORROW,AVAILABLE,1100,2026-05-08,2026-11-02,Mechanical Lab
I03454,U0225,Engineering Drawing Kit — Staedtler #3454,Equipment,Engineering Drawing Kit,Staedtler,FAIR,GIVEAWAY,INACTIVE,1700,2026-07-10,2026-12-26,Architecture Studio
I03455,U0388,Tripod — Digitek #3455,Equipment,Tripod,Digitek,GOOD,SWAP,AVAILABLE,2450,2026-08-07,2026-10-22,CS Department
I03456,U0299,Digital Multimeter — Meco #3456,Lab Equipment,Digital Multimeter,Meco,FAIR,BORROW,RESERVED,1600,2026-04-27,2026-09-20,Main Block
I03457,U0646,College Backpack — Wildcraft #3457,Bag,College Backpack,Wildcraft,GOOD,SWAP,AVAILABLE,900,2026-04-14,2026-06-04,Central Library
I03458,U0980,Headphones — JBL #3458,Electronics,Headphones,JBL,EXCELLENT,BORROW,AVAILABLE,2500,2026-08-08,2026-12-30,Student Centre
I03459,U0436,Mechanical Drawing Set — Rotring #3459,Stationery,Mechanical Drawing Set,Rotring,EXCELLENT,BORROW,AVAILABLE,550,2026-04-30,2026-08-02,Hostel Block A
I03460,U0530,Desk Lamp — Philips #3460,Accessory,Desk Lamp,Philips,FAIR,SWAP,INACTIVE,1050,2026-07-25,2026-09-16,Hostel Block B
I03461,U0242,Textbook — Pearson #3461,Book,Textbook,Pearson,GOOD,BORROW,AVAILABLE,950,2026-02-19,2026-08-04,Hostel Block C
I03462,U0151,USB Flash Drive — SanDisk #3462,Storage,USB Flash Drive,SanDisk,GOOD,SWAP,RETURNED,600,2025-09-14,2026-02-28,Hostel Block D
I03463,U0324,Scientific Calculator — Texas Instruments #3463,Academic,Scientific Calculator,Texas Instruments,GOOD,BORROW,AVAILABLE,400,2025-09-30,2026-01-20,Innovation Lab
I03464,U0493,Lab Coat — Generic #3464,Clothing,Lab Coat,Generic,GOOD,SWAP,AVAILABLE,1050,2026-09-03,2026-11-25,ECE Lab
I03465,U0145,Power Bank — MI #3465,Accessory,Power Bank,MI,GOOD,BORROW,INACTIVE,750,2026-01-20,2026-06-28,Mechanical Lab
I03466,U0358,HDMI Cable — UGREEN #3466,Cable,HDMI Cable,UGREEN,GOOD,GIVEAWAY,RETURNED,300,2025-10-06,2025-12-11,Architecture Studio
I03467,U0760,Drawing Board — Camel #3467,Equipment,Drawing Board,Camel,GOOD,SELL,AVAILABLE,550,2026-07-02,2026-10-25,CS Department
I03468,U0145,Ethernet Cable — D-Link #3468,Cable,Ethernet Cable,D-Link,FAIR,BORROW,AVAILABLE,150,2025-11-07,2026-01-07,Main Block
I03469,U0102,Extension Board — Philips #3469,Electronics,Extension Board,Philips,EXCELLENT,GIVEAWAY,AVAILABLE,1300,2026-03-14,2026-05-13,Central Library
I03470,U0896,Breadboard Kit — Generic #3470,Lab Equipment,Breadboard Kit,Generic,GOOD,BORROW,AVAILABLE,650,2026-04-23,2026-08-24,Student Centre
I03471,U0450,Presentation Clicker — Logitech #3471,Accessory,Presentation Clicker,Logitech,GOOD,GIVEAWAY,AVAILABLE,950,2026-08-05,2027-01-22,Hostel Block A
I03472,U0727,Arduino Kit — Arduino #3472,Lab Equipment,Arduino Kit,Arduino,GOOD,SELL,RETURNED,2600,2026-08-24,2027-01-23,Hostel Block B
I03473,U0245,Safety Goggles — 3M #3473,Safety Equipment,Safety Goggles,3M,NEW,SWAP,BORROWED,650,2026-04-15,2026-10-12,Hostel Block C
I03474,U0981,Webcam — Logitech #3474,Electronics,Webcam,Logitech,GOOD,BORROW,RETURNED,2950,2026-09-06,2027-02-17,Hostel Block D
I03475,U0414,Graph Paper Pack — Classmate #3475,Stationery,Graph Paper Pack,Classmate,EXCELLENT,BORROW,RETURNED,200,2026-02-12,2026-05-24,Innovation Lab
I03476,U0408,Soldering Iron Kit — Weller #3476,Lab Equipment,Soldering Iron Kit,Weller,FAIR,SWAP,AVAILABLE,1350,2025-10-02,2025-12-15,ECE Lab
I03477,U0294,Screwdriver Set — Bosch #3477,Equipment,Screwdriver Set,Bosch,FAIR,BORROW,AVAILABLE,400,2026-07-24,2026-09-19,Mechanical Lab
I03478,U0774,Python Programming Book — O'Reilly #3478,Book,Python Programming Book,O'Reilly,EXCELLENT,BORROW,RETURNED,950,2026-07-31,2026-09-14,Architecture Studio
I03479,U0737,Vernier Caliper — Mitutoyo #3479,Lab Equipment,Vernier Caliper,Mitutoyo,EXCELLENT,GIVEAWAY,BORROWED,4000,2025-10-17,2025-12-24,CS Department
I03480,U0810,Calculator — CASIO #3480,Academic,Calculator,CASIO,GOOD,BORROW,AVAILABLE,1050,2026-02-02,2026-03-06,Main Block
I03481,U0568,Bluetooth Keyboard — Logitech #3481,Accessory,Bluetooth Keyboard,Logitech,GOOD,GIVEAWAY,AVAILABLE,3300,2026-02-16,2026-07-11,Central Library
I03482,U0191,External Hard Drive — WD #3482,Storage,External Hard Drive,WD,GOOD,SWAP,RESERVED,6850,2025-12-08,2026-02-18,Student Centre
I03483,U0679,USB-C Charger — Anker #3483,Electronics,USB-C Charger,Anker,EXCELLENT,BORROW,AVAILABLE,1000,2025-11-09,2026-03-02,Hostel Block A
I03484,U0194,Engineering Drawing Kit — Staedtler #3484,Equipment,Engineering Drawing Kit,Staedtler,FAIR,GIVEAWAY,AVAILABLE,1350,2025-09-17,2025-12-15,Hostel Block B
I03485,U0028,Tripod — Digitek #3485,Equipment,Tripod,Digitek,EXCELLENT,GIVEAWAY,AVAILABLE,2300,2025-12-23,2026-04-01,Hostel Block C
I03486,U0654,Digital Multimeter — Meco #3486,Lab Equipment,Digital Multimeter,Meco,GOOD,SELL,AVAILABLE,1250,2025-08-24,2025-12-23,Hostel Block D
I03487,U0457,College Backpack — Wildcraft #3487,Bag,College Backpack,Wildcraft,GOOD,GIVEAWAY,AVAILABLE,2050,2026-02-18,2026-07-11,Innovation Lab
I03488,U0770,Headphones — JBL #3488,Electronics,Headphones,JBL,GOOD,GIVEAWAY,AVAILABLE,2000,2025-08-13,2025-09-24,ECE Lab
I03489,U0468,Mechanical Drawing Set — Rotring #3489,Stationery,Mechanical Drawing Set,Rotring,GOOD,BORROW,AVAILABLE,1750,2026-04-21,2026-08-20,Mechanical Lab
I03490,U0482,Desk Lamp — Philips #3490,Accessory,Desk Lamp,Philips,NEW,BORROW,AVAILABLE,850,2025-08-07,2026-01-11,Architecture Studio
I03491,U0964,Textbook — Pearson #3491,Book,Textbook,Pearson,EXCELLENT,BORROW,AVAILABLE,1050,2026-02-05,2026-08-01,CS Department
I03492,U0220,USB Flash Drive — SanDisk #3492,Storage,USB Flash Drive,SanDisk,GOOD,BORROW,RETURNED,750,2026-02-07,2026-05-04,Main Block
I03493,U0648,Scientific Calculator — Texas Instruments #3493,Academic,Scientific Calculator,Texas Instruments,EXCELLENT,GIVEAWAY,AVAILABLE,1950,2026-03-13,2026-04-23,Central Library
I03494,U0069,Lab Coat — Generic #3494,Clothing,Lab Coat,Generic,EXCELLENT,BORROW,AVAILABLE,1100,2025-12-19,2026-03-16,Student Centre
I03495,U0402,Power Bank — MI #3495,Accessory,Power Bank,MI,GOOD,BORROW,RESERVED,2050,2026-04-05,2026-07-02,Hostel Block A
I03496,U0555,HDMI Cable — UGREEN #3496,Cable,HDMI Cable,UGREEN,GOOD,BORROW,AVAILABLE,350,2026-02-22,2026-04-14,Hostel Block B
I03497,U0541,Drawing Board — Camel #3497,Equipment,Drawing Board,Camel,GOOD,SELL,AVAILABLE,1300,2026-08-08,2026-09-13,Hostel Block C
I03498,U0871,Ethernet Cable — D-Link #3498,Cable,Ethernet Cable,D-Link,EXCELLENT,BORROW,AVAILABLE,150,2025-11-29,2026-05-26,Hostel Block D
I03499,U0705,Extension Board — Philips #3499,Electronics,Extension Board,Philips,GOOD,GIVEAWAY,RETURNED,1250,2025-11-28,2026-03-04,Innovation Lab
I03500,U0047,Breadboard Kit — Generic #3500,Lab Equipment,Breadboard Kit,Generic,NEW,SELL,RETURNED,600,2025-10-07,2025-12-21,ECE Lab
I03501,U0227,Presentation Clicker — Logitech #3501,Accessory,Presentation Clicker,Logitech,GOOD,BORROW,AVAILABLE,1500,2025-08-30,2025-12-27,Mechanical Lab
I03502,U0368,Arduino Kit — Arduino #3502,Lab Equipment,Arduino Kit,Arduino,GOOD,BORROW,AVAILABLE,3250,2026-07-07,2026-11-18,Architecture Studio
I03503,U0048,Safety Goggles — 3M #3503,Safety Equipment,Safety Goggles,3M,GOOD,BORROW,AVAILABLE,250,2025-12-06,2026-01-26,CS Department
I03504,U0376,Webcam — Logitech #3504,Electronics,Webcam,Logitech,GOOD,BORROW,AVAILABLE,1450,2026-04-09,2026-06-19,Main Block
I03505,U0316,Graph Paper Pack — Classmate #3505,Stationery,Graph Paper Pack,Classmate,GOOD,SWAP,AVAILABLE,200,2026-01-29,2026-06-21,Central Library
I03506,U0639,Soldering Iron Kit — Weller #3506,Lab Equipment,Soldering Iron Kit,Weller,EXCELLENT,SELL,AVAILABLE,2000,2026-08-16,2027-01-01,Student Centre
I03507,U0491,Screwdriver Set — Bosch #3507,Equipment,Screwdriver Set,Bosch,GOOD,SWAP,AVAILABLE,1500,2026-05-24,2026-11-09,Hostel Block A
I03508,U0747,Python Programming Book — O'Reilly #3508,Book,Python Programming Book,O'Reilly,GOOD,BORROW,AVAILABLE,1450,2026-02-03,2026-03-06,Hostel Block B
I03509,U0838,Vernier Caliper — Mitutoyo #3509,Lab Equipment,Vernier Caliper,Mitutoyo,NEW,GIVEAWAY,RETURNED,4750,2025-09-04,2025-10-13,Hostel Block C
I03510,U0803,Calculator — CASIO #3510,Academic,Calculator,CASIO,GOOD,SWAP,RESERVED,1650,2026-08-28,2027-01-29,Hostel Block D
I03511,U0052,Bluetooth Keyboard — Logitech #3511,Accessory,Bluetooth Keyboard,Logitech,GOOD,SWAP,AVAILABLE,3300,2026-04-22,2026-08-25,Innovation Lab
I03512,U0158,External Hard Drive — WD #3512,Storage,External Hard Drive,WD,GOOD,SWAP,AVAILABLE,4350,2026-08-12,2026-11-16,ECE Lab
I03513,U0657,USB-C Charger — Anker #3513,Electronics,USB-C Charger,Anker,EXCELLENT,BORROW,AVAILABLE,1250,2025-12-29,2026-06-06,Mechanical Lab
I03514,U0303,Engineering Drawing Kit — Staedtler #3514,Equipment,Engineering Drawing Kit,Staedtler,GOOD,SELL,AVAILABLE,1200,2026-07-12,2026-12-03,Architecture Studio
I03515,U0465,Tripod — Digitek #3515,Equipment,Tripod,Digitek,GOOD,BORROW,RETURNED,1350,2026-06-03,2026-09-05,CS Department
I03516,U0420,Digital Multimeter — Meco #3516,Lab Equipment,Digital Multimeter,Meco,GOOD,GIVEAWAY,AVAILABLE,750,2026-01-01,2026-05-12,Main Block
I03517,U0441,College Backpack — Wildcraft #3517,Bag,College Backpack,Wildcraft,GOOD,SWAP,AVAILABLE,1800,2026-02-15,2026-05-06,Central Library
I03518,U0185,Headphones — JBL #3518,Electronics,Headphones,JBL,EXCELLENT,SELL,AVAILABLE,2950,2026-04-03,2026-08-01,Student Centre
I03519,U0762,Mechanical Drawing Set — Rotring #3519,Stationery,Mechanical Drawing Set,Rotring,FAIR,SWAP,INACTIVE,850,2025-08-14,2026-02-09,Hostel Block A
I03520,U0019,Desk Lamp — Philips #3520,Accessory,Desk Lamp,Philips,NEW,SWAP,AVAILABLE,1400,2025-11-20,2026-04-27,Hostel Block B
I03521,U0537,Textbook — Pearson #3521,Book,Textbook,Pearson,GOOD,SWAP,AVAILABLE,1050,2025-08-21,2026-02-08,Hostel Block C
I03522,U0600,USB Flash Drive — SanDisk #3522,Storage,USB Flash Drive,SanDisk,GOOD,BORROW,RESERVED,1100,2026-09-21,2026-12-04,Hostel Block D
I03523,U0895,Scientific Calculator — Texas Instruments #3523,Academic,Scientific Calculator,Texas Instruments,GOOD,SWAP,RETURNED,1850,2026-03-14,2026-08-30,Innovation Lab
I03524,U0504,Lab Coat — Generic #3524,Clothing,Lab Coat,Generic,GOOD,SELL,AVAILABLE,350,2025-09-22,2026-01-26,ECE Lab
I03525,U0048,Power Bank — MI #3525,Accessory,Power Bank,MI,EXCELLENT,BORROW,AVAILABLE,2200,2025-11-20,2026-01-10,Mechanical Lab
I03526,U0767,HDMI Cable — UGREEN #3526,Cable,HDMI Cable,UGREEN,GOOD,SELL,RETURNED,550,2025-08-01,2025-11-29,Architecture Studio
I03527,U0570,Drawing Board — Camel #3527,Equipment,Drawing Board,Camel,GOOD,SWAP,BORROWED,1450,2025-10-13,2025-11-13,CS Department
I03528,U0526,Ethernet Cable — D-Link #3528,Cable,Ethernet Cable,D-Link,EXCELLENT,SWAP,AVAILABLE,250,2026-01-09,2026-04-07,Main Block
I03529,U0732,Extension Board — Philips #3529,Electronics,Extension Board,Philips,EXCELLENT,BORROW,AVAILABLE,1500,2026-09-18,2027-01-20,Central Library
I03530,U0982,Breadboard Kit — Generic #3530,Lab Equipment,Breadboard Kit,Generic,EXCELLENT,SWAP,AVAILABLE,150,2026-02-20,2026-04-10,Student Centre
I03531,U0077,Presentation Clicker — Logitech #3531,Accessory,Presentation Clicker,Logitech,GOOD,SWAP,RETURNED,1950,2026-04-29,2026-07-19,Hostel Block A
I03532,U0226,Arduino Kit — Arduino #3532,Lab Equipment,Arduino Kit,Arduino,GOOD,BORROW,AVAILABLE,1550,2025-10-22,2026-02-15,Hostel Block B
I03533,U0182,Safety Goggles — 3M #3533,Safety Equipment,Safety Goggles,3M,GOOD,GIVEAWAY,AVAILABLE,650,2026-07-24,2026-12-26,Hostel Block C
I03534,U0543,Webcam — Logitech #3534,Electronics,Webcam,Logitech,GOOD,GIVEAWAY,AVAILABLE,4000,2025-08-19,2025-11-04,Hostel Block D
I03535,U0805,Graph Paper Pack — Classmate #3535,Stationery,Graph Paper Pack,Classmate,FAIR,BORROW,RETURNED,50,2026-01-09,2026-04-05,Innovation Lab
I03536,U0468,Soldering Iron Kit — Weller #3536,Lab Equipment,Soldering Iron Kit,Weller,EXCELLENT,BORROW,AVAILABLE,1150,2025-11-13,2026-02-10,ECE Lab
I03537,U0346,Screwdriver Set — Bosch #3537,Equipment,Screwdriver Set,Bosch,GOOD,SELL,AVAILABLE,400,2026-09-19,2027-03-16,Mechanical Lab
I03538,U0043,Python Programming Book — O'Reilly #3538,Book,Python Programming Book,O'Reilly,GOOD,GIVEAWAY,AVAILABLE,800,2025-11-16,2026-04-01,Architecture Studio
I03539,U0330,Vernier Caliper — Mitutoyo #3539,Lab Equipment,Vernier Caliper,Mitutoyo,GOOD,BORROW,AVAILABLE,3250,2026-03-22,2026-08-23,CS Department
I03540,U0010,Calculator — CASIO #3540,Academic,Calculator,CASIO,FAIR,GIVEAWAY,AVAILABLE,950,2025-11-08,2026-03-05,Main Block
I03541,U0865,Bluetooth Keyboard — Logitech #3541,Accessory,Bluetooth Keyboard,Logitech,GOOD,SWAP,RETURNED,1000,2025-11-22,2026-01-20,Central Library
I03542,U0561,External Hard Drive — WD #3542,Storage,External Hard Drive,WD,GOOD,GIVEAWAY,AVAILABLE,3950,2025-12-22,2026-05-26,Student Centre
I03543,U0858,USB-C Charger — Anker #3543,Electronics,USB-C Charger,Anker,FAIR,BORROW,RETURNED,1900,2026-04-18,2026-09-06,Hostel Block A
I03544,U0676,Engineering Drawing Kit — Staedtler #3544,Equipment,Engineering Drawing Kit,Staedtler,EXCELLENT,SWAP,RETURNED,2200,2025-12-15,2026-05-25,Hostel Block B
I03545,U0898,Tripod — Digitek #3545,Equipment,Tripod,Digitek,EXCELLENT,BORROW,BORROWED,650,2026-03-27,2026-08-15,Hostel Block C
I03546,U0717,Digital Multimeter — Meco #3546,Lab Equipment,Digital Multimeter,Meco,GOOD,SELL,AVAILABLE,1600,2025-10-02,2026-02-09,Hostel Block D
I03547,U0905,College Backpack — Wildcraft #3547,Bag,College Backpack,Wildcraft,GOOD,GIVEAWAY,RETURNED,600,2025-12-06,2026-01-23,Innovation Lab
I03548,U0467,Headphones — JBL #3548,Electronics,Headphones,JBL,GOOD,GIVEAWAY,RETURNED,1400,2026-06-09,2026-10-26,ECE Lab
I03549,U0326,Mechanical Drawing Set — Rotring #3549,Stationery,Mechanical Drawing Set,Rotring,GOOD,GIVEAWAY,BORROWED,1800,2026-09-15,2027-02-19,Mechanical Lab
I03550,U0928,Desk Lamp — Philips #3550,Accessory,Desk Lamp,Philips,FAIR,BORROW,AVAILABLE,1600,2025-10-14,2026-01-16,Architecture Studio
I03551,U0947,Textbook — Pearson #3551,Book,Textbook,Pearson,EXCELLENT,GIVEAWAY,RETURNED,850,2025-10-12,2026-01-08,CS Department
I03552,U0125,USB Flash Drive — SanDisk #3552,Storage,USB Flash Drive,SanDisk,EXCELLENT,SELL,INACTIVE,900,2026-07-03,2026-08-22,Main Block
I03553,U0811,Scientific Calculator — Texas Instruments #3553,Academic,Scientific Calculator,Texas Instruments,GOOD,BORROW,BORROWED,1900,2026-04-18,2026-09-21,Central Library
I03554,U0368,Lab Coat — Generic #3554,Clothing,Lab Coat,Generic,EXCELLENT,GIVEAWAY,AVAILABLE,850,2025-09-04,2026-01-08,Student Centre
I03555,U0579,Power Bank — MI #3555,Accessory,Power Bank,MI,GOOD,SELL,AVAILABLE,800,2025-12-24,2026-03-01,Hostel Block A
I03556,U0845,HDMI Cable — UGREEN #3556,Cable,HDMI Cable,UGREEN,GOOD,BORROW,RETURNED,400,2026-05-24,2026-09-07,Hostel Block B
I03557,U0388,Drawing Board — Camel #3557,Equipment,Drawing Board,Camel,EXCELLENT,SWAP,INACTIVE,1150,2026-05-27,2026-09-30,Hostel Block C
I03558,U0001,Ethernet Cable — D-Link #3558,Cable,Ethernet Cable,D-Link,EXCELLENT,BORROW,AVAILABLE,400,2025-10-03,2025-12-25,Hostel Block D
I03559,U0640,Extension Board — Philips #3559,Electronics,Extension Board,Philips,FAIR,BORROW,AVAILABLE,850,2026-01-09,2026-06-07,Innovation Lab
I03560,U0241,Breadboard Kit — Generic #3560,Lab Equipment,Breadboard Kit,Generic,GOOD,SWAP,RETURNED,500,2026-04-08,2026-07-15,ECE Lab
I03561,U0398,Presentation Clicker — Logitech #3561,Accessory,Presentation Clicker,Logitech,GOOD,GIVEAWAY,INACTIVE,850,2025-10-09,2026-01-05,Mechanical Lab
I03562,U0945,Arduino Kit — Arduino #3562,Lab Equipment,Arduino Kit,Arduino,GOOD,BORROW,RETURNED,1700,2026-03-01,2026-07-03,Architecture Studio
I03563,U0244,Safety Goggles — 3M #3563,Safety Equipment,Safety Goggles,3M,FAIR,SWAP,AVAILABLE,600,2026-07-08,2026-12-21,CS Department
I03564,U0361,Webcam — Logitech #3564,Electronics,Webcam,Logitech,GOOD,SWAP,AVAILABLE,3000,2026-02-19,2026-07-05,Main Block
I03565,U0359,Graph Paper Pack — Classmate #3565,Stationery,Graph Paper Pack,Classmate,GOOD,GIVEAWAY,AVAILABLE,150,2025-09-28,2025-11-17,Central Library
I03566,U0477,Soldering Iron Kit — Weller #3566,Lab Equipment,Soldering Iron Kit,Weller,EXCELLENT,SELL,RETURNED,1450,2025-08-29,2025-12-14,Student Centre
I03567,U0200,Screwdriver Set — Bosch #3567,Equipment,Screwdriver Set,Bosch,GOOD,BORROW,AVAILABLE,1300,2026-07-07,2026-10-03,Hostel Block A
I03568,U0002,Python Programming Book — O'Reilly #3568,Book,Python Programming Book,O'Reilly,EXCELLENT,BORROW,RETURNED,950,2025-08-08,2025-11-13,Hostel Block B
I03569,U0462,Vernier Caliper — Mitutoyo #3569,Lab Equipment,Vernier Caliper,Mitutoyo,GOOD,SWAP,AVAILABLE,2700,2025-11-27,2026-04-18,Hostel Block C
I03570,U0132,Calculator — CASIO #3570,Academic,Calculator,CASIO,GOOD,BORROW,INACTIVE,900,2025-09-16,2025-10-25,Hostel Block D
I03571,U0022,Bluetooth Keyboard — Logitech #3571,Accessory,Bluetooth Keyboard,Logitech,EXCELLENT,GIVEAWAY,AVAILABLE,2300,2026-07-03,2026-09-01,Innovation Lab
I03572,U0291,External Hard Drive — WD #3572,Storage,External Hard Drive,WD,GOOD,GIVEAWAY,AVAILABLE,4000,2026-03-17,2026-05-02,ECE Lab
I03573,U0648,USB-C Charger — Anker #3573,Electronics,USB-C Charger,Anker,GOOD,SELL,AVAILABLE,2250,2026-04-28,2026-10-19,Mechanical Lab
I03574,U0462,Engineering Drawing Kit — Staedtler #3574,Equipment,Engineering Drawing Kit,Staedtler,FAIR,GIVEAWAY,INACTIVE,2350,2025-11-30,2026-05-12,Architecture Studio
I03575,U0598,Tripod — Digitek #3575,Equipment,Tripod,Digitek,FAIR,SWAP,RESERVED,2500,2025-08-10,2025-12-07,CS Department
I03576,U0805,Digital Multimeter — Meco #3576,Lab Equipment,Digital Multimeter,Meco,FAIR,BORROW,AVAILABLE,1950,2025-10-03,2026-01-27,Main Block
I03577,U0266,College Backpack — Wildcraft #3577,Bag,College Backpack,Wildcraft,GOOD,GIVEAWAY,INACTIVE,1600,2025-10-14,2025-11-20,Central Library
I03578,U0828,Headphones — JBL #3578,Electronics,Headphones,JBL,EXCELLENT,BORROW,AVAILABLE,3350,2025-10-23,2026-04-02,Student Centre
I03579,U0381,Mechanical Drawing Set — Rotring #3579,Stationery,Mechanical Drawing Set,Rotring,EXCELLENT,GIVEAWAY,AVAILABLE,600,2025-10-09,2026-01-26,Hostel Block A
I03580,U0374,Desk Lamp — Philips #3580,Accessory,Desk Lamp,Philips,GOOD,BORROW,RETURNED,300,2026-07-17,2026-08-24,Hostel Block B
I03581,U0531,Textbook — Pearson #3581,Book,Textbook,Pearson,NEW,BORROW,BORROWED,900,2025-12-10,2026-05-25,Hostel Block C
I03582,U0949,USB Flash Drive — SanDisk #3582,Storage,USB Flash Drive,SanDisk,EXCELLENT,BORROW,BORROWED,400,2026-03-17,2026-05-25,Hostel Block D
I03583,U0101,Scientific Calculator — Texas Instruments #3583,Academic,Scientific Calculator,Texas Instruments,EXCELLENT,BORROW,RETURNED,1350,2026-01-31,2026-04-27,Innovation Lab
I03584,U0371,Lab Coat — Generic #3584,Clothing,Lab Coat,Generic,FAIR,BORROW,AVAILABLE,800,2025-08-24,2025-10-11,ECE Lab
I03585,U0351,Power Bank — MI #3585,Accessory,Power Bank,MI,GOOD,BORROW,INACTIVE,2100,2025-11-06,2026-01-05,Mechanical Lab
I03586,U0115,HDMI Cable — UGREEN #3586,Cable,HDMI Cable,UGREEN,GOOD,BORROW,AVAILABLE,600,2026-08-04,2026-09-10,Architecture Studio
I03587,U0028,Drawing Board — Camel #3587,Equipment,Drawing Board,Camel,FAIR,SWAP,BORROWED,800,2026-04-25,2026-06-02,CS Department
I03588,U0090,Ethernet Cable — D-Link #3588,Cable,Ethernet Cable,D-Link,GOOD,BORROW,AVAILABLE,300,2025-09-20,2026-02-16,Main Block
I03589,U0024,Extension Board — Philips #3589,Electronics,Extension Board,Philips,EXCELLENT,BORROW,INACTIVE,500,2026-02-21,2026-05-05,Central Library
I03590,U0816,Breadboard Kit — Generic #3590,Lab Equipment,Breadboard Kit,Generic,FAIR,BORROW,AVAILABLE,450,2025-12-13,2026-01-23,Student Centre
I03591,U0744,Presentation Clicker — Logitech #3591,Accessory,Presentation Clicker,Logitech,FAIR,SELL,INACTIVE,2100,2025-08-25,2025-12-14,Hostel Block A
I03592,U0016,Arduino Kit — Arduino #3592,Lab Equipment,Arduino Kit,Arduino,GOOD,BORROW,BORROWED,2300,2025-11-22,2026-01-24,Hostel Block B
I03593,U0212,Safety Goggles — 3M #3593,Safety Equipment,Safety Goggles,3M,GOOD,SWAP,BORROWED,300,2026-04-04,2026-05-13,Hostel Block C
I03594,U0786,Webcam — Logitech #3594,Electronics,Webcam,Logitech,GOOD,BORROW,AVAILABLE,1000,2026-09-24,2027-01-25,Hostel Block D
I03595,U0634,Graph Paper Pack — Classmate #3595,Stationery,Graph Paper Pack,Classmate,GOOD,BORROW,AVAILABLE,100,2026-07-23,2026-09-06,Innovation Lab
I03596,U0368,Soldering Iron Kit — Weller #3596,Lab Equipment,Soldering Iron Kit,Weller,GOOD,GIVEAWAY,AVAILABLE,3100,2025-11-22,2026-03-11,ECE Lab
I03597,U0376,Screwdriver Set — Bosch #3597,Equipment,Screwdriver Set,Bosch,GOOD,GIVEAWAY,INACTIVE,1050,2025-09-25,2025-12-11,Mechanical Lab
I03598,U0630,Python Programming Book — O'Reilly #3598,Book,Python Programming Book,O'Reilly,EXCELLENT,BORROW,AVAILABLE,800,2026-01-14,2026-06-26,Architecture Studio
I03599,U0894,Vernier Caliper — Mitutoyo #3599,Lab Equipment,Vernier Caliper,Mitutoyo,FAIR,GIVEAWAY,AVAILABLE,5150,2025-10-29,2026-01-06,CS Department
I03600,U0807,Calculator — CASIO #3600,Academic,Calculator,CASIO,EXCELLENT,BORROW,BORROWED,450,2026-07-21,2026-10-28,Main Block
I03601,U0320,Bluetooth Keyboard — Logitech #3601,Accessory,Bluetooth Keyboard,Logitech,GOOD,GIVEAWAY,RESERVED,2100,2026-08-30,2026-11-11,Central Library
I03602,U0123,External Hard Drive — WD #3602,Storage,External Hard Drive,WD,NEW,GIVEAWAY,AVAILABLE,6100,2025-08-19,2025-10-04,Student Centre
I03603,U0947,USB-C Charger — Anker #3603,Electronics,USB-C Charger,Anker,GOOD,BORROW,AVAILABLE,2450,2026-06-29,2026-11-17,Hostel Block A
I03604,U0516,Engineering Drawing Kit — Staedtler #3604,Equipment,Engineering Drawing Kit,Staedtler,GOOD,BORROW,INACTIVE,2100,2026-05-24,2026-10-27,Hostel Block B
I03605,U0103,Tripod — Digitek #3605,Equipment,Tripod,Digitek,GOOD,SWAP,RESERVED,800,2026-01-02,2026-04-09,Hostel Block C
I03606,U0053,Digital Multimeter — Meco #3606,Lab Equipment,Digital Multimeter,Meco,GOOD,BORROW,INACTIVE,1000,2025-12-07,2026-03-12,Hostel Block D
I03607,U0606,College Backpack — Wildcraft #3607,Bag,College Backpack,Wildcraft,FAIR,SWAP,AVAILABLE,650,2025-12-26,2026-04-04,Innovation Lab
I03608,U0957,Headphones — JBL #3608,Electronics,Headphones,JBL,GOOD,SWAP,AVAILABLE,1950,2025-10-14,2025-12-28,ECE Lab
I03609,U0008,Mechanical Drawing Set — Rotring #3609,Stationery,Mechanical Drawing Set,Rotring,GOOD,SWAP,BORROWED,750,2025-12-02,2026-01-29,Mechanical Lab
I03610,U0934,Desk Lamp — Philips #3610,Accessory,Desk Lamp,Philips,GOOD,BORROW,RESERVED,950,2025-08-09,2026-01-15,Architecture Studio
I03611,U0962,Textbook — Pearson #3611,Book,Textbook,Pearson,EXCELLENT,GIVEAWAY,RETURNED,1150,2026-07-01,2026-10-14,CS Department
I03612,U0219,USB Flash Drive — SanDisk #3612,Storage,USB Flash Drive,SanDisk,GOOD,BORROW,RETURNED,550,2025-12-09,2026-04-11,Main Block
I03613,U0244,Scientific Calculator — Texas Instruments #3613,Academic,Scientific Calculator,Texas Instruments,GOOD,BORROW,AVAILABLE,2300,2025-08-25,2026-02-01,Central Library
I03614,U0804,Lab Coat — Generic #3614,Clothing,Lab Coat,Generic,FAIR,BORROW,INACTIVE,1200,2025-10-11,2025-12-04,Student Centre
I03615,U0278,Power Bank — MI #3615,Accessory,Power Bank,MI,EXCELLENT,BORROW,AVAILABLE,1350,2025-10-11,2026-04-03,Hostel Block A
I03616,U0860,HDMI Cable — UGREEN #3616,Cable,HDMI Cable,UGREEN,EXCELLENT,GIVEAWAY,AVAILABLE,300,2026-01-26,2026-03-01,Hostel Block B
I03617,U0292,Drawing Board — Camel #3617,Equipment,Drawing Board,Camel,GOOD,GIVEAWAY,RESERVED,1050,2025-11-13,2026-04-09,Hostel Block C
I03618,U0168,Ethernet Cable — D-Link #3618,Cable,Ethernet Cable,D-Link,GOOD,BORROW,AVAILABLE,400,2026-09-04,2026-11-21,Hostel Block D
I03619,U0764,Extension Board — Philips #3619,Electronics,Extension Board,Philips,GOOD,BORROW,AVAILABLE,800,2026-04-01,2026-08-03,Innovation Lab
I03620,U0272,Breadboard Kit — Generic #3620,Lab Equipment,Breadboard Kit,Generic,GOOD,SELL,RESERVED,650,2025-08-09,2025-12-22,ECE Lab
I03621,U0124,Presentation Clicker — Logitech #3621,Accessory,Presentation Clicker,Logitech,GOOD,BORROW,AVAILABLE,750,2026-05-26,2026-07-05,Mechanical Lab
I03622,U0055,Arduino Kit — Arduino #3622,Lab Equipment,Arduino Kit,Arduino,GOOD,BORROW,BORROWED,2850,2025-10-23,2026-01-24,Architecture Studio
I03623,U0998,Safety Goggles — 3M #3623,Safety Equipment,Safety Goggles,3M,GOOD,GIVEAWAY,AVAILABLE,650,2026-06-19,2026-10-26,CS Department
I03624,U0854,Webcam — Logitech #3624,Electronics,Webcam,Logitech,GOOD,BORROW,AVAILABLE,1200,2025-09-30,2026-01-30,Main Block
I03625,U0066,Graph Paper Pack — Classmate #3625,Stationery,Graph Paper Pack,Classmate,EXCELLENT,GIVEAWAY,AVAILABLE,150,2025-12-25,2026-03-19,Central Library
I03626,U0171,Soldering Iron Kit — Weller #3626,Lab Equipment,Soldering Iron Kit,Weller,EXCELLENT,SELL,AVAILABLE,2950,2026-02-13,2026-05-07,Student Centre
I03627,U0764,Screwdriver Set — Bosch #3627,Equipment,Screwdriver Set,Bosch,EXCELLENT,BORROW,AVAILABLE,550,2026-04-14,2026-09-02,Hostel Block A
I03628,U0366,Python Programming Book — O'Reilly #3628,Book,Python Programming Book,O'Reilly,GOOD,SELL,BORROWED,950,2026-05-11,2026-08-01,Hostel Block B
I03629,U0934,Vernier Caliper — Mitutoyo #3629,Lab Equipment,Vernier Caliper,Mitutoyo,FAIR,BORROW,RETURNED,4000,2026-05-15,2026-07-13,Hostel Block C
I03630,U0196,Calculator — CASIO #3630,Academic,Calculator,CASIO,EXCELLENT,BORROW,RESERVED,1350,2025-12-19,2026-03-24,Hostel Block D
I03631,U0878,Bluetooth Keyboard — Logitech #3631,Accessory,Bluetooth Keyboard,Logitech,GOOD,BORROW,AVAILABLE,2800,2026-08-21,2027-02-05,Innovation Lab
I03632,U0724,External Hard Drive — WD #3632,Storage,External Hard Drive,WD,GOOD,SWAP,AVAILABLE,6100,2025-12-02,2026-05-31,ECE Lab
I03633,U0710,USB-C Charger — Anker #3633,Electronics,USB-C Charger,Anker,GOOD,SWAP,AVAILABLE,2250,2025-09-12,2026-01-06,Mechanical Lab
I03634,U0939,Engineering Drawing Kit — Staedtler #3634,Equipment,Engineering Drawing Kit,Staedtler,EXCELLENT,SWAP,BORROWED,1100,2026-08-01,2027-01-06,Architecture Studio
I03635,U0137,Tripod — Digitek #3635,Equipment,Tripod,Digitek,GOOD,BORROW,AVAILABLE,750,2026-05-02,2026-10-18,CS Department
I03636,U0056,Digital Multimeter — Meco #3636,Lab Equipment,Digital Multimeter,Meco,FAIR,SWAP,BORROWED,1100,2025-09-19,2026-01-21,Main Block
I03637,U0654,College Backpack — Wildcraft #3637,Bag,College Backpack,Wildcraft,NEW,BORROW,AVAILABLE,1800,2026-05-26,2026-10-15,Central Library
I03638,U0442,Headphones — JBL #3638,Electronics,Headphones,JBL,EXCELLENT,SELL,AVAILABLE,2050,2026-03-09,2026-08-06,Student Centre
I03639,U0595,Mechanical Drawing Set — Rotring #3639,Stationery,Mechanical Drawing Set,Rotring,EXCELLENT,SWAP,AVAILABLE,600,2025-11-26,2026-01-08,Hostel Block A
I03640,U0759,Desk Lamp — Philips #3640,Accessory,Desk Lamp,Philips,FAIR,BORROW,AVAILABLE,400,2026-09-18,2027-01-08,Hostel Block B
I03641,U0330,Textbook — Pearson #3641,Book,Textbook,Pearson,GOOD,SELL,RETURNED,1050,2026-01-18,2026-06-17,Hostel Block C
I03642,U0518,USB Flash Drive — SanDisk #3642,Storage,USB Flash Drive,SanDisk,GOOD,GIVEAWAY,AVAILABLE,750,2026-06-16,2026-09-24,Hostel Block D
I03643,U0773,Scientific Calculator — Texas Instruments #3643,Academic,Scientific Calculator,Texas Instruments,GOOD,SELL,RETURNED,2300,2026-01-04,2026-05-01,Innovation Lab
I03644,U0162,Lab Coat — Generic #3644,Clothing,Lab Coat,Generic,GOOD,SWAP,AVAILABLE,900,2026-03-15,2026-07-13,ECE Lab
I03645,U0432,Power Bank — MI #3645,Accessory,Power Bank,MI,GOOD,BORROW,BORROWED,750,2025-08-15,2025-10-15,Mechanical Lab
I03646,U0621,HDMI Cable — UGREEN #3646,Cable,HDMI Cable,UGREEN,GOOD,BORROW,BORROWED,500,2025-08-13,2025-11-07,Architecture Studio
I03647,U0068,Drawing Board — Camel #3647,Equipment,Drawing Board,Camel,GOOD,SELL,BORROWED,1000,2026-09-21,2026-11-16,CS Department
I03648,U0574,Ethernet Cable — D-Link #3648,Cable,Ethernet Cable,D-Link,EXCELLENT,SWAP,RESERVED,550,2025-10-06,2025-12-11,Main Block
I03649,U0333,Extension Board — Philips #3649,Electronics,Extension Board,Philips,FAIR,SELL,AVAILABLE,750,2026-02-05,2026-05-24,Central Library
I03650,U0055,Breadboard Kit — Generic #3650,Lab Equipment,Breadboard Kit,Generic,EXCELLENT,SWAP,AVAILABLE,700,2026-09-24,2026-10-27,Student Centre
I03651,U0564,Presentation Clicker — Logitech #3651,Accessory,Presentation Clicker,Logitech,GOOD,BORROW,RETURNED,1000,2026-02-03,2026-06-04,Hostel Block A
I03652,U0486,Arduino Kit — Arduino #3652,Lab Equipment,Arduino Kit,Arduino,GOOD,SWAP,AVAILABLE,2850,2026-01-09,2026-07-08,Hostel Block B
I03653,U0465,Safety Goggles — 3M #3653,Safety Equipment,Safety Goggles,3M,FAIR,SELL,BORROWED,550,2025-11-01,2026-04-04,Hostel Block C
I03654,U0777,Webcam — Logitech #3654,Electronics,Webcam,Logitech,GOOD,BORROW,AVAILABLE,3900,2025-11-27,2026-03-21,Hostel Block D
I03655,U0888,Graph Paper Pack — Classmate #3655,Stationery,Graph Paper Pack,Classmate,GOOD,SWAP,AVAILABLE,100,2026-02-21,2026-07-20,Innovation Lab
I03656,U0295,Soldering Iron Kit — Weller #3656,Lab Equipment,Soldering Iron Kit,Weller,GOOD,SWAP,AVAILABLE,2800,2025-12-04,2026-05-21,ECE Lab
I03657,U0239,Screwdriver Set — Bosch #3657,Equipment,Screwdriver Set,Bosch,EXCELLENT,BORROW,RETURNED,400,2025-08-30,2025-12-21,Mechanical Lab
I03658,U0966,Python Programming Book — O'Reilly #3658,Book,Python Programming Book,O'Reilly,GOOD,SELL,AVAILABLE,600,2026-06-27,2026-08-02,Architecture Studio
I03659,U0272,Vernier Caliper — Mitutoyo #3659,Lab Equipment,Vernier Caliper,Mitutoyo,GOOD,BORROW,AVAILABLE,2050,2025-09-11,2026-02-26,CS Department
I03660,U0573,Calculator — CASIO #3660,Academic,Calculator,CASIO,EXCELLENT,SWAP,RETURNED,1400,2026-01-08,2026-02-19,Main Block
I03661,U0087,Bluetooth Keyboard — Logitech #3661,Accessory,Bluetooth Keyboard,Logitech,GOOD,BORROW,AVAILABLE,1000,2025-12-18,2026-03-11,Central Library
I03662,U0762,External Hard Drive — WD #3662,Storage,External Hard Drive,WD,EXCELLENT,BORROW,AVAILABLE,3600,2025-10-18,2025-12-10,Student Centre
I03663,U0711,USB-C Charger — Anker #3663,Electronics,USB-C Charger,Anker,FAIR,SELL,RESERVED,800,2025-09-29,2025-12-18,Hostel Block A
I03664,U0275,Engineering Drawing Kit — Staedtler #3664,Equipment,Engineering Drawing Kit,Staedtler,NEW,BORROW,AVAILABLE,1700,2026-08-10,2026-10-22,Hostel Block B
I03665,U0979,Tripod — Digitek #3665,Equipment,Tripod,Digitek,GOOD,SELL,RETURNED,1100,2025-11-07,2026-03-16,Hostel Block C
I03666,U0643,Digital Multimeter — Meco #3666,Lab Equipment,Digital Multimeter,Meco,EXCELLENT,GIVEAWAY,AVAILABLE,1850,2025-10-10,2026-02-03,Hostel Block D
I03667,U0312,College Backpack — Wildcraft #3667,Bag,College Backpack,Wildcraft,EXCELLENT,BORROW,AVAILABLE,500,2025-11-11,2026-01-28,Innovation Lab
I03668,U0383,Headphones — JBL #3668,Electronics,Headphones,JBL,GOOD,GIVEAWAY,RETURNED,1400,2025-09-05,2026-02-11,ECE Lab
I03669,U0915,Mechanical Drawing Set — Rotring #3669,Stationery,Mechanical Drawing Set,Rotring,GOOD,SELL,AVAILABLE,1300,2025-11-16,2026-01-14,Mechanical Lab
I03670,U0569,Desk Lamp — Philips #3670,Accessory,Desk Lamp,Philips,GOOD,BORROW,AVAILABLE,800,2026-02-02,2026-04-03,Architecture Studio
I03671,U0231,Textbook — Pearson #3671,Book,Textbook,Pearson,GOOD,BORROW,BORROWED,450,2026-09-07,2026-11-01,CS Department
I03672,U0547,USB Flash Drive — SanDisk #3672,Storage,USB Flash Drive,SanDisk,GOOD,BORROW,BORROWED,950,2025-10-11,2026-01-20,Main Block
I03673,U0345,Scientific Calculator — Texas Instruments #3673,Academic,Scientific Calculator,Texas Instruments,GOOD,SWAP,AVAILABLE,950,2026-07-13,2026-12-01,Central Library
I03674,U0336,Lab Coat — Generic #3674,Clothing,Lab Coat,Generic,EXCELLENT,BORROW,BORROWED,500,2026-07-07,2026-10-12,Student Centre
I03675,U0029,Power Bank — MI #3675,Accessory,Power Bank,MI,GOOD,SWAP,AVAILABLE,1850,2025-08-23,2026-01-15,Hostel Block A
I03676,U0524,HDMI Cable — UGREEN #3676,Cable,HDMI Cable,UGREEN,EXCELLENT,SWAP,AVAILABLE,600,2026-06-30,2026-12-12,Hostel Block B
I03677,U0856,Drawing Board — Camel #3677,Equipment,Drawing Board,Camel,EXCELLENT,SELL,AVAILABLE,550,2026-04-07,2026-07-05,Hostel Block C
I03678,U0170,Ethernet Cable — D-Link #3678,Cable,Ethernet Cable,D-Link,GOOD,SWAP,RESERVED,400,2025-09-27,2026-03-24,Hostel Block D
I03679,U0597,Extension Board — Philips #3679,Electronics,Extension Board,Philips,GOOD,BORROW,BORROWED,1150,2026-09-04,2026-11-27,Innovation Lab
I03680,U0893,Breadboard Kit — Generic #3680,Lab Equipment,Breadboard Kit,Generic,GOOD,BORROW,BORROWED,600,2026-04-23,2026-07-16,ECE Lab
I03681,U0700,Presentation Clicker — Logitech #3681,Accessory,Presentation Clicker,Logitech,FAIR,BORROW,AVAILABLE,1350,2025-12-19,2026-01-25,Mechanical Lab
I03682,U0773,Arduino Kit — Arduino #3682,Lab Equipment,Arduino Kit,Arduino,EXCELLENT,BORROW,AVAILABLE,2250,2026-09-11,2027-02-13,Architecture Studio
I03683,U0251,Safety Goggles — 3M #3683,Safety Equipment,Safety Goggles,3M,FAIR,BORROW,AVAILABLE,550,2025-12-18,2026-05-19,CS Department
I03684,U0062,Webcam — Logitech #3684,Electronics,Webcam,Logitech,NEW,GIVEAWAY,RETURNED,2900,2025-08-05,2025-09-24,Main Block
I03685,U0118,Graph Paper Pack — Classmate #3685,Stationery,Graph Paper Pack,Classmate,EXCELLENT,SELL,AVAILABLE,100,2026-03-05,2026-04-30,Central Library
I03686,U0895,Soldering Iron Kit — Weller #3686,Lab Equipment,Soldering Iron Kit,Weller,FAIR,BORROW,RETURNED,3300,2025-09-08,2026-02-06,Student Centre
I03687,U0458,Screwdriver Set — Bosch #3687,Equipment,Screwdriver Set,Bosch,GOOD,BORROW,AVAILABLE,1050,2025-12-22,2026-03-10,Hostel Block A
I03688,U0433,Python Programming Book — O'Reilly #3688,Book,Python Programming Book,O'Reilly,EXCELLENT,GIVEAWAY,RETURNED,900,2025-08-16,2025-10-07,Hostel Block B
I03689,U0359,Vernier Caliper — Mitutoyo #3689,Lab Equipment,Vernier Caliper,Mitutoyo,GOOD,BORROW,AVAILABLE,5900,2026-01-10,2026-06-07,Hostel Block C
I03690,U0107,Calculator — CASIO #3690,Academic,Calculator,CASIO,GOOD,BORROW,AVAILABLE,500,2026-06-20,2026-09-22,Hostel Block D
I03691,U0945,Bluetooth Keyboard — Logitech #3691,Accessory,Bluetooth Keyboard,Logitech,FAIR,GIVEAWAY,AVAILABLE,2500,2026-03-22,2026-09-03,Innovation Lab
I03692,U0922,External Hard Drive — WD #3692,Storage,External Hard Drive,WD,FAIR,GIVEAWAY,AVAILABLE,6550,2025-10-28,2026-03-18,ECE Lab
I03693,U0019,USB-C Charger — Anker #3693,Electronics,USB-C Charger,Anker,EXCELLENT,SELL,AVAILABLE,650,2025-09-27,2025-11-11,Mechanical Lab
I03694,U0648,Engineering Drawing Kit — Staedtler #3694,Equipment,Engineering Drawing Kit,Staedtler,GOOD,BORROW,AVAILABLE,2350,2026-02-16,2026-06-14,Architecture Studio
I03695,U0876,Tripod — Digitek #3695,Equipment,Tripod,Digitek,GOOD,BORROW,AVAILABLE,550,2026-01-01,2026-03-23,CS Department
I03696,U0473,Digital Multimeter — Meco #3696,Lab Equipment,Digital Multimeter,Meco,EXCELLENT,BORROW,INACTIVE,1900,2026-08-28,2026-10-18,Main Block
I03697,U0976,College Backpack — Wildcraft #3697,Bag,College Backpack,Wildcraft,FAIR,GIVEAWAY,BORROWED,2900,2025-10-31,2026-01-05,Central Library
I03698,U0360,Headphones — JBL #3698,Electronics,Headphones,JBL,GOOD,BORROW,AVAILABLE,2200,2026-07-27,2026-09-20,Student Centre
I03699,U0210,Mechanical Drawing Set — Rotring #3699,Stationery,Mechanical Drawing Set,Rotring,FAIR,SELL,RESERVED,1100,2026-04-26,2026-09-11,Hostel Block A
I03700,U0283,Desk Lamp — Philips #3700,Accessory,Desk Lamp,Philips,EXCELLENT,SWAP,AVAILABLE,350,2026-07-21,2026-10-16,Hostel Block B
I03701,U0084,Textbook — Pearson #3701,Book,Textbook,Pearson,EXCELLENT,BORROW,AVAILABLE,600,2026-01-15,2026-06-09,Hostel Block C
I03702,U0365,USB Flash Drive — SanDisk #3702,Storage,USB Flash Drive,SanDisk,GOOD,BORROW,AVAILABLE,850,2026-05-26,2026-11-19,Hostel Block D
I03703,U0934,Scientific Calculator — Texas Instruments #3703,Academic,Scientific Calculator,Texas Instruments,EXCELLENT,SELL,AVAILABLE,2400,2026-02-28,2026-06-06,Innovation Lab
I03704,U0939,Lab Coat — Generic #3704,Clothing,Lab Coat,Generic,GOOD,BORROW,RETURNED,1000,2025-08-04,2025-10-21,ECE Lab
I03705,U0973,Power Bank — MI #3705,Accessory,Power Bank,MI,GOOD,SELL,INACTIVE,1950,2026-02-27,2026-04-15,Mechanical Lab
I03706,U0054,HDMI Cable — UGREEN #3706,Cable,HDMI Cable,UGREEN,GOOD,GIVEAWAY,BORROWED,650,2026-06-25,2026-09-29,Architecture Studio
I03707,U0662,Drawing Board — Camel #3707,Equipment,Drawing Board,Camel,NEW,BORROW,AVAILABLE,800,2026-06-16,2026-11-07,CS Department
I03708,U0433,Ethernet Cable — D-Link #3708,Cable,Ethernet Cable,D-Link,GOOD,GIVEAWAY,RESERVED,550,2026-09-13,2026-11-12,Main Block
I03709,U0374,Extension Board — Philips #3709,Electronics,Extension Board,Philips,GOOD,BORROW,INACTIVE,400,2025-08-06,2026-01-31,Central Library
I03710,U0364,Breadboard Kit — Generic #3710,Lab Equipment,Breadboard Kit,Generic,NEW,SELL,RETURNED,400,2025-12-16,2026-02-16,Student Centre
I03711,U0421,Presentation Clicker — Logitech #3711,Accessory,Presentation Clicker,Logitech,GOOD,SELL,AVAILABLE,1050,2026-08-06,2026-10-17,Hostel Block A
I03712,U0068,Arduino Kit — Arduino #3712,Lab Equipment,Arduino Kit,Arduino,GOOD,BORROW,RETURNED,2000,2026-04-23,2026-06-17,Hostel Block B
I03713,U0805,Safety Goggles — 3M #3713,Safety Equipment,Safety Goggles,3M,GOOD,BORROW,AVAILABLE,450,2026-05-04,2026-06-15,Hostel Block C
I03714,U0952,Webcam — Logitech #3714,Electronics,Webcam,Logitech,EXCELLENT,GIVEAWAY,RETURNED,1800,2026-04-19,2026-09-30,Hostel Block D
I03715,U0169,Graph Paper Pack — Classmate #3715,Stationery,Graph Paper Pack,Classmate,GOOD,BORROW,AVAILABLE,200,2025-11-10,2026-03-22,Innovation Lab
I03716,U0034,Soldering Iron Kit — Weller #3716,Lab Equipment,Soldering Iron Kit,Weller,GOOD,GIVEAWAY,RETURNED,1650,2025-10-23,2025-11-27,ECE Lab
I03717,U0358,Screwdriver Set — Bosch #3717,Equipment,Screwdriver Set,Bosch,GOOD,GIVEAWAY,AVAILABLE,300,2025-10-11,2026-02-10,Mechanical Lab
I03718,U0253,Python Programming Book — O'Reilly #3718,Book,Python Programming Book,O'Reilly,EXCELLENT,BORROW,AVAILABLE,1350,2025-08-16,2025-11-10,Architecture Studio
I03719,U0461,Vernier Caliper — Mitutoyo #3719,Lab Equipment,Vernier Caliper,Mitutoyo,GOOD,SELL,RETURNED,2200,2025-12-04,2026-01-11,CS Department
I03720,U0537,Calculator — CASIO #3720,Academic,Calculator,CASIO,FAIR,GIVEAWAY,AVAILABLE,1000,2026-07-18,2026-09-20,Main Block
I03721,U0357,Bluetooth Keyboard — Logitech #3721,Accessory,Bluetooth Keyboard,Logitech,EXCELLENT,GIVEAWAY,RESERVED,1250,2026-04-29,2026-07-19,Central Library
I03722,U0501,External Hard Drive — WD #3722,Storage,External Hard Drive,WD,FAIR,BORROW,RESERVED,2850,2026-03-31,2026-07-25,Student Centre
I03723,U0599,USB-C Charger — Anker #3723,Electronics,USB-C Charger,Anker,FAIR,GIVEAWAY,AVAILABLE,750,2025-08-13,2026-01-12,Hostel Block A
I03724,U0127,Engineering Drawing Kit — Staedtler #3724,Equipment,Engineering Drawing Kit,Staedtler,EXCELLENT,BORROW,AVAILABLE,2200,2025-12-15,2026-03-05,Hostel Block B
I03725,U0738,Tripod — Digitek #3725,Equipment,Tripod,Digitek,EXCELLENT,SWAP,INACTIVE,2400,2025-12-17,2026-02-05,Hostel Block C
I03726,U0009,Digital Multimeter — Meco #3726,Lab Equipment,Digital Multimeter,Meco,FAIR,BORROW,AVAILABLE,1150,2026-09-09,2026-11-09,Hostel Block D
I03727,U0196,College Backpack — Wildcraft #3727,Bag,College Backpack,Wildcraft,GOOD,SWAP,RETURNED,2900,2026-02-05,2026-03-19,Innovation Lab
I03728,U0654,Headphones — JBL #3728,Electronics,Headphones,JBL,GOOD,BORROW,RESERVED,1900,2026-04-08,2026-08-30,ECE Lab
I03729,U0097,Mechanical Drawing Set — Rotring #3729,Stationery,Mechanical Drawing Set,Rotring,GOOD,BORROW,RETURNED,650,2026-06-12,2026-08-13,Mechanical Lab
I03730,U0675,Desk Lamp — Philips #3730,Accessory,Desk Lamp,Philips,EXCELLENT,SELL,AVAILABLE,1550,2026-09-04,2027-01-07,Architecture Studio
I03731,U0534,Textbook — Pearson #3731,Book,Textbook,Pearson,GOOD,BORROW,BORROWED,700,2026-09-23,2026-11-01,CS Department
I03732,U0125,USB Flash Drive — SanDisk #3732,Storage,USB Flash Drive,SanDisk,EXCELLENT,GIVEAWAY,AVAILABLE,500,2026-09-12,2027-02-06,Main Block
I03733,U0820,Scientific Calculator — Texas Instruments #3733,Academic,Scientific Calculator,Texas Instruments,FAIR,BORROW,AVAILABLE,2200,2026-01-27,2026-04-24,Central Library
I03734,U0849,Lab Coat — Generic #3734,Clothing,Lab Coat,Generic,GOOD,BORROW,INACTIVE,950,2026-04-06,2026-07-28,Student Centre
I03735,U0331,Power Bank — MI #3735,Accessory,Power Bank,MI,EXCELLENT,SELL,AVAILABLE,750,2026-03-11,2026-05-02,Hostel Block A
I03736,U0394,HDMI Cable — UGREEN #3736,Cable,HDMI Cable,UGREEN,EXCELLENT,SELL,AVAILABLE,150,2025-10-08,2026-02-15,Hostel Block B
I03737,U0657,Drawing Board — Camel #3737,Equipment,Drawing Board,Camel,GOOD,BORROW,RESERVED,1600,2025-10-11,2025-11-28,Hostel Block C
I03738,U0010,Ethernet Cable — D-Link #3738,Cable,Ethernet Cable,D-Link,GOOD,SELL,AVAILABLE,350,2026-09-10,2027-02-22,Hostel Block D
I03739,U0349,Extension Board — Philips #3739,Electronics,Extension Board,Philips,GOOD,BORROW,BORROWED,800,2026-03-25,2026-05-24,Innovation Lab
I03740,U0490,Breadboard Kit — Generic #3740,Lab Equipment,Breadboard Kit,Generic,FAIR,BORROW,AVAILABLE,300,2025-08-24,2025-10-11,ECE Lab
I03741,U0589,Presentation Clicker — Logitech #3741,Accessory,Presentation Clicker,Logitech,GOOD,BORROW,AVAILABLE,700,2025-10-10,2026-01-01,Mechanical Lab
I03742,U0673,Arduino Kit — Arduino #3742,Lab Equipment,Arduino Kit,Arduino,FAIR,BORROW,AVAILABLE,900,2026-02-14,2026-06-17,Architecture Studio
I03743,U0548,Safety Goggles — 3M #3743,Safety Equipment,Safety Goggles,3M,FAIR,SWAP,AVAILABLE,650,2026-08-28,2026-12-21,CS Department
I03744,U0368,Webcam — Logitech #3744,Electronics,Webcam,Logitech,GOOD,BORROW,INACTIVE,3700,2026-06-21,2026-08-30,Main Block
I03745,U0855,Graph Paper Pack — Classmate #3745,Stationery,Graph Paper Pack,Classmate,EXCELLENT,SWAP,RETURNED,50,2026-02-21,2026-07-15,Central Library
I03746,U0823,Soldering Iron Kit — Weller #3746,Lab Equipment,Soldering Iron Kit,Weller,GOOD,SWAP,RESERVED,3250,2025-09-08,2025-11-05,Student Centre
I03747,U0313,Screwdriver Set — Bosch #3747,Equipment,Screwdriver Set,Bosch,FAIR,SWAP,BORROWED,1000,2026-04-11,2026-06-22,Hostel Block A
I03748,U0158,Python Programming Book — O'Reilly #3748,Book,Python Programming Book,O'Reilly,GOOD,BORROW,BORROWED,1250,2026-08-22,2026-10-01,Hostel Block B
I03749,U0139,Vernier Caliper — Mitutoyo #3749,Lab Equipment,Vernier Caliper,Mitutoyo,GOOD,GIVEAWAY,RETURNED,4500,2026-01-28,2026-04-25,Hostel Block C
I03750,U0743,Calculator — CASIO #3750,Academic,Calculator,CASIO,GOOD,SWAP,AVAILABLE,600,2025-08-10,2025-09-30,Hostel Block D
I03751,U0588,Bluetooth Keyboard — Logitech #3751,Accessory,Bluetooth Keyboard,Logitech,EXCELLENT,BORROW,AVAILABLE,2550,2026-07-02,2026-09-07,Innovation Lab
I03752,U0700,External Hard Drive — WD #3752,Storage,External Hard Drive,WD,GOOD,BORROW,AVAILABLE,6400,2025-12-06,2026-01-13,ECE Lab
I03753,U0925,USB-C Charger — Anker #3753,Electronics,USB-C Charger,Anker,EXCELLENT,GIVEAWAY,RETURNED,1750,2026-07-03,2026-11-01,Mechanical Lab
I03754,U0225,Engineering Drawing Kit — Staedtler #3754,Equipment,Engineering Drawing Kit,Staedtler,GOOD,BORROW,AVAILABLE,1800,2025-12-13,2026-02-28,Architecture Studio
I03755,U0651,Tripod — Digitek #3755,Equipment,Tripod,Digitek,GOOD,SWAP,AVAILABLE,2050,2025-12-14,2026-06-06,CS Department
I03756,U0070,Digital Multimeter — Meco #3756,Lab Equipment,Digital Multimeter,Meco,GOOD,BORROW,AVAILABLE,1650,2026-03-20,2026-05-14,Main Block
I03757,U0708,College Backpack — Wildcraft #3757,Bag,College Backpack,Wildcraft,GOOD,BORROW,BORROWED,1850,2026-05-27,2026-10-16,Central Library
I03758,U0654,Headphones — JBL #3758,Electronics,Headphones,JBL,FAIR,SELL,RETURNED,3450,2026-08-07,2026-10-28,Student Centre
I03759,U0964,Mechanical Drawing Set — Rotring #3759,Stationery,Mechanical Drawing Set,Rotring,EXCELLENT,BORROW,AVAILABLE,1950,2026-04-30,2026-10-10,Hostel Block A
I03760,U0549,Desk Lamp — Philips #3760,Accessory,Desk Lamp,Philips,FAIR,SWAP,AVAILABLE,1150,2026-04-04,2026-08-13,Hostel Block B
I03761,U0706,Textbook — Pearson #3761,Book,Textbook,Pearson,GOOD,SWAP,RETURNED,1000,2026-04-14,2026-06-18,Hostel Block C
I03762,U0662,USB Flash Drive — SanDisk #3762,Storage,USB Flash Drive,SanDisk,EXCELLENT,GIVEAWAY,AVAILABLE,1200,2025-10-20,2026-04-12,Hostel Block D
I03763,U0687,Scientific Calculator — Texas Instruments #3763,Academic,Scientific Calculator,Texas Instruments,GOOD,BORROW,AVAILABLE,1150,2026-02-07,2026-03-25,Innovation Lab
I03764,U0287,Lab Coat — Generic #3764,Clothing,Lab Coat,Generic,EXCELLENT,BORROW,RETURNED,400,2026-06-12,2026-09-20,ECE Lab
I03765,U0327,Power Bank — MI #3765,Accessory,Power Bank,MI,EXCELLENT,GIVEAWAY,AVAILABLE,850,2025-08-06,2025-11-10,Mechanical Lab
I03766,U0104,HDMI Cable — UGREEN #3766,Cable,HDMI Cable,UGREEN,GOOD,BORROW,AVAILABLE,700,2025-12-29,2026-04-12,Architecture Studio
I03767,U0704,Drawing Board — Camel #3767,Equipment,Drawing Board,Camel,GOOD,SWAP,AVAILABLE,1200,2026-03-12,2026-06-28,CS Department
I03768,U0976,Ethernet Cable — D-Link #3768,Cable,Ethernet Cable,D-Link,GOOD,BORROW,AVAILABLE,450,2026-06-25,2026-11-21,Main Block
I03769,U0664,Extension Board — Philips #3769,Electronics,Extension Board,Philips,GOOD,BORROW,RETURNED,1150,2026-06-12,2026-11-16,Central Library
I03770,U0342,Breadboard Kit — Generic #3770,Lab Equipment,Breadboard Kit,Generic,GOOD,BORROW,AVAILABLE,300,2026-04-03,2026-08-30,Student Centre
I03771,U0965,Presentation Clicker — Logitech #3771,Accessory,Presentation Clicker,Logitech,GOOD,BORROW,RETURNED,1850,2026-09-11,2026-12-08,Hostel Block A
I03772,U0574,Arduino Kit — Arduino #3772,Lab Equipment,Arduino Kit,Arduino,GOOD,BORROW,AVAILABLE,1050,2026-08-30,2027-02-05,Hostel Block B
I03773,U0903,Safety Goggles — 3M #3773,Safety Equipment,Safety Goggles,3M,GOOD,GIVEAWAY,AVAILABLE,550,2026-01-23,2026-03-09,Hostel Block C
I03774,U0671,Webcam — Logitech #3774,Electronics,Webcam,Logitech,GOOD,SELL,RESERVED,4350,2026-05-30,2026-09-29,Hostel Block D
I03775,U0667,Graph Paper Pack — Classmate #3775,Stationery,Graph Paper Pack,Classmate,NEW,SWAP,RETURNED,200,2026-07-30,2027-01-15,Innovation Lab
I03776,U0845,Soldering Iron Kit — Weller #3776,Lab Equipment,Soldering Iron Kit,Weller,GOOD,BORROW,AVAILABLE,1350,2025-12-14,2026-02-05,ECE Lab
I03777,U0846,Screwdriver Set — Bosch #3777,Equipment,Screwdriver Set,Bosch,EXCELLENT,BORROW,AVAILABLE,1500,2025-08-09,2025-11-20,Mechanical Lab
I03778,U0589,Python Programming Book — O'Reilly #3778,Book,Python Programming Book,O'Reilly,GOOD,BORROW,AVAILABLE,1450,2025-11-25,2026-02-19,Architecture Studio
I03779,U0415,Vernier Caliper — Mitutoyo #3779,Lab Equipment,Vernier Caliper,Mitutoyo,GOOD,BORROW,BORROWED,4050,2026-01-05,2026-02-16,CS Department
I03780,U0114,Calculator — CASIO #3780,Academic,Calculator,CASIO,GOOD,SWAP,AVAILABLE,950,2026-06-20,2026-11-11,Main Block
I03781,U0915,Bluetooth Keyboard — Logitech #3781,Accessory,Bluetooth Keyboard,Logitech,EXCELLENT,GIVEAWAY,AVAILABLE,1600,2025-09-01,2025-11-23,Central Library
I03782,U0291,External Hard Drive — WD #3782,Storage,External Hard Drive,WD,EXCELLENT,BORROW,INACTIVE,6600,2025-10-22,2025-12-29,Student Centre
I03783,U0671,USB-C Charger — Anker #3783,Electronics,USB-C Charger,Anker,GOOD,BORROW,RESERVED,1050,2026-07-02,2026-10-14,Hostel Block A
I03784,U0728,Engineering Drawing Kit — Staedtler #3784,Equipment,Engineering Drawing Kit,Staedtler,EXCELLENT,BORROW,AVAILABLE,1850,2025-11-12,2026-04-12,Hostel Block B
I03785,U0983,Tripod — Digitek #3785,Equipment,Tripod,Digitek,FAIR,BORROW,AVAILABLE,1900,2025-08-26,2026-01-10,Hostel Block C
I03786,U0542,Digital Multimeter — Meco #3786,Lab Equipment,Digital Multimeter,Meco,GOOD,SELL,INACTIVE,1100,2026-07-13,2026-08-22,Hostel Block D
I03787,U0496,College Backpack — Wildcraft #3787,Bag,College Backpack,Wildcraft,GOOD,BORROW,RETURNED,1200,2026-07-20,2027-01-11,Innovation Lab
I03788,U0738,Headphones — JBL #3788,Electronics,Headphones,JBL,GOOD,SWAP,RETURNED,3300,2026-03-16,2026-09-05,ECE Lab
I03789,U0977,Mechanical Drawing Set — Rotring #3789,Stationery,Mechanical Drawing Set,Rotring,EXCELLENT,BORROW,RETURNED,750,2026-01-28,2026-05-20,Mechanical Lab
I03790,U0729,Desk Lamp — Philips #3790,Accessory,Desk Lamp,Philips,GOOD,GIVEAWAY,AVAILABLE,500,2026-09-09,2027-02-08,Architecture Studio
I03791,U0598,Textbook — Pearson #3791,Book,Textbook,Pearson,GOOD,GIVEAWAY,RESERVED,1200,2025-09-15,2025-12-12,CS Department
I03792,U0863,USB Flash Drive — SanDisk #3792,Storage,USB Flash Drive,SanDisk,GOOD,BORROW,RETURNED,750,2025-09-13,2026-02-28,Main Block
I03793,U0110,Scientific Calculator — Texas Instruments #3793,Academic,Scientific Calculator,Texas Instruments,GOOD,BORROW,AVAILABLE,500,2026-01-30,2026-03-10,Central Library
I03794,U0645,Lab Coat — Generic #3794,Clothing,Lab Coat,Generic,GOOD,SELL,AVAILABLE,550,2025-10-29,2026-03-01,Student Centre
I03795,U0709,Power Bank — MI #3795,Accessory,Power Bank,MI,GOOD,SWAP,AVAILABLE,900,2026-04-30,2026-09-17,Hostel Block A
I03796,U0099,HDMI Cable — UGREEN #3796,Cable,HDMI Cable,UGREEN,FAIR,BORROW,AVAILABLE,750,2025-08-27,2025-12-02,Hostel Block B
I03797,U0608,Drawing Board — Camel #3797,Equipment,Drawing Board,Camel,GOOD,BORROW,AVAILABLE,1750,2025-09-03,2025-10-06,Hostel Block C
I03798,U0104,Ethernet Cable — D-Link #3798,Cable,Ethernet Cable,D-Link,GOOD,BORROW,RETURNED,100,2026-02-07,2026-07-15,Hostel Block D
I03799,U0874,Extension Board — Philips #3799,Electronics,Extension Board,Philips,EXCELLENT,SWAP,INACTIVE,450,2026-06-30,2026-11-05,Innovation Lab
I03800,U0893,Breadboard Kit — Generic #3800,Lab Equipment,Breadboard Kit,Generic,GOOD,BORROW,BORROWED,300,2026-07-27,2026-10-28,ECE Lab
I03801,U0451,Presentation Clicker — Logitech #3801,Accessory,Presentation Clicker,Logitech,GOOD,SWAP,AVAILABLE,1700,2026-09-16,2026-11-09,Mechanical Lab
I03802,U0946,Arduino Kit — Arduino #3802,Lab Equipment,Arduino Kit,Arduino,GOOD,GIVEAWAY,INACTIVE,2050,2026-08-26,2026-11-03,Architecture Studio
I03803,U0112,Safety Goggles — 3M #3803,Safety Equipment,Safety Goggles,3M,GOOD,SWAP,AVAILABLE,300,2025-11-05,2026-03-25,CS Department
I03804,U0731,Webcam — Logitech #3804,Electronics,Webcam,Logitech,GOOD,BORROW,AVAILABLE,2150,2025-12-04,2026-04-24,Main Block
I03805,U0132,Graph Paper Pack — Classmate #3805,Stationery,Graph Paper Pack,Classmate,GOOD,BORROW,AVAILABLE,50,2025-10-07,2026-03-15,Central Library
I03806,U0518,Soldering Iron Kit — Weller #3806,Lab Equipment,Soldering Iron Kit,Weller,FAIR,BORROW,AVAILABLE,3250,2026-09-13,2026-10-30,Student Centre
I03807,U0233,Screwdriver Set — Bosch #3807,Equipment,Screwdriver Set,Bosch,GOOD,SELL,BORROWED,1050,2026-02-06,2026-05-19,Hostel Block A
I03808,U0001,Python Programming Book — O'Reilly #3808,Book,Python Programming Book,O'Reilly,EXCELLENT,BORROW,AVAILABLE,1150,2025-09-30,2025-11-10,Hostel Block B
I03809,U0349,Vernier Caliper — Mitutoyo #3809,Lab Equipment,Vernier Caliper,Mitutoyo,GOOD,BORROW,RETURNED,2850,2026-02-16,2026-07-01,Hostel Block C
I03810,U0226,Calculator — CASIO #3810,Academic,Calculator,CASIO,EXCELLENT,SWAP,RETURNED,350,2026-06-12,2026-08-29,Hostel Block D
I03811,U0752,Bluetooth Keyboard — Logitech #3811,Accessory,Bluetooth Keyboard,Logitech,EXCELLENT,BORROW,AVAILABLE,2750,2026-08-20,2026-12-24,Innovation Lab
I03812,U0173,External Hard Drive — WD #3812,Storage,External Hard Drive,WD,NEW,SELL,AVAILABLE,5350,2026-04-05,2026-09-26,ECE Lab
I03813,U0979,USB-C Charger — Anker #3813,Electronics,USB-C Charger,Anker,FAIR,BORROW,BORROWED,1900,2026-08-09,2026-10-08,Mechanical Lab
I03814,U0263,Engineering Drawing Kit — Staedtler #3814,Equipment,Engineering Drawing Kit,Staedtler,GOOD,GIVEAWAY,AVAILABLE,1850,2025-12-04,2026-05-27,Architecture Studio
I03815,U0327,Tripod — Digitek #3815,Equipment,Tripod,Digitek,EXCELLENT,BORROW,BORROWED,1900,2026-01-10,2026-05-29,CS Department
I03816,U0644,Digital Multimeter — Meco #3816,Lab Equipment,Digital Multimeter,Meco,GOOD,BORROW,RESERVED,2200,2026-07-06,2026-09-20,Main Block
I03817,U0197,College Backpack — Wildcraft #3817,Bag,College Backpack,Wildcraft,GOOD,BORROW,RETURNED,1750,2026-05-22,2026-10-27,Central Library
I03818,U0046,Headphones — JBL #3818,Electronics,Headphones,JBL,EXCELLENT,BORROW,INACTIVE,1200,2026-05-25,2026-11-16,Student Centre
I03819,U0154,Mechanical Drawing Set — Rotring #3819,Stationery,Mechanical Drawing Set,Rotring,GOOD,BORROW,AVAILABLE,1050,2026-04-11,2026-05-14,Hostel Block A
I03820,U0825,Desk Lamp — Philips #3820,Accessory,Desk Lamp,Philips,FAIR,SWAP,AVAILABLE,450,2025-09-19,2026-01-24,Hostel Block B
I03821,U0197,Textbook — Pearson #3821,Book,Textbook,Pearson,GOOD,GIVEAWAY,BORROWED,1050,2026-03-23,2026-08-01,Hostel Block C
I03822,U0741,USB Flash Drive — SanDisk #3822,Storage,USB Flash Drive,SanDisk,GOOD,BORROW,AVAILABLE,700,2026-08-22,2026-11-14,Hostel Block D
I03823,U0934,Scientific Calculator — Texas Instruments #3823,Academic,Scientific Calculator,Texas Instruments,FAIR,GIVEAWAY,AVAILABLE,1050,2026-02-02,2026-04-19,Innovation Lab
I03824,U0260,Lab Coat — Generic #3824,Clothing,Lab Coat,Generic,GOOD,SELL,INACTIVE,1050,2026-01-16,2026-06-15,ECE Lab
I03825,U0718,Power Bank — MI #3825,Accessory,Power Bank,MI,EXCELLENT,GIVEAWAY,AVAILABLE,1200,2025-11-21,2026-04-28,Mechanical Lab
I03826,U0005,HDMI Cable — UGREEN #3826,Cable,HDMI Cable,UGREEN,GOOD,BORROW,BORROWED,700,2026-02-26,2026-05-28,Architecture Studio
I03827,U0531,Drawing Board — Camel #3827,Equipment,Drawing Board,Camel,GOOD,SELL,AVAILABLE,1050,2026-08-05,2026-12-15,CS Department
I03828,U0659,Ethernet Cable — D-Link #3828,Cable,Ethernet Cable,D-Link,FAIR,BORROW,AVAILABLE,300,2025-11-08,2026-04-30,Main Block
I03829,U0758,Extension Board — Philips #3829,Electronics,Extension Board,Philips,GOOD,SELL,RETURNED,1500,2026-08-11,2026-11-28,Central Library
I03830,U0710,Breadboard Kit — Generic #3830,Lab Equipment,Breadboard Kit,Generic,EXCELLENT,SWAP,AVAILABLE,400,2025-09-21,2026-01-01,Student Centre
I03831,U0789,Presentation Clicker — Logitech #3831,Accessory,Presentation Clicker,Logitech,GOOD,BORROW,BORROWED,2000,2025-09-06,2025-12-04,Hostel Block A
I03832,U0914,Arduino Kit — Arduino #3832,Lab Equipment,Arduino Kit,Arduino,EXCELLENT,SELL,AVAILABLE,3300,2026-08-19,2027-01-10,Hostel Block B
I03833,U0210,Safety Goggles — 3M #3833,Safety Equipment,Safety Goggles,3M,EXCELLENT,SELL,BORROWED,600,2026-07-16,2026-10-18,Hostel Block C
I03834,U0901,Webcam — Logitech #3834,Electronics,Webcam,Logitech,GOOD,BORROW,BORROWED,1800,2026-03-22,2026-08-12,Hostel Block D
I03835,U0556,Graph Paper Pack — Classmate #3835,Stationery,Graph Paper Pack,Classmate,GOOD,BORROW,RESERVED,200,2026-03-25,2026-07-24,Innovation Lab
I03836,U0061,Soldering Iron Kit — Weller #3836,Lab Equipment,Soldering Iron Kit,Weller,GOOD,GIVEAWAY,AVAILABLE,2750,2026-04-22,2026-09-07,ECE Lab
I03837,U0082,Screwdriver Set — Bosch #3837,Equipment,Screwdriver Set,Bosch,GOOD,SWAP,AVAILABLE,1750,2026-08-21,2027-02-10,Mechanical Lab
I03838,U0751,Python Programming Book — O'Reilly #3838,Book,Python Programming Book,O'Reilly,GOOD,BORROW,AVAILABLE,750,2026-01-15,2026-06-15,Architecture Studio
I03839,U0527,Vernier Caliper — Mitutoyo #3839,Lab Equipment,Vernier Caliper,Mitutoyo,GOOD,BORROW,AVAILABLE,1000,2025-09-12,2026-02-21,CS Department
I03840,U0194,Calculator — CASIO #3840,Academic,Calculator,CASIO,GOOD,BORROW,AVAILABLE,550,2026-01-07,2026-03-12,Main Block
I03841,U0278,Bluetooth Keyboard — Logitech #3841,Accessory,Bluetooth Keyboard,Logitech,FAIR,BORROW,RESERVED,2800,2026-02-02,2026-04-09,Central Library
I03842,U0998,External Hard Drive — WD #3842,Storage,External Hard Drive,WD,GOOD,GIVEAWAY,BORROWED,6200,2025-08-17,2025-10-17,Student Centre
I03843,U0819,USB-C Charger — Anker #3843,Electronics,USB-C Charger,Anker,EXCELLENT,GIVEAWAY,AVAILABLE,950,2026-04-27,2026-06-28,Hostel Block A
I03844,U0971,Engineering Drawing Kit — Staedtler #3844,Equipment,Engineering Drawing Kit,Staedtler,EXCELLENT,BORROW,RETURNED,2000,2025-09-04,2025-11-06,Hostel Block B
I03845,U0182,Tripod — Digitek #3845,Equipment,Tripod,Digitek,GOOD,SELL,AVAILABLE,1050,2026-05-07,2026-07-20,Hostel Block C
I03846,U0783,Digital Multimeter — Meco #3846,Lab Equipment,Digital Multimeter,Meco,FAIR,SELL,AVAILABLE,1250,2026-08-12,2026-11-29,Hostel Block D
I03847,U0345,College Backpack — Wildcraft #3847,Bag,College Backpack,Wildcraft,FAIR,SWAP,AVAILABLE,1750,2025-10-08,2026-03-29,Innovation Lab
I03848,U0256,Headphones — JBL #3848,Electronics,Headphones,JBL,FAIR,SWAP,AVAILABLE,3200,2026-06-30,2026-10-15,ECE Lab
I03849,U0829,Mechanical Drawing Set — Rotring #3849,Stationery,Mechanical Drawing Set,Rotring,EXCELLENT,SELL,RETURNED,1000,2026-05-29,2026-07-09,Mechanical Lab
I03850,U0622,Desk Lamp — Philips #3850,Accessory,Desk Lamp,Philips,GOOD,BORROW,AVAILABLE,1150,2025-09-25,2025-12-12,Architecture Studio
I03851,U0899,Textbook — Pearson #3851,Book,Textbook,Pearson,GOOD,BORROW,AVAILABLE,300,2026-04-24,2026-10-12,CS Department
I03852,U0109,USB Flash Drive — SanDisk #3852,Storage,USB Flash Drive,SanDisk,GOOD,BORROW,AVAILABLE,900,2026-08-16,2026-11-16,Main Block
I03853,U0545,Scientific Calculator — Texas Instruments #3853,Academic,Scientific Calculator,Texas Instruments,GOOD,GIVEAWAY,AVAILABLE,2250,2026-06-02,2026-08-31,Central Library
I03854,U0272,Lab Coat — Generic #3854,Clothing,Lab Coat,Generic,GOOD,BORROW,INACTIVE,750,2025-12-14,2026-03-16,Student Centre
I03855,U0395,Power Bank — MI #3855,Accessory,Power Bank,MI,GOOD,BORROW,AVAILABLE,750,2025-08-26,2025-10-22,Hostel Block A
I03856,U0621,HDMI Cable — UGREEN #3856,Cable,HDMI Cable,UGREEN,GOOD,BORROW,AVAILABLE,750,2025-08-20,2025-09-20,Hostel Block B
I03857,U0575,Drawing Board — Camel #3857,Equipment,Drawing Board,Camel,GOOD,BORROW,AVAILABLE,650,2026-07-18,2026-12-17,Hostel Block C
I03858,U0892,Ethernet Cable — D-Link #3858,Cable,Ethernet Cable,D-Link,GOOD,GIVEAWAY,RESERVED,500,2026-04-20,2026-05-23,Hostel Block D
I03859,U0539,Extension Board — Philips #3859,Electronics,Extension Board,Philips,GOOD,SELL,RESERVED,350,2025-09-28,2026-01-04,Innovation Lab
I03860,U0139,Breadboard Kit — Generic #3860,Lab Equipment,Breadboard Kit,Generic,EXCELLENT,GIVEAWAY,AVAILABLE,450,2025-08-13,2025-10-15,ECE Lab
I03861,U0378,Presentation Clicker — Logitech #3861,Accessory,Presentation Clicker,Logitech,GOOD,BORROW,AVAILABLE,2000,2025-10-27,2026-02-19,Mechanical Lab
I03862,U0275,Arduino Kit — Arduino #3862,Lab Equipment,Arduino Kit,Arduino,GOOD,SELL,AVAILABLE,2850,2025-10-27,2026-02-19,Architecture Studio
I03863,U0165,Safety Goggles — 3M #3863,Safety Equipment,Safety Goggles,3M,GOOD,BORROW,AVAILABLE,700,2026-09-14,2026-12-31,CS Department
I03864,U0114,Webcam — Logitech #3864,Electronics,Webcam,Logitech,NEW,GIVEAWAY,BORROWED,1550,2026-01-06,2026-06-13,Main Block
I03865,U0898,Graph Paper Pack — Classmate #3865,Stationery,Graph Paper Pack,Classmate,GOOD,GIVEAWAY,AVAILABLE,150,2026-09-23,2027-02-14,Central Library
I03866,U0200,Soldering Iron Kit — Weller #3866,Lab Equipment,Soldering Iron Kit,Weller,GOOD,BORROW,INACTIVE,2300,2026-09-22,2026-12-07,Student Centre
I03867,U0224,Screwdriver Set — Bosch #3867,Equipment,Screwdriver Set,Bosch,EXCELLENT,SWAP,AVAILABLE,1650,2026-06-18,2026-07-24,Hostel Block A
I03868,U0076,Python Programming Book — O'Reilly #3868,Book,Python Programming Book,O'Reilly,GOOD,BORROW,AVAILABLE,1250,2026-05-24,2026-09-13,Hostel Block B
I03869,U0653,Vernier Caliper — Mitutoyo #3869,Lab Equipment,Vernier Caliper,Mitutoyo,GOOD,GIVEAWAY,BORROWED,1100,2026-09-22,2026-12-20,Hostel Block C
I03870,U0095,Calculator — CASIO #3870,Academic,Calculator,CASIO,GOOD,SWAP,AVAILABLE,350,2025-12-22,2026-06-06,Hostel Block D
I03871,U0656,Bluetooth Keyboard — Logitech #3871,Accessory,Bluetooth Keyboard,Logitech,FAIR,SWAP,BORROWED,1850,2026-01-25,2026-04-01,Innovation Lab
I03872,U0757,External Hard Drive — WD #3872,Storage,External Hard Drive,WD,GOOD,GIVEAWAY,BORROWED,6000,2026-05-31,2026-08-25,ECE Lab
I03873,U0676,USB-C Charger — Anker #3873,Electronics,USB-C Charger,Anker,EXCELLENT,BORROW,AVAILABLE,1550,2025-10-25,2026-01-30,Mechanical Lab
I03874,U0231,Engineering Drawing Kit — Staedtler #3874,Equipment,Engineering Drawing Kit,Staedtler,FAIR,BORROW,RESERVED,2150,2026-09-16,2027-02-11,Architecture Studio
I03875,U0527,Tripod — Digitek #3875,Equipment,Tripod,Digitek,EXCELLENT,SWAP,AVAILABLE,1400,2025-10-13,2026-03-15,CS Department
I03876,U0200,Digital Multimeter — Meco #3876,Lab Equipment,Digital Multimeter,Meco,GOOD,BORROW,AVAILABLE,600,2026-04-11,2026-09-23,Main Block
I03877,U0745,College Backpack — Wildcraft #3877,Bag,College Backpack,Wildcraft,GOOD,BORROW,AVAILABLE,500,2025-11-30,2026-01-13,Central Library
I03878,U0312,Headphones — JBL #3878,Electronics,Headphones,JBL,GOOD,BORROW,BORROWED,3050,2026-05-15,2026-10-08,Student Centre
I03879,U0968,Mechanical Drawing Set — Rotring #3879,Stationery,Mechanical Drawing Set,Rotring,GOOD,SELL,RETURNED,750,2026-06-14,2026-11-08,Hostel Block A
I03880,U0627,Desk Lamp — Philips #3880,Accessory,Desk Lamp,Philips,EXCELLENT,GIVEAWAY,AVAILABLE,700,2025-10-06,2026-03-03,Hostel Block B
I03881,U0940,Textbook — Pearson #3881,Book,Textbook,Pearson,FAIR,SWAP,RESERVED,900,2026-09-06,2027-02-21,Hostel Block C
I03882,U0293,USB Flash Drive — SanDisk #3882,Storage,USB Flash Drive,SanDisk,GOOD,SWAP,AVAILABLE,700,2025-12-06,2026-03-17,Hostel Block D
I03883,U0386,Scientific Calculator — Texas Instruments #3883,Academic,Scientific Calculator,Texas Instruments,NEW,BORROW,BORROWED,1200,2026-06-08,2026-09-12,Innovation Lab
I03884,U0319,Lab Coat — Generic #3884,Clothing,Lab Coat,Generic,NEW,SWAP,AVAILABLE,500,2026-08-05,2026-10-17,ECE Lab
I03885,U0957,Power Bank — MI #3885,Accessory,Power Bank,MI,GOOD,BORROW,AVAILABLE,1100,2025-09-28,2025-11-24,Mechanical Lab
I03886,U0832,HDMI Cable — UGREEN #3886,Cable,HDMI Cable,UGREEN,EXCELLENT,GIVEAWAY,AVAILABLE,400,2025-08-22,2025-10-18,Architecture Studio
I03887,U0872,Drawing Board — Camel #3887,Equipment,Drawing Board,Camel,EXCELLENT,BORROW,AVAILABLE,1600,2026-09-16,2027-02-08,CS Department
I03888,U0609,Ethernet Cable — D-Link #3888,Cable,Ethernet Cable,D-Link,GOOD,BORROW,RETURNED,300,2026-01-12,2026-05-12,Main Block
I03889,U0480,Extension Board — Philips #3889,Electronics,Extension Board,Philips,NEW,GIVEAWAY,BORROWED,400,2026-03-26,2026-07-09,Central Library
I03890,U0347,Breadboard Kit — Generic #3890,Lab Equipment,Breadboard Kit,Generic,GOOD,SWAP,AVAILABLE,400,2026-04-08,2026-05-27,Student Centre
I03891,U0210,Presentation Clicker — Logitech #3891,Accessory,Presentation Clicker,Logitech,EXCELLENT,SELL,AVAILABLE,2050,2025-12-31,2026-06-06,Hostel Block A
I03892,U0511,Arduino Kit — Arduino #3892,Lab Equipment,Arduino Kit,Arduino,GOOD,BORROW,AVAILABLE,3350,2026-02-17,2026-06-11,Hostel Block B
I03893,U0562,Safety Goggles — 3M #3893,Safety Equipment,Safety Goggles,3M,EXCELLENT,GIVEAWAY,RETURNED,150,2026-02-01,2026-03-03,Hostel Block C
I03894,U0891,Webcam — Logitech #3894,Electronics,Webcam,Logitech,EXCELLENT,BORROW,AVAILABLE,3600,2025-11-27,2026-02-08,Hostel Block D
I03895,U0947,Graph Paper Pack — Classmate #3895,Stationery,Graph Paper Pack,Classmate,GOOD,BORROW,BORROWED,100,2025-11-07,2026-04-15,Innovation Lab
I03896,U0978,Soldering Iron Kit — Weller #3896,Lab Equipment,Soldering Iron Kit,Weller,GOOD,BORROW,AVAILABLE,700,2026-05-24,2026-07-31,ECE Lab
I03897,U0175,Screwdriver Set — Bosch #3897,Equipment,Screwdriver Set,Bosch,GOOD,SELL,BORROWED,1250,2025-08-07,2025-12-30,Mechanical Lab
I03898,U0922,Python Programming Book — O'Reilly #3898,Book,Python Programming Book,O'Reilly,GOOD,BORROW,AVAILABLE,700,2025-08-15,2025-09-29,Architecture Studio
I03899,U0823,Vernier Caliper — Mitutoyo #3899,Lab Equipment,Vernier Caliper,Mitutoyo,GOOD,SELL,INACTIVE,1950,2026-06-29,2026-07-30,CS Department
I03900,U0283,Calculator — CASIO #3900,Academic,Calculator,CASIO,FAIR,SWAP,AVAILABLE,950,2025-08-12,2026-01-05,Main Block
I03901,U0184,Bluetooth Keyboard — Logitech #3901,Accessory,Bluetooth Keyboard,Logitech,GOOD,SWAP,RETURNED,3400,2026-04-02,2026-05-02,Central Library
I03902,U0992,External Hard Drive — WD #3902,Storage,External Hard Drive,WD,GOOD,GIVEAWAY,RETURNED,6150,2026-03-31,2026-05-12,Student Centre
I03903,U0352,USB-C Charger — Anker #3903,Electronics,USB-C Charger,Anker,GOOD,BORROW,AVAILABLE,650,2026-09-01,2027-02-21,Hostel Block A
I03904,U0821,Engineering Drawing Kit — Staedtler #3904,Equipment,Engineering Drawing Kit,Staedtler,GOOD,BORROW,RESERVED,600,2026-01-27,2026-07-08,Hostel Block B
I03905,U0022,Tripod — Digitek #3905,Equipment,Tripod,Digitek,FAIR,GIVEAWAY,INACTIVE,750,2025-12-21,2026-02-09,Hostel Block C
I03906,U0187,Digital Multimeter — Meco #3906,Lab Equipment,Digital Multimeter,Meco,GOOD,GIVEAWAY,AVAILABLE,1100,2026-09-19,2026-11-03,Hostel Block D
I03907,U0559,College Backpack — Wildcraft #3907,Bag,College Backpack,Wildcraft,FAIR,SWAP,RETURNED,1700,2025-09-28,2026-01-30,Innovation Lab
I03908,U0907,Headphones — JBL #3908,Electronics,Headphones,JBL,EXCELLENT,GIVEAWAY,RETURNED,1550,2026-02-12,2026-07-10,ECE Lab
I03909,U0355,Mechanical Drawing Set — Rotring #3909,Stationery,Mechanical Drawing Set,Rotring,EXCELLENT,SELL,RETURNED,2050,2025-08-12,2025-12-17,Mechanical Lab
I03910,U0978,Desk Lamp — Philips #3910,Accessory,Desk Lamp,Philips,EXCELLENT,GIVEAWAY,AVAILABLE,550,2026-06-29,2026-11-29,Architecture Studio
I03911,U0017,Textbook — Pearson #3911,Book,Textbook,Pearson,GOOD,BORROW,AVAILABLE,1150,2025-08-18,2025-12-19,CS Department
I03912,U0484,USB Flash Drive — SanDisk #3912,Storage,USB Flash Drive,SanDisk,GOOD,GIVEAWAY,AVAILABLE,1100,2026-05-01,2026-10-14,Main Block
I03913,U0322,Scientific Calculator — Texas Instruments #3913,Academic,Scientific Calculator,Texas Instruments,GOOD,SWAP,RETURNED,1400,2026-08-10,2026-11-01,Central Library
I03914,U0151,Lab Coat — Generic #3914,Clothing,Lab Coat,Generic,EXCELLENT,BORROW,AVAILABLE,750,2025-11-01,2026-04-01,Student Centre
I03915,U0156,Power Bank — MI #3915,Accessory,Power Bank,MI,GOOD,BORROW,AVAILABLE,2050,2025-11-19,2026-02-12,Hostel Block A
I03916,U0511,HDMI Cable — UGREEN #3916,Cable,HDMI Cable,UGREEN,NEW,GIVEAWAY,AVAILABLE,650,2026-02-21,2026-05-18,Hostel Block B
I03917,U0550,Drawing Board — Camel #3917,Equipment,Drawing Board,Camel,GOOD,BORROW,AVAILABLE,1700,2025-09-14,2025-10-15,Hostel Block C
I03918,U0193,Ethernet Cable — D-Link #3918,Cable,Ethernet Cable,D-Link,GOOD,SWAP,AVAILABLE,150,2026-04-02,2026-08-03,Hostel Block D
I03919,U0725,Extension Board — Philips #3919,Electronics,Extension Board,Philips,GOOD,SWAP,AVAILABLE,1000,2026-09-01,2027-01-08,Innovation Lab
I03920,U0830,Breadboard Kit — Generic #3920,Lab Equipment,Breadboard Kit,Generic,NEW,SELL,RETURNED,450,2026-06-11,2026-09-03,ECE Lab
I03921,U0080,Presentation Clicker — Logitech #3921,Accessory,Presentation Clicker,Logitech,GOOD,GIVEAWAY,AVAILABLE,2000,2025-08-29,2026-02-04,Mechanical Lab
I03922,U0713,Arduino Kit — Arduino #3922,Lab Equipment,Arduino Kit,Arduino,NEW,SWAP,AVAILABLE,3200,2025-08-11,2025-09-28,Architecture Studio
I03923,U0841,Safety Goggles — 3M #3923,Safety Equipment,Safety Goggles,3M,GOOD,SWAP,RETURNED,550,2025-08-29,2025-10-22,CS Department
I03924,U0500,Webcam — Logitech #3924,Electronics,Webcam,Logitech,GOOD,BORROW,AVAILABLE,3000,2026-04-01,2026-08-27,Main Block
I03925,U0807,Graph Paper Pack — Classmate #3925,Stationery,Graph Paper Pack,Classmate,EXCELLENT,SELL,RETURNED,150,2025-09-19,2025-12-08,Central Library
I03926,U0920,Soldering Iron Kit — Weller #3926,Lab Equipment,Soldering Iron Kit,Weller,NEW,BORROW,RETURNED,2900,2026-07-14,2026-08-23,Student Centre
I03927,U0811,Screwdriver Set — Bosch #3927,Equipment,Screwdriver Set,Bosch,EXCELLENT,GIVEAWAY,AVAILABLE,350,2026-01-06,2026-04-03,Hostel Block A
I03928,U0802,Python Programming Book — O'Reilly #3928,Book,Python Programming Book,O'Reilly,EXCELLENT,SWAP,AVAILABLE,1650,2026-02-28,2026-05-29,Hostel Block B
I03929,U0472,Vernier Caliper — Mitutoyo #3929,Lab Equipment,Vernier Caliper,Mitutoyo,GOOD,BORROW,INACTIVE,4350,2026-08-14,2026-11-02,Hostel Block C
I03930,U0723,Calculator — CASIO #3930,Academic,Calculator,CASIO,EXCELLENT,SELL,AVAILABLE,1250,2025-10-04,2026-02-02,Hostel Block D
I03931,U0774,Bluetooth Keyboard — Logitech #3931,Accessory,Bluetooth Keyboard,Logitech,GOOD,GIVEAWAY,INACTIVE,1750,2025-12-02,2026-03-10,Innovation Lab
I03932,U0345,External Hard Drive — WD #3932,Storage,External Hard Drive,WD,GOOD,GIVEAWAY,INACTIVE,4100,2026-02-19,2026-05-08,ECE Lab
I03933,U0551,USB-C Charger — Anker #3933,Electronics,USB-C Charger,Anker,NEW,BORROW,INACTIVE,2450,2026-02-06,2026-07-10,Mechanical Lab
I03934,U0261,Engineering Drawing Kit — Staedtler #3934,Equipment,Engineering Drawing Kit,Staedtler,GOOD,GIVEAWAY,AVAILABLE,2050,2025-08-23,2025-09-27,Architecture Studio
I03935,U0146,Tripod — Digitek #3935,Equipment,Tripod,Digitek,GOOD,BORROW,AVAILABLE,1500,2026-05-15,2026-06-17,CS Department
I03936,U0052,Digital Multimeter — Meco #3936,Lab Equipment,Digital Multimeter,Meco,GOOD,BORROW,AVAILABLE,1350,2026-08-08,2027-02-02,Main Block
I03937,U0237,College Backpack — Wildcraft #3937,Bag,College Backpack,Wildcraft,GOOD,SWAP,AVAILABLE,950,2026-02-14,2026-03-19,Central Library
I03938,U0627,Headphones — JBL #3938,Electronics,Headphones,JBL,GOOD,BORROW,RESERVED,1000,2026-05-15,2026-06-30,Student Centre
I03939,U0413,Mechanical Drawing Set — Rotring #3939,Stationery,Mechanical Drawing Set,Rotring,FAIR,SELL,RESERVED,1450,2026-05-18,2026-09-18,Hostel Block A
I03940,U0693,Desk Lamp — Philips #3940,Accessory,Desk Lamp,Philips,GOOD,SELL,BORROWED,750,2025-10-10,2026-03-23,Hostel Block B
I03941,U0713,Textbook — Pearson #3941,Book,Textbook,Pearson,GOOD,GIVEAWAY,AVAILABLE,550,2026-07-07,2026-08-21,Hostel Block C
I03942,U0671,USB Flash Drive — SanDisk #3942,Storage,USB Flash Drive,SanDisk,EXCELLENT,GIVEAWAY,AVAILABLE,900,2026-01-31,2026-03-26,Hostel Block D
I03943,U0780,Scientific Calculator — Texas Instruments #3943,Academic,Scientific Calculator,Texas Instruments,GOOD,SWAP,AVAILABLE,600,2026-09-04,2027-02-17,Innovation Lab
I03944,U0135,Lab Coat — Generic #3944,Clothing,Lab Coat,Generic,EXCELLENT,SWAP,RETURNED,400,2026-09-09,2027-01-12,ECE Lab
I03945,U0106,Power Bank — MI #3945,Accessory,Power Bank,MI,FAIR,SWAP,BORROWED,1250,2026-02-11,2026-07-01,Mechanical Lab
I03946,U0102,HDMI Cable — UGREEN #3946,Cable,HDMI Cable,UGREEN,EXCELLENT,SWAP,AVAILABLE,550,2026-07-08,2026-12-27,Architecture Studio
I03947,U0626,Drawing Board — Camel #3947,Equipment,Drawing Board,Camel,NEW,SWAP,AVAILABLE,600,2025-08-26,2026-01-29,CS Department
I03948,U0208,Ethernet Cable — D-Link #3948,Cable,Ethernet Cable,D-Link,EXCELLENT,SWAP,AVAILABLE,200,2026-09-07,2027-02-19,Main Block
I03949,U0958,Extension Board — Philips #3949,Electronics,Extension Board,Philips,FAIR,BORROW,INACTIVE,450,2025-09-24,2026-01-28,Central Library
I03950,U0968,Breadboard Kit — Generic #3950,Lab Equipment,Breadboard Kit,Generic,GOOD,SWAP,AVAILABLE,550,2025-08-28,2025-11-08,Student Centre
I03951,U0190,Presentation Clicker — Logitech #3951,Accessory,Presentation Clicker,Logitech,FAIR,SWAP,AVAILABLE,1750,2026-01-18,2026-06-05,Hostel Block A
I03952,U0357,Arduino Kit — Arduino #3952,Lab Equipment,Arduino Kit,Arduino,EXCELLENT,GIVEAWAY,BORROWED,1600,2026-08-06,2026-10-24,Hostel Block B
I03953,U0041,Safety Goggles — 3M #3953,Safety Equipment,Safety Goggles,3M,NEW,BORROW,AVAILABLE,350,2026-09-02,2026-11-20,Hostel Block C
I03954,U0268,Webcam — Logitech #3954,Electronics,Webcam,Logitech,EXCELLENT,BORROW,AVAILABLE,3700,2026-04-27,2026-08-07,Hostel Block D
I03955,U0655,Graph Paper Pack — Classmate #3955,Stationery,Graph Paper Pack,Classmate,EXCELLENT,SWAP,AVAILABLE,200,2025-10-22,2026-01-31,Innovation Lab
I03956,U0515,Soldering Iron Kit — Weller #3956,Lab Equipment,Soldering Iron Kit,Weller,FAIR,BORROW,AVAILABLE,3250,2026-05-09,2026-10-19,ECE Lab
I03957,U0490,Screwdriver Set — Bosch #3957,Equipment,Screwdriver Set,Bosch,GOOD,BORROW,AVAILABLE,1100,2026-07-30,2026-10-11,Mechanical Lab
I03958,U0539,Python Programming Book — O'Reilly #3958,Book,Python Programming Book,O'Reilly,EXCELLENT,SWAP,AVAILABLE,500,2026-07-03,2026-10-28,Architecture Studio
I03959,U0126,Vernier Caliper — Mitutoyo #3959,Lab Equipment,Vernier Caliper,Mitutoyo,FAIR,GIVEAWAY,AVAILABLE,1950,2025-11-04,2026-01-03,CS Department
I03960,U0473,Calculator — CASIO #3960,Academic,Calculator,CASIO,EXCELLENT,SWAP,RESERVED,450,2026-04-06,2026-05-28,Main Block
I03961,U0476,Bluetooth Keyboard — Logitech #3961,Accessory,Bluetooth Keyboard,Logitech,GOOD,SELL,BORROWED,2600,2025-10-12,2025-11-26,Central Library
I03962,U0004,External Hard Drive — WD #3962,Storage,External Hard Drive,WD,GOOD,SWAP,INACTIVE,4200,2025-12-12,2026-04-15,Student Centre
I03963,U0927,USB-C Charger — Anker #3963,Electronics,USB-C Charger,Anker,GOOD,SWAP,AVAILABLE,1600,2025-08-13,2026-01-23,Hostel Block A
I03964,U0991,Engineering Drawing Kit — Staedtler #3964,Equipment,Engineering Drawing Kit,Staedtler,FAIR,BORROW,BORROWED,550,2026-04-25,2026-07-21,Hostel Block B
I03965,U0328,Tripod — Digitek #3965,Equipment,Tripod,Digitek,EXCELLENT,SELL,RETURNED,1300,2026-03-30,2026-09-09,Hostel Block C
I03966,U0992,Digital Multimeter — Meco #3966,Lab Equipment,Digital Multimeter,Meco,GOOD,GIVEAWAY,RETURNED,1750,2026-04-17,2026-07-31,Hostel Block D
I03967,U0245,College Backpack — Wildcraft #3967,Bag,College Backpack,Wildcraft,NEW,SELL,AVAILABLE,750,2026-05-22,2026-08-06,Innovation Lab
I03968,U0932,Headphones — JBL #3968,Electronics,Headphones,JBL,EXCELLENT,SWAP,AVAILABLE,3300,2026-07-13,2027-01-08,ECE Lab
I03969,U0444,Mechanical Drawing Set — Rotring #3969,Stationery,Mechanical Drawing Set,Rotring,GOOD,SWAP,AVAILABLE,950,2025-12-17,2026-04-29,Mechanical Lab
I03970,U0503,Desk Lamp — Philips #3970,Accessory,Desk Lamp,Philips,GOOD,BORROW,AVAILABLE,1150,2026-04-30,2026-10-16,Architecture Studio
I03971,U0292,Textbook — Pearson #3971,Book,Textbook,Pearson,EXCELLENT,BORROW,RETURNED,900,2026-07-23,2026-12-01,CS Department
I03972,U0232,USB Flash Drive — SanDisk #3972,Storage,USB Flash Drive,SanDisk,FAIR,BORROW,RESERVED,400,2026-02-16,2026-04-18,Main Block
I03973,U0750,Scientific Calculator — Texas Instruments #3973,Academic,Scientific Calculator,Texas Instruments,GOOD,GIVEAWAY,AVAILABLE,2000,2025-12-02,2026-01-14,Central Library
I03974,U0916,Lab Coat — Generic #3974,Clothing,Lab Coat,Generic,FAIR,SWAP,AVAILABLE,950,2025-10-27,2025-12-15,Student Centre
I03975,U0049,Power Bank — MI #3975,Accessory,Power Bank,MI,GOOD,BORROW,AVAILABLE,900,2026-07-15,2026-10-12,Hostel Block A
I03976,U0011,HDMI Cable — UGREEN #3976,Cable,HDMI Cable,UGREEN,EXCELLENT,BORROW,INACTIVE,300,2025-11-27,2026-04-25,Hostel Block B
I03977,U0105,Drawing Board — Camel #3977,Equipment,Drawing Board,Camel,GOOD,BORROW,AVAILABLE,1250,2026-03-05,2026-06-05,Hostel Block C
I03978,U0138,Ethernet Cable — D-Link #3978,Cable,Ethernet Cable,D-Link,EXCELLENT,GIVEAWAY,AVAILABLE,400,2026-03-05,2026-08-31,Hostel Block D
I03979,U0182,Extension Board — Philips #3979,Electronics,Extension Board,Philips,GOOD,BORROW,RESERVED,500,2026-04-19,2026-08-13,Innovation Lab
I03980,U0195,Breadboard Kit — Generic #3980,Lab Equipment,Breadboard Kit,Generic,GOOD,BORROW,AVAILABLE,500,2026-09-19,2026-11-08,ECE Lab
I03981,U0243,Presentation Clicker — Logitech #3981,Accessory,Presentation Clicker,Logitech,GOOD,BORROW,AVAILABLE,2050,2026-06-10,2026-10-17,Mechanical Lab
I03982,U0532,Arduino Kit — Arduino #3982,Lab Equipment,Arduino Kit,Arduino,EXCELLENT,BORROW,AVAILABLE,2300,2025-11-17,2025-12-27,Architecture Studio
I03983,U0448,Safety Goggles — 3M #3983,Safety Equipment,Safety Goggles,3M,GOOD,BORROW,BORROWED,450,2025-08-27,2025-12-30,CS Department
I03984,U0104,Webcam — Logitech #3984,Electronics,Webcam,Logitech,NEW,BORROW,RETURNED,2400,2026-07-14,2026-11-04,Main Block
I03985,U0700,Graph Paper Pack — Classmate #3985,Stationery,Graph Paper Pack,Classmate,GOOD,BORROW,RETURNED,200,2025-08-24,2026-02-07,Central Library
I03986,U0349,Soldering Iron Kit — Weller #3986,Lab Equipment,Soldering Iron Kit,Weller,EXCELLENT,SWAP,AVAILABLE,2600,2026-01-10,2026-05-25,Student Centre
I03987,U0072,Screwdriver Set — Bosch #3987,Equipment,Screwdriver Set,Bosch,GOOD,GIVEAWAY,AVAILABLE,1600,2025-11-29,2026-01-15,Hostel Block A
I03988,U0099,Python Programming Book — O'Reilly #3988,Book,Python Programming Book,O'Reilly,GOOD,SWAP,AVAILABLE,1300,2025-10-24,2026-02-13,Hostel Block B
I03989,U0089,Vernier Caliper — Mitutoyo #3989,Lab Equipment,Vernier Caliper,Mitutoyo,NEW,GIVEAWAY,AVAILABLE,5150,2026-09-17,2026-11-25,Hostel Block C
I03990,U0755,Calculator — CASIO #3990,Academic,Calculator,CASIO,GOOD,BORROW,AVAILABLE,800,2026-08-15,2027-01-02,Hostel Block D
I03991,U0054,Bluetooth Keyboard — Logitech #3991,Accessory,Bluetooth Keyboard,Logitech,EXCELLENT,SWAP,AVAILABLE,1900,2026-06-27,2026-10-12,Innovation Lab
I03992,U0499,External Hard Drive — WD #3992,Storage,External Hard Drive,WD,NEW,BORROW,RESERVED,3350,2025-12-12,2026-02-24,ECE Lab
I03993,U0732,USB-C Charger — Anker #3993,Electronics,USB-C Charger,Anker,GOOD,BORROW,BORROWED,2050,2026-03-12,2026-04-21,Mechanical Lab
I03994,U0949,Engineering Drawing Kit — Staedtler #3994,Equipment,Engineering Drawing Kit,Staedtler,FAIR,SWAP,AVAILABLE,2400,2026-03-24,2026-05-27,Architecture Studio
I03995,U0755,Tripod — Digitek #3995,Equipment,Tripod,Digitek,GOOD,BORROW,RETURNED,1150,2025-10-19,2026-03-30,CS Department
I03996,U0293,Digital Multimeter — Meco #3996,Lab Equipment,Digital Multimeter,Meco,EXCELLENT,GIVEAWAY,RETURNED,1450,2026-01-25,2026-05-03,Main Block
I03997,U0242,College Backpack — Wildcraft #3997,Bag,College Backpack,Wildcraft,GOOD,SELL,RESERVED,1350,2026-08-07,2026-10-05,Central Library
I03998,U0779,Headphones — JBL #3998,Electronics,Headphones,JBL,EXCELLENT,GIVEAWAY,AVAILABLE,1100,2025-12-18,2026-02-15,Student Centre
I03999,U0097,Mechanical Drawing Set — Rotring #3999,Stationery,Mechanical Drawing Set,Rotring,FAIR,BORROW,AVAILABLE,750,2025-12-31,2026-05-16,Hostel Block A
I04000,U0557,Desk Lamp — Philips #4000,Accessory,Desk Lamp,Philips,GOOD,GIVEAWAY,INACTIVE,650,2026-05-02,2026-10-29,Hostel Block B
I04001,U0426,Textbook — Pearson #4001,Book,Textbook,Pearson,GOOD,SWAP,AVAILABLE,300,2026-05-24,2026-08-24,Hostel Block C
I04002,U0056,USB Flash Drive — SanDisk #4002,Storage,USB Flash Drive,SanDisk,GOOD,BORROW,AVAILABLE,650,2026-05-25,2026-07-06,Hostel Block D
I04003,U0299,Scientific Calculator — Texas Instruments #4003,Academic,Scientific Calculator,Texas Instruments,GOOD,SELL,AVAILABLE,2450,2025-09-21,2026-03-14,Innovation Lab
I04004,U0175,Lab Coat — Generic #4004,Clothing,Lab Coat,Generic,EXCELLENT,SWAP,AVAILABLE,700,2026-07-04,2026-08-31,ECE Lab
I04005,U0849,Power Bank — MI #4005,Accessory,Power Bank,MI,GOOD,GIVEAWAY,AVAILABLE,800,2025-08-16,2025-09-17,Mechanical Lab
I04006,U0772,HDMI Cable — UGREEN #4006,Cable,HDMI Cable,UGREEN,EXCELLENT,SWAP,AVAILABLE,250,2025-08-19,2025-12-08,Architecture Studio
I04007,U0191,Drawing Board — Camel #4007,Equipment,Drawing Board,Camel,GOOD,SELL,INACTIVE,1350,2026-02-23,2026-03-26,CS Department
I04008,U0748,Ethernet Cable — D-Link #4008,Cable,Ethernet Cable,D-Link,FAIR,SWAP,INACTIVE,350,2025-12-18,2026-04-01,Main Block
I04009,U0389,Extension Board — Philips #4009,Electronics,Extension Board,Philips,GOOD,BORROW,RETURNED,1000,2026-07-25,2026-10-27,Central Library
I04010,U0226,Breadboard Kit — Generic #4010,Lab Equipment,Breadboard Kit,Generic,FAIR,GIVEAWAY,AVAILABLE,250,2026-06-20,2026-08-03,Student Centre
I04011,U0534,Presentation Clicker — Logitech #4011,Accessory,Presentation Clicker,Logitech,GOOD,GIVEAWAY,AVAILABLE,650,2025-09-16,2025-12-31,Hostel Block A
I04012,U0281,Arduino Kit — Arduino #4012,Lab Equipment,Arduino Kit,Arduino,EXCELLENT,GIVEAWAY,RETURNED,3400,2026-06-14,2026-08-06,Hostel Block B
I04013,U0600,Safety Goggles — 3M #4013,Safety Equipment,Safety Goggles,3M,FAIR,BORROW,RETURNED,300,2025-09-30,2026-03-12,Hostel Block C
I04014,U0254,Webcam — Logitech #4014,Electronics,Webcam,Logitech,EXCELLENT,GIVEAWAY,AVAILABLE,3900,2026-05-09,2026-10-11,Hostel Block D
I04015,U0123,Graph Paper Pack — Classmate #4015,Stationery,Graph Paper Pack,Classmate,GOOD,SELL,AVAILABLE,100,2026-04-19,2026-08-11,Innovation Lab
I04016,U0943,Soldering Iron Kit — Weller #4016,Lab Equipment,Soldering Iron Kit,Weller,GOOD,GIVEAWAY,AVAILABLE,2700,2026-03-19,2026-05-08,ECE Lab
I04017,U0059,Screwdriver Set — Bosch #4017,Equipment,Screwdriver Set,Bosch,GOOD,SWAP,RETURNED,1100,2026-06-16,2026-09-17,Mechanical Lab
I04018,U0718,Python Programming Book — O'Reilly #4018,Book,Python Programming Book,O'Reilly,GOOD,SELL,AVAILABLE,900,2026-03-08,2026-05-31,Architecture Studio
I04019,U0179,Vernier Caliper — Mitutoyo #4019,Lab Equipment,Vernier Caliper,Mitutoyo,GOOD,SWAP,BORROWED,2550,2026-09-15,2026-11-13,CS Department
I04020,U0916,Calculator — CASIO #4020,Academic,Calculator,CASIO,EXCELLENT,SWAP,AVAILABLE,800,2026-03-03,2026-04-16,Main Block
I04021,U0640,Bluetooth Keyboard — Logitech #4021,Accessory,Bluetooth Keyboard,Logitech,GOOD,BORROW,BORROWED,1800,2025-09-03,2025-10-13,Central Library
I04022,U0694,External Hard Drive — WD #4022,Storage,External Hard Drive,WD,FAIR,BORROW,AVAILABLE,4450,2025-09-01,2026-01-16,Student Centre
I04023,U0112,USB-C Charger — Anker #4023,Electronics,USB-C Charger,Anker,GOOD,BORROW,RESERVED,1200,2026-01-19,2026-05-16,Hostel Block A
I04024,U0804,Engineering Drawing Kit — Staedtler #4024,Equipment,Engineering Drawing Kit,Staedtler,EXCELLENT,SWAP,AVAILABLE,2350,2025-11-10,2026-03-08,Hostel Block B
I04025,U0467,Tripod — Digitek #4025,Equipment,Tripod,Digitek,GOOD,BORROW,AVAILABLE,1200,2026-04-18,2026-10-10,Hostel Block C
I04026,U0369,Digital Multimeter — Meco #4026,Lab Equipment,Digital Multimeter,Meco,NEW,BORROW,AVAILABLE,1950,2026-02-02,2026-03-04,Hostel Block D
I04027,U0973,College Backpack — Wildcraft #4027,Bag,College Backpack,Wildcraft,GOOD,SWAP,BORROWED,950,2026-08-19,2026-09-30,Innovation Lab
I04028,U0958,Headphones — JBL #4028,Electronics,Headphones,JBL,EXCELLENT,BORROW,AVAILABLE,850,2026-06-10,2026-10-28,ECE Lab
I04029,U0235,Mechanical Drawing Set — Rotring #4029,Stationery,Mechanical Drawing Set,Rotring,EXCELLENT,SWAP,RETURNED,1850,2026-03-04,2026-08-17,Mechanical Lab
I04030,U0280,Desk Lamp — Philips #4030,Accessory,Desk Lamp,Philips,EXCELLENT,BORROW,INACTIVE,400,2025-08-05,2025-10-22,Architecture Studio
I04031,U0523,Textbook — Pearson #4031,Book,Textbook,Pearson,GOOD,BORROW,BORROWED,350,2026-03-02,2026-05-23,CS Department
I04032,U0557,USB Flash Drive — SanDisk #4032,Storage,USB Flash Drive,SanDisk,GOOD,SWAP,RESERVED,950,2026-02-06,2026-05-27,Main Block
I04033,U0322,Scientific Calculator — Texas Instruments #4033,Academic,Scientific Calculator,Texas Instruments,GOOD,BORROW,AVAILABLE,1500,2026-07-22,2026-10-06,Central Library
I04034,U0013,Lab Coat — Generic #4034,Clothing,Lab Coat,Generic,FAIR,BORROW,AVAILABLE,750,2025-08-23,2026-01-02,Student Centre
I04035,U0772,Power Bank — MI #4035,Accessory,Power Bank,MI,EXCELLENT,GIVEAWAY,AVAILABLE,2200,2026-04-18,2026-09-25,Hostel Block A
I04036,U0088,HDMI Cable — UGREEN #4036,Cable,HDMI Cable,UGREEN,GOOD,SELL,AVAILABLE,650,2026-01-17,2026-05-17,Hostel Block B
I04037,U0982,Drawing Board — Camel #4037,Equipment,Drawing Board,Camel,GOOD,GIVEAWAY,AVAILABLE,900,2025-09-10,2025-11-28,Hostel Block C
I04038,U0826,Ethernet Cable — D-Link #4038,Cable,Ethernet Cable,D-Link,GOOD,BORROW,AVAILABLE,250,2026-07-21,2026-10-29,Hostel Block D
I04039,U0055,Extension Board — Philips #4039,Electronics,Extension Board,Philips,GOOD,BORROW,AVAILABLE,900,2026-05-06,2026-08-22,Innovation Lab
I04040,U0042,Breadboard Kit — Generic #4040,Lab Equipment,Breadboard Kit,Generic,NEW,BORROW,AVAILABLE,550,2025-10-20,2026-01-29,ECE Lab
I04041,U0920,Presentation Clicker — Logitech #4041,Accessory,Presentation Clicker,Logitech,GOOD,GIVEAWAY,AVAILABLE,2200,2026-05-02,2026-07-11,Mechanical Lab
I04042,U0235,Arduino Kit — Arduino #4042,Lab Equipment,Arduino Kit,Arduino,FAIR,BORROW,RETURNED,900,2026-07-17,2026-09-06,Architecture Studio
I04043,U0717,Safety Goggles — 3M #4043,Safety Equipment,Safety Goggles,3M,EXCELLENT,GIVEAWAY,RESERVED,400,2025-08-01,2025-09-22,CS Department
I04044,U0095,Webcam — Logitech #4044,Electronics,Webcam,Logitech,GOOD,BORROW,AVAILABLE,2300,2025-10-02,2026-02-20,Main Block
I04045,U0974,Graph Paper Pack — Classmate #4045,Stationery,Graph Paper Pack,Classmate,GOOD,SWAP,AVAILABLE,150,2025-12-15,2026-03-19,Central Library
I04046,U0505,Soldering Iron Kit — Weller #4046,Lab Equipment,Soldering Iron Kit,Weller,GOOD,SWAP,AVAILABLE,1900,2025-09-14,2026-01-21,Student Centre
I04047,U0864,Screwdriver Set — Bosch #4047,Equipment,Screwdriver Set,Bosch,GOOD,BORROW,BORROWED,1050,2026-07-29,2026-11-12,Hostel Block A
I04048,U0374,Python Programming Book — O'Reilly #4048,Book,Python Programming Book,O'Reilly,EXCELLENT,GIVEAWAY,AVAILABLE,500,2025-09-08,2025-12-14,Hostel Block B
I04049,U0819,Vernier Caliper — Mitutoyo #4049,Lab Equipment,Vernier Caliper,Mitutoyo,EXCELLENT,BORROW,RESERVED,4850,2025-08-21,2025-10-10,Hostel Block C
I04050,U0253,Calculator — CASIO #4050,Academic,Calculator,CASIO,FAIR,BORROW,AVAILABLE,1300,2025-09-09,2025-11-03,Hostel Block D
I04051,U0074,Bluetooth Keyboard — Logitech #4051,Accessory,Bluetooth Keyboard,Logitech,GOOD,GIVEAWAY,RESERVED,950,2026-05-23,2026-09-10,Innovation Lab
I04052,U0583,External Hard Drive — WD #4052,Storage,External Hard Drive,WD,FAIR,BORROW,AVAILABLE,5500,2025-11-10,2026-02-08,ECE Lab
I04053,U0262,USB-C Charger — Anker #4053,Electronics,USB-C Charger,Anker,GOOD,SWAP,AVAILABLE,2400,2026-09-02,2026-12-13,Mechanical Lab
I04054,U0100,Engineering Drawing Kit — Staedtler #4054,Equipment,Engineering Drawing Kit,Staedtler,GOOD,SWAP,BORROWED,850,2025-09-05,2025-10-31,Architecture Studio
I04055,U0867,Tripod — Digitek #4055,Equipment,Tripod,Digitek,GOOD,SWAP,AVAILABLE,1000,2025-11-27,2026-05-17,CS Department
I04056,U0743,Digital Multimeter — Meco #4056,Lab Equipment,Digital Multimeter,Meco,GOOD,GIVEAWAY,AVAILABLE,550,2026-03-31,2026-05-25,Main Block
I04057,U0931,College Backpack — Wildcraft #4057,Bag,College Backpack,Wildcraft,GOOD,BORROW,AVAILABLE,2550,2025-08-28,2026-01-04,Central Library
I04058,U0021,Headphones — JBL #4058,Electronics,Headphones,JBL,FAIR,GIVEAWAY,AVAILABLE,2450,2026-01-07,2026-03-07,Student Centre
I04059,U0638,Mechanical Drawing Set — Rotring #4059,Stationery,Mechanical Drawing Set,Rotring,GOOD,BORROW,AVAILABLE,1250,2026-08-31,2026-12-15,Hostel Block A
I04060,U0785,Desk Lamp — Philips #4060,Accessory,Desk Lamp,Philips,GOOD,GIVEAWAY,AVAILABLE,1250,2026-04-26,2026-10-03,Hostel Block B
I04061,U0651,Textbook — Pearson #4061,Book,Textbook,Pearson,GOOD,BORROW,RETURNED,400,2026-02-11,2026-06-02,Hostel Block C
I04062,U0336,USB Flash Drive — SanDisk #4062,Storage,USB Flash Drive,SanDisk,GOOD,BORROW,AVAILABLE,1150,2026-04-09,2026-08-16,Hostel Block D
I04063,U0413,Scientific Calculator — Texas Instruments #4063,Academic,Scientific Calculator,Texas Instruments,GOOD,GIVEAWAY,RETURNED,1850,2026-01-09,2026-06-09,Innovation Lab
I04064,U0541,Lab Coat — Generic #4064,Clothing,Lab Coat,Generic,EXCELLENT,BORROW,RETURNED,750,2026-04-27,2026-06-11,ECE Lab
I04065,U0864,Power Bank — MI #4065,Accessory,Power Bank,MI,EXCELLENT,SWAP,AVAILABLE,1550,2026-09-23,2026-12-17,Mechanical Lab
I04066,U0083,HDMI Cable — UGREEN #4066,Cable,HDMI Cable,UGREEN,GOOD,SWAP,RETURNED,750,2026-07-27,2026-12-10,Architecture Studio
I04067,U0448,Drawing Board — Camel #4067,Equipment,Drawing Board,Camel,GOOD,SWAP,AVAILABLE,1400,2026-01-13,2026-04-17,CS Department
I04068,U0678,Ethernet Cable — D-Link #4068,Cable,Ethernet Cable,D-Link,NEW,BORROW,AVAILABLE,250,2026-08-18,2026-12-07,Main Block
I04069,U0493,Extension Board — Philips #4069,Electronics,Extension Board,Philips,FAIR,GIVEAWAY,AVAILABLE,1250,2026-05-24,2026-09-03,Central Library
I04070,U0739,Breadboard Kit — Generic #4070,Lab Equipment,Breadboard Kit,Generic,GOOD,SWAP,AVAILABLE,650,2025-10-28,2026-02-19,Student Centre
I04071,U0074,Presentation Clicker — Logitech #4071,Accessory,Presentation Clicker,Logitech,FAIR,GIVEAWAY,AVAILABLE,1900,2025-12-10,2026-02-01,Hostel Block A
I04072,U0421,Arduino Kit — Arduino #4072,Lab Equipment,Arduino Kit,Arduino,EXCELLENT,BORROW,RESERVED,3200,2025-09-21,2025-11-06,Hostel Block B
I04073,U0141,Safety Goggles — 3M #4073,Safety Equipment,Safety Goggles,3M,GOOD,BORROW,AVAILABLE,250,2026-07-24,2026-08-23,Hostel Block C
I04074,U0416,Webcam — Logitech #4074,Electronics,Webcam,Logitech,GOOD,GIVEAWAY,AVAILABLE,3200,2026-01-01,2026-06-27,Hostel Block D
I04075,U0884,Graph Paper Pack — Classmate #4075,Stationery,Graph Paper Pack,Classmate,NEW,GIVEAWAY,INACTIVE,150,2025-12-20,2026-03-17,Innovation Lab
I04076,U0661,Soldering Iron Kit — Weller #4076,Lab Equipment,Soldering Iron Kit,Weller,FAIR,SWAP,RETURNED,2500,2025-09-26,2026-03-17,ECE Lab
I04077,U0680,Screwdriver Set — Bosch #4077,Equipment,Screwdriver Set,Bosch,NEW,GIVEAWAY,RETURNED,350,2026-08-13,2027-01-28,Mechanical Lab
I04078,U0122,Python Programming Book — O'Reilly #4078,Book,Python Programming Book,O'Reilly,GOOD,GIVEAWAY,AVAILABLE,1750,2026-03-18,2026-04-22,Architecture Studio
I04079,U0044,Vernier Caliper — Mitutoyo #4079,Lab Equipment,Vernier Caliper,Mitutoyo,GOOD,GIVEAWAY,AVAILABLE,2800,2026-04-19,2026-05-22,CS Department
I04080,U0449,Calculator — CASIO #4080,Academic,Calculator,CASIO,FAIR,GIVEAWAY,AVAILABLE,1600,2025-11-25,2026-05-12,Main Block
I04081,U0243,Bluetooth Keyboard — Logitech #4081,Accessory,Bluetooth Keyboard,Logitech,GOOD,BORROW,AVAILABLE,2950,2025-12-04,2026-01-06,Central Library
I04082,U0528,External Hard Drive — WD #4082,Storage,External Hard Drive,WD,EXCELLENT,BORROW,BORROWED,5500,2026-04-12,2026-08-29,Student Centre
I04083,U0145,USB-C Charger — Anker #4083,Electronics,USB-C Charger,Anker,EXCELLENT,BORROW,BORROWED,1350,2026-08-11,2027-01-31,Hostel Block A
I04084,U0077,Engineering Drawing Kit — Staedtler #4084,Equipment,Engineering Drawing Kit,Staedtler,GOOD,BORROW,AVAILABLE,1500,2026-03-11,2026-07-06,Hostel Block B
I04085,U0441,Tripod — Digitek #4085,Equipment,Tripod,Digitek,EXCELLENT,BORROW,INACTIVE,950,2026-02-14,2026-08-05,Hostel Block C
I04086,U0874,Digital Multimeter — Meco #4086,Lab Equipment,Digital Multimeter,Meco,GOOD,SWAP,AVAILABLE,1100,2026-01-25,2026-04-17,Hostel Block D
I04087,U0124,College Backpack — Wildcraft #4087,Bag,College Backpack,Wildcraft,GOOD,BORROW,BORROWED,550,2025-11-30,2026-01-12,Innovation Lab
I04088,U0163,Headphones — JBL #4088,Electronics,Headphones,JBL,GOOD,BORROW,RETURNED,1750,2025-10-21,2026-04-14,ECE Lab
I04089,U0105,Mechanical Drawing Set — Rotring #4089,Stationery,Mechanical Drawing Set,Rotring,GOOD,BORROW,BORROWED,1900,2026-06-02,2026-08-29,Mechanical Lab
I04090,U0400,Desk Lamp — Philips #4090,Accessory,Desk Lamp,Philips,NEW,BORROW,RETURNED,400,2026-01-25,2026-03-23,Architecture Studio
I04091,U0828,Textbook — Pearson #4091,Book,Textbook,Pearson,GOOD,SWAP,AVAILABLE,1100,2026-05-04,2026-07-09,CS Department
I04092,U0588,USB Flash Drive — SanDisk #4092,Storage,USB Flash Drive,SanDisk,FAIR,BORROW,INACTIVE,600,2025-11-23,2026-01-01,Main Block
I04093,U0517,Scientific Calculator — Texas Instruments #4093,Academic,Scientific Calculator,Texas Instruments,GOOD,GIVEAWAY,AVAILABLE,1350,2026-03-04,2026-04-06,Central Library
I04094,U0482,Lab Coat — Generic #4094,Clothing,Lab Coat,Generic,GOOD,SWAP,AVAILABLE,1000,2025-08-24,2025-10-20,Student Centre
I04095,U0482,Power Bank — MI #4095,Accessory,Power Bank,MI,GOOD,SWAP,BORROWED,1950,2025-11-06,2026-04-28,Hostel Block A
I04096,U0481,HDMI Cable — UGREEN #4096,Cable,HDMI Cable,UGREEN,GOOD,BORROW,AVAILABLE,350,2026-01-27,2026-07-04,Hostel Block B
I04097,U0663,Drawing Board — Camel #4097,Equipment,Drawing Board,Camel,GOOD,BORROW,AVAILABLE,550,2026-04-08,2026-07-10,Hostel Block C
I04098,U0177,Ethernet Cable — D-Link #4098,Cable,Ethernet Cable,D-Link,GOOD,BORROW,RETURNED,200,2026-02-20,2026-04-12,Hostel Block D
I04099,U0318,Extension Board — Philips #4099,Electronics,Extension Board,Philips,NEW,BORROW,AVAILABLE,550,2026-09-03,2027-02-09,Innovation Lab
I04100,U0023,Breadboard Kit — Generic #4100,Lab Equipment,Breadboard Kit,Generic,EXCELLENT,BORROW,RETURNED,600,2025-09-10,2026-02-26,ECE Lab
I04101,U0275,Presentation Clicker — Logitech #4101,Accessory,Presentation Clicker,Logitech,GOOD,GIVEAWAY,RETURNED,2100,2026-01-16,2026-03-09,Mechanical Lab
I04102,U0897,Arduino Kit — Arduino #4102,Lab Equipment,Arduino Kit,Arduino,GOOD,BORROW,RETURNED,3150,2025-09-13,2025-12-10,Architecture Studio
I04103,U0368,Safety Goggles — 3M #4103,Safety Equipment,Safety Goggles,3M,GOOD,SWAP,AVAILABLE,300,2026-04-04,2026-09-15,CS Department
I04104,U0919,Webcam — Logitech #4104,Electronics,Webcam,Logitech,FAIR,SWAP,AVAILABLE,2550,2026-09-18,2026-11-30,Main Block
I04105,U0428,Graph Paper Pack — Classmate #4105,Stationery,Graph Paper Pack,Classmate,GOOD,BORROW,AVAILABLE,150,2025-12-07,2026-05-06,Central Library
I04106,U0957,Soldering Iron Kit — Weller #4106,Lab Equipment,Soldering Iron Kit,Weller,GOOD,BORROW,AVAILABLE,2800,2025-09-25,2026-03-10,Student Centre
I04107,U0365,Screwdriver Set — Bosch #4107,Equipment,Screwdriver Set,Bosch,FAIR,SWAP,BORROWED,750,2025-11-26,2026-03-30,Hostel Block A
I04108,U0154,Python Programming Book — O'Reilly #4108,Book,Python Programming Book,O'Reilly,GOOD,SWAP,AVAILABLE,800,2026-09-22,2026-11-28,Hostel Block B
I04109,U0156,Vernier Caliper — Mitutoyo #4109,Lab Equipment,Vernier Caliper,Mitutoyo,GOOD,SELL,RESERVED,5650,2026-01-27,2026-06-11,Hostel Block C
I04110,U0879,Calculator — CASIO #4110,Academic,Calculator,CASIO,EXCELLENT,SWAP,AVAILABLE,1600,2026-05-05,2026-09-15,Hostel Block D
I04111,U0947,Bluetooth Keyboard — Logitech #4111,Accessory,Bluetooth Keyboard,Logitech,EXCELLENT,SWAP,AVAILABLE,850,2026-03-31,2026-05-10,Innovation Lab
I04112,U0120,External Hard Drive — WD #4112,Storage,External Hard Drive,WD,GOOD,SWAP,AVAILABLE,6900,2026-07-18,2026-11-02,ECE Lab
I04113,U0660,USB-C Charger — Anker #4113,Electronics,USB-C Charger,Anker,EXCELLENT,BORROW,RETURNED,1950,2025-09-26,2026-03-05,Mechanical Lab
I04114,U0513,Engineering Drawing Kit — Staedtler #4114,Equipment,Engineering Drawing Kit,Staedtler,EXCELLENT,BORROW,RETURNED,1800,2026-07-19,2026-11-21,Architecture Studio
I04115,U0985,Tripod — Digitek #4115,Equipment,Tripod,Digitek,GOOD,GIVEAWAY,AVAILABLE,1450,2025-09-18,2026-01-23,CS Department
I04116,U0418,Digital Multimeter — Meco #4116,Lab Equipment,Digital Multimeter,Meco,NEW,GIVEAWAY,AVAILABLE,500,2025-12-06,2026-05-12,Main Block
I04117,U0376,College Backpack — Wildcraft #4117,Bag,College Backpack,Wildcraft,GOOD,GIVEAWAY,AVAILABLE,1550,2026-08-30,2027-02-13,Central Library
I04118,U0187,Headphones — JBL #4118,Electronics,Headphones,JBL,GOOD,BORROW,AVAILABLE,1150,2026-08-18,2026-10-28,Student Centre
I04119,U0564,Mechanical Drawing Set — Rotring #4119,Stationery,Mechanical Drawing Set,Rotring,GOOD,SWAP,AVAILABLE,1650,2026-04-15,2026-07-19,Hostel Block A
I04120,U0277,Desk Lamp — Philips #4120,Accessory,Desk Lamp,Philips,GOOD,SWAP,RESERVED,650,2026-03-30,2026-07-01,Hostel Block B
I04121,U0421,Textbook — Pearson #4121,Book,Textbook,Pearson,GOOD,GIVEAWAY,AVAILABLE,1100,2025-12-16,2026-04-04,Hostel Block C
I04122,U0839,USB Flash Drive — SanDisk #4122,Storage,USB Flash Drive,SanDisk,EXCELLENT,GIVEAWAY,AVAILABLE,400,2025-09-12,2025-11-05,Hostel Block D
I04123,U0491,Scientific Calculator — Texas Instruments #4123,Academic,Scientific Calculator,Texas Instruments,GOOD,GIVEAWAY,AVAILABLE,750,2026-03-08,2026-05-26,Innovation Lab
I04124,U0500,Lab Coat — Generic #4124,Clothing,Lab Coat,Generic,GOOD,GIVEAWAY,BORROWED,650,2026-04-21,2026-07-07,ECE Lab
I04125,U0587,Power Bank — MI #4125,Accessory,Power Bank,MI,EXCELLENT,SELL,AVAILABLE,1750,2025-11-03,2026-01-11,Mechanical Lab
I04126,U0707,HDMI Cable — UGREEN #4126,Cable,HDMI Cable,UGREEN,GOOD,SELL,RETURNED,400,2026-04-18,2026-10-02,Architecture Studio
I04127,U0538,Drawing Board — Camel #4127,Equipment,Drawing Board,Camel,FAIR,SELL,AVAILABLE,1600,2026-04-01,2026-06-12,CS Department
I04128,U0212,Ethernet Cable — D-Link #4128,Cable,Ethernet Cable,D-Link,NEW,GIVEAWAY,AVAILABLE,350,2026-02-06,2026-04-02,Main Block
I04129,U0128,Extension Board — Philips #4129,Electronics,Extension Board,Philips,GOOD,GIVEAWAY,AVAILABLE,600,2025-10-06,2026-03-02,Central Library
I04130,U0666,Breadboard Kit — Generic #4130,Lab Equipment,Breadboard Kit,Generic,GOOD,GIVEAWAY,AVAILABLE,500,2026-04-22,2026-09-01,Student Centre
I04131,U0316,Presentation Clicker — Logitech #4131,Accessory,Presentation Clicker,Logitech,EXCELLENT,GIVEAWAY,AVAILABLE,1000,2026-09-22,2026-12-31,Hostel Block A
I04132,U0670,Arduino Kit — Arduino #4132,Lab Equipment,Arduino Kit,Arduino,GOOD,GIVEAWAY,BORROWED,2050,2025-10-26,2026-03-24,Hostel Block B
I04133,U0476,Safety Goggles — 3M #4133,Safety Equipment,Safety Goggles,3M,GOOD,SELL,AVAILABLE,600,2026-06-08,2026-09-20,Hostel Block C
I04134,U0324,Webcam — Logitech #4134,Electronics,Webcam,Logitech,EXCELLENT,BORROW,BORROWED,3850,2025-10-16,2026-02-15,Hostel Block D
I04135,U0946,Graph Paper Pack — Classmate #4135,Stationery,Graph Paper Pack,Classmate,NEW,GIVEAWAY,BORROWED,150,2025-09-12,2025-12-20,Innovation Lab
I04136,U0939,Soldering Iron Kit — Weller #4136,Lab Equipment,Soldering Iron Kit,Weller,GOOD,BORROW,BORROWED,3050,2025-09-07,2026-02-28,ECE Lab
I04137,U0256,Screwdriver Set — Bosch #4137,Equipment,Screwdriver Set,Bosch,FAIR,BORROW,BORROWED,700,2026-07-29,2026-12-04,Mechanical Lab
I04138,U0687,Python Programming Book — O'Reilly #4138,Book,Python Programming Book,O'Reilly,GOOD,GIVEAWAY,BORROWED,1400,2025-08-10,2025-12-02,Architecture Studio
I04139,U0622,Vernier Caliper — Mitutoyo #4139,Lab Equipment,Vernier Caliper,Mitutoyo,FAIR,BORROW,RETURNED,1450,2026-05-08,2026-10-20,CS Department
I04140,U0516,Calculator — CASIO #4140,Academic,Calculator,CASIO,GOOD,BORROW,RETURNED,850,2026-05-30,2026-11-22,Main Block
I04141,U0214,Bluetooth Keyboard — Logitech #4141,Accessory,Bluetooth Keyboard,Logitech,GOOD,BORROW,RETURNED,2550,2026-04-28,2026-10-25,Central Library
I04142,U0257,External Hard Drive — WD #4142,Storage,External Hard Drive,WD,GOOD,BORROW,INACTIVE,5750,2025-10-27,2026-03-22,Student Centre
I04143,U0301,USB-C Charger — Anker #4143,Electronics,USB-C Charger,Anker,GOOD,SWAP,AVAILABLE,550,2026-05-30,2026-10-29,Hostel Block A
I04144,U0194,Engineering Drawing Kit — Staedtler #4144,Equipment,Engineering Drawing Kit,Staedtler,GOOD,GIVEAWAY,BORROWED,1200,2026-03-27,2026-09-09,Hostel Block B
I04145,U0384,Tripod — Digitek #4145,Equipment,Tripod,Digitek,NEW,BORROW,RESERVED,1500,2026-02-15,2026-06-09,Hostel Block C
I04146,U0171,Digital Multimeter — Meco #4146,Lab Equipment,Digital Multimeter,Meco,GOOD,SELL,AVAILABLE,800,2026-07-16,2026-08-16,Hostel Block D
I04147,U0168,College Backpack — Wildcraft #4147,Bag,College Backpack,Wildcraft,GOOD,BORROW,INACTIVE,2700,2026-01-28,2026-06-28,Innovation Lab
I04148,U0093,Headphones — JBL #4148,Electronics,Headphones,JBL,FAIR,GIVEAWAY,AVAILABLE,2700,2026-01-10,2026-03-02,ECE Lab
I04149,U0055,Mechanical Drawing Set — Rotring #4149,Stationery,Mechanical Drawing Set,Rotring,FAIR,BORROW,AVAILABLE,1600,2025-12-10,2026-01-29,Mechanical Lab
I04150,U0374,Desk Lamp — Philips #4150,Accessory,Desk Lamp,Philips,GOOD,SELL,AVAILABLE,850,2025-12-04,2026-05-14,Architecture Studio
I04151,U0473,Textbook — Pearson #4151,Book,Textbook,Pearson,GOOD,GIVEAWAY,AVAILABLE,450,2026-08-07,2026-10-18,CS Department
I04152,U0644,USB Flash Drive — SanDisk #4152,Storage,USB Flash Drive,SanDisk,GOOD,GIVEAWAY,RESERVED,1000,2026-02-07,2026-05-18,Main Block
I04153,U0417,Scientific Calculator — Texas Instruments #4153,Academic,Scientific Calculator,Texas Instruments,FAIR,BORROW,AVAILABLE,1500,2026-06-06,2026-09-05,Central Library
I04154,U0459,Lab Coat — Generic #4154,Clothing,Lab Coat,Generic,GOOD,SWAP,AVAILABLE,400,2026-08-21,2026-10-16,Student Centre
I04155,U0208,Power Bank — MI #4155,Accessory,Power Bank,MI,GOOD,SWAP,AVAILABLE,800,2026-09-20,2026-12-15,Hostel Block A
I04156,U0309,HDMI Cable — UGREEN #4156,Cable,HDMI Cable,UGREEN,EXCELLENT,BORROW,RETURNED,150,2026-01-25,2026-05-04,Hostel Block B
I04157,U0165,Drawing Board — Camel #4157,Equipment,Drawing Board,Camel,EXCELLENT,BORROW,BORROWED,1700,2025-08-02,2025-11-27,Hostel Block C
I04158,U0971,Ethernet Cable — D-Link #4158,Cable,Ethernet Cable,D-Link,EXCELLENT,GIVEAWAY,AVAILABLE,100,2026-05-29,2026-10-20,Hostel Block D
I04159,U0669,Extension Board — Philips #4159,Electronics,Extension Board,Philips,FAIR,SELL,RESERVED,1550,2026-07-07,2026-09-07,Innovation Lab
I04160,U0134,Breadboard Kit — Generic #4160,Lab Equipment,Breadboard Kit,Generic,FAIR,BORROW,RETURNED,300,2026-07-03,2026-10-01,ECE Lab
I04161,U0836,Presentation Clicker — Logitech #4161,Accessory,Presentation Clicker,Logitech,NEW,BORROW,AVAILABLE,600,2025-12-07,2026-03-23,Mechanical Lab
I04162,U0564,Arduino Kit — Arduino #4162,Lab Equipment,Arduino Kit,Arduino,FAIR,SELL,BORROWED,2050,2025-08-21,2025-11-13,Architecture Studio
I04163,U0342,Safety Goggles — 3M #4163,Safety Equipment,Safety Goggles,3M,FAIR,BORROW,AVAILABLE,300,2025-10-22,2026-01-11,CS Department
I04164,U0968,Webcam — Logitech #4164,Electronics,Webcam,Logitech,GOOD,BORROW,AVAILABLE,3300,2025-10-19,2026-04-02,Main Block
I04165,U0568,Graph Paper Pack — Classmate #4165,Stationery,Graph Paper Pack,Classmate,GOOD,BORROW,BORROWED,50,2026-04-24,2026-09-20,Central Library
I04166,U0080,Soldering Iron Kit — Weller #4166,Lab Equipment,Soldering Iron Kit,Weller,FAIR,SWAP,AVAILABLE,2200,2026-05-29,2026-10-15,Student Centre
I04167,U0371,Screwdriver Set — Bosch #4167,Equipment,Screwdriver Set,Bosch,NEW,BORROW,AVAILABLE,700,2025-09-14,2025-10-17,Hostel Block A
I04168,U0578,Python Programming Book — O'Reilly #4168,Book,Python Programming Book,O'Reilly,GOOD,BORROW,AVAILABLE,850,2026-03-14,2026-08-23,Hostel Block B
I04169,U0181,Vernier Caliper — Mitutoyo #4169,Lab Equipment,Vernier Caliper,Mitutoyo,EXCELLENT,SELL,AVAILABLE,4750,2026-04-25,2026-06-24,Hostel Block C
I04170,U0393,Calculator — CASIO #4170,Academic,Calculator,CASIO,NEW,SWAP,AVAILABLE,1400,2025-08-21,2025-09-28,Hostel Block D
I04171,U0786,Bluetooth Keyboard — Logitech #4171,Accessory,Bluetooth Keyboard,Logitech,GOOD,BORROW,RETURNED,2350,2026-07-25,2026-08-24,Innovation Lab
I04172,U0836,External Hard Drive — WD #4172,Storage,External Hard Drive,WD,GOOD,SELL,BORROWED,3250,2026-04-11,2026-09-19,ECE Lab
I04173,U0548,USB-C Charger — Anker #4173,Electronics,USB-C Charger,Anker,GOOD,SELL,INACTIVE,1550,2026-07-28,2026-11-01,Mechanical Lab
I04174,U0756,Engineering Drawing Kit — Staedtler #4174,Equipment,Engineering Drawing Kit,Staedtler,FAIR,BORROW,INACTIVE,1950,2026-07-14,2026-10-29,Architecture Studio
I04175,U0999,Tripod — Digitek #4175,Equipment,Tripod,Digitek,FAIR,GIVEAWAY,AVAILABLE,1350,2026-09-02,2027-02-23,CS Department
I04176,U0192,Digital Multimeter — Meco #4176,Lab Equipment,Digital Multimeter,Meco,GOOD,BORROW,AVAILABLE,800,2025-11-24,2026-01-27,Main Block
I04177,U0806,College Backpack — Wildcraft #4177,Bag,College Backpack,Wildcraft,GOOD,GIVEAWAY,AVAILABLE,1000,2026-03-27,2026-09-22,Central Library
I04178,U0213,Headphones — JBL #4178,Electronics,Headphones,JBL,GOOD,BORROW,INACTIVE,2800,2026-01-19,2026-04-29,Student Centre
I04179,U0256,Mechanical Drawing Set — Rotring #4179,Stationery,Mechanical Drawing Set,Rotring,EXCELLENT,GIVEAWAY,RESERVED,2100,2026-04-30,2026-10-10,Hostel Block A
I04180,U0912,Desk Lamp — Philips #4180,Accessory,Desk Lamp,Philips,FAIR,BORROW,AVAILABLE,1250,2026-09-17,2026-10-23,Hostel Block B
I04181,U0089,Textbook — Pearson #4181,Book,Textbook,Pearson,EXCELLENT,BORROW,AVAILABLE,400,2026-08-09,2026-10-22,Hostel Block C
I04182,U0483,USB Flash Drive — SanDisk #4182,Storage,USB Flash Drive,SanDisk,GOOD,BORROW,AVAILABLE,700,2025-12-25,2026-03-17,Hostel Block D
I04183,U0512,Scientific Calculator — Texas Instruments #4183,Academic,Scientific Calculator,Texas Instruments,FAIR,SELL,AVAILABLE,850,2025-08-10,2025-12-03,Innovation Lab
I04184,U0992,Lab Coat — Generic #4184,Clothing,Lab Coat,Generic,EXCELLENT,BORROW,AVAILABLE,850,2025-10-11,2026-01-03,ECE Lab
I04185,U0838,Power Bank — MI #4185,Accessory,Power Bank,MI,FAIR,BORROW,AVAILABLE,1500,2026-07-29,2026-09-16,Mechanical Lab
I04186,U0529,HDMI Cable — UGREEN #4186,Cable,HDMI Cable,UGREEN,FAIR,SELL,AVAILABLE,650,2025-09-14,2025-11-25,Architecture Studio
I04187,U0530,Drawing Board — Camel #4187,Equipment,Drawing Board,Camel,EXCELLENT,GIVEAWAY,AVAILABLE,1450,2025-11-14,2026-05-12,CS Department
I04188,U0764,Ethernet Cable — D-Link #4188,Cable,Ethernet Cable,D-Link,EXCELLENT,BORROW,AVAILABLE,400,2025-09-14,2025-12-14,Main Block
I04189,U0860,Extension Board — Philips #4189,Electronics,Extension Board,Philips,FAIR,SWAP,AVAILABLE,850,2026-05-06,2026-06-11,Central Library
I04190,U0316,Breadboard Kit — Generic #4190,Lab Equipment,Breadboard Kit,Generic,GOOD,SELL,AVAILABLE,200,2026-03-11,2026-08-26,Student Centre
I04191,U0112,Presentation Clicker — Logitech #4191,Accessory,Presentation Clicker,Logitech,GOOD,SWAP,BORROWED,1800,2026-08-07,2026-12-14,Hostel Block A
I04192,U0805,Arduino Kit — Arduino #4192,Lab Equipment,Arduino Kit,Arduino,GOOD,BORROW,BORROWED,2650,2025-11-20,2026-03-21,Hostel Block B
I04193,U0366,Safety Goggles — 3M #4193,Safety Equipment,Safety Goggles,3M,EXCELLENT,BORROW,INACTIVE,350,2025-11-27,2026-04-11,Hostel Block C
I04194,U0089,Webcam — Logitech #4194,Electronics,Webcam,Logitech,GOOD,SWAP,BORROWED,4200,2025-10-05,2026-01-21,Hostel Block D
I04195,U0633,Graph Paper Pack — Classmate #4195,Stationery,Graph Paper Pack,Classmate,FAIR,GIVEAWAY,AVAILABLE,100,2026-04-16,2026-07-31,Innovation Lab
I04196,U0787,Soldering Iron Kit — Weller #4196,Lab Equipment,Soldering Iron Kit,Weller,EXCELLENT,SWAP,AVAILABLE,3400,2025-12-06,2026-04-13,ECE Lab
I04197,U0253,Screwdriver Set — Bosch #4197,Equipment,Screwdriver Set,Bosch,NEW,BORROW,BORROWED,1400,2026-04-11,2026-09-01,Mechanical Lab
I04198,U0198,Python Programming Book — O'Reilly #4198,Book,Python Programming Book,O'Reilly,GOOD,SELL,BORROWED,600,2026-01-25,2026-03-30,Architecture Studio
I04199,U0252,Vernier Caliper — Mitutoyo #4199,Lab Equipment,Vernier Caliper,Mitutoyo,GOOD,SWAP,RETURNED,4050,2026-05-18,2026-09-14,CS Department
I04200,U0177,Calculator — CASIO #4200,Academic,Calculator,CASIO,EXCELLENT,BORROW,BORROWED,500,2025-12-25,2026-03-30,Main Block
I04201,U0446,Bluetooth Keyboard — Logitech #4201,Accessory,Bluetooth Keyboard,Logitech,FAIR,GIVEAWAY,AVAILABLE,1500,2026-02-05,2026-07-02,Central Library
I04202,U0002,External Hard Drive — WD #4202,Storage,External Hard Drive,WD,EXCELLENT,GIVEAWAY,RETURNED,4450,2025-12-26,2026-06-07,Student Centre
I04203,U0620,USB-C Charger — Anker #4203,Electronics,USB-C Charger,Anker,GOOD,BORROW,AVAILABLE,600,2025-12-19,2026-03-26,Hostel Block A
I04204,U0523,Engineering Drawing Kit — Staedtler #4204,Equipment,Engineering Drawing Kit,Staedtler,FAIR,SWAP,AVAILABLE,2250,2025-08-10,2025-09-26,Hostel Block B
I04205,U0002,Tripod — Digitek #4205,Equipment,Tripod,Digitek,EXCELLENT,SWAP,AVAILABLE,2300,2026-01-28,2026-03-01,Hostel Block C
I04206,U0427,Digital Multimeter — Meco #4206,Lab Equipment,Digital Multimeter,Meco,GOOD,GIVEAWAY,AVAILABLE,2100,2026-04-16,2026-05-25,Hostel Block D
I04207,U0959,College Backpack — Wildcraft #4207,Bag,College Backpack,Wildcraft,GOOD,BORROW,AVAILABLE,1650,2025-09-05,2026-02-07,Innovation Lab
I04208,U0248,Headphones — JBL #4208,Electronics,Headphones,JBL,GOOD,SELL,AVAILABLE,2600,2026-06-23,2026-08-24,ECE Lab
I04209,U0901,Mechanical Drawing Set — Rotring #4209,Stationery,Mechanical Drawing Set,Rotring,GOOD,BORROW,AVAILABLE,750,2025-09-15,2026-02-02,Mechanical Lab
I04210,U0575,Desk Lamp — Philips #4210,Accessory,Desk Lamp,Philips,GOOD,SELL,BORROWED,1550,2026-06-29,2026-09-10,Architecture Studio
I04211,U0785,Textbook — Pearson #4211,Book,Textbook,Pearson,GOOD,GIVEAWAY,INACTIVE,650,2025-08-23,2025-10-23,CS Department
I04212,U0194,USB Flash Drive — SanDisk #4212,Storage,USB Flash Drive,SanDisk,FAIR,SELL,AVAILABLE,350,2025-10-21,2026-03-26,Main Block
I04213,U0202,Scientific Calculator — Texas Instruments #4213,Academic,Scientific Calculator,Texas Instruments,EXCELLENT,SELL,AVAILABLE,650,2026-04-21,2026-05-22,Central Library
I04214,U0777,Lab Coat — Generic #4214,Clothing,Lab Coat,Generic,EXCELLENT,SWAP,AVAILABLE,500,2026-06-09,2026-12-04,Student Centre
I04215,U0575,Power Bank — MI #4215,Accessory,Power Bank,MI,GOOD,BORROW,BORROWED,1950,2026-03-30,2026-05-15,Hostel Block A
I04216,U0133,HDMI Cable — UGREEN #4216,Cable,HDMI Cable,UGREEN,GOOD,BORROW,AVAILABLE,200,2025-11-14,2026-01-27,Hostel Block B
I04217,U0720,Drawing Board — Camel #4217,Equipment,Drawing Board,Camel,GOOD,SWAP,RESERVED,900,2026-02-22,2026-05-05,Hostel Block C
I04218,U0519,Ethernet Cable — D-Link #4218,Cable,Ethernet Cable,D-Link,GOOD,SWAP,BORROWED,350,2026-02-28,2026-04-25,Hostel Block D
I04219,U0969,Extension Board — Philips #4219,Electronics,Extension Board,Philips,GOOD,BORROW,RESERVED,500,2026-05-05,2026-11-01,Innovation Lab
I04220,U0152,Breadboard Kit — Generic #4220,Lab Equipment,Breadboard Kit,Generic,EXCELLENT,GIVEAWAY,RETURNED,600,2025-12-18,2026-06-16,ECE Lab
I04221,U0368,Presentation Clicker — Logitech #4221,Accessory,Presentation Clicker,Logitech,GOOD,BORROW,AVAILABLE,1150,2026-08-26,2027-02-12,Mechanical Lab
I04222,U0535,Arduino Kit — Arduino #4222,Lab Equipment,Arduino Kit,Arduino,EXCELLENT,BORROW,AVAILABLE,2450,2026-07-07,2026-09-24,Architecture Studio
I04223,U0956,Safety Goggles — 3M #4223,Safety Equipment,Safety Goggles,3M,GOOD,SWAP,RETURNED,500,2026-09-22,2026-11-25,CS Department
I04224,U0946,Webcam — Logitech #4224,Electronics,Webcam,Logitech,EXCELLENT,BORROW,AVAILABLE,4050,2026-08-17,2026-09-25,Main Block
I04225,U0806,Graph Paper Pack — Classmate #4225,Stationery,Graph Paper Pack,Classmate,EXCELLENT,SWAP,RETURNED,100,2026-09-02,2026-12-28,Central Library
I04226,U0905,Soldering Iron Kit — Weller #4226,Lab Equipment,Soldering Iron Kit,Weller,GOOD,SELL,AVAILABLE,1150,2026-05-21,2026-08-14,Student Centre
I04227,U0425,Screwdriver Set — Bosch #4227,Equipment,Screwdriver Set,Bosch,GOOD,SWAP,RESERVED,1600,2025-11-04,2026-01-16,Hostel Block A
I04228,U0596,Python Programming Book — O'Reilly #4228,Book,Python Programming Book,O'Reilly,GOOD,GIVEAWAY,INACTIVE,1000,2026-04-15,2026-05-22,Hostel Block B
I04229,U0521,Vernier Caliper — Mitutoyo #4229,Lab Equipment,Vernier Caliper,Mitutoyo,NEW,BORROW,INACTIVE,3900,2025-10-25,2025-11-28,Hostel Block C
I04230,U0916,Calculator — CASIO #4230,Academic,Calculator,CASIO,GOOD,GIVEAWAY,AVAILABLE,800,2025-09-10,2026-01-27,Hostel Block D
I04231,U0228,Bluetooth Keyboard — Logitech #4231,Accessory,Bluetooth Keyboard,Logitech,EXCELLENT,SELL,AVAILABLE,3100,2026-07-03,2026-10-11,Innovation Lab
I04232,U0393,External Hard Drive — WD #4232,Storage,External Hard Drive,WD,GOOD,BORROW,AVAILABLE,3850,2025-10-17,2026-03-05,ECE Lab
I04233,U0585,USB-C Charger — Anker #4233,Electronics,USB-C Charger,Anker,NEW,SWAP,BORROWED,900,2025-12-10,2026-04-14,Mechanical Lab
I04234,U0114,Engineering Drawing Kit — Staedtler #4234,Equipment,Engineering Drawing Kit,Staedtler,FAIR,SELL,AVAILABLE,2150,2025-10-08,2025-12-10,Architecture Studio
I04235,U0573,Tripod — Digitek #4235,Equipment,Tripod,Digitek,GOOD,SWAP,AVAILABLE,1750,2026-04-29,2026-07-01,CS Department
I04236,U0137,Digital Multimeter — Meco #4236,Lab Equipment,Digital Multimeter,Meco,GOOD,GIVEAWAY,AVAILABLE,1500,2026-08-31,2027-01-28,Main Block
I04237,U0236,College Backpack — Wildcraft #4237,Bag,College Backpack,Wildcraft,EXCELLENT,SWAP,AVAILABLE,2000,2025-08-11,2025-11-09,Central Library
I04238,U0754,Headphones — JBL #4238,Electronics,Headphones,JBL,FAIR,SELL,AVAILABLE,2950,2026-02-19,2026-04-09,Student Centre
I04239,U0146,Mechanical Drawing Set — Rotring #4239,Stationery,Mechanical Drawing Set,Rotring,EXCELLENT,BORROW,AVAILABLE,1200,2026-01-23,2026-05-26,Hostel Block A
I04240,U0855,Desk Lamp — Philips #4240,Accessory,Desk Lamp,Philips,GOOD,GIVEAWAY,AVAILABLE,600,2026-03-06,2026-06-13,Hostel Block B
I04241,U0363,Textbook — Pearson #4241,Book,Textbook,Pearson,GOOD,BORROW,AVAILABLE,1200,2026-03-16,2026-06-27,Hostel Block C
I04242,U0819,USB Flash Drive — SanDisk #4242,Storage,USB Flash Drive,SanDisk,GOOD,BORROW,RESERVED,450,2025-10-03,2025-12-28,Hostel Block D
I04243,U0798,Scientific Calculator — Texas Instruments #4243,Academic,Scientific Calculator,Texas Instruments,GOOD,BORROW,AVAILABLE,1800,2026-03-06,2026-08-19,Innovation Lab
I04244,U0438,Lab Coat — Generic #4244,Clothing,Lab Coat,Generic,GOOD,GIVEAWAY,AVAILABLE,500,2026-07-27,2026-09-07,ECE Lab
I04245,U0592,Power Bank — MI #4245,Accessory,Power Bank,MI,GOOD,SWAP,RESERVED,650,2026-02-21,2026-08-07,Mechanical Lab
I04246,U0435,HDMI Cable — UGREEN #4246,Cable,HDMI Cable,UGREEN,GOOD,SELL,INACTIVE,550,2025-12-09,2026-05-06,Architecture Studio
I04247,U0489,Drawing Board — Camel #4247,Equipment,Drawing Board,Camel,FAIR,SWAP,BORROWED,1100,2026-07-14,2026-10-15,CS Department
I04248,U0212,Ethernet Cable — D-Link #4248,Cable,Ethernet Cable,D-Link,EXCELLENT,GIVEAWAY,RETURNED,250,2025-12-23,2026-02-27,Main Block
I04249,U0493,Extension Board — Philips #4249,Electronics,Extension Board,Philips,GOOD,BORROW,INACTIVE,1050,2026-01-15,2026-03-19,Central Library
I04250,U0398,Breadboard Kit — Generic #4250,Lab Equipment,Breadboard Kit,Generic,NEW,SWAP,AVAILABLE,200,2026-05-19,2026-08-23,Student Centre
I04251,U0285,Presentation Clicker — Logitech #4251,Accessory,Presentation Clicker,Logitech,GOOD,BORROW,AVAILABLE,2050,2025-08-19,2026-01-01,Hostel Block A
I04252,U0620,Arduino Kit — Arduino #4252,Lab Equipment,Arduino Kit,Arduino,GOOD,GIVEAWAY,AVAILABLE,1750,2026-05-28,2026-08-31,Hostel Block B
I04253,U0778,Safety Goggles — 3M #4253,Safety Equipment,Safety Goggles,3M,GOOD,GIVEAWAY,AVAILABLE,550,2026-07-08,2026-08-13,Hostel Block C
I04254,U0171,Webcam — Logitech #4254,Electronics,Webcam,Logitech,GOOD,BORROW,INACTIVE,4300,2026-04-11,2026-06-08,Hostel Block D
I04255,U0726,Graph Paper Pack — Classmate #4255,Stationery,Graph Paper Pack,Classmate,GOOD,BORROW,BORROWED,150,2026-07-18,2026-11-12,Innovation Lab
I04256,U0775,Soldering Iron Kit — Weller #4256,Lab Equipment,Soldering Iron Kit,Weller,GOOD,GIVEAWAY,BORROWED,1450,2026-06-12,2026-11-12,ECE Lab
I04257,U0443,Screwdriver Set — Bosch #4257,Equipment,Screwdriver Set,Bosch,GOOD,GIVEAWAY,AVAILABLE,750,2026-03-18,2026-08-19,Mechanical Lab
I04258,U0859,Python Programming Book — O'Reilly #4258,Book,Python Programming Book,O'Reilly,GOOD,SWAP,RETURNED,850,2026-02-24,2026-07-26,Architecture Studio
I04259,U0221,Vernier Caliper — Mitutoyo #4259,Lab Equipment,Vernier Caliper,Mitutoyo,NEW,BORROW,AVAILABLE,2950,2026-03-14,2026-06-16,CS Department
I04260,U0102,Calculator — CASIO #4260,Academic,Calculator,CASIO,EXCELLENT,BORROW,AVAILABLE,350,2025-09-18,2026-02-07,Main Block
I04261,U0653,Bluetooth Keyboard — Logitech #4261,Accessory,Bluetooth Keyboard,Logitech,EXCELLENT,SELL,AVAILABLE,1500,2026-07-03,2026-08-28,Central Library
I04262,U0077,External Hard Drive — WD #4262,Storage,External Hard Drive,WD,GOOD,SWAP,AVAILABLE,5000,2025-11-04,2026-04-20,Student Centre
I04263,U0291,USB-C Charger — Anker #4263,Electronics,USB-C Charger,Anker,EXCELLENT,SELL,RESERVED,1750,2026-04-27,2026-07-18,Hostel Block A
I04264,U0605,Engineering Drawing Kit — Staedtler #4264,Equipment,Engineering Drawing Kit,Staedtler,GOOD,BORROW,AVAILABLE,2050,2025-12-05,2026-05-08,Hostel Block B
I04265,U0889,Tripod — Digitek #4265,Equipment,Tripod,Digitek,GOOD,BORROW,BORROWED,1850,2025-09-02,2026-01-23,Hostel Block C
I04266,U0006,Digital Multimeter — Meco #4266,Lab Equipment,Digital Multimeter,Meco,FAIR,BORROW,AVAILABLE,1700,2026-04-21,2026-10-02,Hostel Block D
I04267,U0511,College Backpack — Wildcraft #4267,Bag,College Backpack,Wildcraft,EXCELLENT,BORROW,AVAILABLE,2500,2026-07-25,2026-10-09,Innovation Lab
I04268,U0503,Headphones — JBL #4268,Electronics,Headphones,JBL,EXCELLENT,SELL,AVAILABLE,1050,2026-08-23,2026-10-01,ECE Lab
I04269,U0566,Mechanical Drawing Set — Rotring #4269,Stationery,Mechanical Drawing Set,Rotring,EXCELLENT,GIVEAWAY,RETURNED,1450,2026-01-17,2026-07-15,Mechanical Lab
I04270,U0439,Desk Lamp — Philips #4270,Accessory,Desk Lamp,Philips,GOOD,BORROW,BORROWED,1700,2026-07-16,2026-11-15,Architecture Studio
I04271,U0362,Textbook — Pearson #4271,Book,Textbook,Pearson,FAIR,BORROW,AVAILABLE,1000,2026-01-05,2026-06-16,CS Department
I04272,U0440,USB Flash Drive — SanDisk #4272,Storage,USB Flash Drive,SanDisk,EXCELLENT,SELL,AVAILABLE,450,2025-10-13,2026-02-20,Main Block
I04273,U0581,Scientific Calculator — Texas Instruments #4273,Academic,Scientific Calculator,Texas Instruments,GOOD,BORROW,AVAILABLE,2300,2025-10-25,2025-12-18,Central Library
I04274,U0339,Lab Coat — Generic #4274,Clothing,Lab Coat,Generic,FAIR,GIVEAWAY,AVAILABLE,1150,2026-01-15,2026-06-19,Student Centre
I04275,U0108,Power Bank — MI #4275,Accessory,Power Bank,MI,NEW,BORROW,AVAILABLE,1000,2026-08-27,2026-11-20,Hostel Block A
I04276,U0291,HDMI Cable — UGREEN #4276,Cable,HDMI Cable,UGREEN,EXCELLENT,SWAP,AVAILABLE,250,2025-11-28,2026-05-16,Hostel Block B
I04277,U0828,Drawing Board — Camel #4277,Equipment,Drawing Board,Camel,FAIR,BORROW,RETURNED,500,2026-01-15,2026-03-01,Hostel Block C
I04278,U0407,Ethernet Cable — D-Link #4278,Cable,Ethernet Cable,D-Link,EXCELLENT,SWAP,AVAILABLE,600,2026-06-16,2026-07-27,Hostel Block D
I04279,U0063,Extension Board — Philips #4279,Electronics,Extension Board,Philips,GOOD,GIVEAWAY,AVAILABLE,600,2025-11-21,2026-04-30,Innovation Lab
I04280,U0109,Breadboard Kit — Generic #4280,Lab Equipment,Breadboard Kit,Generic,GOOD,BORROW,INACTIVE,300,2025-08-07,2025-09-08,ECE Lab
I04281,U0382,Presentation Clicker — Logitech #4281,Accessory,Presentation Clicker,Logitech,EXCELLENT,BORROW,AVAILABLE,950,2025-11-19,2026-02-05,Mechanical Lab
I04282,U0704,Arduino Kit — Arduino #4282,Lab Equipment,Arduino Kit,Arduino,GOOD,GIVEAWAY,AVAILABLE,1750,2025-10-07,2026-03-22,Architecture Studio
I04283,U0127,Safety Goggles — 3M #4283,Safety Equipment,Safety Goggles,3M,NEW,SWAP,AVAILABLE,200,2026-06-14,2026-09-01,CS Department
I04284,U0426,Webcam — Logitech #4284,Electronics,Webcam,Logitech,EXCELLENT,SELL,AVAILABLE,1900,2025-10-16,2026-01-03,Main Block
I04285,U0174,Graph Paper Pack — Classmate #4285,Stationery,Graph Paper Pack,Classmate,FAIR,SWAP,RESERVED,50,2026-08-17,2026-11-21,Central Library
I04286,U0251,Soldering Iron Kit — Weller #4286,Lab Equipment,Soldering Iron Kit,Weller,FAIR,SWAP,AVAILABLE,2850,2026-03-08,2026-06-19,Student Centre
I04287,U0894,Screwdriver Set — Bosch #4287,Equipment,Screwdriver Set,Bosch,EXCELLENT,BORROW,BORROWED,850,2025-08-02,2025-11-22,Hostel Block A
I04288,U0656,Python Programming Book — O'Reilly #4288,Book,Python Programming Book,O'Reilly,GOOD,GIVEAWAY,BORROWED,1050,2026-01-02,2026-03-04,Hostel Block B
I04289,U0121,Vernier Caliper — Mitutoyo #4289,Lab Equipment,Vernier Caliper,Mitutoyo,FAIR,SELL,AVAILABLE,2950,2025-11-30,2026-02-01,Hostel Block C
I04290,U0336,Calculator — CASIO #4290,Academic,Calculator,CASIO,EXCELLENT,SELL,INACTIVE,1450,2026-07-17,2026-11-21,Hostel Block D
I04291,U0235,Bluetooth Keyboard — Logitech #4291,Accessory,Bluetooth Keyboard,Logitech,GOOD,BORROW,BORROWED,3400,2026-03-02,2026-07-22,Innovation Lab
I04292,U0030,External Hard Drive — WD #4292,Storage,External Hard Drive,WD,GOOD,SWAP,AVAILABLE,3150,2025-11-05,2026-04-13,ECE Lab
I04293,U0597,USB-C Charger — Anker #4293,Electronics,USB-C Charger,Anker,GOOD,BORROW,RETURNED,1950,2026-06-30,2026-10-15,Mechanical Lab
I04294,U0680,Engineering Drawing Kit — Staedtler #4294,Equipment,Engineering Drawing Kit,Staedtler,GOOD,GIVEAWAY,AVAILABLE,2000,2026-02-06,2026-03-15,Architecture Studio
I04295,U0180,Tripod — Digitek #4295,Equipment,Tripod,Digitek,GOOD,GIVEAWAY,BORROWED,2250,2026-05-22,2026-10-07,CS Department
I04296,U0100,Digital Multimeter — Meco #4296,Lab Equipment,Digital Multimeter,Meco,GOOD,GIVEAWAY,RETURNED,850,2025-08-25,2026-02-07,Main Block
I04297,U0967,College Backpack — Wildcraft #4297,Bag,College Backpack,Wildcraft,GOOD,SELL,AVAILABLE,2900,2025-10-11,2025-12-31,Central Library
I04298,U0149,Headphones — JBL #4298,Electronics,Headphones,JBL,EXCELLENT,GIVEAWAY,AVAILABLE,3100,2026-04-23,2026-09-23,Student Centre
I04299,U0092,Mechanical Drawing Set — Rotring #4299,Stationery,Mechanical Drawing Set,Rotring,GOOD,BORROW,RETURNED,1650,2026-05-15,2026-10-11,Hostel Block A
I04300,U0305,Desk Lamp — Philips #4300,Accessory,Desk Lamp,Philips,EXCELLENT,SWAP,BORROWED,1050,2026-07-28,2026-10-13,Hostel Block B
I04301,U0876,Textbook — Pearson #4301,Book,Textbook,Pearson,EXCELLENT,BORROW,AVAILABLE,300,2026-03-26,2026-06-18,Hostel Block C
I04302,U0963,USB Flash Drive — SanDisk #4302,Storage,USB Flash Drive,SanDisk,GOOD,SWAP,AVAILABLE,600,2026-04-03,2026-07-26,Hostel Block D
I04303,U0075,Scientific Calculator — Texas Instruments #4303,Academic,Scientific Calculator,Texas Instruments,EXCELLENT,GIVEAWAY,RETURNED,1550,2026-03-13,2026-06-13,Innovation Lab
I04304,U0848,Lab Coat — Generic #4304,Clothing,Lab Coat,Generic,GOOD,SELL,AVAILABLE,750,2026-08-08,2026-11-17,ECE Lab
I04305,U0752,Power Bank — MI #4305,Accessory,Power Bank,MI,GOOD,BORROW,RETURNED,650,2025-08-01,2026-01-25,Mechanical Lab
I04306,U0545,HDMI Cable — UGREEN #4306,Cable,HDMI Cable,UGREEN,FAIR,BORROW,AVAILABLE,600,2026-03-29,2026-07-09,Architecture Studio
I04307,U0350,Drawing Board — Camel #4307,Equipment,Drawing Board,Camel,GOOD,BORROW,RETURNED,1700,2026-08-16,2026-12-07,CS Department
I04308,U0434,Ethernet Cable — D-Link #4308,Cable,Ethernet Cable,D-Link,GOOD,BORROW,AVAILABLE,300,2026-01-28,2026-03-27,Main Block
I04309,U0443,Extension Board — Philips #4309,Electronics,Extension Board,Philips,GOOD,BORROW,AVAILABLE,1600,2025-09-23,2026-01-27,Central Library
I04310,U0824,Breadboard Kit — Generic #4310,Lab Equipment,Breadboard Kit,Generic,GOOD,SELL,RESERVED,250,2026-02-08,2026-07-21,Student Centre
I04311,U0618,Presentation Clicker — Logitech #4311,Accessory,Presentation Clicker,Logitech,GOOD,SELL,RETURNED,2150,2026-02-03,2026-06-12,Hostel Block A
I04312,U0475,Arduino Kit — Arduino #4312,Lab Equipment,Arduino Kit,Arduino,GOOD,GIVEAWAY,AVAILABLE,2200,2026-01-18,2026-07-01,Hostel Block B
I04313,U0213,Safety Goggles — 3M #4313,Safety Equipment,Safety Goggles,3M,GOOD,SELL,AVAILABLE,500,2025-12-30,2026-04-10,Hostel Block C
I04314,U0627,Webcam — Logitech #4314,Electronics,Webcam,Logitech,GOOD,BORROW,RESERVED,2100,2026-04-29,2026-08-03,Hostel Block D
I04315,U0249,Graph Paper Pack — Classmate #4315,Stationery,Graph Paper Pack,Classmate,EXCELLENT,GIVEAWAY,INACTIVE,200,2025-11-09,2026-03-16,Innovation Lab
I04316,U0251,Soldering Iron Kit — Weller #4316,Lab Equipment,Soldering Iron Kit,Weller,GOOD,BORROW,INACTIVE,1300,2025-11-11,2025-12-26,ECE Lab
I04317,U0587,Screwdriver Set — Bosch #4317,Equipment,Screwdriver Set,Bosch,GOOD,GIVEAWAY,AVAILABLE,750,2026-07-30,2026-09-12,Mechanical Lab
I04318,U0645,Python Programming Book — O'Reilly #4318,Book,Python Programming Book,O'Reilly,GOOD,SWAP,AVAILABLE,1200,2026-04-02,2026-09-05,Architecture Studio
I04319,U0780,Vernier Caliper — Mitutoyo #4319,Lab Equipment,Vernier Caliper,Mitutoyo,FAIR,SELL,AVAILABLE,4800,2025-09-20,2025-11-18,CS Department
I04320,U0802,Calculator — CASIO #4320,Academic,Calculator,CASIO,GOOD,SWAP,AVAILABLE,1400,2026-08-25,2026-11-05,Main Block
I04321,U0273,Bluetooth Keyboard — Logitech #4321,Accessory,Bluetooth Keyboard,Logitech,EXCELLENT,SELL,AVAILABLE,3050,2026-05-28,2026-10-10,Central Library
I04322,U0723,External Hard Drive — WD #4322,Storage,External Hard Drive,WD,GOOD,BORROW,BORROWED,6650,2025-09-22,2025-12-07,Student Centre
I04323,U0517,USB-C Charger — Anker #4323,Electronics,USB-C Charger,Anker,GOOD,GIVEAWAY,BORROWED,1850,2026-03-18,2026-08-15,Hostel Block A
I04324,U0685,Engineering Drawing Kit — Staedtler #4324,Equipment,Engineering Drawing Kit,Staedtler,GOOD,GIVEAWAY,AVAILABLE,800,2026-06-18,2026-11-02,Hostel Block B
I04325,U0299,Tripod — Digitek #4325,Equipment,Tripod,Digitek,EXCELLENT,SWAP,AVAILABLE,1300,2026-04-30,2026-07-25,Hostel Block C
I04326,U0550,Digital Multimeter — Meco #4326,Lab Equipment,Digital Multimeter,Meco,GOOD,BORROW,BORROWED,750,2025-11-04,2026-01-26,Hostel Block D
I04327,U0655,College Backpack — Wildcraft #4327,Bag,College Backpack,Wildcraft,EXCELLENT,SELL,AVAILABLE,950,2026-02-21,2026-06-25,Innovation Lab
I04328,U0788,Headphones — JBL #4328,Electronics,Headphones,JBL,GOOD,BORROW,INACTIVE,3400,2026-03-28,2026-09-04,ECE Lab
I04329,U0065,Mechanical Drawing Set — Rotring #4329,Stationery,Mechanical Drawing Set,Rotring,FAIR,BORROW,INACTIVE,1450,2026-05-30,2026-11-08,Mechanical Lab
I04330,U0152,Desk Lamp — Philips #4330,Accessory,Desk Lamp,Philips,GOOD,GIVEAWAY,AVAILABLE,700,2026-04-13,2026-07-24,Architecture Studio
I04331,U0586,Textbook — Pearson #4331,Book,Textbook,Pearson,EXCELLENT,SWAP,AVAILABLE,700,2026-09-23,2026-11-11,CS Department
I04332,U0428,USB Flash Drive — SanDisk #4332,Storage,USB Flash Drive,SanDisk,GOOD,SELL,RETURNED,400,2026-07-08,2026-12-06,Main Block
I04333,U0333,Scientific Calculator — Texas Instruments #4333,Academic,Scientific Calculator,Texas Instruments,GOOD,BORROW,INACTIVE,1100,2025-12-18,2026-06-05,Central Library
I04334,U0360,Lab Coat — Generic #4334,Clothing,Lab Coat,Generic,EXCELLENT,SELL,RETURNED,400,2025-09-08,2026-01-25,Student Centre
I04335,U0888,Power Bank — MI #4335,Accessory,Power Bank,MI,GOOD,GIVEAWAY,AVAILABLE,1350,2026-04-20,2026-06-09,Hostel Block A
I04336,U0146,HDMI Cable — UGREEN #4336,Cable,HDMI Cable,UGREEN,EXCELLENT,GIVEAWAY,BORROWED,650,2026-09-13,2027-02-28,Hostel Block B
I04337,U0042,Drawing Board — Camel #4337,Equipment,Drawing Board,Camel,FAIR,BORROW,BORROWED,700,2025-11-25,2026-03-31,Hostel Block C
I04338,U0162,Ethernet Cable — D-Link #4338,Cable,Ethernet Cable,D-Link,FAIR,BORROW,AVAILABLE,350,2026-06-06,2026-09-25,Hostel Block D
I04339,U0378,Extension Board — Philips #4339,Electronics,Extension Board,Philips,GOOD,SELL,AVAILABLE,400,2025-09-26,2026-03-13,Innovation Lab
I04340,U0392,Breadboard Kit — Generic #4340,Lab Equipment,Breadboard Kit,Generic,GOOD,BORROW,AVAILABLE,700,2026-03-30,2026-07-04,ECE Lab
I04341,U0396,Presentation Clicker — Logitech #4341,Accessory,Presentation Clicker,Logitech,EXCELLENT,BORROW,BORROWED,1300,2025-08-22,2025-12-16,Mechanical Lab
I04342,U0209,Arduino Kit — Arduino #4342,Lab Equipment,Arduino Kit,Arduino,GOOD,BORROW,AVAILABLE,2050,2026-04-21,2026-08-16,Architecture Studio
I04343,U0115,Safety Goggles — 3M #4343,Safety Equipment,Safety Goggles,3M,EXCELLENT,GIVEAWAY,AVAILABLE,450,2026-01-14,2026-03-11,CS Department
I04344,U0491,Webcam — Logitech #4344,Electronics,Webcam,Logitech,EXCELLENT,BORROW,AVAILABLE,4000,2026-03-02,2026-07-14,Main Block
I04345,U0685,Graph Paper Pack — Classmate #4345,Stationery,Graph Paper Pack,Classmate,FAIR,GIVEAWAY,AVAILABLE,100,2026-06-06,2026-08-28,Central Library
I04346,U0966,Soldering Iron Kit — Weller #4346,Lab Equipment,Soldering Iron Kit,Weller,FAIR,SELL,RETURNED,2850,2026-02-17,2026-04-15,Student Centre
I04347,U0053,Screwdriver Set — Bosch #4347,Equipment,Screwdriver Set,Bosch,GOOD,GIVEAWAY,INACTIVE,1200,2025-09-30,2026-01-05,Hostel Block A
I04348,U0918,Python Programming Book — O'Reilly #4348,Book,Python Programming Book,O'Reilly,GOOD,SWAP,RESERVED,1550,2026-01-11,2026-03-15,Hostel Block B
I04349,U0576,Vernier Caliper — Mitutoyo #4349,Lab Equipment,Vernier Caliper,Mitutoyo,GOOD,GIVEAWAY,AVAILABLE,4100,2025-12-24,2026-02-12,Hostel Block C
I04350,U0522,Calculator — CASIO #4350,Academic,Calculator,CASIO,GOOD,BORROW,AVAILABLE,300,2026-04-17,2026-08-19,Hostel Block D
I04351,U0590,Bluetooth Keyboard — Logitech #4351,Accessory,Bluetooth Keyboard,Logitech,GOOD,BORROW,AVAILABLE,1050,2026-01-06,2026-04-04,Innovation Lab
I04352,U0095,External Hard Drive — WD #4352,Storage,External Hard Drive,WD,EXCELLENT,SWAP,AVAILABLE,6600,2026-05-05,2026-06-25,ECE Lab
I04353,U0307,USB-C Charger — Anker #4353,Electronics,USB-C Charger,Anker,EXCELLENT,SWAP,RESERVED,1250,2026-05-05,2026-06-12,Mechanical Lab
I04354,U0970,Engineering Drawing Kit — Staedtler #4354,Equipment,Engineering Drawing Kit,Staedtler,EXCELLENT,GIVEAWAY,AVAILABLE,2250,2026-02-08,2026-03-26,Architecture Studio
I04355,U0674,Tripod — Digitek #4355,Equipment,Tripod,Digitek,GOOD,SELL,BORROWED,1800,2026-02-12,2026-06-07,CS Department
I04356,U0478,Digital Multimeter — Meco #4356,Lab Equipment,Digital Multimeter,Meco,GOOD,SELL,AVAILABLE,1300,2026-01-16,2026-07-06,Main Block
I04357,U0013,College Backpack — Wildcraft #4357,Bag,College Backpack,Wildcraft,GOOD,BORROW,RESERVED,2500,2026-05-17,2026-09-28,Central Library
I04358,U0669,Headphones — JBL #4358,Electronics,Headphones,JBL,GOOD,GIVEAWAY,BORROWED,3050,2026-01-26,2026-04-15,Student Centre
I04359,U0433,Mechanical Drawing Set — Rotring #4359,Stationery,Mechanical Drawing Set,Rotring,EXCELLENT,GIVEAWAY,BORROWED,950,2026-07-31,2026-09-11,Hostel Block A
I04360,U0982,Desk Lamp — Philips #4360,Accessory,Desk Lamp,Philips,GOOD,SWAP,AVAILABLE,350,2026-05-18,2026-07-06,Hostel Block B
I04361,U0356,Textbook — Pearson #4361,Book,Textbook,Pearson,GOOD,BORROW,RETURNED,300,2025-10-26,2026-04-11,Hostel Block C
I04362,U0044,USB Flash Drive — SanDisk #4362,Storage,USB Flash Drive,SanDisk,GOOD,GIVEAWAY,RETURNED,500,2026-06-11,2026-11-22,Hostel Block D
I04363,U0713,Scientific Calculator — Texas Instruments #4363,Academic,Scientific Calculator,Texas Instruments,GOOD,BORROW,BORROWED,2500,2025-12-29,2026-06-27,Innovation Lab
I04364,U0134,Lab Coat — Generic #4364,Clothing,Lab Coat,Generic,GOOD,SELL,AVAILABLE,500,2026-01-03,2026-04-14,ECE Lab
I04365,U0962,Power Bank — MI #4365,Accessory,Power Bank,MI,EXCELLENT,GIVEAWAY,AVAILABLE,800,2026-06-19,2026-08-22,Mechanical Lab
I04366,U0825,HDMI Cable — UGREEN #4366,Cable,HDMI Cable,UGREEN,GOOD,BORROW,AVAILABLE,450,2026-03-15,2026-05-25,Architecture Studio
I04367,U0731,Drawing Board — Camel #4367,Equipment,Drawing Board,Camel,FAIR,GIVEAWAY,AVAILABLE,1150,2026-07-24,2026-12-23,CS Department
I04368,U0395,Ethernet Cable — D-Link #4368,Cable,Ethernet Cable,D-Link,FAIR,BORROW,AVAILABLE,450,2025-09-03,2025-10-25,Main Block
I04369,U0982,Extension Board — Philips #4369,Electronics,Extension Board,Philips,GOOD,BORROW,AVAILABLE,1500,2026-04-08,2026-06-04,Central Library
I04370,U0081,Breadboard Kit — Generic #4370,Lab Equipment,Breadboard Kit,Generic,GOOD,SWAP,AVAILABLE,400,2025-11-03,2025-12-20,Student Centre
I04371,U0016,Presentation Clicker — Logitech #4371,Accessory,Presentation Clicker,Logitech,EXCELLENT,SWAP,INACTIVE,2150,2026-03-14,2026-07-08,Hostel Block A
I04372,U0127,Arduino Kit — Arduino #4372,Lab Equipment,Arduino Kit,Arduino,GOOD,BORROW,AVAILABLE,2150,2025-12-23,2026-05-07,Hostel Block B
I04373,U0125,Safety Goggles — 3M #4373,Safety Equipment,Safety Goggles,3M,EXCELLENT,GIVEAWAY,AVAILABLE,350,2026-02-13,2026-05-09,Hostel Block C
I04374,U0316,Webcam — Logitech #4374,Electronics,Webcam,Logitech,EXCELLENT,BORROW,BORROWED,1000,2025-11-22,2026-04-04,Hostel Block D
I04375,U0275,Graph Paper Pack — Classmate #4375,Stationery,Graph Paper Pack,Classmate,GOOD,BORROW,AVAILABLE,100,2026-07-27,2027-01-09,Innovation Lab
I04376,U0779,Soldering Iron Kit — Weller #4376,Lab Equipment,Soldering Iron Kit,Weller,GOOD,BORROW,AVAILABLE,1600,2025-12-07,2026-01-21,ECE Lab
I04377,U0531,Screwdriver Set — Bosch #4377,Equipment,Screwdriver Set,Bosch,GOOD,SWAP,AVAILABLE,1300,2025-12-24,2026-04-15,Mechanical Lab
I04378,U0529,Python Programming Book — O'Reilly #4378,Book,Python Programming Book,O'Reilly,GOOD,SWAP,AVAILABLE,1100,2026-04-20,2026-08-09,Architecture Studio
I04379,U0119,Vernier Caliper — Mitutoyo #4379,Lab Equipment,Vernier Caliper,Mitutoyo,GOOD,GIVEAWAY,BORROWED,1800,2025-11-29,2026-01-08,CS Department
I04380,U0374,Calculator — CASIO #4380,Academic,Calculator,CASIO,GOOD,BORROW,RETURNED,800,2026-03-11,2026-06-27,Main Block
I04381,U0073,Bluetooth Keyboard — Logitech #4381,Accessory,Bluetooth Keyboard,Logitech,GOOD,GIVEAWAY,AVAILABLE,1450,2026-05-10,2026-06-27,Central Library
I04382,U0053,External Hard Drive — WD #4382,Storage,External Hard Drive,WD,GOOD,BORROW,RETURNED,3400,2026-05-21,2026-07-19,Student Centre
I04383,U0041,USB-C Charger — Anker #4383,Electronics,USB-C Charger,Anker,GOOD,BORROW,AVAILABLE,1100,2026-07-24,2026-11-24,Hostel Block A
I04384,U0968,Engineering Drawing Kit — Staedtler #4384,Equipment,Engineering Drawing Kit,Staedtler,EXCELLENT,SELL,AVAILABLE,1600,2026-06-28,2026-08-30,Hostel Block B
I04385,U0285,Tripod — Digitek #4385,Equipment,Tripod,Digitek,NEW,GIVEAWAY,AVAILABLE,1400,2026-08-07,2026-10-22,Hostel Block C
I04386,U0203,Digital Multimeter — Meco #4386,Lab Equipment,Digital Multimeter,Meco,GOOD,SELL,AVAILABLE,850,2026-08-08,2026-11-03,Hostel Block D
I04387,U0245,College Backpack — Wildcraft #4387,Bag,College Backpack,Wildcraft,GOOD,BORROW,BORROWED,2350,2026-05-27,2026-10-22,Innovation Lab
I04388,U0399,Headphones — JBL #4388,Electronics,Headphones,JBL,NEW,SELL,AVAILABLE,3050,2025-09-03,2026-02-10,ECE Lab
I04389,U0515,Mechanical Drawing Set — Rotring #4389,Stationery,Mechanical Drawing Set,Rotring,GOOD,BORROW,AVAILABLE,1650,2026-07-26,2026-09-13,Mechanical Lab
I04390,U0039,Desk Lamp — Philips #4390,Accessory,Desk Lamp,Philips,EXCELLENT,BORROW,BORROWED,700,2026-05-29,2026-08-25,Architecture Studio
I04391,U0297,Textbook — Pearson #4391,Book,Textbook,Pearson,EXCELLENT,BORROW,INACTIVE,1100,2025-10-16,2026-02-24,CS Department
I04392,U0792,USB Flash Drive — SanDisk #4392,Storage,USB Flash Drive,SanDisk,GOOD,BORROW,INACTIVE,800,2025-08-11,2025-12-22,Main Block
I04393,U0723,Scientific Calculator — Texas Instruments #4393,Academic,Scientific Calculator,Texas Instruments,GOOD,BORROW,BORROWED,1700,2026-08-23,2026-12-18,Central Library
I04394,U0408,Lab Coat — Generic #4394,Clothing,Lab Coat,Generic,GOOD,SELL,AVAILABLE,400,2026-08-15,2026-10-22,Student Centre
I04395,U0804,Power Bank — MI #4395,Accessory,Power Bank,MI,GOOD,BORROW,RETURNED,800,2026-04-24,2026-07-05,Hostel Block A
I04396,U0630,HDMI Cable — UGREEN #4396,Cable,HDMI Cable,UGREEN,NEW,SELL,AVAILABLE,150,2025-09-24,2025-12-12,Hostel Block B
I04397,U0756,Drawing Board — Camel #4397,Equipment,Drawing Board,Camel,EXCELLENT,BORROW,AVAILABLE,1300,2025-12-31,2026-05-10,Hostel Block C
I04398,U0278,Ethernet Cable — D-Link #4398,Cable,Ethernet Cable,D-Link,GOOD,SELL,RETURNED,500,2026-07-07,2026-10-05,Hostel Block D
I04399,U0112,Extension Board — Philips #4399,Electronics,Extension Board,Philips,GOOD,GIVEAWAY,RETURNED,1200,2026-01-05,2026-04-26,Innovation Lab
I04400,U0227,Breadboard Kit — Generic #4400,Lab Equipment,Breadboard Kit,Generic,GOOD,SWAP,AVAILABLE,800,2025-09-29,2026-02-27,ECE Lab
I04401,U0556,Presentation Clicker — Logitech #4401,Accessory,Presentation Clicker,Logitech,EXCELLENT,BORROW,AVAILABLE,700,2026-09-07,2027-02-01,Mechanical Lab
I04402,U0891,Arduino Kit — Arduino #4402,Lab Equipment,Arduino Kit,Arduino,FAIR,SWAP,AVAILABLE,1050,2025-10-11,2026-04-09,Architecture Studio
I04403,U0262,Safety Goggles — 3M #4403,Safety Equipment,Safety Goggles,3M,GOOD,BORROW,AVAILABLE,450,2026-06-03,2026-09-27,CS Department
I04404,U0451,Webcam — Logitech #4404,Electronics,Webcam,Logitech,GOOD,SWAP,AVAILABLE,2200,2026-09-08,2026-11-04,Main Block
I04405,U0785,Graph Paper Pack — Classmate #4405,Stationery,Graph Paper Pack,Classmate,GOOD,GIVEAWAY,AVAILABLE,150,2025-11-04,2026-03-12,Central Library
I04406,U0226,Soldering Iron Kit — Weller #4406,Lab Equipment,Soldering Iron Kit,Weller,GOOD,BORROW,RETURNED,2050,2025-11-05,2026-03-26,Student Centre
I04407,U0961,Screwdriver Set — Bosch #4407,Equipment,Screwdriver Set,Bosch,EXCELLENT,BORROW,AVAILABLE,600,2026-09-07,2026-12-12,Hostel Block A
I04408,U0067,Python Programming Book — O'Reilly #4408,Book,Python Programming Book,O'Reilly,GOOD,GIVEAWAY,BORROWED,1250,2026-04-18,2026-09-10,Hostel Block B
I04409,U0161,Vernier Caliper — Mitutoyo #4409,Lab Equipment,Vernier Caliper,Mitutoyo,GOOD,GIVEAWAY,AVAILABLE,5950,2025-12-16,2026-03-22,Hostel Block C
I04410,U0370,Calculator — CASIO #4410,Academic,Calculator,CASIO,GOOD,BORROW,AVAILABLE,650,2026-08-22,2027-01-31,Hostel Block D
I04411,U0543,Bluetooth Keyboard — Logitech #4411,Accessory,Bluetooth Keyboard,Logitech,GOOD,BORROW,AVAILABLE,1450,2026-08-11,2026-11-19,Innovation Lab
I04412,U0210,External Hard Drive — WD #4412,Storage,External Hard Drive,WD,GOOD,SWAP,BORROWED,4300,2026-06-09,2026-10-09,ECE Lab
I04413,U0106,USB-C Charger — Anker #4413,Electronics,USB-C Charger,Anker,GOOD,BORROW,RESERVED,2450,2026-03-07,2026-07-26,Mechanical Lab
I04414,U0730,Engineering Drawing Kit — Staedtler #4414,Equipment,Engineering Drawing Kit,Staedtler,GOOD,SWAP,AVAILABLE,1600,2026-05-15,2026-08-05,Architecture Studio
I04415,U0002,Tripod — Digitek #4415,Equipment,Tripod,Digitek,FAIR,SWAP,AVAILABLE,2000,2025-09-27,2026-03-19,CS Department
I04416,U0890,Digital Multimeter — Meco #4416,Lab Equipment,Digital Multimeter,Meco,EXCELLENT,BORROW,AVAILABLE,750,2025-09-24,2025-12-24,Main Block
I04417,U0995,College Backpack — Wildcraft #4417,Bag,College Backpack,Wildcraft,FAIR,GIVEAWAY,AVAILABLE,600,2026-05-09,2026-07-19,Central Library
I04418,U0194,Headphones — JBL #4418,Electronics,Headphones,JBL,GOOD,BORROW,AVAILABLE,2450,2026-06-10,2026-09-12,Student Centre
I04419,U0457,Mechanical Drawing Set — Rotring #4419,Stationery,Mechanical Drawing Set,Rotring,EXCELLENT,SWAP,AVAILABLE,1800,2026-01-03,2026-06-20,Hostel Block A
I04420,U0654,Desk Lamp — Philips #4420,Accessory,Desk Lamp,Philips,GOOD,SELL,AVAILABLE,750,2025-10-14,2026-01-26,Hostel Block B
I04421,U0717,Textbook — Pearson #4421,Book,Textbook,Pearson,GOOD,SELL,RESERVED,1050,2025-11-12,2025-12-28,Hostel Block C
I04422,U0233,USB Flash Drive — SanDisk #4422,Storage,USB Flash Drive,SanDisk,GOOD,GIVEAWAY,INACTIVE,450,2026-09-08,2026-12-15,Hostel Block D
I04423,U0694,Scientific Calculator — Texas Instruments #4423,Academic,Scientific Calculator,Texas Instruments,GOOD,BORROW,AVAILABLE,1050,2026-01-07,2026-05-14,Innovation Lab
I04424,U0482,Lab Coat — Generic #4424,Clothing,Lab Coat,Generic,NEW,SWAP,AVAILABLE,400,2026-03-30,2026-05-01,ECE Lab
I04425,U0172,Power Bank — MI #4425,Accessory,Power Bank,MI,FAIR,BORROW,AVAILABLE,1800,2026-01-23,2026-04-20,Mechanical Lab
I04426,U0775,HDMI Cable — UGREEN #4426,Cable,HDMI Cable,UGREEN,EXCELLENT,SWAP,AVAILABLE,450,2026-01-29,2026-07-20,Architecture Studio
I04427,U0928,Drawing Board — Camel #4427,Equipment,Drawing Board,Camel,GOOD,SWAP,AVAILABLE,1450,2026-02-22,2026-07-01,CS Department
I04428,U0943,Ethernet Cable — D-Link #4428,Cable,Ethernet Cable,D-Link,GOOD,SWAP,BORROWED,450,2026-09-24,2027-02-23,Main Block
I04429,U0597,Extension Board — Philips #4429,Electronics,Extension Board,Philips,EXCELLENT,SWAP,AVAILABLE,950,2026-04-15,2026-07-14,Central Library
I04430,U0576,Breadboard Kit — Generic #4430,Lab Equipment,Breadboard Kit,Generic,FAIR,BORROW,AVAILABLE,250,2026-03-08,2026-08-27,Student Centre
I04431,U0941,Presentation Clicker — Logitech #4431,Accessory,Presentation Clicker,Logitech,FAIR,SWAP,AVAILABLE,1450,2026-04-10,2026-08-31,Hostel Block A
I04432,U0070,Arduino Kit — Arduino #4432,Lab Equipment,Arduino Kit,Arduino,EXCELLENT,SELL,AVAILABLE,1000,2025-08-04,2025-12-01,Hostel Block B
I04433,U0679,Safety Goggles — 3M #4433,Safety Equipment,Safety Goggles,3M,EXCELLENT,BORROW,INACTIVE,450,2025-11-05,2026-01-24,Hostel Block C
I04434,U0055,Webcam — Logitech #4434,Electronics,Webcam,Logitech,EXCELLENT,BORROW,RETURNED,1100,2025-08-24,2025-11-16,Hostel Block D
I04435,U0059,Graph Paper Pack — Classmate #4435,Stationery,Graph Paper Pack,Classmate,GOOD,BORROW,BORROWED,100,2026-01-02,2026-04-06,Innovation Lab
I04436,U0512,Soldering Iron Kit — Weller #4436,Lab Equipment,Soldering Iron Kit,Weller,GOOD,BORROW,AVAILABLE,750,2025-12-07,2026-04-26,ECE Lab
I04437,U0896,Screwdriver Set — Bosch #4437,Equipment,Screwdriver Set,Bosch,GOOD,SWAP,AVAILABLE,1500,2026-09-11,2027-03-02,Mechanical Lab
I04438,U0812,Python Programming Book — O'Reilly #4438,Book,Python Programming Book,O'Reilly,GOOD,BORROW,BORROWED,950,2025-12-03,2026-02-09,Architecture Studio
I04439,U0734,Vernier Caliper — Mitutoyo #4439,Lab Equipment,Vernier Caliper,Mitutoyo,GOOD,BORROW,INACTIVE,4500,2026-07-20,2026-10-04,CS Department
I04440,U0103,Calculator — CASIO #4440,Academic,Calculator,CASIO,EXCELLENT,SWAP,INACTIVE,1500,2025-09-10,2025-11-01,Main Block
I04441,U0285,Bluetooth Keyboard — Logitech #4441,Accessory,Bluetooth Keyboard,Logitech,GOOD,GIVEAWAY,AVAILABLE,1250,2026-09-06,2026-11-15,Central Library
I04442,U0123,External Hard Drive — WD #4442,Storage,External Hard Drive,WD,FAIR,GIVEAWAY,AVAILABLE,5050,2025-11-21,2026-01-10,Student Centre
I04443,U0873,USB-C Charger — Anker #4443,Electronics,USB-C Charger,Anker,GOOD,GIVEAWAY,RETURNED,2000,2026-05-11,2026-09-23,Hostel Block A
I04444,U0752,Engineering Drawing Kit — Staedtler #4444,Equipment,Engineering Drawing Kit,Staedtler,FAIR,GIVEAWAY,INACTIVE,1400,2026-07-25,2026-12-31,Hostel Block B
I04445,U0367,Tripod — Digitek #4445,Equipment,Tripod,Digitek,GOOD,GIVEAWAY,BORROWED,550,2026-05-28,2026-07-12,Hostel Block C
I04446,U0545,Digital Multimeter — Meco #4446,Lab Equipment,Digital Multimeter,Meco,GOOD,BORROW,BORROWED,800,2025-11-22,2026-05-13,Hostel Block D
I04447,U0965,College Backpack — Wildcraft #4447,Bag,College Backpack,Wildcraft,GOOD,GIVEAWAY,AVAILABLE,1100,2026-05-02,2026-10-15,Innovation Lab
I04448,U0271,Headphones — JBL #4448,Electronics,Headphones,JBL,FAIR,BORROW,BORROWED,2350,2026-07-31,2027-01-09,ECE Lab
I04449,U0689,Mechanical Drawing Set — Rotring #4449,Stationery,Mechanical Drawing Set,Rotring,GOOD,SWAP,AVAILABLE,950,2025-12-29,2026-05-02,Mechanical Lab
I04450,U0672,Desk Lamp — Philips #4450,Accessory,Desk Lamp,Philips,EXCELLENT,SWAP,AVAILABLE,1150,2025-10-20,2026-02-22,Architecture Studio
I04451,U0268,Textbook — Pearson #4451,Book,Textbook,Pearson,EXCELLENT,GIVEAWAY,AVAILABLE,600,2026-03-30,2026-08-28,CS Department
I04452,U0940,USB Flash Drive — SanDisk #4452,Storage,USB Flash Drive,SanDisk,EXCELLENT,SWAP,AVAILABLE,300,2025-12-23,2026-06-19,Main Block
I04453,U0377,Scientific Calculator — Texas Instruments #4453,Academic,Scientific Calculator,Texas Instruments,GOOD,BORROW,AVAILABLE,1000,2026-08-01,2027-01-26,Central Library
I04454,U0099,Lab Coat — Generic #4454,Clothing,Lab Coat,Generic,GOOD,GIVEAWAY,RESERVED,1200,2025-08-24,2026-01-26,Student Centre
I04455,U0398,Power Bank — MI #4455,Accessory,Power Bank,MI,GOOD,SELL,INACTIVE,1500,2026-01-21,2026-06-26,Hostel Block A
I04456,U0919,HDMI Cable — UGREEN #4456,Cable,HDMI Cable,UGREEN,GOOD,BORROW,RETURNED,500,2025-11-17,2026-04-04,Hostel Block B
I04457,U0537,Drawing Board — Camel #4457,Equipment,Drawing Board,Camel,FAIR,BORROW,AVAILABLE,1800,2025-10-10,2026-03-26,Hostel Block C
I04458,U0424,Ethernet Cable — D-Link #4458,Cable,Ethernet Cable,D-Link,EXCELLENT,BORROW,INACTIVE,600,2025-11-29,2026-03-18,Hostel Block D
I04459,U0910,Extension Board — Philips #4459,Electronics,Extension Board,Philips,EXCELLENT,BORROW,AVAILABLE,700,2026-03-28,2026-08-03,Innovation Lab
I04460,U0069,Breadboard Kit — Generic #4460,Lab Equipment,Breadboard Kit,Generic,FAIR,SWAP,RETURNED,200,2026-07-27,2026-12-05,ECE Lab
I04461,U0901,Presentation Clicker — Logitech #4461,Accessory,Presentation Clicker,Logitech,GOOD,SELL,RETURNED,1650,2026-02-18,2026-08-06,Mechanical Lab
I04462,U0217,Arduino Kit — Arduino #4462,Lab Equipment,Arduino Kit,Arduino,GOOD,BORROW,AVAILABLE,750,2025-12-19,2026-04-06,Architecture Studio
I04463,U0571,Safety Goggles — 3M #4463,Safety Equipment,Safety Goggles,3M,GOOD,GIVEAWAY,AVAILABLE,450,2025-08-09,2025-12-11,CS Department
I04464,U0727,Webcam — Logitech #4464,Electronics,Webcam,Logitech,EXCELLENT,SELL,BORROWED,3250,2025-09-06,2025-12-12,Main Block
I04465,U0549,Graph Paper Pack — Classmate #4465,Stationery,Graph Paper Pack,Classmate,GOOD,SWAP,AVAILABLE,50,2026-07-15,2026-10-28,Central Library
I04466,U0788,Soldering Iron Kit — Weller #4466,Lab Equipment,Soldering Iron Kit,Weller,NEW,SWAP,AVAILABLE,2700,2026-03-14,2026-06-29,Student Centre
I04467,U0701,Screwdriver Set — Bosch #4467,Equipment,Screwdriver Set,Bosch,GOOD,SELL,RESERVED,1200,2025-09-11,2026-01-18,Hostel Block A
I04468,U0241,Python Programming Book — O'Reilly #4468,Book,Python Programming Book,O'Reilly,EXCELLENT,GIVEAWAY,AVAILABLE,550,2025-11-20,2026-02-19,Hostel Block B
I04469,U0583,Vernier Caliper — Mitutoyo #4469,Lab Equipment,Vernier Caliper,Mitutoyo,GOOD,BORROW,RETURNED,3100,2026-09-14,2026-12-16,Hostel Block C
I04470,U0731,Calculator — CASIO #4470,Academic,Calculator,CASIO,GOOD,BORROW,AVAILABLE,550,2025-11-22,2025-12-23,Hostel Block D
I04471,U0839,Bluetooth Keyboard — Logitech #4471,Accessory,Bluetooth Keyboard,Logitech,GOOD,BORROW,RETURNED,2950,2025-11-02,2026-04-24,Innovation Lab
I04472,U0015,External Hard Drive — WD #4472,Storage,External Hard Drive,WD,GOOD,SELL,AVAILABLE,5050,2026-02-18,2026-07-02,ECE Lab
I04473,U0298,USB-C Charger — Anker #4473,Electronics,USB-C Charger,Anker,EXCELLENT,GIVEAWAY,AVAILABLE,1050,2025-10-21,2026-03-17,Mechanical Lab
I04474,U0289,Engineering Drawing Kit — Staedtler #4474,Equipment,Engineering Drawing Kit,Staedtler,GOOD,GIVEAWAY,AVAILABLE,1200,2026-03-27,2026-07-23,Architecture Studio
I04475,U0909,Tripod — Digitek #4475,Equipment,Tripod,Digitek,GOOD,GIVEAWAY,RETURNED,1000,2026-05-25,2026-08-17,CS Department
I04476,U0010,Digital Multimeter — Meco #4476,Lab Equipment,Digital Multimeter,Meco,EXCELLENT,SELL,RESERVED,1100,2026-03-18,2026-05-21,Main Block
I04477,U0023,College Backpack — Wildcraft #4477,Bag,College Backpack,Wildcraft,GOOD,BORROW,INACTIVE,1300,2025-12-27,2026-05-05,Central Library
I04478,U0365,Headphones — JBL #4478,Electronics,Headphones,JBL,GOOD,SELL,AVAILABLE,1250,2025-10-17,2026-03-10,Student Centre
I04479,U0294,Mechanical Drawing Set — Rotring #4479,Stationery,Mechanical Drawing Set,Rotring,FAIR,BORROW,INACTIVE,850,2026-07-21,2027-01-15,Hostel Block A
I04480,U0471,Desk Lamp — Philips #4480,Accessory,Desk Lamp,Philips,GOOD,BORROW,AVAILABLE,1100,2026-03-16,2026-06-22,Hostel Block B
I04481,U0026,Textbook — Pearson #4481,Book,Textbook,Pearson,GOOD,GIVEAWAY,INACTIVE,650,2026-05-17,2026-09-24,Hostel Block C
I04482,U1000,USB Flash Drive — SanDisk #4482,Storage,USB Flash Drive,SanDisk,GOOD,GIVEAWAY,AVAILABLE,250,2026-01-18,2026-02-20,Hostel Block D
I04483,U0769,Scientific Calculator — Texas Instruments #4483,Academic,Scientific Calculator,Texas Instruments,FAIR,BORROW,BORROWED,1500,2025-10-06,2026-02-23,Innovation Lab
I04484,U0717,Lab Coat — Generic #4484,Clothing,Lab Coat,Generic,NEW,BORROW,AVAILABLE,500,2026-08-14,2026-12-16,ECE Lab
I04485,U0697,Power Bank — MI #4485,Accessory,Power Bank,MI,GOOD,GIVEAWAY,RETURNED,2150,2025-08-28,2025-10-24,Mechanical Lab
I04486,U0590,HDMI Cable — UGREEN #4486,Cable,HDMI Cable,UGREEN,FAIR,BORROW,BORROWED,600,2026-02-06,2026-05-28,Architecture Studio
I04487,U0745,Drawing Board — Camel #4487,Equipment,Drawing Board,Camel,GOOD,BORROW,BORROWED,1700,2025-10-15,2025-11-24,CS Department
I04488,U0657,Ethernet Cable — D-Link #4488,Cable,Ethernet Cable,D-Link,GOOD,SWAP,RESERVED,600,2026-01-05,2026-06-22,Main Block
I04489,U0663,Extension Board — Philips #4489,Electronics,Extension Board,Philips,GOOD,SWAP,RETURNED,1450,2026-08-05,2026-12-11,Central Library
I04490,U0895,Breadboard Kit — Generic #4490,Lab Equipment,Breadboard Kit,Generic,GOOD,BORROW,RESERVED,200,2026-03-14,2026-06-22,Student Centre
I04491,U0109,Presentation Clicker — Logitech #4491,Accessory,Presentation Clicker,Logitech,GOOD,GIVEAWAY,AVAILABLE,750,2025-12-17,2026-02-06,Hostel Block A
I04492,U0722,Arduino Kit — Arduino #4492,Lab Equipment,Arduino Kit,Arduino,FAIR,GIVEAWAY,AVAILABLE,2900,2026-08-15,2026-11-05,Hostel Block B
I04493,U0460,Safety Goggles — 3M #4493,Safety Equipment,Safety Goggles,3M,FAIR,GIVEAWAY,AVAILABLE,600,2025-09-21,2025-12-03,Hostel Block C
I04494,U0947,Webcam — Logitech #4494,Electronics,Webcam,Logitech,GOOD,SWAP,AVAILABLE,3350,2025-11-28,2026-04-20,Hostel Block D
I04495,U0512,Graph Paper Pack — Classmate #4495,Stationery,Graph Paper Pack,Classmate,GOOD,GIVEAWAY,BORROWED,100,2025-08-11,2025-10-04,Innovation Lab
I04496,U0294,Soldering Iron Kit — Weller #4496,Lab Equipment,Soldering Iron Kit,Weller,NEW,GIVEAWAY,AVAILABLE,2850,2026-03-05,2026-04-07,ECE Lab
I04497,U0473,Screwdriver Set — Bosch #4497,Equipment,Screwdriver Set,Bosch,EXCELLENT,GIVEAWAY,BORROWED,1200,2026-05-20,2026-08-27,Mechanical Lab
I04498,U0653,Python Programming Book — O'Reilly #4498,Book,Python Programming Book,O'Reilly,NEW,BORROW,AVAILABLE,1100,2026-05-08,2026-07-02,Architecture Studio
I04499,U0764,Vernier Caliper — Mitutoyo #4499,Lab Equipment,Vernier Caliper,Mitutoyo,EXCELLENT,BORROW,AVAILABLE,2400,2026-01-27,2026-06-24,CS Department
I04500,U0455,Calculator — CASIO #4500,Academic,Calculator,CASIO,EXCELLENT,SELL,BORROWED,400,2026-05-25,2026-07-30,Main Block
I04501,U0904,Bluetooth Keyboard — Logitech #4501,Accessory,Bluetooth Keyboard,Logitech,EXCELLENT,GIVEAWAY,AVAILABLE,2300,2025-09-18,2025-11-03,Central Library
I04502,U0607,External Hard Drive — WD #4502,Storage,External Hard Drive,WD,GOOD,BORROW,INACTIVE,6600,2026-03-29,2026-05-15,Student Centre
I04503,U0658,USB-C Charger — Anker #4503,Electronics,USB-C Charger,Anker,EXCELLENT,SELL,RETURNED,1600,2026-05-04,2026-10-21,Hostel Block A
I04504,U0653,Engineering Drawing Kit — Staedtler #4504,Equipment,Engineering Drawing Kit,Staedtler,EXCELLENT,BORROW,AVAILABLE,500,2026-04-21,2026-09-25,Hostel Block B
I04505,U0219,Tripod — Digitek #4505,Equipment,Tripod,Digitek,GOOD,GIVEAWAY,AVAILABLE,850,2026-04-29,2026-10-14,Hostel Block C
I04506,U0015,Digital Multimeter — Meco #4506,Lab Equipment,Digital Multimeter,Meco,GOOD,SWAP,AVAILABLE,1850,2026-08-18,2026-09-23,Hostel Block D
I04507,U0078,College Backpack — Wildcraft #4507,Bag,College Backpack,Wildcraft,GOOD,BORROW,INACTIVE,2800,2026-01-07,2026-04-09,Innovation Lab
I04508,U0137,Headphones — JBL #4508,Electronics,Headphones,JBL,GOOD,GIVEAWAY,BORROWED,1250,2026-09-19,2027-02-03,ECE Lab
I04509,U0549,Mechanical Drawing Set — Rotring #4509,Stationery,Mechanical Drawing Set,Rotring,GOOD,SELL,AVAILABLE,2050,2025-10-18,2025-11-19,Mechanical Lab
I04510,U0600,Desk Lamp — Philips #4510,Accessory,Desk Lamp,Philips,EXCELLENT,BORROW,BORROWED,1250,2026-03-30,2026-06-12,Architecture Studio
I04511,U0541,Textbook — Pearson #4511,Book,Textbook,Pearson,GOOD,GIVEAWAY,RETURNED,1000,2026-09-10,2027-02-19,CS Department
I04512,U0914,USB Flash Drive — SanDisk #4512,Storage,USB Flash Drive,SanDisk,EXCELLENT,BORROW,AVAILABLE,800,2026-01-20,2026-07-01,Main Block
I04513,U0114,Scientific Calculator — Texas Instruments #4513,Academic,Scientific Calculator,Texas Instruments,EXCELLENT,BORROW,AVAILABLE,950,2025-08-27,2025-12-04,Central Library
I04514,U0873,Lab Coat — Generic #4514,Clothing,Lab Coat,Generic,GOOD,SWAP,RESERVED,750,2026-04-01,2026-06-14,Student Centre
I04515,U0495,Power Bank — MI #4515,Accessory,Power Bank,MI,EXCELLENT,SWAP,AVAILABLE,1700,2025-11-16,2026-01-29,Hostel Block A
I04516,U0799,HDMI Cable — UGREEN #4516,Cable,HDMI Cable,UGREEN,EXCELLENT,BORROW,BORROWED,300,2026-06-14,2026-07-21,Hostel Block B
I04517,U0442,Drawing Board — Camel #4517,Equipment,Drawing Board,Camel,EXCELLENT,BORROW,INACTIVE,600,2026-06-23,2026-12-07,Hostel Block C
I04518,U0014,Ethernet Cable — D-Link #4518,Cable,Ethernet Cable,D-Link,GOOD,BORROW,AVAILABLE,550,2026-01-10,2026-06-23,Hostel Block D
I04519,U0153,Extension Board — Philips #4519,Electronics,Extension Board,Philips,GOOD,BORROW,AVAILABLE,1050,2025-11-15,2026-04-30,Innovation Lab
I04520,U0450,Breadboard Kit — Generic #4520,Lab Equipment,Breadboard Kit,Generic,EXCELLENT,BORROW,RETURNED,700,2026-04-19,2026-07-22,ECE Lab
I04521,U0382,Presentation Clicker — Logitech #4521,Accessory,Presentation Clicker,Logitech,FAIR,BORROW,INACTIVE,1450,2026-06-27,2026-11-03,Mechanical Lab
I04522,U0949,Arduino Kit — Arduino #4522,Lab Equipment,Arduino Kit,Arduino,FAIR,BORROW,AVAILABLE,700,2026-04-05,2026-06-05,Architecture Studio
I04523,U0620,Safety Goggles — 3M #4523,Safety Equipment,Safety Goggles,3M,NEW,GIVEAWAY,INACTIVE,500,2025-09-02,2025-11-22,CS Department
I04524,U0530,Webcam — Logitech #4524,Electronics,Webcam,Logitech,GOOD,SWAP,AVAILABLE,1500,2025-08-11,2025-09-24,Main Block
I04525,U0703,Graph Paper Pack — Classmate #4525,Stationery,Graph Paper Pack,Classmate,GOOD,SWAP,AVAILABLE,100,2026-07-10,2026-09-24,Central Library
I04526,U0723,Soldering Iron Kit — Weller #4526,Lab Equipment,Soldering Iron Kit,Weller,FAIR,BORROW,AVAILABLE,1900,2026-06-10,2026-10-15,Student Centre
I04527,U0189,Screwdriver Set — Bosch #4527,Equipment,Screwdriver Set,Bosch,GOOD,BORROW,AVAILABLE,900,2025-09-25,2025-12-19,Hostel Block A
I04528,U0810,Python Programming Book — O'Reilly #4528,Book,Python Programming Book,O'Reilly,EXCELLENT,BORROW,AVAILABLE,550,2025-12-22,2026-05-14,Hostel Block B
I04529,U0654,Vernier Caliper — Mitutoyo #4529,Lab Equipment,Vernier Caliper,Mitutoyo,EXCELLENT,BORROW,RESERVED,2900,2026-02-25,2026-05-01,Hostel Block C
I04530,U0952,Calculator — CASIO #4530,Academic,Calculator,CASIO,EXCELLENT,SWAP,RETURNED,650,2025-09-17,2025-10-26,Hostel Block D
I04531,U0755,Bluetooth Keyboard — Logitech #4531,Accessory,Bluetooth Keyboard,Logitech,GOOD,GIVEAWAY,AVAILABLE,1350,2025-08-26,2026-01-27,Innovation Lab
I04532,U0371,External Hard Drive — WD #4532,Storage,External Hard Drive,WD,GOOD,BORROW,INACTIVE,5200,2025-12-18,2026-04-10,ECE Lab
I04533,U0702,USB-C Charger — Anker #4533,Electronics,USB-C Charger,Anker,FAIR,SWAP,RETURNED,1750,2025-09-21,2026-01-03,Mechanical Lab
I04534,U0257,Engineering Drawing Kit — Staedtler #4534,Equipment,Engineering Drawing Kit,Staedtler,GOOD,GIVEAWAY,AVAILABLE,1500,2026-08-22,2026-10-03,Architecture Studio
I04535,U0376,Tripod — Digitek #4535,Equipment,Tripod,Digitek,GOOD,SELL,AVAILABLE,1250,2026-01-25,2026-07-17,CS Department
I04536,U0711,Digital Multimeter — Meco #4536,Lab Equipment,Digital Multimeter,Meco,FAIR,GIVEAWAY,AVAILABLE,950,2026-09-13,2027-02-13,Main Block
I04537,U0614,College Backpack — Wildcraft #4537,Bag,College Backpack,Wildcraft,NEW,GIVEAWAY,AVAILABLE,1450,2025-09-04,2026-02-26,Central Library
I04538,U0107,Headphones — JBL #4538,Electronics,Headphones,JBL,NEW,BORROW,RETURNED,2250,2026-04-01,2026-09-09,Student Centre
I04539,U0480,Mechanical Drawing Set — Rotring #4539,Stationery,Mechanical Drawing Set,Rotring,GOOD,BORROW,AVAILABLE,1950,2026-02-06,2026-05-12,Hostel Block A
I04540,U0459,Desk Lamp — Philips #4540,Accessory,Desk Lamp,Philips,EXCELLENT,SELL,INACTIVE,1650,2025-11-03,2025-12-06,Hostel Block B
I04541,U0781,Textbook — Pearson #4541,Book,Textbook,Pearson,GOOD,BORROW,BORROWED,1150,2026-01-18,2026-05-29,Hostel Block C
I04542,U0251,USB Flash Drive — SanDisk #4542,Storage,USB Flash Drive,SanDisk,EXCELLENT,BORROW,AVAILABLE,1100,2026-06-08,2026-07-12,Hostel Block D
I04543,U0219,Scientific Calculator — Texas Instruments #4543,Academic,Scientific Calculator,Texas Instruments,GOOD,GIVEAWAY,BORROWED,2250,2026-04-15,2026-10-04,Innovation Lab
I04544,U0717,Lab Coat — Generic #4544,Clothing,Lab Coat,Generic,GOOD,BORROW,INACTIVE,800,2025-10-05,2026-03-29,ECE Lab
I04545,U0062,Power Bank — MI #4545,Accessory,Power Bank,MI,EXCELLENT,BORROW,AVAILABLE,1750,2026-05-15,2026-10-16,Mechanical Lab
I04546,U0997,HDMI Cable — UGREEN #4546,Cable,HDMI Cable,UGREEN,EXCELLENT,GIVEAWAY,AVAILABLE,350,2025-11-24,2026-01-04,Architecture Studio
I04547,U0759,Drawing Board — Camel #4547,Equipment,Drawing Board,Camel,GOOD,BORROW,AVAILABLE,1750,2026-04-09,2026-09-28,CS Department
I04548,U0502,Ethernet Cable — D-Link #4548,Cable,Ethernet Cable,D-Link,EXCELLENT,BORROW,RETURNED,500,2026-03-21,2026-06-23,Main Block
I04549,U0609,Extension Board — Philips #4549,Electronics,Extension Board,Philips,NEW,GIVEAWAY,AVAILABLE,600,2026-03-01,2026-07-29,Central Library
I04550,U0415,Breadboard Kit — Generic #4550,Lab Equipment,Breadboard Kit,Generic,GOOD,BORROW,BORROWED,200,2026-09-02,2026-10-20,Student Centre
I04551,U0032,Presentation Clicker — Logitech #4551,Accessory,Presentation Clicker,Logitech,GOOD,BORROW,BORROWED,1200,2025-10-01,2026-01-31,Hostel Block A
I04552,U0791,Arduino Kit — Arduino #4552,Lab Equipment,Arduino Kit,Arduino,GOOD,BORROW,AVAILABLE,2450,2026-02-11,2026-03-21,Hostel Block B
I04553,U0155,Safety Goggles — 3M #4553,Safety Equipment,Safety Goggles,3M,GOOD,BORROW,AVAILABLE,350,2025-08-16,2026-02-03,Hostel Block C
I04554,U0363,Webcam — Logitech #4554,Electronics,Webcam,Logitech,GOOD,BORROW,AVAILABLE,1700,2025-12-24,2026-03-04,Hostel Block D
I04555,U0701,Graph Paper Pack — Classmate #4555,Stationery,Graph Paper Pack,Classmate,NEW,BORROW,BORROWED,100,2026-01-31,2026-04-19,Innovation Lab
I04556,U0393,Soldering Iron Kit — Weller #4556,Lab Equipment,Soldering Iron Kit,Weller,GOOD,GIVEAWAY,AVAILABLE,2100,2026-07-24,2026-09-28,ECE Lab
I04557,U0058,Screwdriver Set — Bosch #4557,Equipment,Screwdriver Set,Bosch,EXCELLENT,SWAP,AVAILABLE,1100,2025-10-19,2025-12-20,Mechanical Lab
I04558,U0448,Python Programming Book — O'Reilly #4558,Book,Python Programming Book,O'Reilly,GOOD,SELL,RETURNED,500,2026-03-23,2026-07-11,Architecture Studio
I04559,U0669,Vernier Caliper — Mitutoyo #4559,Lab Equipment,Vernier Caliper,Mitutoyo,GOOD,SELL,BORROWED,5000,2026-06-19,2026-07-19,CS Department
I04560,U0563,Calculator — CASIO #4560,Academic,Calculator,CASIO,NEW,GIVEAWAY,AVAILABLE,650,2026-08-21,2026-11-27,Main Block
I04561,U0149,Bluetooth Keyboard — Logitech #4561,Accessory,Bluetooth Keyboard,Logitech,GOOD,BORROW,AVAILABLE,2100,2025-08-01,2025-12-18,Central Library
I04562,U0622,External Hard Drive — WD #4562,Storage,External Hard Drive,WD,GOOD,SWAP,RESERVED,4000,2025-09-14,2025-12-02,Student Centre
I04563,U0866,USB-C Charger — Anker #4563,Electronics,USB-C Charger,Anker,NEW,GIVEAWAY,AVAILABLE,2350,2026-02-02,2026-05-19,Hostel Block A
I04564,U0833,Engineering Drawing Kit — Staedtler #4564,Equipment,Engineering Drawing Kit,Staedtler,FAIR,BORROW,AVAILABLE,1550,2025-10-14,2026-02-02,Hostel Block B
I04565,U0674,Tripod — Digitek #4565,Equipment,Tripod,Digitek,GOOD,GIVEAWAY,RETURNED,1900,2026-05-11,2026-06-19,Hostel Block C
I04566,U0602,Digital Multimeter — Meco #4566,Lab Equipment,Digital Multimeter,Meco,FAIR,BORROW,INACTIVE,1350,2025-10-14,2026-03-07,Hostel Block D
I04567,U0294,College Backpack — Wildcraft #4567,Bag,College Backpack,Wildcraft,GOOD,BORROW,BORROWED,1750,2026-05-28,2026-11-21,Innovation Lab
I04568,U0561,Headphones — JBL #4568,Electronics,Headphones,JBL,GOOD,BORROW,RETURNED,1600,2026-03-10,2026-04-25,ECE Lab
I04569,U0989,Mechanical Drawing Set — Rotring #4569,Stationery,Mechanical Drawing Set,Rotring,GOOD,SELL,AVAILABLE,1750,2026-06-02,2026-10-04,Mechanical Lab
I04570,U0368,Desk Lamp — Philips #4570,Accessory,Desk Lamp,Philips,GOOD,BORROW,INACTIVE,1750,2026-07-19,2026-10-11,Architecture Studio
I04571,U0371,Textbook — Pearson #4571,Book,Textbook,Pearson,EXCELLENT,BORROW,INACTIVE,800,2026-04-10,2026-09-25,CS Department
I04572,U0573,USB Flash Drive — SanDisk #4572,Storage,USB Flash Drive,SanDisk,GOOD,GIVEAWAY,BORROWED,700,2025-12-08,2026-03-29,Main Block
I04573,U0298,Scientific Calculator — Texas Instruments #4573,Academic,Scientific Calculator,Texas Instruments,GOOD,SWAP,AVAILABLE,2400,2026-05-05,2026-07-12,Central Library
I04574,U0589,Lab Coat — Generic #4574,Clothing,Lab Coat,Generic,EXCELLENT,BORROW,AVAILABLE,850,2026-04-21,2026-06-18,Student Centre
I04575,U0782,Power Bank — MI #4575,Accessory,Power Bank,MI,GOOD,GIVEAWAY,INACTIVE,600,2025-08-11,2026-02-02,Hostel Block A
I04576,U0284,HDMI Cable — UGREEN #4576,Cable,HDMI Cable,UGREEN,GOOD,BORROW,INACTIVE,150,2026-07-17,2026-12-21,Hostel Block B
I04577,U0826,Drawing Board — Camel #4577,Equipment,Drawing Board,Camel,FAIR,SWAP,BORROWED,900,2025-09-21,2025-12-10,Hostel Block C
I04578,U0676,Ethernet Cable — D-Link #4578,Cable,Ethernet Cable,D-Link,GOOD,BORROW,AVAILABLE,400,2025-08-11,2026-01-12,Hostel Block D
I04579,U0928,Extension Board — Philips #4579,Electronics,Extension Board,Philips,FAIR,BORROW,BORROWED,1400,2026-06-09,2026-09-10,Innovation Lab
I04580,U0807,Breadboard Kit — Generic #4580,Lab Equipment,Breadboard Kit,Generic,GOOD,GIVEAWAY,AVAILABLE,750,2026-07-05,2026-08-22,ECE Lab
I04581,U0994,Presentation Clicker — Logitech #4581,Accessory,Presentation Clicker,Logitech,GOOD,GIVEAWAY,AVAILABLE,1800,2025-12-23,2026-06-13,Mechanical Lab
I04582,U0831,Arduino Kit — Arduino #4582,Lab Equipment,Arduino Kit,Arduino,GOOD,BORROW,RETURNED,3150,2025-11-27,2026-04-24,Architecture Studio
I04583,U0369,Safety Goggles — 3M #4583,Safety Equipment,Safety Goggles,3M,EXCELLENT,BORROW,AVAILABLE,550,2025-08-11,2025-12-09,CS Department
I04584,U0853,Webcam — Logitech #4584,Electronics,Webcam,Logitech,GOOD,BORROW,RESERVED,3900,2025-10-28,2026-01-18,Main Block
I04585,U0874,Graph Paper Pack — Classmate #4585,Stationery,Graph Paper Pack,Classmate,GOOD,SWAP,AVAILABLE,150,2025-09-08,2025-10-09,Central Library
I04586,U0568,Soldering Iron Kit — Weller #4586,Lab Equipment,Soldering Iron Kit,Weller,GOOD,SELL,AVAILABLE,2500,2026-08-28,2026-12-29,Student Centre
I04587,U0638,Screwdriver Set — Bosch #4587,Equipment,Screwdriver Set,Bosch,GOOD,BORROW,INACTIVE,500,2026-09-02,2027-01-03,Hostel Block A
I04588,U0486,Python Programming Book — O'Reilly #4588,Book,Python Programming Book,O'Reilly,GOOD,SWAP,AVAILABLE,1200,2026-03-28,2026-05-21,Hostel Block B
I04589,U0042,Vernier Caliper — Mitutoyo #4589,Lab Equipment,Vernier Caliper,Mitutoyo,FAIR,GIVEAWAY,AVAILABLE,2050,2026-05-23,2026-07-20,Hostel Block C
I04590,U0257,Calculator — CASIO #4590,Academic,Calculator,CASIO,GOOD,BORROW,AVAILABLE,1650,2025-09-29,2025-12-27,Hostel Block D
I04591,U0064,Bluetooth Keyboard — Logitech #4591,Accessory,Bluetooth Keyboard,Logitech,EXCELLENT,SWAP,AVAILABLE,850,2025-11-06,2026-03-29,Innovation Lab
I04592,U0188,External Hard Drive — WD #4592,Storage,External Hard Drive,WD,EXCELLENT,BORROW,AVAILABLE,2750,2026-03-20,2026-07-06,ECE Lab
I04593,U0808,USB-C Charger — Anker #4593,Electronics,USB-C Charger,Anker,GOOD,SELL,AVAILABLE,650,2025-08-17,2026-01-25,Mechanical Lab
I04594,U0925,Engineering Drawing Kit — Staedtler #4594,Equipment,Engineering Drawing Kit,Staedtler,GOOD,GIVEAWAY,BORROWED,1150,2025-08-14,2025-12-07,Architecture Studio
I04595,U0254,Tripod — Digitek #4595,Equipment,Tripod,Digitek,GOOD,BORROW,AVAILABLE,2000,2026-04-23,2026-10-01,CS Department
I04596,U0081,Digital Multimeter — Meco #4596,Lab Equipment,Digital Multimeter,Meco,FAIR,SELL,AVAILABLE,550,2026-01-17,2026-04-03,Main Block
I04597,U0522,College Backpack — Wildcraft #4597,Bag,College Backpack,Wildcraft,GOOD,BORROW,AVAILABLE,2950,2026-06-07,2026-08-05,Central Library
I04598,U0942,Headphones — JBL #4598,Electronics,Headphones,JBL,GOOD,BORROW,AVAILABLE,3100,2025-12-24,2026-02-06,Student Centre
I04599,U0545,Mechanical Drawing Set — Rotring #4599,Stationery,Mechanical Drawing Set,Rotring,GOOD,GIVEAWAY,AVAILABLE,550,2025-09-29,2026-01-25,Hostel Block A
I04600,U0509,Desk Lamp — Philips #4600,Accessory,Desk Lamp,Philips,FAIR,BORROW,AVAILABLE,1100,2026-09-04,2026-12-19,Hostel Block B
I04601,U0471,Textbook — Pearson #4601,Book,Textbook,Pearson,EXCELLENT,SELL,RESERVED,800,2026-01-08,2026-05-19,Hostel Block C
I04602,U0126,USB Flash Drive — SanDisk #4602,Storage,USB Flash Drive,SanDisk,EXCELLENT,GIVEAWAY,AVAILABLE,1100,2026-06-11,2026-11-03,Hostel Block D
I04603,U0977,Scientific Calculator — Texas Instruments #4603,Academic,Scientific Calculator,Texas Instruments,GOOD,SWAP,RETURNED,1200,2025-08-20,2026-01-18,Innovation Lab
I04604,U0320,Lab Coat — Generic #4604,Clothing,Lab Coat,Generic,GOOD,BORROW,BORROWED,600,2025-10-21,2025-12-24,ECE Lab
I04605,U0208,Power Bank — MI #4605,Accessory,Power Bank,MI,GOOD,BORROW,AVAILABLE,1450,2026-01-23,2026-02-22,Mechanical Lab
I04606,U0027,HDMI Cable — UGREEN #4606,Cable,HDMI Cable,UGREEN,FAIR,BORROW,AVAILABLE,200,2026-08-04,2026-10-12,Architecture Studio
I04607,U0588,Drawing Board — Camel #4607,Equipment,Drawing Board,Camel,EXCELLENT,SWAP,BORROWED,900,2026-05-29,2026-08-19,CS Department
I04608,U0436,Ethernet Cable — D-Link #4608,Cable,Ethernet Cable,D-Link,GOOD,BORROW,AVAILABLE,250,2026-03-13,2026-08-07,Main Block
I04609,U0233,Extension Board — Philips #4609,Electronics,Extension Board,Philips,EXCELLENT,BORROW,BORROWED,300,2026-07-11,2026-09-19,Central Library
I04610,U0427,Breadboard Kit — Generic #4610,Lab Equipment,Breadboard Kit,Generic,FAIR,BORROW,RESERVED,500,2025-12-04,2026-01-26,Student Centre
I04611,U0896,Presentation Clicker — Logitech #4611,Accessory,Presentation Clicker,Logitech,GOOD,BORROW,AVAILABLE,1550,2026-08-06,2027-01-12,Hostel Block A
I04612,U0709,Arduino Kit — Arduino #4612,Lab Equipment,Arduino Kit,Arduino,GOOD,SWAP,AVAILABLE,1400,2025-09-09,2026-02-23,Hostel Block B
I04613,U0444,Safety Goggles — 3M #4613,Safety Equipment,Safety Goggles,3M,GOOD,SWAP,BORROWED,150,2026-07-07,2026-08-28,Hostel Block C
I04614,U0854,Webcam — Logitech #4614,Electronics,Webcam,Logitech,GOOD,SELL,INACTIVE,2550,2026-02-11,2026-07-31,Hostel Block D
I04615,U0164,Graph Paper Pack — Classmate #4615,Stationery,Graph Paper Pack,Classmate,FAIR,BORROW,AVAILABLE,200,2026-07-21,2026-10-30,Innovation Lab
I04616,U0623,Soldering Iron Kit — Weller #4616,Lab Equipment,Soldering Iron Kit,Weller,FAIR,GIVEAWAY,AVAILABLE,1650,2025-08-04,2026-01-19,ECE Lab
I04617,U0010,Screwdriver Set — Bosch #4617,Equipment,Screwdriver Set,Bosch,FAIR,SWAP,BORROWED,800,2026-01-04,2026-04-08,Mechanical Lab
I04618,U0954,Python Programming Book — O'Reilly #4618,Book,Python Programming Book,O'Reilly,GOOD,SWAP,AVAILABLE,850,2026-04-02,2026-05-07,Architecture Studio
I04619,U0025,Vernier Caliper — Mitutoyo #4619,Lab Equipment,Vernier Caliper,Mitutoyo,GOOD,BORROW,AVAILABLE,4000,2025-10-11,2025-12-26,CS Department
I04620,U0409,Calculator — CASIO #4620,Academic,Calculator,CASIO,GOOD,BORROW,INACTIVE,600,2025-10-10,2026-04-04,Main Block
I04621,U0244,Bluetooth Keyboard — Logitech #4621,Accessory,Bluetooth Keyboard,Logitech,EXCELLENT,BORROW,RETURNED,1200,2026-08-16,2026-12-25,Central Library
I04622,U0266,External Hard Drive — WD #4622,Storage,External Hard Drive,WD,GOOD,BORROW,AVAILABLE,4850,2025-09-28,2025-12-18,Student Centre
I04623,U0575,USB-C Charger — Anker #4623,Electronics,USB-C Charger,Anker,GOOD,BORROW,RETURNED,1000,2026-06-15,2026-11-07,Hostel Block A
I04624,U0864,Engineering Drawing Kit — Staedtler #4624,Equipment,Engineering Drawing Kit,Staedtler,FAIR,GIVEAWAY,INACTIVE,2400,2026-01-03,2026-04-25,Hostel Block B
I04625,U0300,Tripod — Digitek #4625,Equipment,Tripod,Digitek,NEW,SELL,BORROWED,2050,2025-12-28,2026-06-04,Hostel Block C
I04626,U0789,Digital Multimeter — Meco #4626,Lab Equipment,Digital Multimeter,Meco,FAIR,BORROW,RETURNED,1200,2025-08-11,2026-01-14,Hostel Block D
I04627,U0890,College Backpack — Wildcraft #4627,Bag,College Backpack,Wildcraft,GOOD,SWAP,AVAILABLE,1000,2026-07-11,2026-12-25,Innovation Lab
I04628,U0359,Headphones — JBL #4628,Electronics,Headphones,JBL,EXCELLENT,BORROW,INACTIVE,2450,2026-09-21,2026-10-24,ECE Lab
I04629,U0343,Mechanical Drawing Set — Rotring #4629,Stationery,Mechanical Drawing Set,Rotring,GOOD,GIVEAWAY,RESERVED,2050,2026-04-03,2026-06-18,Mechanical Lab
I04630,U0942,Desk Lamp — Philips #4630,Accessory,Desk Lamp,Philips,GOOD,SELL,RETURNED,850,2025-09-16,2026-02-20,Architecture Studio
I04631,U0593,Textbook — Pearson #4631,Book,Textbook,Pearson,EXCELLENT,BORROW,AVAILABLE,900,2025-11-02,2025-12-19,CS Department
I04632,U0270,USB Flash Drive — SanDisk #4632,Storage,USB Flash Drive,SanDisk,GOOD,SWAP,AVAILABLE,400,2026-02-25,2026-04-02,Main Block
I04633,U0279,Scientific Calculator — Texas Instruments #4633,Academic,Scientific Calculator,Texas Instruments,GOOD,BORROW,AVAILABLE,1000,2025-08-11,2025-11-20,Central Library
I04634,U0008,Lab Coat — Generic #4634,Clothing,Lab Coat,Generic,GOOD,GIVEAWAY,BORROWED,1100,2025-08-19,2025-11-03,Student Centre
I04635,U0096,Power Bank — MI #4635,Accessory,Power Bank,MI,EXCELLENT,BORROW,BORROWED,2050,2026-06-21,2026-11-03,Hostel Block A
I04636,U0067,HDMI Cable — UGREEN #4636,Cable,HDMI Cable,UGREEN,EXCELLENT,BORROW,AVAILABLE,450,2025-12-06,2026-02-14,Hostel Block B
I04637,U0177,Drawing Board — Camel #4637,Equipment,Drawing Board,Camel,GOOD,SELL,RESERVED,900,2026-08-08,2026-12-03,Hostel Block C
I04638,U0212,Ethernet Cable — D-Link #4638,Cable,Ethernet Cable,D-Link,GOOD,BORROW,AVAILABLE,400,2026-03-07,2026-06-27,Hostel Block D
I04639,U0758,Extension Board — Philips #4639,Electronics,Extension Board,Philips,GOOD,SELL,BORROWED,750,2026-04-22,2026-07-31,Innovation Lab
I04640,U0282,Breadboard Kit — Generic #4640,Lab Equipment,Breadboard Kit,Generic,FAIR,BORROW,AVAILABLE,300,2026-08-31,2026-10-20,ECE Lab
I04641,U0692,Presentation Clicker — Logitech #4641,Accessory,Presentation Clicker,Logitech,EXCELLENT,BORROW,AVAILABLE,1650,2025-09-25,2026-03-10,Mechanical Lab
I04642,U0080,Arduino Kit — Arduino #4642,Lab Equipment,Arduino Kit,Arduino,GOOD,GIVEAWAY,AVAILABLE,2100,2026-08-26,2026-10-16,Architecture Studio
I04643,U0990,Safety Goggles — 3M #4643,Safety Equipment,Safety Goggles,3M,EXCELLENT,BORROW,BORROWED,400,2025-11-28,2026-02-15,CS Department
I04644,U0096,Webcam — Logitech #4644,Electronics,Webcam,Logitech,EXCELLENT,BORROW,BORROWED,4000,2026-06-03,2026-11-27,Main Block
I04645,U0825,Graph Paper Pack — Classmate #4645,Stationery,Graph Paper Pack,Classmate,GOOD,GIVEAWAY,INACTIVE,100,2026-03-06,2026-05-07,Central Library
I04646,U0234,Soldering Iron Kit — Weller #4646,Lab Equipment,Soldering Iron Kit,Weller,GOOD,BORROW,AVAILABLE,3300,2026-05-21,2026-10-30,Student Centre
I04647,U0914,Screwdriver Set — Bosch #4647,Equipment,Screwdriver Set,Bosch,NEW,BORROW,BORROWED,1050,2025-11-26,2026-03-09,Hostel Block A
I04648,U0661,Python Programming Book — O'Reilly #4648,Book,Python Programming Book,O'Reilly,FAIR,BORROW,BORROWED,1800,2026-06-18,2026-09-09,Hostel Block B
I04649,U0363,Vernier Caliper — Mitutoyo #4649,Lab Equipment,Vernier Caliper,Mitutoyo,EXCELLENT,GIVEAWAY,AVAILABLE,4450,2025-10-19,2026-02-11,Hostel Block C
I04650,U0421,Calculator — CASIO #4650,Academic,Calculator,CASIO,FAIR,SWAP,AVAILABLE,1250,2025-10-20,2026-01-23,Hostel Block D
I04651,U0980,Bluetooth Keyboard — Logitech #4651,Accessory,Bluetooth Keyboard,Logitech,EXCELLENT,SWAP,AVAILABLE,3250,2026-08-25,2026-12-05,Innovation Lab
I04652,U0410,External Hard Drive — WD #4652,Storage,External Hard Drive,WD,GOOD,BORROW,BORROWED,6350,2025-12-24,2026-03-19,ECE Lab
I04653,U0061,USB-C Charger — Anker #4653,Electronics,USB-C Charger,Anker,GOOD,BORROW,AVAILABLE,750,2026-04-01,2026-07-14,Mechanical Lab
I04654,U0844,Engineering Drawing Kit — Staedtler #4654,Equipment,Engineering Drawing Kit,Staedtler,GOOD,SELL,AVAILABLE,1500,2026-07-04,2026-08-31,Architecture Studio
I04655,U0625,Tripod — Digitek #4655,Equipment,Tripod,Digitek,GOOD,BORROW,AVAILABLE,1550,2026-08-31,2027-02-01,CS Department
I04656,U0497,Digital Multimeter — Meco #4656,Lab Equipment,Digital Multimeter,Meco,FAIR,BORROW,RETURNED,750,2025-08-30,2025-11-10,Main Block
I04657,U0363,College Backpack — Wildcraft #4657,Bag,College Backpack,Wildcraft,FAIR,BORROW,BORROWED,1400,2026-06-23,2026-08-14,Central Library
I04658,U0016,Headphones — JBL #4658,Electronics,Headphones,JBL,EXCELLENT,BORROW,AVAILABLE,1500,2026-06-08,2026-11-29,Student Centre
I04659,U0338,Mechanical Drawing Set — Rotring #4659,Stationery,Mechanical Drawing Set,Rotring,EXCELLENT,SWAP,AVAILABLE,2100,2026-09-19,2027-02-20,Hostel Block A
I04660,U0746,Desk Lamp — Philips #4660,Accessory,Desk Lamp,Philips,GOOD,SELL,AVAILABLE,1200,2025-12-26,2026-05-30,Hostel Block B
I04661,U0469,Textbook — Pearson #4661,Book,Textbook,Pearson,GOOD,SWAP,AVAILABLE,850,2026-07-14,2026-10-28,Hostel Block C
I04662,U0108,USB Flash Drive — SanDisk #4662,Storage,USB Flash Drive,SanDisk,EXCELLENT,BORROW,AVAILABLE,1150,2026-08-09,2026-09-14,Hostel Block D
I04663,U0602,Scientific Calculator — Texas Instruments #4663,Academic,Scientific Calculator,Texas Instruments,GOOD,GIVEAWAY,AVAILABLE,1350,2026-06-24,2026-12-06,Innovation Lab
I04664,U0905,Lab Coat — Generic #4664,Clothing,Lab Coat,Generic,FAIR,GIVEAWAY,AVAILABLE,900,2026-04-02,2026-08-23,ECE Lab
I04665,U0478,Power Bank — MI #4665,Accessory,Power Bank,MI,FAIR,SWAP,RESERVED,1450,2026-08-06,2026-11-21,Mechanical Lab
I04666,U0898,HDMI Cable — UGREEN #4666,Cable,HDMI Cable,UGREEN,GOOD,SWAP,AVAILABLE,350,2026-09-23,2026-11-22,Architecture Studio
I04667,U0693,Drawing Board — Camel #4667,Equipment,Drawing Board,Camel,GOOD,BORROW,AVAILABLE,1600,2026-03-24,2026-09-16,CS Department
I04668,U0149,Ethernet Cable — D-Link #4668,Cable,Ethernet Cable,D-Link,FAIR,BORROW,AVAILABLE,300,2026-06-03,2026-08-21,Main Block
I04669,U0744,Extension Board — Philips #4669,Electronics,Extension Board,Philips,GOOD,BORROW,AVAILABLE,1200,2025-12-04,2026-01-30,Central Library
I04670,U0737,Breadboard Kit — Generic #4670,Lab Equipment,Breadboard Kit,Generic,GOOD,SWAP,AVAILABLE,600,2026-07-27,2026-10-19,Student Centre
I04671,U0729,Presentation Clicker — Logitech #4671,Accessory,Presentation Clicker,Logitech,EXCELLENT,GIVEAWAY,AVAILABLE,2100,2026-09-03,2026-12-18,Hostel Block A
I04672,U0916,Arduino Kit — Arduino #4672,Lab Equipment,Arduino Kit,Arduino,GOOD,BORROW,RETURNED,3300,2026-08-23,2027-01-06,Hostel Block B
I04673,U0355,Safety Goggles — 3M #4673,Safety Equipment,Safety Goggles,3M,GOOD,GIVEAWAY,INACTIVE,200,2025-09-15,2025-12-03,Hostel Block C
I04674,U0763,Webcam — Logitech #4674,Electronics,Webcam,Logitech,EXCELLENT,GIVEAWAY,AVAILABLE,1450,2025-12-29,2026-03-30,Hostel Block D
I04675,U0230,Graph Paper Pack — Classmate #4675,Stationery,Graph Paper Pack,Classmate,GOOD,SELL,AVAILABLE,100,2025-09-14,2026-02-28,Innovation Lab
I04676,U0322,Soldering Iron Kit — Weller #4676,Lab Equipment,Soldering Iron Kit,Weller,GOOD,BORROW,AVAILABLE,800,2025-08-25,2026-02-04,ECE Lab
I04677,U0036,Screwdriver Set — Bosch #4677,Equipment,Screwdriver Set,Bosch,GOOD,SWAP,AVAILABLE,1350,2026-03-28,2026-06-08,Mechanical Lab
I04678,U0798,Python Programming Book — O'Reilly #4678,Book,Python Programming Book,O'Reilly,GOOD,BORROW,RESERVED,1400,2026-01-04,2026-02-12,Architecture Studio
I04679,U0538,Vernier Caliper — Mitutoyo #4679,Lab Equipment,Vernier Caliper,Mitutoyo,GOOD,SWAP,RETURNED,4850,2025-11-07,2026-02-01,CS Department
I04680,U0266,Calculator — CASIO #4680,Academic,Calculator,CASIO,GOOD,GIVEAWAY,AVAILABLE,350,2026-08-18,2026-12-17,Main Block
I04681,U0819,Bluetooth Keyboard — Logitech #4681,Accessory,Bluetooth Keyboard,Logitech,GOOD,BORROW,AVAILABLE,2100,2025-10-06,2026-02-25,Central Library
I04682,U0569,External Hard Drive — WD #4682,Storage,External Hard Drive,WD,GOOD,SWAP,AVAILABLE,5150,2026-01-12,2026-03-10,Student Centre
I04683,U0163,USB-C Charger — Anker #4683,Electronics,USB-C Charger,Anker,EXCELLENT,BORROW,INACTIVE,2200,2025-12-18,2026-05-30,Hostel Block A
I04684,U0674,Engineering Drawing Kit — Staedtler #4684,Equipment,Engineering Drawing Kit,Staedtler,GOOD,SWAP,BORROWED,500,2026-03-01,2026-08-04,Hostel Block B
I04685,U0745,Tripod — Digitek #4685,Equipment,Tripod,Digitek,GOOD,BORROW,BORROWED,1250,2026-08-04,2026-12-16,Hostel Block C
I04686,U0131,Digital Multimeter — Meco #4686,Lab Equipment,Digital Multimeter,Meco,GOOD,BORROW,RETURNED,1700,2025-12-12,2026-02-09,Hostel Block D
I04687,U0757,College Backpack — Wildcraft #4687,Bag,College Backpack,Wildcraft,EXCELLENT,SELL,INACTIVE,600,2026-01-20,2026-04-04,Innovation Lab
I04688,U0373,Headphones — JBL #4688,Electronics,Headphones,JBL,GOOD,BORROW,AVAILABLE,1500,2026-03-23,2026-06-10,ECE Lab
I04689,U0695,Mechanical Drawing Set — Rotring #4689,Stationery,Mechanical Drawing Set,Rotring,EXCELLENT,GIVEAWAY,AVAILABLE,800,2026-03-14,2026-07-14,Mechanical Lab
I04690,U0487,Desk Lamp — Philips #4690,Accessory,Desk Lamp,Philips,GOOD,GIVEAWAY,BORROWED,1700,2026-01-04,2026-06-11,Architecture Studio
I04691,U0444,Textbook — Pearson #4691,Book,Textbook,Pearson,GOOD,SWAP,RETURNED,800,2025-09-21,2025-10-28,CS Department
I04692,U0543,USB Flash Drive — SanDisk #4692,Storage,USB Flash Drive,SanDisk,EXCELLENT,GIVEAWAY,AVAILABLE,550,2026-03-23,2026-06-30,Main Block
I04693,U0712,Scientific Calculator — Texas Instruments #4693,Academic,Scientific Calculator,Texas Instruments,EXCELLENT,GIVEAWAY,AVAILABLE,1000,2026-07-03,2026-12-17,Central Library
I04694,U0276,Lab Coat — Generic #4694,Clothing,Lab Coat,Generic,GOOD,SWAP,AVAILABLE,1100,2025-08-09,2025-09-21,Student Centre
I04695,U0326,Power Bank — MI #4695,Accessory,Power Bank,MI,GOOD,GIVEAWAY,AVAILABLE,600,2025-11-10,2026-01-07,Hostel Block A
I04696,U0726,HDMI Cable — UGREEN #4696,Cable,HDMI Cable,UGREEN,NEW,SWAP,AVAILABLE,650,2026-08-24,2026-10-10,Hostel Block B
I04697,U0986,Drawing Board — Camel #4697,Equipment,Drawing Board,Camel,FAIR,BORROW,INACTIVE,1050,2026-07-28,2026-10-11,Hostel Block C
I04698,U0557,Ethernet Cable — D-Link #4698,Cable,Ethernet Cable,D-Link,FAIR,BORROW,AVAILABLE,200,2025-12-16,2026-03-26,Hostel Block D
I04699,U0844,Extension Board — Philips #4699,Electronics,Extension Board,Philips,GOOD,BORROW,BORROWED,500,2026-08-26,2026-12-05,Innovation Lab
I04700,U0247,Breadboard Kit — Generic #4700,Lab Equipment,Breadboard Kit,Generic,GOOD,BORROW,BORROWED,350,2025-12-25,2026-04-12,ECE Lab
I04701,U0723,Presentation Clicker — Logitech #4701,Accessory,Presentation Clicker,Logitech,GOOD,BORROW,AVAILABLE,1150,2025-08-20,2025-10-12,Mechanical Lab
I04702,U0108,Arduino Kit — Arduino #4702,Lab Equipment,Arduino Kit,Arduino,GOOD,GIVEAWAY,AVAILABLE,1500,2026-06-03,2026-07-16,Architecture Studio
I04703,U0155,Safety Goggles — 3M #4703,Safety Equipment,Safety Goggles,3M,FAIR,BORROW,INACTIVE,450,2025-08-09,2025-11-19,CS Department
I04704,U0084,Webcam — Logitech #4704,Electronics,Webcam,Logitech,FAIR,SELL,INACTIVE,3050,2026-06-21,2026-07-26,Main Block
I04705,U0412,Graph Paper Pack — Classmate #4705,Stationery,Graph Paper Pack,Classmate,GOOD,SWAP,AVAILABLE,150,2025-09-14,2025-11-27,Central Library
I04706,U0572,Soldering Iron Kit — Weller #4706,Lab Equipment,Soldering Iron Kit,Weller,GOOD,SWAP,INACTIVE,1700,2026-07-25,2026-10-22,Student Centre
I04707,U0379,Screwdriver Set — Bosch #4707,Equipment,Screwdriver Set,Bosch,GOOD,BORROW,AVAILABLE,1300,2026-03-15,2026-07-21,Hostel Block A
I04708,U0945,Python Programming Book — O'Reilly #4708,Book,Python Programming Book,O'Reilly,GOOD,BORROW,RETURNED,1000,2026-05-07,2026-06-12,Hostel Block B
I04709,U0792,Vernier Caliper — Mitutoyo #4709,Lab Equipment,Vernier Caliper,Mitutoyo,GOOD,BORROW,AVAILABLE,4750,2025-09-23,2026-02-10,Hostel Block C
I04710,U0455,Calculator — CASIO #4710,Academic,Calculator,CASIO,EXCELLENT,GIVEAWAY,AVAILABLE,700,2025-12-01,2026-05-11,Hostel Block D
I04711,U0723,Bluetooth Keyboard — Logitech #4711,Accessory,Bluetooth Keyboard,Logitech,GOOD,BORROW,AVAILABLE,2000,2026-09-14,2026-11-14,Innovation Lab
I04712,U0808,External Hard Drive — WD #4712,Storage,External Hard Drive,WD,GOOD,SELL,AVAILABLE,6750,2025-10-18,2025-12-29,ECE Lab
I04713,U0636,USB-C Charger — Anker #4713,Electronics,USB-C Charger,Anker,EXCELLENT,SELL,RETURNED,2450,2026-08-16,2026-11-13,Mechanical Lab
I04714,U0137,Engineering Drawing Kit — Staedtler #4714,Equipment,Engineering Drawing Kit,Staedtler,FAIR,BORROW,RETURNED,850,2026-06-21,2026-09-15,Architecture Studio
I04715,U0342,Tripod — Digitek #4715,Equipment,Tripod,Digitek,GOOD,GIVEAWAY,AVAILABLE,1200,2025-10-28,2026-04-20,CS Department
I04716,U0147,Digital Multimeter — Meco #4716,Lab Equipment,Digital Multimeter,Meco,GOOD,BORROW,AVAILABLE,1400,2026-05-14,2026-10-06,Main Block
I04717,U0982,College Backpack — Wildcraft #4717,Bag,College Backpack,Wildcraft,EXCELLENT,BORROW,RETURNED,1600,2026-04-17,2026-09-01,Central Library
I04718,U0436,Headphones — JBL #4718,Electronics,Headphones,JBL,FAIR,SWAP,RETURNED,750,2025-10-28,2026-01-04,Student Centre
I04719,U0158,Mechanical Drawing Set — Rotring #4719,Stationery,Mechanical Drawing Set,Rotring,GOOD,SWAP,AVAILABLE,750,2026-07-18,2026-10-18,Hostel Block A
I04720,U0162,Desk Lamp — Philips #4720,Accessory,Desk Lamp,Philips,GOOD,GIVEAWAY,BORROWED,1700,2025-10-30,2026-02-22,Hostel Block B
I04721,U0506,Textbook — Pearson #4721,Book,Textbook,Pearson,GOOD,SELL,AVAILABLE,1100,2026-07-26,2027-01-21,Hostel Block C
I04722,U0199,USB Flash Drive — SanDisk #4722,Storage,USB Flash Drive,SanDisk,GOOD,BORROW,RETURNED,800,2026-03-15,2026-04-24,Hostel Block D
I04723,U0137,Scientific Calculator — Texas Instruments #4723,Academic,Scientific Calculator,Texas Instruments,GOOD,GIVEAWAY,AVAILABLE,1000,2026-03-23,2026-07-03,Innovation Lab
I04724,U0745,Lab Coat — Generic #4724,Clothing,Lab Coat,Generic,EXCELLENT,BORROW,AVAILABLE,1050,2026-05-20,2026-10-17,ECE Lab
I04725,U0280,Power Bank — MI #4725,Accessory,Power Bank,MI,FAIR,SWAP,AVAILABLE,2000,2025-10-05,2026-02-27,Mechanical Lab
I04726,U0002,HDMI Cable — UGREEN #4726,Cable,HDMI Cable,UGREEN,FAIR,BORROW,AVAILABLE,350,2026-06-11,2026-08-05,Architecture Studio
I04727,U0153,Drawing Board — Camel #4727,Equipment,Drawing Board,Camel,EXCELLENT,SWAP,RETURNED,550,2025-10-02,2026-02-19,CS Department
I04728,U0298,Ethernet Cable — D-Link #4728,Cable,Ethernet Cable,D-Link,GOOD,SWAP,AVAILABLE,200,2026-01-31,2026-07-22,Main Block
I04729,U0681,Extension Board — Philips #4729,Electronics,Extension Board,Philips,GOOD,BORROW,AVAILABLE,1300,2025-09-21,2025-10-21,Central Library
I04730,U0714,Breadboard Kit — Generic #4730,Lab Equipment,Breadboard Kit,Generic,EXCELLENT,SELL,AVAILABLE,250,2026-05-17,2026-10-17,Student Centre
I04731,U0850,Presentation Clicker — Logitech #4731,Accessory,Presentation Clicker,Logitech,FAIR,SELL,BORROWED,600,2026-06-23,2026-10-18,Hostel Block A
I04732,U0699,Arduino Kit — Arduino #4732,Lab Equipment,Arduino Kit,Arduino,GOOD,BORROW,RETURNED,1100,2026-06-30,2026-12-21,Hostel Block B
I04733,U0513,Safety Goggles — 3M #4733,Safety Equipment,Safety Goggles,3M,FAIR,BORROW,RESERVED,250,2026-08-03,2026-10-08,Hostel Block C
I04734,U0696,Webcam — Logitech #4734,Electronics,Webcam,Logitech,EXCELLENT,GIVEAWAY,AVAILABLE,2900,2026-07-10,2026-10-24,Hostel Block D
I04735,U0896,Graph Paper Pack — Classmate #4735,Stationery,Graph Paper Pack,Classmate,EXCELLENT,BORROW,RETURNED,200,2026-05-23,2026-10-22,Innovation Lab
I04736,U0453,Soldering Iron Kit — Weller #4736,Lab Equipment,Soldering Iron Kit,Weller,FAIR,SELL,AVAILABLE,1700,2026-06-20,2026-10-23,ECE Lab
I04737,U0448,Screwdriver Set — Bosch #4737,Equipment,Screwdriver Set,Bosch,FAIR,SELL,RESERVED,700,2026-07-19,2026-11-16,Mechanical Lab
I04738,U0933,Python Programming Book — O'Reilly #4738,Book,Python Programming Book,O'Reilly,GOOD,BORROW,AVAILABLE,1350,2025-09-09,2026-02-04,Architecture Studio
I04739,U0224,Vernier Caliper — Mitutoyo #4739,Lab Equipment,Vernier Caliper,Mitutoyo,EXCELLENT,BORROW,AVAILABLE,2900,2026-04-30,2026-08-18,CS Department
I04740,U0102,Calculator — CASIO #4740,Academic,Calculator,CASIO,EXCELLENT,SWAP,AVAILABLE,600,2026-08-30,2026-10-21,Main Block
I04741,U0556,Bluetooth Keyboard — Logitech #4741,Accessory,Bluetooth Keyboard,Logitech,GOOD,SWAP,AVAILABLE,1250,2026-01-28,2026-07-02,Central Library
I04742,U0312,External Hard Drive — WD #4742,Storage,External Hard Drive,WD,FAIR,BORROW,BORROWED,6650,2026-08-21,2027-01-16,Student Centre
I04743,U0735,USB-C Charger — Anker #4743,Electronics,USB-C Charger,Anker,EXCELLENT,BORROW,AVAILABLE,600,2026-07-03,2026-10-08,Hostel Block A
I04744,U0248,Engineering Drawing Kit — Staedtler #4744,Equipment,Engineering Drawing Kit,Staedtler,GOOD,BORROW,BORROWED,1350,2026-03-01,2026-07-13,Hostel Block B
I04745,U0394,Tripod — Digitek #4745,Equipment,Tripod,Digitek,EXCELLENT,SWAP,RESERVED,1000,2025-08-29,2026-02-09,Hostel Block C
I04746,U0163,Digital Multimeter — Meco #4746,Lab Equipment,Digital Multimeter,Meco,GOOD,SELL,AVAILABLE,1350,2025-12-01,2026-04-22,Hostel Block D
I04747,U0013,College Backpack — Wildcraft #4747,Bag,College Backpack,Wildcraft,FAIR,BORROW,INACTIVE,2950,2026-09-01,2027-01-28,Innovation Lab
I04748,U0675,Headphones — JBL #4748,Electronics,Headphones,JBL,FAIR,BORROW,AVAILABLE,700,2026-06-06,2026-11-01,ECE Lab
I04749,U0463,Mechanical Drawing Set — Rotring #4749,Stationery,Mechanical Drawing Set,Rotring,GOOD,GIVEAWAY,AVAILABLE,1400,2025-10-09,2026-03-12,Mechanical Lab
I04750,U0179,Desk Lamp — Philips #4750,Accessory,Desk Lamp,Philips,EXCELLENT,SWAP,BORROWED,1100,2026-03-10,2026-07-26,Architecture Studio
I04751,U0005,Textbook — Pearson #4751,Book,Textbook,Pearson,FAIR,BORROW,INACTIVE,900,2025-10-22,2026-04-11,CS Department
I04752,U0994,USB Flash Drive — SanDisk #4752,Storage,USB Flash Drive,SanDisk,GOOD,BORROW,AVAILABLE,400,2026-04-01,2026-05-31,Main Block
I04753,U0526,Scientific Calculator — Texas Instruments #4753,Academic,Scientific Calculator,Texas Instruments,GOOD,GIVEAWAY,AVAILABLE,1700,2026-03-19,2026-05-30,Central Library
I04754,U0303,Lab Coat — Generic #4754,Clothing,Lab Coat,Generic,GOOD,GIVEAWAY,AVAILABLE,950,2025-08-11,2025-11-04,Student Centre
I04755,U0430,Power Bank — MI #4755,Accessory,Power Bank,MI,GOOD,GIVEAWAY,BORROWED,1750,2026-04-02,2026-05-10,Hostel Block A
I04756,U0771,HDMI Cable — UGREEN #4756,Cable,HDMI Cable,UGREEN,GOOD,SELL,AVAILABLE,500,2025-12-17,2026-04-15,Hostel Block B
I04757,U0800,Drawing Board — Camel #4757,Equipment,Drawing Board,Camel,EXCELLENT,GIVEAWAY,AVAILABLE,950,2026-01-22,2026-03-28,Hostel Block C
I04758,U1000,Ethernet Cable — D-Link #4758,Cable,Ethernet Cable,D-Link,EXCELLENT,BORROW,RETURNED,450,2026-04-21,2026-08-23,Hostel Block D
I04759,U0593,Extension Board — Philips #4759,Electronics,Extension Board,Philips,EXCELLENT,BORROW,RETURNED,1000,2026-06-20,2026-11-12,Innovation Lab
I04760,U0114,Breadboard Kit — Generic #4760,Lab Equipment,Breadboard Kit,Generic,GOOD,SWAP,RETURNED,300,2026-01-19,2026-03-16,ECE Lab
I04761,U0756,Presentation Clicker — Logitech #4761,Accessory,Presentation Clicker,Logitech,EXCELLENT,SWAP,RESERVED,1200,2025-11-27,2026-01-04,Mechanical Lab
I04762,U0785,Arduino Kit — Arduino #4762,Lab Equipment,Arduino Kit,Arduino,EXCELLENT,SWAP,AVAILABLE,1050,2026-02-11,2026-04-24,Architecture Studio
I04763,U0764,Safety Goggles — 3M #4763,Safety Equipment,Safety Goggles,3M,FAIR,BORROW,RESERVED,250,2025-11-25,2026-02-14,CS Department
I04764,U0977,Webcam — Logitech #4764,Electronics,Webcam,Logitech,EXCELLENT,SELL,AVAILABLE,1000,2026-01-25,2026-07-07,Main Block
I04765,U0099,Graph Paper Pack — Classmate #4765,Stationery,Graph Paper Pack,Classmate,GOOD,BORROW,BORROWED,100,2026-06-08,2026-11-02,Central Library
I04766,U0240,Soldering Iron Kit — Weller #4766,Lab Equipment,Soldering Iron Kit,Weller,FAIR,GIVEAWAY,AVAILABLE,1650,2026-02-24,2026-06-29,Student Centre
I04767,U0217,Screwdriver Set — Bosch #4767,Equipment,Screwdriver Set,Bosch,EXCELLENT,BORROW,AVAILABLE,1150,2026-05-29,2026-08-20,Hostel Block A
I04768,U0288,Python Programming Book — O'Reilly #4768,Book,Python Programming Book,O'Reilly,GOOD,BORROW,AVAILABLE,1250,2026-09-19,2027-01-06,Hostel Block B
I04769,U0230,Vernier Caliper — Mitutoyo #4769,Lab Equipment,Vernier Caliper,Mitutoyo,FAIR,BORROW,BORROWED,4300,2026-06-18,2026-08-03,Hostel Block C
I04770,U0844,Calculator — CASIO #4770,Academic,Calculator,CASIO,FAIR,BORROW,AVAILABLE,1700,2026-01-14,2026-04-23,Hostel Block D
I04771,U0477,Bluetooth Keyboard — Logitech #4771,Accessory,Bluetooth Keyboard,Logitech,GOOD,BORROW,RETURNED,1000,2026-05-26,2026-07-09,Innovation Lab
I04772,U0991,External Hard Drive — WD #4772,Storage,External Hard Drive,WD,GOOD,BORROW,RETURNED,5700,2026-01-09,2026-03-22,ECE Lab
I04773,U0411,USB-C Charger — Anker #4773,Electronics,USB-C Charger,Anker,GOOD,BORROW,BORROWED,1550,2025-08-16,2025-12-12,Mechanical Lab
I04774,U0181,Engineering Drawing Kit — Staedtler #4774,Equipment,Engineering Drawing Kit,Staedtler,GOOD,SELL,AVAILABLE,2050,2025-11-26,2026-01-28,Architecture Studio
I04775,U0425,Tripod — Digitek #4775,Equipment,Tripod,Digitek,GOOD,BORROW,AVAILABLE,800,2026-09-03,2026-12-24,CS Department
I04776,U0070,Digital Multimeter — Meco #4776,Lab Equipment,Digital Multimeter,Meco,GOOD,SWAP,RETURNED,1150,2026-09-12,2026-12-18,Main Block
I04777,U0755,College Backpack — Wildcraft #4777,Bag,College Backpack,Wildcraft,FAIR,BORROW,AVAILABLE,2300,2026-02-15,2026-05-02,Central Library
I04778,U0864,Headphones — JBL #4778,Electronics,Headphones,JBL,GOOD,SWAP,RETURNED,2250,2026-09-09,2027-03-02,Student Centre
I04779,U0374,Mechanical Drawing Set — Rotring #4779,Stationery,Mechanical Drawing Set,Rotring,EXCELLENT,SWAP,AVAILABLE,2050,2025-12-04,2026-01-28,Hostel Block A
I04780,U0288,Desk Lamp — Philips #4780,Accessory,Desk Lamp,Philips,NEW,BORROW,AVAILABLE,600,2026-09-07,2027-02-08,Hostel Block B
I04781,U0491,Textbook — Pearson #4781,Book,Textbook,Pearson,FAIR,GIVEAWAY,BORROWED,250,2025-10-31,2026-02-02,Hostel Block C
I04782,U0466,USB Flash Drive — SanDisk #4782,Storage,USB Flash Drive,SanDisk,GOOD,SWAP,RESERVED,1050,2026-04-22,2026-07-16,Hostel Block D
I04783,U0034,Scientific Calculator — Texas Instruments #4783,Academic,Scientific Calculator,Texas Instruments,GOOD,BORROW,RETURNED,1650,2026-08-20,2026-10-12,Innovation Lab
I04784,U0140,Lab Coat — Generic #4784,Clothing,Lab Coat,Generic,NEW,BORROW,RETURNED,850,2025-11-24,2026-04-21,ECE Lab
I04785,U0894,Power Bank — MI #4785,Accessory,Power Bank,MI,EXCELLENT,GIVEAWAY,AVAILABLE,2100,2025-11-12,2025-12-31,Mechanical Lab
I04786,U0267,HDMI Cable — UGREEN #4786,Cable,HDMI Cable,UGREEN,GOOD,BORROW,AVAILABLE,200,2026-08-24,2026-11-28,Architecture Studio
I04787,U0289,Drawing Board — Camel #4787,Equipment,Drawing Board,Camel,GOOD,GIVEAWAY,AVAILABLE,1650,2026-08-04,2026-10-14,CS Department
I04788,U0503,Ethernet Cable — D-Link #4788,Cable,Ethernet Cable,D-Link,GOOD,SELL,RESERVED,150,2026-08-02,2026-11-13,Main Block
I04789,U0122,Extension Board — Philips #4789,Electronics,Extension Board,Philips,GOOD,SELL,AVAILABLE,800,2026-01-01,2026-02-22,Central Library
I04790,U0651,Breadboard Kit — Generic #4790,Lab Equipment,Breadboard Kit,Generic,GOOD,SELL,RETURNED,500,2025-09-19,2026-01-26,Student Centre
I04791,U0261,Presentation Clicker — Logitech #4791,Accessory,Presentation Clicker,Logitech,GOOD,BORROW,AVAILABLE,1700,2026-04-09,2026-07-12,Hostel Block A
I04792,U0550,Arduino Kit — Arduino #4792,Lab Equipment,Arduino Kit,Arduino,GOOD,BORROW,AVAILABLE,1950,2026-02-08,2026-07-05,Hostel Block B
I04793,U0194,Safety Goggles — 3M #4793,Safety Equipment,Safety Goggles,3M,GOOD,SWAP,INACTIVE,200,2025-10-07,2026-02-04,Hostel Block C
I04794,U0757,Webcam — Logitech #4794,Electronics,Webcam,Logitech,NEW,SWAP,AVAILABLE,1500,2026-09-04,2026-12-07,Hostel Block D
I04795,U0791,Graph Paper Pack — Classmate #4795,Stationery,Graph Paper Pack,Classmate,GOOD,BORROW,AVAILABLE,50,2025-08-29,2026-02-07,Innovation Lab
I04796,U0796,Soldering Iron Kit — Weller #4796,Lab Equipment,Soldering Iron Kit,Weller,FAIR,GIVEAWAY,AVAILABLE,3050,2026-06-03,2026-10-28,ECE Lab
I04797,U0143,Screwdriver Set — Bosch #4797,Equipment,Screwdriver Set,Bosch,GOOD,BORROW,INACTIVE,1000,2026-07-21,2026-11-11,Mechanical Lab
I04798,U0176,Python Programming Book — O'Reilly #4798,Book,Python Programming Book,O'Reilly,NEW,BORROW,AVAILABLE,1800,2025-09-22,2025-12-22,Architecture Studio
I04799,U0896,Vernier Caliper — Mitutoyo #4799,Lab Equipment,Vernier Caliper,Mitutoyo,EXCELLENT,BORROW,AVAILABLE,2450,2026-09-14,2026-11-20,CS Department
I04800,U0573,Calculator — CASIO #4800,Academic,Calculator,CASIO,NEW,BORROW,AVAILABLE,1650,2026-05-30,2026-10-23,Main Block
I04801,U0008,Bluetooth Keyboard — Logitech #4801,Accessory,Bluetooth Keyboard,Logitech,GOOD,BORROW,AVAILABLE,2650,2026-03-21,2026-09-15,Central Library
I04802,U0139,External Hard Drive — WD #4802,Storage,External Hard Drive,WD,EXCELLENT,BORROW,AVAILABLE,4100,2026-02-16,2026-08-09,Student Centre
I04803,U0696,USB-C Charger — Anker #4803,Electronics,USB-C Charger,Anker,GOOD,SELL,AVAILABLE,1200,2025-08-31,2025-10-29,Hostel Block A
I04804,U0428,Engineering Drawing Kit — Staedtler #4804,Equipment,Engineering Drawing Kit,Staedtler,GOOD,BORROW,AVAILABLE,900,2026-04-23,2026-06-23,Hostel Block B
I04805,U0862,Tripod — Digitek #4805,Equipment,Tripod,Digitek,EXCELLENT,SELL,RETURNED,2200,2025-09-08,2026-01-26,Hostel Block C
I04806,U0329,Digital Multimeter — Meco #4806,Lab Equipment,Digital Multimeter,Meco,FAIR,BORROW,AVAILABLE,950,2026-04-30,2026-09-19,Hostel Block D
I04807,U0950,College Backpack — Wildcraft #4807,Bag,College Backpack,Wildcraft,GOOD,BORROW,AVAILABLE,2000,2026-04-21,2026-09-29,Innovation Lab
I04808,U0291,Headphones — JBL #4808,Electronics,Headphones,JBL,GOOD,GIVEAWAY,AVAILABLE,1750,2026-07-30,2027-01-23,ECE Lab
I04809,U0515,Mechanical Drawing Set — Rotring #4809,Stationery,Mechanical Drawing Set,Rotring,NEW,SWAP,RETURNED,1400,2025-08-25,2025-10-22,Mechanical Lab
I04810,U0457,Desk Lamp — Philips #4810,Accessory,Desk Lamp,Philips,EXCELLENT,GIVEAWAY,AVAILABLE,550,2025-12-23,2026-05-20,Architecture Studio
I04811,U0504,Textbook — Pearson #4811,Book,Textbook,Pearson,GOOD,GIVEAWAY,BORROWED,900,2026-03-24,2026-05-25,CS Department
I04812,U0432,USB Flash Drive — SanDisk #4812,Storage,USB Flash Drive,SanDisk,GOOD,GIVEAWAY,RESERVED,450,2025-12-31,2026-04-13,Main Block
I04813,U0763,Scientific Calculator — Texas Instruments #4813,Academic,Scientific Calculator,Texas Instruments,GOOD,GIVEAWAY,AVAILABLE,1550,2026-02-21,2026-04-15,Central Library
I04814,U0260,Lab Coat — Generic #4814,Clothing,Lab Coat,Generic,GOOD,BORROW,AVAILABLE,600,2025-12-11,2026-01-29,Student Centre
I04815,U0194,Power Bank — MI #4815,Accessory,Power Bank,MI,EXCELLENT,GIVEAWAY,AVAILABLE,1350,2025-11-17,2026-02-18,Hostel Block A
I04816,U0849,HDMI Cable — UGREEN #4816,Cable,HDMI Cable,UGREEN,GOOD,GIVEAWAY,INACTIVE,250,2025-11-04,2026-04-12,Hostel Block B
I04817,U0156,Drawing Board — Camel #4817,Equipment,Drawing Board,Camel,GOOD,SWAP,AVAILABLE,900,2026-05-15,2026-08-14,Hostel Block C
I04818,U0614,Ethernet Cable — D-Link #4818,Cable,Ethernet Cable,D-Link,EXCELLENT,BORROW,AVAILABLE,450,2026-05-30,2026-10-08,Hostel Block D
I04819,U0302,Extension Board — Philips #4819,Electronics,Extension Board,Philips,GOOD,SELL,AVAILABLE,1100,2026-03-28,2026-04-27,Innovation Lab
I04820,U0642,Breadboard Kit — Generic #4820,Lab Equipment,Breadboard Kit,Generic,NEW,GIVEAWAY,AVAILABLE,300,2026-01-22,2026-07-13,ECE Lab
I04821,U0685,Presentation Clicker — Logitech #4821,Accessory,Presentation Clicker,Logitech,EXCELLENT,SELL,BORROWED,600,2025-09-01,2025-10-06,Mechanical Lab
I04822,U0487,Arduino Kit — Arduino #4822,Lab Equipment,Arduino Kit,Arduino,GOOD,GIVEAWAY,AVAILABLE,600,2026-06-15,2026-09-26,Architecture Studio
I04823,U0809,Safety Goggles — 3M #4823,Safety Equipment,Safety Goggles,3M,EXCELLENT,BORROW,RETURNED,500,2025-08-18,2025-10-19,CS Department
I04824,U0719,Webcam — Logitech #4824,Electronics,Webcam,Logitech,GOOD,GIVEAWAY,AVAILABLE,3150,2026-09-01,2027-02-15,Main Block
I04825,U0790,Graph Paper Pack — Classmate #4825,Stationery,Graph Paper Pack,Classmate,GOOD,GIVEAWAY,AVAILABLE,50,2025-10-31,2026-03-25,Central Library
I04826,U0483,Soldering Iron Kit — Weller #4826,Lab Equipment,Soldering Iron Kit,Weller,GOOD,GIVEAWAY,AVAILABLE,1450,2026-03-20,2026-06-06,Student Centre
I04827,U0797,Screwdriver Set — Bosch #4827,Equipment,Screwdriver Set,Bosch,GOOD,BORROW,AVAILABLE,750,2025-09-20,2026-03-14,Hostel Block A
I04828,U0398,Python Programming Book — O'Reilly #4828,Book,Python Programming Book,O'Reilly,EXCELLENT,SWAP,AVAILABLE,1600,2026-07-03,2026-12-02,Hostel Block B
I04829,U0887,Vernier Caliper — Mitutoyo #4829,Lab Equipment,Vernier Caliper,Mitutoyo,GOOD,BORROW,RETURNED,4850,2025-10-16,2026-03-21,Hostel Block C
I04830,U0646,Calculator — CASIO #4830,Academic,Calculator,CASIO,EXCELLENT,BORROW,AVAILABLE,900,2026-06-30,2026-11-08,Hostel Block D
I04831,U0223,Bluetooth Keyboard — Logitech #4831,Accessory,Bluetooth Keyboard,Logitech,FAIR,BORROW,INACTIVE,1500,2026-02-22,2026-04-12,Innovation Lab
I04832,U0456,External Hard Drive — WD #4832,Storage,External Hard Drive,WD,GOOD,SELL,AVAILABLE,5300,2026-04-17,2026-06-04,ECE Lab
I04833,U0606,USB-C Charger — Anker #4833,Electronics,USB-C Charger,Anker,GOOD,BORROW,AVAILABLE,2450,2025-10-11,2026-01-09,Mechanical Lab
I04834,U0643,Engineering Drawing Kit — Staedtler #4834,Equipment,Engineering Drawing Kit,Staedtler,GOOD,SWAP,AVAILABLE,2500,2026-03-17,2026-05-19,Architecture Studio
I04835,U0477,Tripod — Digitek #4835,Equipment,Tripod,Digitek,EXCELLENT,GIVEAWAY,AVAILABLE,1000,2025-08-02,2025-12-28,CS Department
I04836,U0783,Digital Multimeter — Meco #4836,Lab Equipment,Digital Multimeter,Meco,FAIR,BORROW,AVAILABLE,2100,2026-09-18,2026-12-03,Main Block
I04837,U0649,College Backpack — Wildcraft #4837,Bag,College Backpack,Wildcraft,NEW,SWAP,AVAILABLE,1400,2026-04-06,2026-07-02,Central Library
I04838,U0191,Headphones — JBL #4838,Electronics,Headphones,JBL,GOOD,SWAP,RESERVED,2350,2025-08-14,2025-11-08,Student Centre
I04839,U0361,Mechanical Drawing Set — Rotring #4839,Stationery,Mechanical Drawing Set,Rotring,EXCELLENT,SELL,AVAILABLE,1350,2026-04-30,2026-08-07,Hostel Block A
I04840,U0557,Desk Lamp — Philips #4840,Accessory,Desk Lamp,Philips,FAIR,SELL,AVAILABLE,700,2025-11-13,2026-03-29,Hostel Block B
I04841,U0793,Textbook — Pearson #4841,Book,Textbook,Pearson,FAIR,BORROW,AVAILABLE,1050,2026-06-02,2026-11-02,Hostel Block C
I04842,U0174,USB Flash Drive — SanDisk #4842,Storage,USB Flash Drive,SanDisk,GOOD,BORROW,RETURNED,950,2025-10-30,2026-03-17,Hostel Block D
I04843,U0470,Scientific Calculator — Texas Instruments #4843,Academic,Scientific Calculator,Texas Instruments,EXCELLENT,BORROW,RESERVED,450,2026-09-09,2026-10-12,Innovation Lab
I04844,U0079,Lab Coat — Generic #4844,Clothing,Lab Coat,Generic,EXCELLENT,BORROW,AVAILABLE,700,2026-03-03,2026-07-20,ECE Lab
I04845,U0868,Power Bank — MI #4845,Accessory,Power Bank,MI,EXCELLENT,GIVEAWAY,AVAILABLE,1550,2025-08-10,2025-12-02,Mechanical Lab
I04846,U0729,HDMI Cable — UGREEN #4846,Cable,HDMI Cable,UGREEN,EXCELLENT,SELL,AVAILABLE,350,2026-01-03,2026-02-20,Architecture Studio
I04847,U0896,Drawing Board — Camel #4847,Equipment,Drawing Board,Camel,EXCELLENT,GIVEAWAY,INACTIVE,600,2026-06-03,2026-11-23,CS Department
I04848,U0775,Ethernet Cable — D-Link #4848,Cable,Ethernet Cable,D-Link,GOOD,BORROW,AVAILABLE,400,2026-06-14,2026-07-15,Main Block
I04849,U0508,Extension Board — Philips #4849,Electronics,Extension Board,Philips,NEW,BORROW,BORROWED,1400,2026-05-26,2026-10-17,Central Library
I04850,U0240,Breadboard Kit — Generic #4850,Lab Equipment,Breadboard Kit,Generic,NEW,SWAP,AVAILABLE,550,2026-03-07,2026-05-28,Student Centre
I04851,U0008,Presentation Clicker — Logitech #4851,Accessory,Presentation Clicker,Logitech,FAIR,BORROW,AVAILABLE,600,2025-11-06,2026-02-18,Hostel Block A
I04852,U0840,Arduino Kit — Arduino #4852,Lab Equipment,Arduino Kit,Arduino,EXCELLENT,GIVEAWAY,BORROWED,3350,2026-09-01,2026-11-28,Hostel Block B
I04853,U0604,Safety Goggles — 3M #4853,Safety Equipment,Safety Goggles,3M,FAIR,SELL,BORROWED,550,2025-10-06,2026-03-09,Hostel Block C
I04854,U0956,Webcam — Logitech #4854,Electronics,Webcam,Logitech,EXCELLENT,SELL,AVAILABLE,4150,2026-03-28,2026-07-02,Hostel Block D
I04855,U0297,Graph Paper Pack — Classmate #4855,Stationery,Graph Paper Pack,Classmate,GOOD,BORROW,AVAILABLE,200,2025-09-09,2026-03-02,Innovation Lab
I04856,U0549,Soldering Iron Kit — Weller #4856,Lab Equipment,Soldering Iron Kit,Weller,EXCELLENT,BORROW,AVAILABLE,2950,2026-06-10,2026-11-06,ECE Lab
I04857,U0883,Screwdriver Set — Bosch #4857,Equipment,Screwdriver Set,Bosch,GOOD,BORROW,AVAILABLE,1450,2026-02-23,2026-04-03,Mechanical Lab
I04858,U0520,Python Programming Book — O'Reilly #4858,Book,Python Programming Book,O'Reilly,NEW,BORROW,BORROWED,1650,2026-07-06,2026-08-29,Architecture Studio
I04859,U0146,Vernier Caliper — Mitutoyo #4859,Lab Equipment,Vernier Caliper,Mitutoyo,EXCELLENT,BORROW,INACTIVE,3050,2025-12-28,2026-03-24,CS Department
I04860,U0463,Calculator — CASIO #4860,Academic,Calculator,CASIO,EXCELLENT,BORROW,AVAILABLE,1050,2026-05-25,2026-07-28,Main Block
I04861,U0931,Bluetooth Keyboard — Logitech #4861,Accessory,Bluetooth Keyboard,Logitech,EXCELLENT,BORROW,RETURNED,2000,2025-10-07,2025-12-12,Central Library
I04862,U0449,External Hard Drive — WD #4862,Storage,External Hard Drive,WD,EXCELLENT,BORROW,AVAILABLE,4800,2025-08-19,2025-12-04,Student Centre
I04863,U0371,USB-C Charger — Anker #4863,Electronics,USB-C Charger,Anker,EXCELLENT,SWAP,AVAILABLE,550,2026-02-10,2026-06-13,Hostel Block A
I04864,U0618,Engineering Drawing Kit — Staedtler #4864,Equipment,Engineering Drawing Kit,Staedtler,FAIR,GIVEAWAY,AVAILABLE,1700,2026-05-03,2026-09-11,Hostel Block B
I04865,U0501,Tripod — Digitek #4865,Equipment,Tripod,Digitek,GOOD,SWAP,INACTIVE,2100,2026-08-07,2027-01-14,Hostel Block C
I04866,U0991,Digital Multimeter — Meco #4866,Lab Equipment,Digital Multimeter,Meco,GOOD,BORROW,AVAILABLE,600,2025-11-07,2026-04-12,Hostel Block D
I04867,U0707,College Backpack — Wildcraft #4867,Bag,College Backpack,Wildcraft,FAIR,GIVEAWAY,AVAILABLE,2350,2025-12-25,2026-03-15,Innovation Lab
I04868,U0872,Headphones — JBL #4868,Electronics,Headphones,JBL,EXCELLENT,BORROW,AVAILABLE,2600,2026-05-27,2026-10-10,ECE Lab
I04869,U0232,Mechanical Drawing Set — Rotring #4869,Stationery,Mechanical Drawing Set,Rotring,GOOD,GIVEAWAY,AVAILABLE,2150,2026-02-04,2026-04-03,Mechanical Lab
I04870,U0785,Desk Lamp — Philips #4870,Accessory,Desk Lamp,Philips,GOOD,SWAP,AVAILABLE,1700,2026-06-29,2026-09-26,Architecture Studio
I04871,U0864,Textbook — Pearson #4871,Book,Textbook,Pearson,GOOD,BORROW,INACTIVE,500,2026-04-15,2026-07-20,CS Department
I04872,U0358,USB Flash Drive — SanDisk #4872,Storage,USB Flash Drive,SanDisk,GOOD,SELL,RETURNED,450,2026-04-10,2026-06-19,Main Block
I04873,U0273,Scientific Calculator — Texas Instruments #4873,Academic,Scientific Calculator,Texas Instruments,EXCELLENT,SWAP,BORROWED,1100,2026-05-14,2026-10-22,Central Library
I04874,U0100,Lab Coat — Generic #4874,Clothing,Lab Coat,Generic,GOOD,SELL,RETURNED,450,2025-12-03,2026-02-07,Student Centre
I04875,U0127,Power Bank — MI #4875,Accessory,Power Bank,MI,EXCELLENT,SWAP,AVAILABLE,2000,2025-10-25,2025-12-21,Hostel Block A
I04876,U0899,HDMI Cable — UGREEN #4876,Cable,HDMI Cable,UGREEN,NEW,BORROW,AVAILABLE,500,2026-08-28,2026-11-12,Hostel Block B
I04877,U0824,Drawing Board — Camel #4877,Equipment,Drawing Board,Camel,EXCELLENT,GIVEAWAY,RESERVED,1700,2026-03-02,2026-08-04,Hostel Block C
I04878,U0374,Ethernet Cable — D-Link #4878,Cable,Ethernet Cable,D-Link,EXCELLENT,SELL,AVAILABLE,250,2026-08-31,2026-10-04,Hostel Block D
I04879,U0531,Extension Board — Philips #4879,Electronics,Extension Board,Philips,FAIR,BORROW,AVAILABLE,450,2025-12-22,2026-01-26,Innovation Lab
I04880,U0150,Breadboard Kit — Generic #4880,Lab Equipment,Breadboard Kit,Generic,EXCELLENT,BORROW,AVAILABLE,700,2026-05-29,2026-07-12,ECE Lab
I04881,U0688,Presentation Clicker — Logitech #4881,Accessory,Presentation Clicker,Logitech,GOOD,BORROW,AVAILABLE,2050,2025-12-06,2026-04-18,Mechanical Lab
I04882,U0724,Arduino Kit — Arduino #4882,Lab Equipment,Arduino Kit,Arduino,EXCELLENT,BORROW,RESERVED,3150,2026-09-06,2027-02-28,Architecture Studio
I04883,U0143,Safety Goggles — 3M #4883,Safety Equipment,Safety Goggles,3M,FAIR,BORROW,AVAILABLE,350,2026-03-11,2026-09-02,CS Department
I04884,U0245,Webcam — Logitech #4884,Electronics,Webcam,Logitech,GOOD,SELL,RESERVED,1650,2025-12-08,2026-01-15,Main Block
I04885,U0777,Graph Paper Pack — Classmate #4885,Stationery,Graph Paper Pack,Classmate,GOOD,BORROW,AVAILABLE,200,2026-03-29,2026-07-30,Central Library
I04886,U0804,Soldering Iron Kit — Weller #4886,Lab Equipment,Soldering Iron Kit,Weller,GOOD,SWAP,RESERVED,2950,2026-05-14,2026-07-28,Student Centre
I04887,U0782,Screwdriver Set — Bosch #4887,Equipment,Screwdriver Set,Bosch,GOOD,GIVEAWAY,BORROWED,1000,2026-04-01,2026-06-23,Hostel Block A
I04888,U0663,Python Programming Book — O'Reilly #4888,Book,Python Programming Book,O'Reilly,FAIR,BORROW,AVAILABLE,1600,2026-09-25,2026-12-29,Hostel Block B
I04889,U0120,Vernier Caliper — Mitutoyo #4889,Lab Equipment,Vernier Caliper,Mitutoyo,EXCELLENT,GIVEAWAY,AVAILABLE,4100,2026-01-24,2026-05-08,Hostel Block C
I04890,U0163,Calculator — CASIO #4890,Academic,Calculator,CASIO,EXCELLENT,GIVEAWAY,AVAILABLE,450,2026-09-25,2027-01-09,Hostel Block D
I04891,U0626,Bluetooth Keyboard — Logitech #4891,Accessory,Bluetooth Keyboard,Logitech,EXCELLENT,BORROW,AVAILABLE,2200,2026-02-05,2026-06-07,Innovation Lab
I04892,U0733,External Hard Drive — WD #4892,Storage,External Hard Drive,WD,GOOD,SELL,INACTIVE,3750,2026-09-24,2027-03-13,ECE Lab
I04893,U0176,USB-C Charger — Anker #4893,Electronics,USB-C Charger,Anker,NEW,BORROW,AVAILABLE,1500,2025-09-03,2026-01-19,Mechanical Lab
I04894,U0802,Engineering Drawing Kit — Staedtler #4894,Equipment,Engineering Drawing Kit,Staedtler,EXCELLENT,SELL,BORROWED,1900,2025-10-21,2025-12-28,Architecture Studio
I04895,U0734,Tripod — Digitek #4895,Equipment,Tripod,Digitek,GOOD,GIVEAWAY,AVAILABLE,2200,2025-11-03,2026-03-02,CS Department
I04896,U0380,Digital Multimeter — Meco #4896,Lab Equipment,Digital Multimeter,Meco,FAIR,BORROW,AVAILABLE,1400,2026-05-19,2026-10-25,Main Block
I04897,U0512,College Backpack — Wildcraft #4897,Bag,College Backpack,Wildcraft,GOOD,BORROW,INACTIVE,2100,2025-11-14,2026-03-10,Central Library
I04898,U0260,Headphones — JBL #4898,Electronics,Headphones,JBL,GOOD,BORROW,AVAILABLE,900,2026-03-25,2026-08-01,Student Centre
I04899,U0180,Mechanical Drawing Set — Rotring #4899,Stationery,Mechanical Drawing Set,Rotring,EXCELLENT,SELL,RETURNED,1900,2025-08-23,2025-11-25,Hostel Block A
I04900,U0090,Desk Lamp — Philips #4900,Accessory,Desk Lamp,Philips,GOOD,BORROW,AVAILABLE,600,2026-04-16,2026-06-07,Hostel Block B
I04901,U0388,Textbook — Pearson #4901,Book,Textbook,Pearson,FAIR,BORROW,AVAILABLE,550,2026-08-19,2026-10-20,Hostel Block C
I04902,U0883,USB Flash Drive — SanDisk #4902,Storage,USB Flash Drive,SanDisk,FAIR,BORROW,RETURNED,800,2026-04-14,2026-10-08,Hostel Block D
I04903,U0144,Scientific Calculator — Texas Instruments #4903,Academic,Scientific Calculator,Texas Instruments,EXCELLENT,BORROW,AVAILABLE,1850,2025-09-06,2026-01-20,Innovation Lab
I04904,U0070,Lab Coat — Generic #4904,Clothing,Lab Coat,Generic,FAIR,SELL,INACTIVE,800,2026-06-01,2026-09-20,ECE Lab
I04905,U0362,Power Bank — MI #4905,Accessory,Power Bank,MI,EXCELLENT,SELL,RETURNED,1200,2025-08-11,2025-12-02,Mechanical Lab
I04906,U0362,HDMI Cable — UGREEN #4906,Cable,HDMI Cable,UGREEN,GOOD,BORROW,AVAILABLE,300,2026-04-07,2026-09-01,Architecture Studio
I04907,U0337,Drawing Board — Camel #4907,Equipment,Drawing Board,Camel,EXCELLENT,BORROW,RETURNED,1500,2026-08-17,2026-11-26,CS Department
I04908,U0384,Ethernet Cable — D-Link #4908,Cable,Ethernet Cable,D-Link,GOOD,BORROW,RETURNED,450,2025-09-29,2025-11-28,Main Block
I04909,U0239,Extension Board — Philips #4909,Electronics,Extension Board,Philips,EXCELLENT,SELL,AVAILABLE,700,2026-01-19,2026-05-03,Central Library
I04910,U0316,Breadboard Kit — Generic #4910,Lab Equipment,Breadboard Kit,Generic,GOOD,SWAP,AVAILABLE,750,2026-03-01,2026-08-11,Student Centre
I04911,U0322,Presentation Clicker — Logitech #4911,Accessory,Presentation Clicker,Logitech,FAIR,BORROW,AVAILABLE,2100,2026-02-08,2026-07-27,Hostel Block A
I04912,U0701,Arduino Kit — Arduino #4912,Lab Equipment,Arduino Kit,Arduino,GOOD,GIVEAWAY,RETURNED,1900,2026-03-01,2026-07-04,Hostel Block B
I04913,U0581,Safety Goggles — 3M #4913,Safety Equipment,Safety Goggles,3M,GOOD,SWAP,AVAILABLE,500,2026-03-16,2026-08-14,Hostel Block C
I04914,U0275,Webcam — Logitech #4914,Electronics,Webcam,Logitech,GOOD,SWAP,AVAILABLE,2550,2026-03-08,2026-04-20,Hostel Block D
I04915,U0047,Graph Paper Pack — Classmate #4915,Stationery,Graph Paper Pack,Classmate,GOOD,SWAP,BORROWED,150,2026-03-29,2026-05-17,Innovation Lab
I04916,U0491,Soldering Iron Kit — Weller #4916,Lab Equipment,Soldering Iron Kit,Weller,GOOD,BORROW,AVAILABLE,1600,2026-05-14,2026-09-09,ECE Lab
I04917,U0928,Screwdriver Set — Bosch #4917,Equipment,Screwdriver Set,Bosch,EXCELLENT,BORROW,AVAILABLE,1650,2025-10-18,2026-01-04,Mechanical Lab
I04918,U0882,Python Programming Book — O'Reilly #4918,Book,Python Programming Book,O'Reilly,GOOD,SWAP,INACTIVE,1250,2025-11-23,2026-05-12,Architecture Studio
I04919,U0834,Vernier Caliper — Mitutoyo #4919,Lab Equipment,Vernier Caliper,Mitutoyo,NEW,BORROW,RESERVED,1150,2026-03-02,2026-04-23,CS Department
I04920,U0335,Calculator — CASIO #4920,Academic,Calculator,CASIO,FAIR,SWAP,AVAILABLE,1350,2025-12-09,2026-05-15,Main Block
I04921,U0199,Bluetooth Keyboard — Logitech #4921,Accessory,Bluetooth Keyboard,Logitech,GOOD,BORROW,AVAILABLE,1100,2025-12-23,2026-03-06,Central Library
I04922,U0483,External Hard Drive — WD #4922,Storage,External Hard Drive,WD,NEW,BORROW,AVAILABLE,4750,2025-08-02,2025-11-21,Student Centre
I04923,U0407,USB-C Charger — Anker #4923,Electronics,USB-C Charger,Anker,GOOD,SELL,AVAILABLE,1650,2026-09-25,2027-02-12,Hostel Block A
I04924,U0314,Engineering Drawing Kit — Staedtler #4924,Equipment,Engineering Drawing Kit,Staedtler,FAIR,GIVEAWAY,AVAILABLE,1050,2026-07-29,2026-10-15,Hostel Block B
I04925,U0116,Tripod — Digitek #4925,Equipment,Tripod,Digitek,GOOD,GIVEAWAY,BORROWED,1550,2026-06-14,2026-09-27,Hostel Block C
I04926,U0178,Digital Multimeter — Meco #4926,Lab Equipment,Digital Multimeter,Meco,GOOD,BORROW,BORROWED,1600,2026-08-26,2027-01-27,Hostel Block D
I04927,U0641,College Backpack — Wildcraft #4927,Bag,College Backpack,Wildcraft,GOOD,GIVEAWAY,AVAILABLE,1850,2026-09-04,2026-12-02,Innovation Lab
I04928,U0476,Headphones — JBL #4928,Electronics,Headphones,JBL,GOOD,BORROW,RESERVED,1350,2026-09-24,2026-12-10,ECE Lab
I04929,U0598,Mechanical Drawing Set — Rotring #4929,Stationery,Mechanical Drawing Set,Rotring,GOOD,GIVEAWAY,AVAILABLE,950,2026-01-12,2026-03-18,Mechanical Lab
I04930,U0307,Desk Lamp — Philips #4930,Accessory,Desk Lamp,Philips,EXCELLENT,SWAP,RETURNED,300,2025-10-27,2026-02-16,Architecture Studio
I04931,U0144,Textbook — Pearson #4931,Book,Textbook,Pearson,FAIR,GIVEAWAY,RETURNED,950,2026-09-15,2026-10-20,CS Department
I04932,U0155,USB Flash Drive — SanDisk #4932,Storage,USB Flash Drive,SanDisk,FAIR,BORROW,RESERVED,1200,2026-04-10,2026-09-16,Main Block
I04933,U0926,Scientific Calculator — Texas Instruments #4933,Academic,Scientific Calculator,Texas Instruments,GOOD,BORROW,AVAILABLE,1250,2026-02-14,2026-07-05,Central Library
I04934,U0583,Lab Coat — Generic #4934,Clothing,Lab Coat,Generic,GOOD,BORROW,AVAILABLE,950,2026-07-19,2026-11-19,Student Centre
I04935,U0211,Power Bank — MI #4935,Accessory,Power Bank,MI,GOOD,GIVEAWAY,INACTIVE,1000,2026-06-06,2026-10-21,Hostel Block A
I04936,U0925,HDMI Cable — UGREEN #4936,Cable,HDMI Cable,UGREEN,EXCELLENT,BORROW,AVAILABLE,750,2026-06-21,2026-11-19,Hostel Block B
I04937,U0798,Drawing Board — Camel #4937,Equipment,Drawing Board,Camel,GOOD,SWAP,RESERVED,1400,2025-11-14,2026-02-05,Hostel Block C
I04938,U0089,Ethernet Cable — D-Link #4938,Cable,Ethernet Cable,D-Link,GOOD,SELL,AVAILABLE,150,2026-02-24,2026-06-18,Hostel Block D
I04939,U0683,Extension Board — Philips #4939,Electronics,Extension Board,Philips,GOOD,BORROW,AVAILABLE,800,2025-09-07,2026-01-13,Innovation Lab
I04940,U0771,Breadboard Kit — Generic #4940,Lab Equipment,Breadboard Kit,Generic,FAIR,BORROW,RETURNED,300,2025-11-14,2026-03-11,ECE Lab
I04941,U0294,Presentation Clicker — Logitech #4941,Accessory,Presentation Clicker,Logitech,GOOD,SWAP,AVAILABLE,1150,2026-07-25,2026-11-23,Mechanical Lab
I04942,U0705,Arduino Kit — Arduino #4942,Lab Equipment,Arduino Kit,Arduino,FAIR,BORROW,AVAILABLE,1900,2026-08-10,2027-01-10,Architecture Studio
I04943,U0099,Safety Goggles — 3M #4943,Safety Equipment,Safety Goggles,3M,GOOD,BORROW,AVAILABLE,450,2025-08-25,2025-09-25,CS Department
I04944,U0490,Webcam — Logitech #4944,Electronics,Webcam,Logitech,EXCELLENT,SWAP,AVAILABLE,950,2025-08-21,2026-01-25,Main Block
I04945,U0184,Graph Paper Pack — Classmate #4945,Stationery,Graph Paper Pack,Classmate,NEW,BORROW,AVAILABLE,150,2026-05-24,2026-09-09,Central Library
I04946,U0646,Soldering Iron Kit — Weller #4946,Lab Equipment,Soldering Iron Kit,Weller,GOOD,BORROW,AVAILABLE,2150,2025-11-10,2025-12-14,Student Centre
I04947,U0340,Screwdriver Set — Bosch #4947,Equipment,Screwdriver Set,Bosch,EXCELLENT,BORROW,AVAILABLE,350,2025-09-23,2026-01-12,Hostel Block A
I04948,U0388,Python Programming Book — O'Reilly #4948,Book,Python Programming Book,O'Reilly,GOOD,BORROW,INACTIVE,450,2026-01-17,2026-06-25,Hostel Block B
I04949,U0074,Vernier Caliper — Mitutoyo #4949,Lab Equipment,Vernier Caliper,Mitutoyo,NEW,GIVEAWAY,AVAILABLE,3300,2025-08-26,2025-10-14,Hostel Block C
I04950,U0473,Calculator — CASIO #4950,Academic,Calculator,CASIO,GOOD,GIVEAWAY,RETURNED,1350,2026-02-12,2026-04-28,Hostel Block D
I04951,U0100,Bluetooth Keyboard — Logitech #4951,Accessory,Bluetooth Keyboard,Logitech,GOOD,SWAP,AVAILABLE,1750,2026-01-09,2026-04-30,Innovation Lab
I04952,U0879,External Hard Drive — WD #4952,Storage,External Hard Drive,WD,EXCELLENT,GIVEAWAY,AVAILABLE,6300,2026-03-28,2026-06-26,ECE Lab
I04953,U0567,USB-C Charger — Anker #4953,Electronics,USB-C Charger,Anker,GOOD,SELL,RETURNED,1550,2026-01-03,2026-05-21,Mechanical Lab
I04954,U0083,Engineering Drawing Kit — Staedtler #4954,Equipment,Engineering Drawing Kit,Staedtler,GOOD,GIVEAWAY,BORROWED,1050,2025-08-31,2025-11-01,Architecture Studio
I04955,U0695,Tripod — Digitek #4955,Equipment,Tripod,Digitek,EXCELLENT,SELL,RESERVED,1900,2025-12-25,2026-04-26,CS Department
I04956,U0464,Digital Multimeter — Meco #4956,Lab Equipment,Digital Multimeter,Meco,FAIR,BORROW,BORROWED,1300,2025-08-21,2025-11-22,Main Block
I04957,U0313,College Backpack — Wildcraft #4957,Bag,College Backpack,Wildcraft,EXCELLENT,BORROW,AVAILABLE,3000,2026-01-12,2026-06-20,Central Library
I04958,U0463,Headphones — JBL #4958,Electronics,Headphones,JBL,GOOD,BORROW,AVAILABLE,2650,2026-03-01,2026-07-26,Student Centre
I04959,U0569,Mechanical Drawing Set — Rotring #4959,Stationery,Mechanical Drawing Set,Rotring,GOOD,BORROW,RETURNED,1000,2026-06-07,2026-07-23,Hostel Block A
I04960,U0668,Desk Lamp — Philips #4960,Accessory,Desk Lamp,Philips,GOOD,BORROW,AVAILABLE,950,2026-08-17,2026-10-12,Hostel Block B
I04961,U0309,Textbook — Pearson #4961,Book,Textbook,Pearson,EXCELLENT,GIVEAWAY,AVAILABLE,1200,2026-08-12,2026-12-02,Hostel Block C
I04962,U0891,USB Flash Drive — SanDisk #4962,Storage,USB Flash Drive,SanDisk,GOOD,SELL,AVAILABLE,250,2025-12-26,2026-03-30,Hostel Block D
I04963,U0770,Scientific Calculator — Texas Instruments #4963,Academic,Scientific Calculator,Texas Instruments,EXCELLENT,BORROW,RETURNED,800,2026-02-05,2026-07-07,Innovation Lab
I04964,U0981,Lab Coat — Generic #4964,Clothing,Lab Coat,Generic,EXCELLENT,SELL,RESERVED,650,2025-10-24,2025-12-26,ECE Lab
I04965,U0387,Power Bank — MI #4965,Accessory,Power Bank,MI,GOOD,SELL,RESERVED,1750,2025-10-02,2026-03-07,Mechanical Lab
I04966,U0746,HDMI Cable — UGREEN #4966,Cable,HDMI Cable,UGREEN,GOOD,BORROW,RESERVED,300,2026-05-26,2026-10-04,Architecture Studio
I04967,U0523,Drawing Board — Camel #4967,Equipment,Drawing Board,Camel,GOOD,GIVEAWAY,RESERVED,550,2026-08-31,2026-12-23,CS Department
I04968,U0536,Ethernet Cable — D-Link #4968,Cable,Ethernet Cable,D-Link,EXCELLENT,SELL,RESERVED,550,2026-02-25,2026-03-28,Main Block
I04969,U0719,Extension Board — Philips #4969,Electronics,Extension Board,Philips,FAIR,SELL,RETURNED,500,2025-12-20,2026-02-22,Central Library
I04970,U0730,Breadboard Kit — Generic #4970,Lab Equipment,Breadboard Kit,Generic,EXCELLENT,GIVEAWAY,RESERVED,550,2026-03-25,2026-05-02,Student Centre
I04971,U0253,Presentation Clicker — Logitech #4971,Accessory,Presentation Clicker,Logitech,EXCELLENT,GIVEAWAY,AVAILABLE,2050,2026-02-08,2026-07-07,Hostel Block A
I04972,U0688,Arduino Kit — Arduino #4972,Lab Equipment,Arduino Kit,Arduino,EXCELLENT,BORROW,AVAILABLE,1900,2025-09-23,2025-12-02,Hostel Block B
I04973,U0708,Safety Goggles — 3M #4973,Safety Equipment,Safety Goggles,3M,NEW,SWAP,AVAILABLE,150,2026-09-02,2026-12-24,Hostel Block C
I04974,U0812,Webcam — Logitech #4974,Electronics,Webcam,Logitech,EXCELLENT,SELL,AVAILABLE,2450,2026-01-01,2026-02-13,Hostel Block D
I04975,U0298,Graph Paper Pack — Classmate #4975,Stationery,Graph Paper Pack,Classmate,FAIR,SELL,AVAILABLE,150,2026-02-20,2026-04-23,Innovation Lab
I04976,U0816,Soldering Iron Kit — Weller #4976,Lab Equipment,Soldering Iron Kit,Weller,GOOD,SELL,INACTIVE,2700,2026-05-27,2026-06-27,ECE Lab
I04977,U0493,Screwdriver Set — Bosch #4977,Equipment,Screwdriver Set,Bosch,FAIR,SWAP,BORROWED,1650,2026-08-09,2026-11-19,Mechanical Lab
I04978,U0171,Python Programming Book — O'Reilly #4978,Book,Python Programming Book,O'Reilly,GOOD,SWAP,BORROWED,1600,2026-04-30,2026-06-21,Architecture Studio
I04979,U0111,Vernier Caliper — Mitutoyo #4979,Lab Equipment,Vernier Caliper,Mitutoyo,FAIR,SWAP,AVAILABLE,2750,2026-04-26,2026-06-19,CS Department
I04980,U0245,Calculator — CASIO #4980,Academic,Calculator,CASIO,GOOD,BORROW,AVAILABLE,1550,2026-07-02,2026-11-23,Main Block
I04981,U0787,Bluetooth Keyboard — Logitech #4981,Accessory,Bluetooth Keyboard,Logitech,GOOD,BORROW,INACTIVE,900,2026-09-22,2027-01-27,Central Library
I04982,U0197,External Hard Drive — WD #4982,Storage,External Hard Drive,WD,GOOD,BORROW,AVAILABLE,3100,2026-08-08,2027-01-07,Student Centre
I04983,U0811,USB-C Charger — Anker #4983,Electronics,USB-C Charger,Anker,GOOD,SELL,AVAILABLE,1750,2026-06-23,2026-10-02,Hostel Block A
I04984,U0071,Engineering Drawing Kit — Staedtler #4984,Equipment,Engineering Drawing Kit,Staedtler,FAIR,SWAP,AVAILABLE,1750,2026-03-22,2026-07-19,Hostel Block B
I04985,U0558,Tripod — Digitek #4985,Equipment,Tripod,Digitek,GOOD,BORROW,AVAILABLE,700,2026-02-16,2026-08-14,Hostel Block C
I04986,U0786,Digital Multimeter — Meco #4986,Lab Equipment,Digital Multimeter,Meco,FAIR,BORROW,AVAILABLE,1900,2026-03-22,2026-06-24,Hostel Block D
I04987,U0329,College Backpack — Wildcraft #4987,Bag,College Backpack,Wildcraft,EXCELLENT,BORROW,AVAILABLE,2700,2026-01-26,2026-07-23,Innovation Lab
I04988,U0034,Headphones — JBL #4988,Electronics,Headphones,JBL,GOOD,BORROW,AVAILABLE,1900,2025-09-30,2026-03-25,ECE Lab
I04989,U0093,Mechanical Drawing Set — Rotring #4989,Stationery,Mechanical Drawing Set,Rotring,EXCELLENT,BORROW,AVAILABLE,2150,2026-09-24,2027-03-09,Mechanical Lab
I04990,U0115,Desk Lamp — Philips #4990,Accessory,Desk Lamp,Philips,EXCELLENT,BORROW,AVAILABLE,1450,2026-08-13,2027-01-17,Architecture Studio
I04991,U0635,Textbook — Pearson #4991,Book,Textbook,Pearson,FAIR,SELL,AVAILABLE,550,2025-10-26,2026-03-29,CS Department
I04992,U0081,USB Flash Drive — SanDisk #4992,Storage,USB Flash Drive,SanDisk,GOOD,GIVEAWAY,INACTIVE,800,2025-08-31,2026-02-21,Main Block
I04993,U0395,Scientific Calculator — Texas Instruments #4993,Academic,Scientific Calculator,Texas Instruments,GOOD,SELL,INACTIVE,950,2026-07-07,2026-10-08,Central Library
I04994,U0132,Lab Coat — Generic #4994,Clothing,Lab Coat,Generic,GOOD,GIVEAWAY,AVAILABLE,900,2026-07-22,2026-12-25,Student Centre
I04995,U0422,Power Bank — MI #4995,Accessory,Power Bank,MI,GOOD,BORROW,INACTIVE,1050,2025-08-09,2025-12-13,Hostel Block A
I04996,U0567,HDMI Cable — UGREEN #4996,Cable,HDMI Cable,UGREEN,GOOD,BORROW,RETURNED,750,2026-04-07,2026-06-26,Hostel Block B
I04997,U0501,Drawing Board — Camel #4997,Equipment,Drawing Board,Camel,GOOD,SWAP,INACTIVE,750,2025-10-21,2026-02-26,Hostel Block C
I04998,U0588,Ethernet Cable — D-Link #4998,Cable,Ethernet Cable,D-Link,GOOD,BORROW,BORROWED,250,2026-07-29,2026-10-02,Hostel Block D
I04999,U0149,Extension Board — Philips #4999,Electronics,Extension Board,Philips,FAIR,BORROW,RETURNED,950,2026-04-17,2026-08-29,Innovation Lab
I05000,U0143,Breadboard Kit — Generic #5000,Lab Equipment,Breadboard Kit,Generic,GOOD,BORROW,INACTIVE,350,2026-04-18,2026-08-03,ECE Lab
