activity_id,item_id,borrower_user_id,owner_user_id,activity_type,start_date,request_date,due_date,activity_status,duration_days,estimated_value_inr,resolution_status,return_status
A000001,I03957,U0726,U0490,BORROW,2026-04-28,2026-04-24,2026-05-08,COMPLETED,10,1100,RETURNED,LATE
A000002,I01378,U0790,U0942,BORROW,2025-10-07,2025-10-04,2025-10-21,COMPLETED,14,1500,RETURNED,ON_TIME
A000003,I02330,U0041,U0253,GIVEAWAY,2025-10-10,2025-10-07,2025-10-10,COMPLETED,0,550,COMPLETED,NA
A000004,I02453,U0692,U0263,SWAP,2026-03-16,2026-03-12,2026-03-16,COMPLETED,0,550,COMPLETED,NA
A000005,I04407,U0710,U0961,BORROW,2025-10-26,2025-10-22,2025-10-29,ACTIVE,3,600,NOT_RETURNED,PENDING
A000006,I00146,U0540,U0669,BORROW,2026-03-16,2026-03-15,2026-03-21,ACTIVE,5,3000,NOT_RETURNED,PENDING
A000007,I02233,U0014,U0500,BORROW,2025-10-13,2025-10-12,2025-10-20,COMPLETED,7,1450,RETURNED,ON_TIME
A000008,I00455,U0748,U0959,BORROW,2026-05-13,2026-05-09,2026-05-15,OVERDUE,2,1250,NOT_RETURNED,LATE
A000009,I01247,U0969,U0215,SELL,2026-04-07,2026-04-04,2026-04-07,COMPLETED,0,1150,COMPLETED,NA
A000010,I02797,U0131,U0134,GIVEAWAY,2026-05-19,2026-05-16,2026-05-19,CANCELLED,0,1500,CANCELLED,NA
A000011,I04910,U0100,U0316,BORROW,2026-06-17,2026-06-14,2026-07-08,COMPLETED,21,750,RETURNED,ON_TIME
A000012,I00946,U0554,U0206,GIVEAWAY,2025-11-04,2025-11-01,2025-11-04,COMPLETED,0,200,COMPLETED,NA
A000013,I01733,U0449,U0526,SELL,2026-04-18,2026-04-17,2026-04-18,COMPLETED,0,700,COMPLETED,NA
A000014,I00920,U0581,U0283,SELL,2025-11-02,2025-10-29,2025-11-02,COMPLETED,0,300,COMPLETED,NA
A000015,I01744,U0770,U0866,BORROW,2026-04-07,2026-04-03,2026-04-28,COMPLETED,21,2050,RETURNED,ON_TIME
A000016,I03183,U0691,U0329,SELL,2026-04-05,2026-04-05,2026-04-05,COMPLETED,0,1550,COMPLETED,NA
A000017,I04025,U0447,U0467,SWAP,2025-09-16,2025-09-14,2025-09-16,COMPLETED,0,1200,COMPLETED,NA
A000018,I00650,U0090,U0691,SWAP,2026-04-27,2026-04-25,2026-04-27,COMPLETED,0,650,COMPLETED,NA
A000019,I01290,U0469,U0402,SELL,2025-11-21,2025-11-21,2025-11-21,COMPLETED,0,1500,COMPLETED,NA
A000020,I01359,U0475,U0411,GIVEAWAY,2026-06-10,2026-06-09,2026-06-10,COMPLETED,0,1850,COMPLETED,NA
A000021,I04943,U0203,U0099,SELL,2026-04-28,2026-04-24,2026-04-28,COMPLETED,0,450,COMPLETED,NA
A000022,I04621,U0749,U0244,BORROW,2025-09-14,2025-09-13,2025-10-05,COMPLETED,21,1200,RETURNED,ON_TIME
A000023,I03216,U0627,U0846,BORROW,2026-05-24,2026-05-20,2026-05-31,COMPLETED,7,750,RETURNED,ON_TIME
A000024,I02051,U0991,U0811,BORROW,2026-07-04,2026-07-01,2026-07-09,COMPLETED,5,250,RETURNED,ON_TIME
A000025,I02423,U0093,U0394,GIVEAWAY,2026-06-23,2026-06-23,2026-06-23,COMPLETED,0,150,COMPLETED,NA
A000026,I02994,U0025,U0163,BORROW,2026-04-28,2026-04-27,2026-05-01,ACTIVE,3,2800,NOT_RETURNED,PENDING
A000027,I02795,U0622,U0052,SWAP,2026-01-25,2026-01-24,2026-01-25,COMPLETED,0,1200,COMPLETED,NA
A000028,I01773,U0317,U0318,BORROW,2026-01-31,2026-01-28,2026-02-03,COMPLETED,3,2200,RETURNED,ON_TIME
A000029,I02674,U0754,U0303,GIVEAWAY,2026-04-20,2026-04-17,2026-04-20,COMPLETED,0,2100,COMPLETED,NA
A000030,I02595,U0648,U0671,SELL,2026-06-20,2026-06-20,2026-06-20,COMPLETED,0,1050,COMPLETED,NA
A000031,I03911,U0952,U0017,BORROW,2026-07-15,2026-07-11,2026-07-20,COMPLETED,5,1150,RETURNED,ON_TIME
A000032,I02536,U0788,U0022,GIVEAWAY,2026-02-16,2026-02-15,2026-02-16,COMPLETED,0,500,COMPLETED,NA
A000033,I00268,U0185,U0612,GIVEAWAY,2026-05-10,2026-05-07,2026-05-10,COMPLETED,0,1400,COMPLETED,NA
A000034,I00646,U0654,U0529,GIVEAWAY,2025-12-16,2025-12-12,2025-12-16,COMPLETED,0,300,COMPLETED,NA
A000035,I04428,U0976,U0943,BORROW,2025-12-20,2025-12-20,2025-12-27,CANCELLED,7,450,CANCELLED,PENDING
A000036,I01095,U0188,U0986,BORROW,2026-01-23,2026-01-20,2026-02-02,COMPLETED,10,1500,RETURNED,LATE
A000037,I04436,U0125,U0512,SELL,2026-03-19,2026-03-15,2026-03-19,COMPLETED,0,750,COMPLETED,NA
A000038,I03810,U0997,U0226,BORROW,2026-03-16,2026-03-16,2026-04-06,COMPLETED,21,350,RETURNED,ON_TIME
A000039,I01490,U0720,U0349,GIVEAWAY,2026-01-29,2026-01-28,2026-01-29,COMPLETED,0,350,COMPLETED,NA
A000040,I03072,U0017,U0203,SWAP,2026-06-02,2026-05-30,2026-06-02,COMPLETED,0,650,COMPLETED,NA
A000041,I00639,U0110,U0741,BORROW,2026-03-10,2026-03-09,2026-03-24,COMPLETED,14,650,RETURNED,LATE
A000042,I02923,U0649,U0947,GIVEAWAY,2025-10-05,2025-10-03,2025-10-05,COMPLETED,0,600,COMPLETED,NA
A000043,I01957,U0335,U0486,SWAP,2025-10-10,2025-10-07,2025-10-10,COMPLETED,0,1500,COMPLETED,NA
A000044,I03595,U0466,U0634,SELL,2025-12-11,2025-12-07,2025-12-11,COMPLETED,0,100,COMPLETED,NA
A000045,I00571,U0699,U0704,GIVEAWAY,2025-12-18,2025-12-18,2025-12-18,COMPLETED,0,1550,COMPLETED,NA
A000046,I03954,U0363,U0268,GIVEAWAY,2026-06-30,2026-06-29,2026-06-30,COMPLETED,0,3700,COMPLETED,NA
A000047,I03659,U0672,U0272,GIVEAWAY,2026-05-22,2026-05-20,2026-05-22,COMPLETED,0,2050,COMPLETED,NA
A000048,I02315,U0155,U0140,GIVEAWAY,2026-04-08,2026-04-07,2026-04-08,COMPLETED,0,1800,COMPLETED,NA
A000049,I00979,U0744,U0098,SELL,2026-01-28,2026-01-25,2026-01-28,COMPLETED,0,900,COMPLETED,NA
A000050,I01949,U0966,U0928,BORROW,2025-10-28,2025-10-25,2025-11-07,ACTIVE,10,5100,NOT_RETURNED,PENDING
A000051,I02198,U0050,U0630,BORROW,2026-07-01,2026-06-28,2026-07-22,CANCELLED,21,2000,CANCELLED,PENDING
A000052,I03205,U0730,U0559,BORROW,2025-09-03,2025-08-30,2025-09-05,COMPLETED,2,50,RETURNED,ON_TIME
A000053,I03333,U0666,U0283,SWAP,2026-07-26,2026-07-26,2026-07-26,COMPLETED,0,2400,COMPLETED,NA
A000054,I02397,U0286,U0133,GIVEAWAY,2026-02-26,2026-02-23,2026-02-26,COMPLETED,0,550,COMPLETED,NA
A000055,I01672,U0180,U0278,BORROW,2025-09-07,2025-09-05,2025-09-10,COMPLETED,3,3350,RETURNED,ON_TIME
A000056,I02239,U0486,U0053,BORROW,2026-02-21,2026-02-20,2026-03-03,COMPLETED,10,1350,RETURNED,ON_TIME
A000057,I04918,U0990,U0882,BORROW,2026-07-03,2026-07-01,2026-07-24,COMPLETED,21,1250,RETURNED,ON_TIME
A000058,I02647,U0788,U0487,BORROW,2026-03-11,2026-03-11,2026-03-13,COMPLETED,2,1300,RETURNED,ON_TIME
A000059,I00561,U0525,U0627,BORROW,2026-05-08,2026-05-07,2026-05-22,ACTIVE,14,1350,NOT_RETURNED,PENDING
A000060,I02511,U0938,U0114,BORROW,2025-09-10,2025-09-06,2025-09-24,COMPLETED,14,1000,RETURNED,ON_TIME
A000061,I01822,U0864,U0161,BORROW,2026-05-03,2026-04-30,2026-05-10,COMPLETED,7,2400,RETURNED,ON_TIME
A000062,I02314,U0007,U0535,BORROW,2026-03-11,2026-03-08,2026-03-18,COMPLETED,7,1650,RETURNED,ON_TIME
A000063,I01974,U0453,U0467,SELL,2026-06-17,2026-06-13,2026-06-17,COMPLETED,0,1750,COMPLETED,NA
A000064,I04149,U0560,U0055,BORROW,2025-09-03,2025-09-02,2025-09-08,COMPLETED,5,1600,RETURNED,ON_TIME
A000065,I00035,U0960,U0284,BORROW,2025-10-04,2025-10-02,2025-10-18,COMPLETED,14,2100,RETURNED,ON_TIME
A000066,I03981,U0275,U0243,SWAP,2025-09-13,2025-09-09,2025-09-13,COMPLETED,0,2050,COMPLETED,NA
A000067,I02397,U0604,U0133,SWAP,2025-09-08,2025-09-05,2025-09-08,COMPLETED,0,550,COMPLETED,NA
A000068,I00424,U0371,U0968,SWAP,2026-04-05,2026-04-03,2026-04-05,COMPLETED,0,1300,COMPLETED,NA
A000069,I03311,U0940,U0178,SWAP,2026-07-27,2026-07-23,2026-07-27,COMPLETED,0,750,COMPLETED,NA
A000070,I04513,U0917,U0114,BORROW,2026-07-18,2026-07-18,2026-07-21,ACTIVE,3,950,NOT_RETURNED,PENDING
A000071,I01499,U0225,U0989,BORROW,2026-06-13,2026-06-13,2026-06-18,COMPLETED,5,2450,RETURNED,ON_TIME
A000072,I00909,U0333,U0931,SWAP,2026-07-20,2026-07-18,2026-07-20,COMPLETED,0,700,COMPLETED,NA
A000073,I03076,U0890,U0659,BORROW,2025-11-29,2025-11-29,2025-12-06,CANCELLED,7,400,CANCELLED,PENDING
A000074,I00985,U0640,U0852,SWAP,2026-02-25,2026-02-23,2026-02-25,COMPLETED,0,100,COMPLETED,NA
A000075,I02921,U0717,U0836,BORROW,2026-04-13,2026-04-11,2026-04-15,COMPLETED,2,800,RETURNED,LATE
A000076,I00184,U0967,U0291,BORROW,2025-12-07,2025-12-04,2025-12-10,COMPLETED,3,500,RETURNED,ON_TIME
A000077,I00986,U0591,U0399,SWAP,2025-09-21,2025-09-17,2025-09-21,COMPLETED,0,1600,COMPLETED,NA
A000078,I03186,U0982,U0057,BORROW,2025-12-17,2025-12-17,2025-12-20,CANCELLED,3,1800,CANCELLED,PENDING
A000079,I00414,U0175,U0934,SWAP,2025-10-06,2025-10-06,2025-10-06,COMPLETED,0,3750,COMPLETED,NA
A000080,I01645,U0284,U0669,GIVEAWAY,2026-06-11,2026-06-08,2026-06-11,COMPLETED,0,150,COMPLETED,NA
A000081,I03529,U0433,U0732,SWAP,2026-05-24,2026-05-21,2026-05-24,COMPLETED,0,1500,COMPLETED,NA
A000082,I02182,U0210,U0725,SELL,2025-12-03,2025-12-01,2025-12-03,COMPLETED,0,1850,COMPLETED,NA
A000083,I04316,U0357,U0251,BORROW,2026-06-01,2026-05-30,2026-06-03,COMPLETED,2,1300,RETURNED,ON_TIME
A000084,I00361,U0120,U0386,GIVEAWAY,2026-03-18,2026-03-15,2026-03-18,COMPLETED,0,2300,COMPLETED,NA
A000085,I04153,U0585,U0417,BORROW,2026-01-17,2026-01-13,2026-02-07,COMPLETED,21,1500,RETURNED,ON_TIME
A000086,I02224,U0880,U0690,BORROW,2026-06-16,2026-06-12,2026-06-26,ACTIVE,10,550,NOT_RETURNED,PENDING
A000087,I02253,U0809,U0035,SWAP,2026-07-06,2026-07-04,2026-07-06,COMPLETED,0,2100,COMPLETED,NA
A000088,I04147,U0277,U0168,GIVEAWAY,2025-11-17,2025-11-15,2025-11-17,COMPLETED,0,2700,COMPLETED,NA
A000089,I00171,U0109,U0174,SWAP,2026-01-29,2026-01-29,2026-01-29,COMPLETED,0,850,COMPLETED,NA
A000090,I00382,U0346,U0061,BORROW,2026-06-03,2026-06-02,2026-06-13,COMPLETED,10,3200,RETURNED,ON_TIME
A000091,I01901,U0664,U0081,BORROW,2026-07-27,2026-07-24,2026-08-06,COMPLETED,10,1200,RETURNED,ON_TIME
A000092,I04135,U0755,U0946,BORROW,2025-12-16,2025-12-14,2025-12-23,CANCELLED,7,150,CANCELLED,PENDING
A000093,I01888,U0576,U0556,BORROW,2025-11-02,2025-11-01,2025-11-07,COMPLETED,5,950,RETURNED,ON_TIME
A000094,I02155,U0992,U0159,SWAP,2026-03-28,2026-03-25,2026-03-28,COMPLETED,0,100,COMPLETED,NA
A000095,I00483,U0819,U0750,SWAP,2026-03-23,2026-03-22,2026-03-23,CANCELLED,0,2400,CANCELLED,NA
A000096,I00324,U0408,U0825,SELL,2026-06-18,2026-06-18,2026-06-18,COMPLETED,0,4050,COMPLETED,NA
A000097,I00345,U0487,U0971,BORROW,2025-12-14,2025-12-10,2025-12-17,ACTIVE,3,1000,NOT_RETURNED,PENDING
A000098,I04380,U0047,U0374,SWAP,2026-06-30,2026-06-28,2026-06-30,COMPLETED,0,800,COMPLETED,NA
A000099,I02000,U0148,U0473,BORROW,2026-05-21,2026-05-20,2026-05-23,COMPLETED,2,750,RETURNED,ON_TIME
A000100,I04644,U0218,U0096,GIVEAWAY,2025-12-29,2025-12-29,2025-12-29,COMPLETED,0,4000,COMPLETED,NA
A000101,I01440,U0542,U0550,BORROW,2025-10-01,2025-09-29,2025-10-04,COMPLETED,3,750,RETURNED,ON_TIME
A000102,I04241,U0816,U0363,SWAP,2026-05-23,2026-05-19,2026-05-23,CANCELLED,0,1200,CANCELLED,NA
A000103,I00678,U0738,U0166,GIVEAWAY,2026-02-17,2026-02-13,2026-02-17,COMPLETED,0,400,COMPLETED,NA
A000104,I04404,U0049,U0451,BORROW,2026-06-14,2026-06-12,2026-06-19,COMPLETED,5,2200,RETURNED,ON_TIME
A000105,I00934,U0405,U0513,GIVEAWAY,2026-06-30,2026-06-28,2026-06-30,CANCELLED,0,1950,CANCELLED,NA
A000106,I01939,U0017,U0389,BORROW,2026-07-16,2026-07-15,2026-07-21,COMPLETED,5,1400,RETURNED,ON_TIME
A000107,I00358,U0527,U0444,SWAP,2025-11-17,2025-11-13,2025-11-17,COMPLETED,0,1550,COMPLETED,NA
A000108,I01104,U0810,U0671,BORROW,2026-03-26,2026-03-23,2026-03-29,COMPLETED,3,750,RETURNED,ON_TIME
A000109,I02483,U0411,U0688,BORROW,2025-10-03,2025-09-30,2025-10-17,ACTIVE,14,700,NOT_RETURNED,PENDING
A000110,I00542,U0613,U0398,BORROW,2026-04-25,2026-04-25,2026-04-28,COMPLETED,3,5150,RETURNED,ON_TIME
A000111,I03674,U0781,U0336,SWAP,2026-01-07,2026-01-07,2026-01-07,COMPLETED,0,500,COMPLETED,NA
A000112,I04770,U0216,U0844,BORROW,2025-10-01,2025-10-01,2025-10-03,COMPLETED,2,1700,RETURNED,ON_TIME
A000113,I03387,U0048,U0338,BORROW,2026-03-31,2026-03-29,2026-04-07,COMPLETED,7,750,RETURNED,ON_TIME
A000114,I01907,U0725,U0347,SELL,2025-10-02,2025-09-29,2025-10-02,COMPLETED,0,650,COMPLETED,NA
A000115,I03830,U0514,U0710,SELL,2026-03-19,2026-03-18,2026-03-19,COMPLETED,0,400,COMPLETED,NA
A000116,I04854,U0328,U0956,BORROW,2025-11-16,2025-11-14,2025-11-19,COMPLETED,3,4150,RETURNED,LATE
A000117,I00176,U0412,U0045,BORROW,2026-07-27,2026-07-25,2026-08-06,CANCELLED,10,2200,CANCELLED,PENDING
A000118,I01824,U0954,U0003,BORROW,2026-01-16,2026-01-14,2026-01-21,COMPLETED,5,2650,RETURNED,ON_TIME
A000119,I02794,U0450,U0184,SWAP,2026-06-21,2026-06-19,2026-06-21,COMPLETED,0,1450,COMPLETED,NA
A000120,I00741,U0673,U0458,GIVEAWAY,2026-05-05,2026-05-01,2026-05-05,COMPLETED,0,1400,COMPLETED,NA
A000121,I00267,U0663,U0023,GIVEAWAY,2026-01-20,2026-01-19,2026-01-20,COMPLETED,0,650,COMPLETED,NA
A000122,I03670,U0289,U0569,SWAP,2026-07-14,2026-07-11,2026-07-14,COMPLETED,0,800,COMPLETED,NA
A000123,I01889,U0567,U0816,SELL,2026-03-22,2026-03-18,2026-03-22,COMPLETED,0,4850,COMPLETED,NA
A000124,I02186,U0066,U0983,BORROW,2026-07-04,2026-06-30,2026-07-09,COMPLETED,5,1900,RETURNED,ON_TIME
A000125,I00508,U0310,U0149,BORROW,2025-09-18,2025-09-18,2025-09-25,ACTIVE,7,1700,NOT_RETURNED,PENDING
A000126,I00836,U0281,U0822,GIVEAWAY,2025-09-03,2025-08-30,2025-09-03,COMPLETED,0,1300,COMPLETED,NA
A000127,I02514,U0709,U0005,BORROW,2026-03-30,2026-03-30,2026-04-01,COMPLETED,2,1950,RETURNED,ON_TIME
A000128,I01667,U0792,U0183,BORROW,2025-09-23,2025-09-22,2025-09-28,COMPLETED,5,1250,RETURNED,ON_TIME
A000129,I00968,U0512,U0232,BORROW,2026-01-16,2026-01-16,2026-01-30,COMPLETED,14,3100,RETURNED,ON_TIME
A000130,I04308,U0089,U0434,BORROW,2026-05-23,2026-05-21,2026-06-13,COMPLETED,21,300,RETURNED,ON_TIME
A000131,I04002,U0299,U0056,BORROW,2025-12-30,2025-12-28,2026-01-20,COMPLETED,21,650,RETURNED,ON_TIME
A000132,I03004,U0409,U0880,BORROW,2026-06-27,2026-06-23,2026-06-29,OVERDUE,2,1800,NOT_RETURNED,LATE
A000133,I01731,U0214,U0396,BORROW,2026-02-18,2026-02-14,2026-03-04,OVERDUE,14,1700,NOT_RETURNED,LATE
A000134,I04714,U0291,U0137,BORROW,2026-05-24,2026-05-23,2026-05-29,COMPLETED,5,850,RETURNED,ON_TIME
A000135,I03700,U0977,U0283,BORROW,2026-01-14,2026-01-11,2026-02-04,COMPLETED,21,350,RETURNED,ON_TIME
A000136,I04870,U0823,U0785,BORROW,2025-09-04,2025-09-02,2025-09-25,ACTIVE,21,1700,NOT_RETURNED,PENDING
A000137,I03105,U0397,U0678,GIVEAWAY,2026-04-09,2026-04-08,2026-04-09,COMPLETED,0,1250,COMPLETED,NA
A000138,I04469,U0848,U0583,BORROW,2025-10-28,2025-10-24,2025-11-18,ACTIVE,21,3100,NOT_RETURNED,PENDING
A000139,I01289,U0491,U0450,GIVEAWAY,2025-12-12,2025-12-10,2025-12-12,COMPLETED,0,5800,COMPLETED,NA
A000140,I02946,U0322,U0754,BORROW,2025-12-28,2025-12-24,2026-01-18,COMPLETED,21,1300,RETURNED,ON_TIME
A000141,I03624,U0681,U0854,BORROW,2026-05-14,2026-05-13,2026-05-28,COMPLETED,14,1200,RETURNED,ON_TIME
A000142,I04551,U0845,U0032,BORROW,2026-02-11,2026-02-11,2026-02-21,COMPLETED,10,1200,RETURNED,ON_TIME
A000143,I04588,U0235,U0486,BORROW,2025-12-21,2025-12-20,2025-12-28,COMPLETED,7,1200,RETURNED,ON_TIME
A000144,I04905,U0350,U0362,BORROW,2025-12-04,2025-12-02,2025-12-11,ACTIVE,7,1200,NOT_RETURNED,PENDING
A000145,I01948,U0623,U0666,SWAP,2025-11-26,2025-11-24,2025-11-26,COMPLETED,0,1450,COMPLETED,NA
A000146,I04202,U0140,U0002,BORROW,2026-03-11,2026-03-08,2026-03-14,COMPLETED,3,4450,RETURNED,ON_TIME
A000147,I04523,U0923,U0620,GIVEAWAY,2025-10-07,2025-10-05,2025-10-07,COMPLETED,0,500,COMPLETED,NA
A000148,I00621,U0746,U0302,SWAP,2025-11-27,2025-11-23,2025-11-27,COMPLETED,0,1200,COMPLETED,NA
A000149,I03030,U0552,U0735,SWAP,2026-02-12,2026-02-11,2026-02-12,COMPLETED,0,400,COMPLETED,NA
A000150,I01458,U0407,U0195,SELL,2026-05-24,2026-05-21,2026-05-24,COMPLETED,0,600,COMPLETED,NA
A000151,I01953,U0693,U0363,BORROW,2026-05-02,2026-04-29,2026-05-09,ACTIVE,7,1800,NOT_RETURNED,PENDING
A000152,I04768,U0176,U0288,SELL,2025-10-07,2025-10-03,2025-10-07,COMPLETED,0,1250,COMPLETED,NA
A000153,I01783,U0007,U0246,GIVEAWAY,2026-07-24,2026-07-24,2026-07-24,COMPLETED,0,450,COMPLETED,NA
A000154,I04604,U0932,U0320,SWAP,2025-09-11,2025-09-10,2025-09-11,COMPLETED,0,600,COMPLETED,NA
A000155,I01645,U0360,U0669,BORROW,2025-09-22,2025-09-22,2025-10-02,ACTIVE,10,150,NOT_RETURNED,PENDING
A000156,I03515,U0943,U0465,BORROW,2025-12-11,2025-12-10,2025-12-25,COMPLETED,14,1350,RETURNED,ON_TIME
A000157,I02131,U0607,U0973,BORROW,2026-02-23,2026-02-22,2026-02-26,CANCELLED,3,1300,CANCELLED,PENDING
A000158,I02772,U0833,U0694,SWAP,2025-10-17,2025-10-14,2025-10-17,COMPLETED,0,650,COMPLETED,NA
A000159,I00648,U0624,U0434,BORROW,2026-07-03,2026-06-30,2026-07-06,ACTIVE,3,150,NOT_RETURNED,PENDING
A000160,I01738,U0952,U0158,BORROW,2025-12-19,2025-12-16,2025-12-29,COMPLETED,10,600,RETURNED,ON_TIME
A000161,I01812,U0693,U0877,SWAP,2025-12-02,2025-12-02,2025-12-02,COMPLETED,0,400,COMPLETED,NA
A000162,I01560,U0469,U0779,GIVEAWAY,2025-09-23,2025-09-23,2025-09-23,COMPLETED,0,1650,COMPLETED,NA
A000163,I04380,U0403,U0374,BORROW,2026-04-18,2026-04-15,2026-04-21,COMPLETED,3,800,RETURNED,ON_TIME
A000164,I00081,U0056,U0821,GIVEAWAY,2026-06-13,2026-06-12,2026-06-13,COMPLETED,0,650,COMPLETED,NA
A000165,I03010,U0427,U0122,BORROW,2026-04-04,2026-04-04,2026-04-09,COMPLETED,5,500,RETURNED,ON_TIME
A000166,I03186,U0023,U0057,SWAP,2025-11-28,2025-11-24,2025-11-28,COMPLETED,0,1800,COMPLETED,NA
A000167,I02708,U0445,U0003,BORROW,2025-10-18,2025-10-18,2025-11-08,ACTIVE,21,2500,NOT_RETURNED,PENDING
A000168,I03996,U0311,U0293,BORROW,2026-03-15,2026-03-15,2026-03-17,COMPLETED,2,1450,RETURNED,ON_TIME
A000169,I00746,U0572,U0188,SELL,2026-02-06,2026-02-03,2026-02-06,COMPLETED,0,1750,COMPLETED,NA
A000170,I00233,U0359,U0361,BORROW,2026-02-07,2026-02-07,2026-02-09,COMPLETED,2,550,RETURNED,ON_TIME
A000171,I02956,U0908,U0618,BORROW,2026-07-06,2026-07-02,2026-07-13,CANCELLED,7,500,CANCELLED,PENDING
A000172,I00547,U0707,U0483,BORROW,2026-05-02,2026-04-30,2026-05-04,COMPLETED,2,1700,RETURNED,ON_TIME
A000173,I01809,U0306,U0107,GIVEAWAY,2025-09-07,2025-09-06,2025-09-07,COMPLETED,0,1850,COMPLETED,NA
A000174,I03988,U0768,U0099,BORROW,2026-06-28,2026-06-27,2026-06-30,COMPLETED,2,1300,RETURNED,ON_TIME
A000175,I03737,U0981,U0657,GIVEAWAY,2025-11-11,2025-11-07,2025-11-11,COMPLETED,0,1600,COMPLETED,NA
A000176,I00774,U0777,U0098,SWAP,2026-06-30,2026-06-26,2026-06-30,COMPLETED,0,3950,COMPLETED,NA
A000177,I03490,U0107,U0482,BORROW,2026-05-25,2026-05-23,2026-06-01,COMPLETED,7,850,RETURNED,LATE
A000178,I01360,U0862,U0873,SWAP,2026-02-05,2026-02-03,2026-02-05,COMPLETED,0,1050,COMPLETED,NA
A000179,I00198,U0210,U0214,SWAP,2025-09-19,2025-09-15,2025-09-19,COMPLETED,0,550,COMPLETED,NA
A000180,I04395,U0261,U0804,SWAP,2026-03-02,2026-03-02,2026-03-02,COMPLETED,0,800,COMPLETED,NA
A000181,I01335,U0312,U0909,GIVEAWAY,2026-04-07,2026-04-05,2026-04-07,COMPLETED,0,2150,COMPLETED,NA
A000182,I01418,U0762,U0493,SWAP,2025-09-16,2025-09-12,2025-09-16,COMPLETED,0,1300,COMPLETED,NA
A000183,I00467,U0243,U0309,BORROW,2025-12-06,2025-12-05,2025-12-11,COMPLETED,5,1550,RETURNED,ON_TIME
A000184,I00824,U0569,U0424,GIVEAWAY,2026-04-13,2026-04-13,2026-04-13,COMPLETED,0,750,COMPLETED,NA
A000185,I01719,U0193,U0126,BORROW,2025-12-06,2025-12-04,2025-12-16,COMPLETED,10,1300,RETURNED,ON_TIME
A000186,I01297,U0827,U0870,SWAP,2026-07-16,2026-07-12,2026-07-16,COMPLETED,0,2200,COMPLETED,NA
A000187,I04429,U0827,U0597,BORROW,2025-09-09,2025-09-05,2025-09-11,COMPLETED,2,950,RETURNED,LATE
A000188,I00759,U0758,U0009,BORROW,2025-10-05,2025-10-05,2025-10-12,COMPLETED,7,1150,RETURNED,ON_TIME
A000189,I03819,U0417,U0154,GIVEAWAY,2026-06-24,2026-06-23,2026-06-24,CANCELLED,0,1050,CANCELLED,NA
A000190,I02008,U0462,U0605,GIVEAWAY,2026-02-03,2026-01-31,2026-02-03,COMPLETED,0,600,COMPLETED,NA
A000191,I03416,U0628,U0878,BORROW,2026-02-19,2026-02-19,2026-02-21,COMPLETED,2,2300,RETURNED,ON_TIME
A000192,I04366,U0963,U0825,SWAP,2026-05-22,2026-05-21,2026-05-22,COMPLETED,0,450,COMPLETED,NA
A000193,I04352,U0880,U0095,SWAP,2026-06-04,2026-06-02,2026-06-04,COMPLETED,0,6600,COMPLETED,NA
A000194,I03227,U0568,U0566,BORROW,2026-02-19,2026-02-15,2026-02-22,COMPLETED,3,550,RETURNED,ON_TIME
A000195,I04711,U0641,U0723,SWAP,2026-06-18,2026-06-17,2026-06-18,COMPLETED,0,2000,COMPLETED,NA
A000196,I00483,U0491,U0750,BORROW,2026-07-06,2026-07-03,2026-07-16,COMPLETED,10,2400,RETURNED,ON_TIME
A000197,I02917,U0109,U0747,BORROW,2026-07-26,2026-07-23,2026-08-09,OVERDUE,14,2600,NOT_RETURNED,LATE
A000198,I04846,U0436,U0729,BORROW,2025-12-20,2025-12-16,2025-12-27,COMPLETED,7,350,RETURNED,ON_TIME
A000199,I04772,U0896,U0991,BORROW,2025-11-17,2025-11-15,2025-11-19,COMPLETED,2,5700,RETURNED,ON_TIME
A000200,I03558,U0174,U0001,BORROW,2026-07-12,2026-07-11,2026-07-15,COMPLETED,3,400,RETURNED,ON_TIME
A000201,I02359,U0156,U0701,GIVEAWAY,2025-12-24,2025-12-24,2025-12-24,COMPLETED,0,1500,COMPLETED,NA
A000202,I03571,U0442,U0022,SWAP,2026-06-29,2026-06-25,2026-06-29,COMPLETED,0,2300,COMPLETED,NA
A000203,I01466,U0439,U0037,BORROW,2025-10-09,2025-10-06,2025-10-11,COMPLETED,2,3400,RETURNED,ON_TIME
A000204,I02598,U0583,U0894,BORROW,2025-12-17,2025-12-16,2025-12-24,COMPLETED,7,250,RETURNED,ON_TIME
A000205,I03762,U0465,U0662,SWAP,2026-03-03,2026-02-28,2026-03-03,COMPLETED,0,1200,COMPLETED,NA
A000206,I04359,U0444,U0433,BORROW,2025-10-07,2025-10-03,2025-10-09,COMPLETED,2,950,RETURNED,ON_TIME
A000207,I04504,U0884,U0653,SWAP,2025-11-09,2025-11-09,2025-11-09,COMPLETED,0,500,COMPLETED,NA
A000208,I00203,U0511,U0199,SWAP,2026-04-18,2026-04-17,2026-04-18,COMPLETED,0,350,COMPLETED,NA
A000209,I00974,U0351,U0070,BORROW,2025-10-27,2025-10-25,2025-11-01,COMPLETED,5,1150,RETURNED,ON_TIME
A000210,I03693,U0146,U0019,BORROW,2026-01-15,2026-01-11,2026-02-05,COMPLETED,21,650,RETURNED,ON_TIME
A000211,I04077,U0832,U0680,BORROW,2026-01-22,2026-01-18,2026-01-25,COMPLETED,3,350,RETURNED,ON_TIME
A000212,I01397,U0497,U0339,BORROW,2026-02-17,2026-02-16,2026-02-27,COMPLETED,10,1450,RETURNED,ON_TIME
A000213,I00736,U0553,U0512,BORROW,2025-11-03,2025-11-01,2025-11-10,OVERDUE,7,700,NOT_RETURNED,LATE
A000214,I04648,U0526,U0661,BORROW,2025-11-16,2025-11-12,2025-11-23,COMPLETED,7,1800,RETURNED,ON_TIME
A000215,I01512,U0633,U0312,SWAP,2026-07-16,2026-07-14,2026-07-16,COMPLETED,0,1050,COMPLETED,NA
A000216,I03315,U0521,U0455,BORROW,2026-06-17,2026-06-14,2026-07-08,COMPLETED,21,1900,RETURNED,ON_TIME
A000217,I01181,U0085,U0026,BORROW,2026-07-04,2026-07-02,2026-07-07,COMPLETED,3,700,RETURNED,ON_TIME
A000218,I02872,U0258,U0614,SWAP,2026-03-04,2026-03-04,2026-03-04,COMPLETED,0,650,COMPLETED,NA
A000219,I01883,U0904,U0039,SELL,2026-04-21,2026-04-17,2026-04-21,COMPLETED,0,350,COMPLETED,NA
A000220,I03537,U0182,U0346,SWAP,2026-03-17,2026-03-14,2026-03-17,COMPLETED,0,400,COMPLETED,NA
A000221,I04526,U0740,U0723,SELL,2026-06-21,2026-06-21,2026-06-21,COMPLETED,0,1900,COMPLETED,NA
A000222,I01558,U0092,U0187,SWAP,2025-12-29,2025-12-29,2025-12-29,COMPLETED,0,1300,COMPLETED,NA
A000223,I04717,U0584,U0982,BORROW,2026-06-13,2026-06-09,2026-07-04,COMPLETED,21,1600,RETURNED,ON_TIME
A000224,I03000,U0521,U0306,SWAP,2026-07-17,2026-07-17,2026-07-17,COMPLETED,0,1000,COMPLETED,NA
A000225,I00288,U0443,U0856,BORROW,2026-01-10,2026-01-07,2026-01-12,COMPLETED,2,450,RETURNED,ON_TIME
A000226,I03035,U0461,U0242,SWAP,2025-11-11,2025-11-11,2025-11-11,COMPLETED,0,700,COMPLETED,NA
A000227,I04364,U0376,U0134,BORROW,2025-09-20,2025-09-20,2025-09-23,COMPLETED,3,500,RETURNED,ON_TIME
A000228,I02086,U0435,U0517,BORROW,2026-01-13,2026-01-13,2026-01-27,CANCELLED,14,250,CANCELLED,PENDING
A000229,I00155,U0658,U0448,SWAP,2025-11-17,2025-11-16,2025-11-17,COMPLETED,0,850,COMPLETED,NA
A000230,I03179,U0440,U0714,SWAP,2026-07-09,2026-07-05,2026-07-09,COMPLETED,0,5550,COMPLETED,NA
A000231,I04479,U0206,U0294,BORROW,2026-05-18,2026-05-18,2026-05-20,CANCELLED,2,850,CANCELLED,PENDING
A000232,I02763,U0681,U0485,SWAP,2025-12-08,2025-12-05,2025-12-08,COMPLETED,0,600,COMPLETED,NA
A000233,I00473,U0909,U0630,SWAP,2026-02-02,2026-02-01,2026-02-02,COMPLETED,0,500,COMPLETED,NA
A000234,I03561,U0562,U0398,GIVEAWAY,2025-12-12,2025-12-11,2025-12-12,COMPLETED,0,850,COMPLETED,NA
A000235,I02809,U0174,U0425,BORROW,2026-05-11,2026-05-11,2026-06-01,COMPLETED,21,550,RETURNED,ON_TIME
A000236,I02305,U0469,U0416,BORROW,2026-06-06,2026-06-02,2026-06-09,COMPLETED,3,200,RETURNED,ON_TIME
A000237,I02260,U0017,U0620,BORROW,2025-10-15,2025-10-12,2025-10-29,COMPLETED,14,1350,RETURNED,ON_TIME
A000238,I02497,U0549,U0917,BORROW,2026-05-30,2026-05-29,2026-06-09,COMPLETED,10,1300,RETURNED,ON_TIME
A000239,I00216,U0061,U0277,SELL,2026-04-25,2026-04-21,2026-04-25,COMPLETED,0,1800,COMPLETED,NA
A000240,I04585,U0977,U0874,SWAP,2026-03-18,2026-03-15,2026-03-18,COMPLETED,0,150,COMPLETED,NA
A000241,I01533,U0699,U0062,SWAP,2026-05-12,2026-05-08,2026-05-12,COMPLETED,0,1850,COMPLETED,NA
A000242,I01294,U0777,U0957,SWAP,2026-04-11,2026-04-10,2026-04-11,COMPLETED,0,2350,COMPLETED,NA
A000243,I02966,U0587,U0890,BORROW,2026-02-10,2026-02-08,2026-02-20,COMPLETED,10,1550,RETURNED,LATE
A000244,I04612,U0539,U0709,GIVEAWAY,2026-01-08,2026-01-05,2026-01-08,COMPLETED,0,1400,COMPLETED,NA
A000245,I00389,U0850,U0233,GIVEAWAY,2026-03-27,2026-03-26,2026-03-27,COMPLETED,0,2700,COMPLETED,NA
A000246,I03577,U0228,U0266,SWAP,2026-01-04,2026-01-04,2026-01-04,COMPLETED,0,1600,COMPLETED,NA
A000247,I03034,U0026,U0355,SWAP,2025-09-09,2025-09-06,2025-09-09,COMPLETED,0,2200,COMPLETED,NA
A000248,I04125,U0598,U0587,BORROW,2025-11-14,2025-11-12,2025-11-16,CANCELLED,2,1750,CANCELLED,PENDING
A000249,I04711,U0602,U0723,BORROW,2026-03-05,2026-03-02,2026-03-26,COMPLETED,21,2000,RETURNED,ON_TIME
A000250,I03754,U0470,U0225,SWAP,2026-02-16,2026-02-14,2026-02-16,COMPLETED,0,1800,COMPLETED,NA
A000251,I04760,U0524,U0114,GIVEAWAY,2026-03-09,2026-03-08,2026-03-09,COMPLETED,0,300,COMPLETED,NA
A000252,I01788,U0800,U0939,BORROW,2026-06-15,2026-06-13,2026-06-17,COMPLETED,2,550,RETURNED,ON_TIME
A000253,I04191,U0771,U0112,BORROW,2026-01-01,2025-12-31,2026-01-08,CANCELLED,7,1800,CANCELLED,PENDING
A000254,I01410,U0415,U0245,GIVEAWAY,2026-04-24,2026-04-20,2026-04-24,COMPLETED,0,1050,COMPLETED,NA
A000255,I02335,U0030,U0147,BORROW,2026-04-25,2026-04-25,2026-04-28,COMPLETED,3,150,RETURNED,ON_TIME
A000256,I00736,U0217,U0512,BORROW,2026-07-21,2026-07-19,2026-08-11,COMPLETED,21,700,RETURNED,ON_TIME
A000257,I01730,U1000,U0092,SELL,2026-03-02,2026-03-01,2026-03-02,COMPLETED,0,300,COMPLETED,NA
A000258,I04797,U0366,U0143,GIVEAWAY,2025-10-12,2025-10-11,2025-10-12,COMPLETED,0,1000,COMPLETED,NA
A000259,I02793,U0026,U0398,BORROW,2026-02-12,2026-02-12,2026-02-14,COMPLETED,2,850,RETURNED,ON_TIME
A000260,I02465,U0294,U0501,SELL,2026-04-21,2026-04-17,2026-04-21,COMPLETED,0,1200,COMPLETED,NA
A000261,I02347,U0218,U0865,GIVEAWAY,2025-11-21,2025-11-19,2025-11-21,COMPLETED,0,600,COMPLETED,NA
A000262,I02079,U0314,U0862,BORROW,2026-02-26,2026-02-23,2026-02-28,COMPLETED,2,800,RETURNED,ON_TIME
A000263,I03333,U0189,U0283,BORROW,2026-07-06,2026-07-03,2026-07-16,COMPLETED,10,2400,RETURNED,ON_TIME
A000264,I02154,U0804,U0988,BORROW,2026-01-23,2026-01-22,2026-02-13,COMPLETED,21,2400,RETURNED,ON_TIME
A000265,I00306,U0346,U0565,BORROW,2025-12-24,2025-12-21,2026-01-14,COMPLETED,21,1300,RETURNED,ON_TIME
A000266,I04621,U0704,U0244,SWAP,2026-04-09,2026-04-07,2026-04-09,COMPLETED,0,1200,COMPLETED,NA
A000267,I04189,U0051,U0860,GIVEAWAY,2026-02-28,2026-02-27,2026-02-28,COMPLETED,0,850,COMPLETED,NA
A000268,I00114,U0389,U0164,BORROW,2026-06-16,2026-06-12,2026-06-30,COMPLETED,14,2200,RETURNED,ON_TIME
A000269,I03228,U0486,U0952,BORROW,2025-09-12,2025-09-11,2025-09-14,ACTIVE,2,150,NOT_RETURNED,PENDING
A000270,I02272,U0097,U0089,BORROW,2026-03-17,2026-03-13,2026-04-07,CANCELLED,21,2100,CANCELLED,PENDING
A000271,I03299,U0896,U0539,BORROW,2026-01-19,2026-01-19,2026-02-09,COMPLETED,21,3750,RETURNED,ON_TIME
A000272,I04879,U0245,U0531,SWAP,2026-05-08,2026-05-06,2026-05-08,COMPLETED,0,450,COMPLETED,NA
A000273,I00377,U0310,U0077,BORROW,2026-01-16,2026-01-14,2026-02-06,ACTIVE,21,1450,NOT_RETURNED,PENDING
A000274,I02987,U0640,U0896,SELL,2026-01-25,2026-01-24,2026-01-25,COMPLETED,0,600,COMPLETED,NA
A000275,I01057,U0931,U0058,BORROW,2025-11-30,2025-11-26,2025-12-14,COMPLETED,14,1300,RETURNED,ON_TIME
A000276,I02514,U0592,U0005,SELL,2026-04-06,2026-04-04,2026-04-06,COMPLETED,0,1950,COMPLETED,NA
A000277,I00825,U0921,U0518,BORROW,2026-02-07,2026-02-03,2026-02-14,CANCELLED,7,1400,CANCELLED,PENDING
A000278,I02168,U0755,U0302,GIVEAWAY,2026-04-11,2026-04-10,2026-04-11,COMPLETED,0,2950,COMPLETED,NA
A000279,I03471,U0610,U0450,SWAP,2025-12-11,2025-12-07,2025-12-11,CANCELLED,0,950,CANCELLED,NA
A000280,I00287,U0420,U0824,SWAP,2026-01-23,2026-01-22,2026-01-23,COMPLETED,0,950,COMPLETED,NA
A000281,I02536,U0506,U0022,BORROW,2026-03-13,2026-03-13,2026-03-15,COMPLETED,2,500,RETURNED,LATE
A000282,I00570,U0592,U0829,BORROW,2026-07-11,2026-07-10,2026-07-18,CANCELLED,7,1150,CANCELLED,PENDING
A000283,I00327,U0212,U0673,BORROW,2026-06-18,2026-06-17,2026-06-20,COMPLETED,2,1400,RETURNED,ON_TIME
A000284,I04025,U0946,U0467,BORROW,2026-02-21,2026-02-18,2026-02-28,COMPLETED,7,1200,RETURNED,ON_TIME
A000285,I01800,U0987,U0313,SELL,2026-06-03,2026-05-30,2026-06-03,COMPLETED,0,1550,COMPLETED,NA
A000286,I01168,U0193,U0451,BORROW,2025-10-23,2025-10-23,2025-11-02,COMPLETED,10,1100,RETURNED,LATE
A000287,I02646,U0588,U0185,BORROW,2026-01-31,2026-01-28,2026-02-02,COMPLETED,2,1450,RETURNED,ON_TIME
A000288,I03167,U0750,U0477,SELL,2025-10-13,2025-10-11,2025-10-13,COMPLETED,0,950,COMPLETED,NA
A000289,I01447,U0135,U0332,BORROW,2026-02-19,2026-02-16,2026-03-05,COMPLETED,14,1300,RETURNED,ON_TIME
A000290,I04191,U0671,U0112,BORROW,2025-12-06,2025-12-03,2025-12-13,COMPLETED,7,1800,RETURNED,ON_TIME
A000291,I00979,U0901,U0098,SWAP,2025-12-11,2025-12-09,2025-12-11,COMPLETED,0,900,COMPLETED,NA
A000292,I01447,U0292,U0332,BORROW,2026-04-23,2026-04-21,2026-05-03,COMPLETED,10,1300,RETURNED,ON_TIME
A000293,I04217,U0960,U0720,BORROW,2025-10-16,2025-10-13,2025-10-21,COMPLETED,5,900,RETURNED,ON_TIME
A000294,I00639,U0076,U0741,BORROW,2026-04-16,2026-04-16,2026-05-07,CANCELLED,21,650,CANCELLED,PENDING
A000295,I01083,U0012,U0127,BORROW,2026-04-17,2026-04-13,2026-05-08,COMPLETED,21,2250,RETURNED,ON_TIME
A000296,I04600,U0439,U0509,BORROW,2025-11-14,2025-11-13,2025-11-17,COMPLETED,3,1100,RETURNED,ON_TIME
A000297,I03950,U0773,U0968,BORROW,2026-05-23,2026-05-23,2026-05-28,COMPLETED,5,550,RETURNED,ON_TIME
A000298,I01911,U0408,U0081,GIVEAWAY,2025-10-12,2025-10-12,2025-10-12,COMPLETED,0,1300,COMPLETED,NA
A000299,I04528,U0399,U0810,BORROW,2025-11-20,2025-11-19,2025-12-11,COMPLETED,21,550,RETURNED,ON_TIME
A000300,I01112,U0673,U0578,BORROW,2026-07-17,2026-07-13,2026-07-24,COMPLETED,7,7000,RETURNED,ON_TIME
A000301,I04704,U0415,U0084,GIVEAWAY,2026-03-30,2026-03-26,2026-03-30,COMPLETED,0,3050,COMPLETED,NA
A000302,I00292,U0008,U0855,GIVEAWAY,2025-09-22,2025-09-21,2025-09-22,COMPLETED,0,2500,COMPLETED,NA
A000303,I04512,U0821,U0914,SWAP,2026-06-02,2026-05-30,2026-06-02,COMPLETED,0,800,COMPLETED,NA
A000304,I00230,U0206,U0202,GIVEAWAY,2025-12-10,2025-12-10,2025-12-10,COMPLETED,0,350,COMPLETED,NA
A000305,I02980,U0968,U0337,BORROW,2026-04-12,2026-04-11,2026-04-22,COMPLETED,10,1700,RETURNED,ON_TIME
A000306,I02021,U0652,U0432,SELL,2026-01-31,2026-01-29,2026-01-31,COMPLETED,0,1000,COMPLETED,NA
A000307,I03039,U0357,U0466,BORROW,2026-05-25,2026-05-21,2026-05-27,ACTIVE,2,950,NOT_RETURNED,PENDING
A000308,I04189,U0008,U0860,SWAP,2026-01-13,2026-01-11,2026-01-13,COMPLETED,0,850,COMPLETED,NA
A000309,I02602,U0162,U0136,GIVEAWAY,2026-02-28,2026-02-24,2026-02-28,COMPLETED,0,2800,COMPLETED,NA
A000310,I00819,U0593,U0355,SWAP,2025-11-16,2025-11-12,2025-11-16,COMPLETED,0,1900,COMPLETED,NA
A000311,I00245,U0109,U0181,BORROW,2026-02-20,2026-02-17,2026-03-13,COMPLETED,21,2100,RETURNED,ON_TIME
A000312,I03575,U0884,U0598,BORROW,2026-01-19,2026-01-17,2026-01-29,ACTIVE,10,2500,NOT_RETURNED,PENDING
A000313,I01046,U0884,U0270,SELL,2025-12-01,2025-11-30,2025-12-01,COMPLETED,0,2250,COMPLETED,NA
A000314,I00787,U0568,U0278,BORROW,2026-02-04,2026-01-31,2026-02-14,COMPLETED,10,600,RETURNED,ON_TIME
A000315,I00453,U0577,U0958,GIVEAWAY,2026-07-21,2026-07-20,2026-07-21,CANCELLED,0,2100,CANCELLED,NA
A000316,I04786,U0503,U0267,BORROW,2025-11-02,2025-10-31,2025-11-12,CANCELLED,10,200,CANCELLED,PENDING
A000317,I00990,U0944,U0052,GIVEAWAY,2026-02-08,2026-02-06,2026-02-08,COMPLETED,0,700,COMPLETED,NA
A000318,I00177,U0862,U0594,SELL,2025-10-14,2025-10-13,2025-10-14,COMPLETED,0,1200,COMPLETED,NA
A000319,I02797,U0196,U0134,BORROW,2025-09-12,2025-09-09,2025-10-03,COMPLETED,21,1500,RETURNED,ON_TIME
A000320,I04764,U0673,U0977,SWAP,2025-11-11,2025-11-10,2025-11-11,COMPLETED,0,1000,COMPLETED,NA
A000321,I00628,U0352,U0512,SELL,2026-07-28,2026-07-24,2026-07-28,COMPLETED,0,1250,COMPLETED,NA
A000322,I03575,U0840,U0598,BORROW,2025-10-13,2025-10-12,2025-10-15,ACTIVE,2,2500,NOT_RETURNED,PENDING
A000323,I01031,U0532,U0148,SWAP,2025-11-11,2025-11-09,2025-11-11,COMPLETED,0,400,COMPLETED,NA
A000324,I04391,U0788,U0297,SELL,2026-04-16,2026-04-14,2026-04-16,COMPLETED,0,1100,COMPLETED,NA
A000325,I04014,U0257,U0254,GIVEAWAY,2026-03-28,2026-03-24,2026-03-28,COMPLETED,0,3900,COMPLETED,NA
A000326,I04359,U0954,U0433,BORROW,2026-03-26,2026-03-22,2026-03-31,COMPLETED,5,950,RETURNED,ON_TIME
A000327,I03038,U0025,U0081,BORROW,2026-05-15,2026-05-13,2026-05-25,COMPLETED,10,2550,RETURNED,ON_TIME
A000328,I04549,U0334,U0609,SELL,2025-12-03,2025-12-01,2025-12-03,COMPLETED,0,600,COMPLETED,NA
A000329,I01750,U0463,U0635,GIVEAWAY,2026-04-15,2026-04-15,2026-04-15,COMPLETED,0,1650,COMPLETED,NA
A000330,I03880,U0738,U0627,GIVEAWAY,2026-01-10,2026-01-06,2026-01-10,COMPLETED,0,700,COMPLETED,NA
A000331,I00599,U0048,U0674,SWAP,2025-10-05,2025-10-02,2025-10-05,COMPLETED,0,2300,COMPLETED,NA
A000332,I00088,U0165,U0647,BORROW,2026-05-10,2026-05-08,2026-05-31,CANCELLED,21,1600,CANCELLED,PENDING
A000333,I02751,U0983,U0635,BORROW,2026-06-24,2026-06-20,2026-06-27,COMPLETED,3,1850,RETURNED,ON_TIME
A000334,I04396,U0368,U0630,SELL,2026-02-17,2026-02-17,2026-02-17,COMPLETED,0,150,COMPLETED,NA
A000335,I01607,U0864,U0950,BORROW,2026-04-15,2026-04-15,2026-04-17,COMPLETED,2,500,RETURNED,ON_TIME
A000336,I03049,U0126,U0483,BORROW,2026-06-02,2026-05-31,2026-06-07,ACTIVE,5,1400,NOT_RETURNED,PENDING
A000337,I03906,U0143,U0187,BORROW,2026-07-18,2026-07-15,2026-07-28,COMPLETED,10,1100,RETURNED,ON_TIME
A000338,I04709,U0243,U0792,SELL,2025-10-12,2025-10-11,2025-10-12,COMPLETED,0,4750,COMPLETED,NA
A000339,I04598,U0005,U0942,BORROW,2025-11-21,2025-11-19,2025-11-26,COMPLETED,5,3100,RETURNED,ON_TIME
A000340,I02352,U0641,U0248,SELL,2025-11-09,2025-11-06,2025-11-09,COMPLETED,0,650,COMPLETED,NA
A000341,I03180,U0648,U0901,SWAP,2026-05-20,2026-05-18,2026-05-20,COMPLETED,0,1600,COMPLETED,NA
A000342,I02648,U0020,U0458,SWAP,2025-12-24,2025-12-21,2025-12-24,COMPLETED,0,2550,COMPLETED,NA
A000343,I00305,U0294,U0892,SWAP,2026-04-25,2026-04-22,2026-04-25,COMPLETED,0,1800,COMPLETED,NA
A000344,I04968,U0348,U0536,SWAP,2025-10-13,2025-10-12,2025-10-13,COMPLETED,0,550,COMPLETED,NA
A000345,I01538,U0433,U0655,GIVEAWAY,2026-04-23,2026-04-22,2026-04-23,COMPLETED,0,1400,COMPLETED,NA
A000346,I01715,U0134,U0927,SWAP,2026-04-16,2026-04-14,2026-04-16,COMPLETED,0,1400,COMPLETED,NA
A000347,I01187,U0200,U0692,BORROW,2026-07-22,2026-07-20,2026-07-25,COMPLETED,3,1050,RETURNED,ON_TIME
A000348,I01607,U0698,U0950,SWAP,2026-01-27,2026-01-26,2026-01-27,COMPLETED,0,500,COMPLETED,NA
A000349,I01465,U0648,U0732,SELL,2026-07-24,2026-07-22,2026-07-24,COMPLETED,0,150,COMPLETED,NA
A000350,I00999,U0802,U0169,BORROW,2026-03-30,2026-03-28,2026-04-04,ACTIVE,5,1100,NOT_RETURNED,PENDING
A000351,I02848,U0834,U0845,BORROW,2026-02-17,2026-02-17,2026-02-19,COMPLETED,2,1350,RETURNED,ON_TIME
A000352,I02259,U0542,U0067,GIVEAWAY,2025-10-20,2025-10-17,2025-10-20,COMPLETED,0,700,COMPLETED,NA
A000353,I04472,U0075,U0015,BORROW,2025-11-12,2025-11-12,2025-11-22,ACTIVE,10,5050,NOT_RETURNED,PENDING
A000354,I00137,U0349,U0238,BORROW,2026-03-31,2026-03-29,2026-04-21,COMPLETED,21,1750,RETURNED,ON_TIME
A000355,I00423,U0095,U0634,BORROW,2025-11-07,2025-11-05,2025-11-10,OVERDUE,3,550,NOT_RETURNED,LATE
A000356,I00899,U0107,U0867,BORROW,2026-04-09,2026-04-09,2026-04-12,COMPLETED,3,2000,RETURNED,ON_TIME
A000357,I04096,U0845,U0481,GIVEAWAY,2026-07-10,2026-07-10,2026-07-10,CANCELLED,0,350,CANCELLED,NA
A000358,I03288,U0404,U0349,SELL,2025-10-09,2025-10-09,2025-10-09,COMPLETED,0,350,COMPLETED,NA
A000359,I03759,U0637,U0964,SWAP,2026-03-30,2026-03-26,2026-03-30,COMPLETED,0,1950,COMPLETED,NA
A000360,I00259,U0586,U0231,BORROW,2026-04-08,2026-04-06,2026-04-15,COMPLETED,7,800,RETURNED,ON_TIME
A000361,I03843,U0329,U0819,SWAP,2026-04-11,2026-04-08,2026-04-11,COMPLETED,0,950,COMPLETED,NA
A000362,I00507,U0263,U0919,BORROW,2025-09-02,2025-08-31,2025-09-23,COMPLETED,21,900,RETURNED,ON_TIME
A000363,I04433,U0155,U0679,GIVEAWAY,2025-12-10,2025-12-09,2025-12-10,COMPLETED,0,450,COMPLETED,NA
A000364,I02467,U0795,U0367,SELL,2026-06-03,2026-06-01,2026-06-03,COMPLETED,0,1800,COMPLETED,NA
A000365,I03758,U0080,U0654,BORROW,2025-10-30,2025-10-29,2025-11-01,COMPLETED,2,3450,RETURNED,ON_TIME
A000366,I03505,U0494,U0316,BORROW,2025-11-28,2025-11-24,2025-12-05,COMPLETED,7,200,RETURNED,ON_TIME
A000367,I02633,U0262,U0924,SWAP,2025-10-02,2025-09-29,2025-10-02,COMPLETED,0,250,COMPLETED,NA
A000368,I01676,U0547,U0183,GIVEAWAY,2025-12-16,2025-12-13,2025-12-16,COMPLETED,0,2350,COMPLETED,NA
A000369,I02537,U0079,U0652,BORROW,2025-09-17,2025-09-13,2025-10-08,COMPLETED,21,1500,RETURNED,ON_TIME
A000370,I00086,U0807,U0082,BORROW,2026-01-20,2026-01-17,2026-01-27,COMPLETED,7,2100,RETURNED,ON_TIME
A000371,I04024,U0145,U0804,GIVEAWAY,2026-06-07,2026-06-05,2026-06-07,COMPLETED,0,2350,COMPLETED,NA
A000372,I02071,U0450,U0325,BORROW,2026-06-02,2026-05-31,2026-06-04,COMPLETED,2,2950,RETURNED,ON_TIME
A000373,I03182,U0824,U0237,GIVEAWAY,2026-03-06,2026-03-05,2026-03-06,CANCELLED,0,5600,CANCELLED,NA
A000374,I02013,U0401,U0844,BORROW,2026-07-20,2026-07-17,2026-08-10,COMPLETED,21,1650,RETURNED,ON_TIME
A000375,I04174,U0036,U0756,GIVEAWAY,2026-01-28,2026-01-24,2026-01-28,COMPLETED,0,1950,COMPLETED,NA
A000376,I03720,U0868,U0537,GIVEAWAY,2026-01-04,2026-01-04,2026-01-04,COMPLETED,0,1000,COMPLETED,NA
A000377,I01710,U0820,U0394,BORROW,2025-11-17,2025-11-13,2025-11-22,COMPLETED,5,850,RETURNED,ON_TIME
A000378,I04836,U0403,U0783,GIVEAWAY,2026-07-24,2026-07-24,2026-07-24,COMPLETED,0,2100,COMPLETED,NA
A000379,I04948,U0850,U0388,GIVEAWAY,2026-04-21,2026-04-20,2026-04-21,COMPLETED,0,450,COMPLETED,NA
A000380,I00859,U0145,U0575,BORROW,2026-07-17,2026-07-15,2026-07-31,CANCELLED,14,500,CANCELLED,PENDING
A000381,I01832,U0064,U0363,GIVEAWAY,2026-01-04,2025-12-31,2026-01-04,COMPLETED,0,5300,COMPLETED,NA
A000382,I04699,U0747,U0844,SELL,2026-06-20,2026-06-20,2026-06-20,COMPLETED,0,500,COMPLETED,NA
A000383,I01187,U0588,U0692,SWAP,2026-07-08,2026-07-04,2026-07-08,COMPLETED,0,1050,COMPLETED,NA
A000384,I01453,U0693,U0835,BORROW,2025-12-17,2025-12-14,2026-01-07,COMPLETED,21,500,RETURNED,ON_TIME
A000385,I04828,U0552,U0398,BORROW,2025-09-24,2025-09-23,2025-09-29,COMPLETED,5,1600,RETURNED,ON_TIME
A000386,I03296,U0952,U0494,BORROW,2025-11-04,2025-11-02,2025-11-09,COMPLETED,5,1000,RETURNED,ON_TIME
A000387,I03639,U0124,U0595,GIVEAWAY,2026-07-26,2026-07-25,2026-07-26,COMPLETED,0,600,COMPLETED,NA
A000388,I00142,U0863,U0897,GIVEAWAY,2025-11-02,2025-11-02,2025-11-02,COMPLETED,0,2250,COMPLETED,NA
A000389,I00358,U0512,U0444,SELL,2026-05-07,2026-05-03,2026-05-07,COMPLETED,0,1550,COMPLETED,NA
A000390,I01029,U0140,U0611,SELL,2026-06-15,2026-06-14,2026-06-15,COMPLETED,0,1850,COMPLETED,NA
A000391,I02977,U0839,U0878,SELL,2026-01-29,2026-01-26,2026-01-29,COMPLETED,0,1500,COMPLETED,NA
A000392,I00186,U0828,U0577,GIVEAWAY,2026-06-27,2026-06-26,2026-06-27,COMPLETED,0,800,COMPLETED,NA
A000393,I00812,U0056,U0741,SELL,2025-09-06,2025-09-02,2025-09-06,COMPLETED,0,3000,COMPLETED,NA
A000394,I00670,U0365,U0452,BORROW,2025-09-27,2025-09-25,2025-10-04,COMPLETED,7,700,RETURNED,ON_TIME
A000395,I00043,U0531,U0452,SWAP,2025-10-22,2025-10-21,2025-10-22,COMPLETED,0,2150,COMPLETED,NA
A000396,I00863,U0261,U0749,BORROW,2026-01-01,2025-12-30,2026-01-22,COMPLETED,21,550,RETURNED,ON_TIME
A000397,I03651,U0256,U0564,GIVEAWAY,2026-02-09,2026-02-08,2026-02-09,COMPLETED,0,1000,COMPLETED,NA
A000398,I02727,U0482,U0635,BORROW,2026-04-14,2026-04-10,2026-04-19,ACTIVE,5,1350,NOT_RETURNED,PENDING
A000399,I01098,U0097,U0537,SWAP,2026-06-28,2026-06-28,2026-06-28,COMPLETED,0,350,COMPLETED,NA
A000400,I02420,U0390,U0099,BORROW,2026-07-22,2026-07-22,2026-08-12,COMPLETED,21,350,RETURNED,ON_TIME
A000401,I01414,U0894,U0818,SWAP,2026-02-04,2026-02-02,2026-02-04,COMPLETED,0,650,COMPLETED,NA
A000402,I03702,U0734,U0365,SELL,2026-05-04,2026-04-30,2026-05-04,COMPLETED,0,850,COMPLETED,NA
A000403,I01187,U0323,U0692,BORROW,2025-09-25,2025-09-23,2025-10-16,COMPLETED,21,1050,RETURNED,ON_TIME
A000404,I04730,U0447,U0714,SWAP,2026-04-12,2026-04-11,2026-04-12,COMPLETED,0,250,COMPLETED,NA
A000405,I04515,U0262,U0495,BORROW,2026-05-11,2026-05-10,2026-05-14,COMPLETED,3,1700,RETURNED,ON_TIME
A000406,I04346,U0848,U0966,BORROW,2026-05-10,2026-05-10,2026-05-12,COMPLETED,2,2850,RETURNED,ON_TIME
A000407,I02804,U0340,U0945,BORROW,2026-05-09,2026-05-09,2026-05-19,COMPLETED,10,850,RETURNED,ON_TIME
A000408,I01198,U0110,U0905,BORROW,2026-06-26,2026-06-25,2026-07-17,CANCELLED,21,1550,CANCELLED,PENDING
A000409,I01008,U0555,U0922,SWAP,2025-11-23,2025-11-23,2025-11-23,COMPLETED,0,350,COMPLETED,NA
A000410,I04881,U0972,U0688,SELL,2026-06-25,2026-06-24,2026-06-25,COMPLETED,0,2050,COMPLETED,NA
A000411,I03591,U0003,U0744,GIVEAWAY,2025-11-12,2025-11-09,2025-11-12,COMPLETED,0,2100,COMPLETED,NA
A000412,I03087,U0204,U0284,SWAP,2025-12-31,2025-12-31,2025-12-31,COMPLETED,0,650,COMPLETED,NA
A000413,I02701,U0205,U0170,GIVEAWAY,2026-03-11,2026-03-07,2026-03-11,COMPLETED,0,1900,COMPLETED,NA
A000414,I01696,U0795,U0099,SELL,2026-02-02,2026-02-01,2026-02-02,COMPLETED,0,650,COMPLETED,NA
A000415,I01920,U0891,U0175,BORROW,2026-04-08,2026-04-04,2026-04-10,COMPLETED,2,900,RETURNED,ON_TIME
A000416,I00386,U0424,U0611,GIVEAWAY,2026-07-26,2026-07-26,2026-07-26,COMPLETED,0,3100,COMPLETED,NA
A000417,I03368,U0208,U0186,GIVEAWAY,2026-03-25,2026-03-23,2026-03-25,COMPLETED,0,1650,COMPLETED,NA
A000418,I02842,U0164,U0908,GIVEAWAY,2026-01-04,2026-01-03,2026-01-04,COMPLETED,0,3250,COMPLETED,NA
A000419,I00777,U0294,U0053,BORROW,2025-12-27,2025-12-25,2025-12-29,COMPLETED,2,1300,RETURNED,ON_TIME
A000420,I00540,U0265,U0219,BORROW,2025-09-04,2025-08-31,2025-09-07,COMPLETED,3,1450,RETURNED,ON_TIME
A000421,I04501,U0792,U0904,BORROW,2026-01-06,2026-01-05,2026-01-13,ACTIVE,7,2300,NOT_RETURNED,PENDING
A000422,I01657,U0059,U0692,SELL,2026-03-19,2026-03-16,2026-03-19,COMPLETED,0,1600,COMPLETED,NA
A000423,I03319,U0544,U0269,GIVEAWAY,2026-05-26,2026-05-26,2026-05-26,COMPLETED,0,350,COMPLETED,NA
A000424,I01389,U0217,U0048,BORROW,2025-11-05,2025-11-03,2025-11-08,OVERDUE,3,1000,NOT_RETURNED,LATE
A000425,I01098,U0878,U0537,BORROW,2026-04-25,2026-04-23,2026-04-28,COMPLETED,3,350,RETURNED,ON_TIME
A000426,I01636,U0826,U0904,GIVEAWAY,2025-12-30,2025-12-29,2025-12-30,COMPLETED,0,650,COMPLETED,NA
A000427,I00151,U0825,U0101,SWAP,2026-02-04,2026-02-03,2026-02-04,COMPLETED,0,1600,COMPLETED,NA
A000428,I00025,U0532,U0398,BORROW,2025-09-07,2025-09-07,2025-09-28,CANCELLED,21,150,CANCELLED,PENDING
A000429,I03109,U0908,U0194,SWAP,2026-07-03,2026-07-02,2026-07-03,COMPLETED,0,1300,COMPLETED,NA
A000430,I00701,U0463,U0299,GIVEAWAY,2026-06-13,2026-06-11,2026-06-13,COMPLETED,0,600,COMPLETED,NA
A000431,I02502,U0187,U0793,SELL,2025-10-24,2025-10-20,2025-10-24,COMPLETED,0,550,COMPLETED,NA
A000432,I04554,U0030,U0363,GIVEAWAY,2026-04-11,2026-04-08,2026-04-11,COMPLETED,0,1700,COMPLETED,NA
A000433,I01070,U0808,U0002,BORROW,2026-01-29,2026-01-28,2026-02-01,ACTIVE,3,550,NOT_RETURNED,PENDING
A000434,I01141,U0455,U0710,BORROW,2026-07-19,2026-07-18,2026-08-02,ACTIVE,14,1800,NOT_RETURNED,PENDING
A000435,I02737,U0713,U0722,BORROW,2026-07-15,2026-07-11,2026-08-05,COMPLETED,21,1150,RETURNED,ON_TIME
A000436,I02079,U0028,U0862,GIVEAWAY,2026-07-18,2026-07-17,2026-07-18,COMPLETED,0,800,COMPLETED,NA
A000437,I00282,U0196,U0314,BORROW,2025-12-20,2025-12-18,2026-01-03,COMPLETED,14,650,RETURNED,ON_TIME
A000438,I00077,U0859,U0976,BORROW,2026-05-15,2026-05-14,2026-05-20,COMPLETED,5,1600,RETURNED,ON_TIME
A000439,I03210,U0264,U0362,BORROW,2025-12-29,2025-12-26,2026-01-01,COMPLETED,3,1650,RETURNED,ON_TIME
A000440,I02007,U0176,U0119,BORROW,2026-02-10,2026-02-10,2026-02-13,COMPLETED,3,1300,RETURNED,ON_TIME
A000441,I02632,U0103,U0406,BORROW,2026-01-31,2026-01-31,2026-02-21,COMPLETED,21,3050,RETURNED,ON_TIME
A000442,I03784,U0795,U0728,BORROW,2026-02-11,2026-02-07,2026-03-04,ACTIVE,21,1850,NOT_RETURNED,PENDING
A000443,I04190,U0877,U0316,SWAP,2025-09-09,2025-09-09,2025-09-09,CANCELLED,0,200,CANCELLED,NA
A000444,I04462,U0522,U0217,GIVEAWAY,2025-12-21,2025-12-17,2025-12-21,COMPLETED,0,750,COMPLETED,NA
A000445,I00223,U0337,U0371,SELL,2025-10-18,2025-10-17,2025-10-18,COMPLETED,0,650,COMPLETED,NA
A000446,I00794,U0444,U0982,BORROW,2025-09-24,2025-09-22,2025-09-27,COMPLETED,3,500,RETURNED,ON_TIME
A000447,I04886,U0987,U0804,GIVEAWAY,2026-02-02,2026-02-01,2026-02-02,COMPLETED,0,2950,COMPLETED,NA
A000448,I04434,U0827,U0055,GIVEAWAY,2026-01-20,2026-01-20,2026-01-20,COMPLETED,0,1100,COMPLETED,NA
A000449,I02378,U0631,U0135,BORROW,2026-03-09,2026-03-09,2026-03-16,CANCELLED,7,3150,CANCELLED,PENDING
A000450,I03976,U0873,U0011,BORROW,2025-11-07,2025-11-07,2025-11-28,ACTIVE,21,300,NOT_RETURNED,PENDING
A000451,I00343,U0698,U0255,BORROW,2026-03-13,2026-03-10,2026-03-27,COMPLETED,14,400,RETURNED,ON_TIME
A000452,I01305,U0780,U0922,SWAP,2026-06-09,2026-06-06,2026-06-09,COMPLETED,0,1050,COMPLETED,NA
A000453,I03104,U0782,U0796,SWAP,2025-10-13,2025-10-13,2025-10-13,COMPLETED,0,800,COMPLETED,NA
A000454,I03782,U0246,U0291,BORROW,2026-07-21,2026-07-19,2026-08-04,COMPLETED,14,6600,RETURNED,ON_TIME
A000455,I01304,U0524,U0800,GIVEAWAY,2025-12-04,2025-12-03,2025-12-04,COMPLETED,0,300,COMPLETED,NA
A000456,I02935,U0227,U0182,BORROW,2026-06-05,2026-06-01,2026-06-08,COMPLETED,3,100,RETURNED,ON_TIME
A000457,I03701,U0639,U0084,BORROW,2026-05-07,2026-05-07,2026-05-09,COMPLETED,2,600,RETURNED,ON_TIME
A000458,I01610,U0612,U0357,BORROW,2026-01-08,2026-01-05,2026-01-15,ACTIVE,7,250,NOT_RETURNED,PENDING
A000459,I01457,U0093,U0382,BORROW,2025-11-26,2025-11-23,2025-12-17,OVERDUE,21,1300,NOT_RETURNED,LATE
A000460,I02230,U0568,U0815,BORROW,2026-05-21,2026-05-18,2026-06-04,ACTIVE,14,500,NOT_RETURNED,PENDING
A000461,I02598,U0154,U0894,SELL,2025-11-13,2025-11-10,2025-11-13,COMPLETED,0,250,COMPLETED,NA
A000462,I04569,U0734,U0989,GIVEAWAY,2026-05-23,2026-05-23,2026-05-23,COMPLETED,0,1750,COMPLETED,NA
A000463,I00078,U0587,U0663,BORROW,2026-03-06,2026-03-05,2026-03-11,COMPLETED,5,300,RETURNED,LATE
A000464,I01497,U0949,U0226,BORROW,2025-11-08,2025-11-08,2025-11-29,COMPLETED,21,1700,RETURNED,ON_TIME
A000465,I00846,U0381,U0629,BORROW,2026-03-21,2026-03-20,2026-03-26,COMPLETED,5,1850,RETURNED,ON_TIME
A000466,I01067,U0555,U0791,BORROW,2026-06-11,2026-06-10,2026-06-14,OVERDUE,3,750,NOT_RETURNED,LATE
A000467,I00261,U0144,U0168,SELL,2025-12-11,2025-12-07,2025-12-11,COMPLETED,0,500,COMPLETED,NA
A000468,I00204,U0561,U0143,BORROW,2026-01-27,2026-01-25,2026-02-06,CANCELLED,10,1850,CANCELLED,PENDING
A000469,I03970,U0568,U0503,BORROW,2025-12-08,2025-12-07,2025-12-11,OVERDUE,3,1150,NOT_RETURNED,LATE
A000470,I01669,U0617,U0069,BORROW,2026-05-03,2026-04-30,2026-05-13,COMPLETED,10,800,RETURNED,ON_TIME
A000471,I02217,U0626,U0145,GIVEAWAY,2026-06-21,2026-06-19,2026-06-21,COMPLETED,0,400,COMPLETED,NA
A000472,I01631,U0905,U0965,GIVEAWAY,2026-07-22,2026-07-22,2026-07-22,COMPLETED,0,500,COMPLETED,NA
A000473,I01578,U0818,U0827,BORROW,2026-07-23,2026-07-19,2026-07-30,COMPLETED,7,300,RETURNED,ON_TIME
A000474,I01199,U0692,U0918,SWAP,2025-10-16,2025-10-12,2025-10-16,COMPLETED,0,4350,COMPLETED,NA
A000475,I00715,U0232,U0115,BORROW,2025-09-15,2025-09-14,2025-09-18,COMPLETED,3,150,RETURNED,ON_TIME
A000476,I01000,U0185,U0452,SWAP,2026-03-30,2026-03-26,2026-03-30,COMPLETED,0,550,COMPLETED,NA
A000477,I04618,U0093,U0954,SELL,2026-02-20,2026-02-19,2026-02-20,COMPLETED,0,850,COMPLETED,NA
A000478,I04394,U0888,U0408,SWAP,2026-01-08,2026-01-04,2026-01-08,COMPLETED,0,400,COMPLETED,NA
A000479,I00081,U0208,U0821,GIVEAWAY,2026-07-19,2026-07-17,2026-07-19,COMPLETED,0,650,COMPLETED,NA
A000480,I02463,U0779,U0053,SWAP,2026-03-23,2026-03-20,2026-03-23,COMPLETED,0,2400,COMPLETED,NA
A000481,I00132,U0562,U0874,SWAP,2026-07-10,2026-07-06,2026-07-10,COMPLETED,0,450,COMPLETED,NA
A000482,I01632,U0765,U0136,SWAP,2026-06-19,2026-06-15,2026-06-19,CANCELLED,0,400,CANCELLED,NA
A000483,I02753,U0149,U0078,BORROW,2026-02-24,2026-02-24,2026-03-01,COMPLETED,5,500,RETURNED,ON_TIME
A000484,I04970,U0660,U0730,GIVEAWAY,2026-03-18,2026-03-15,2026-03-18,COMPLETED,0,550,COMPLETED,NA
A000485,I02936,U0734,U0744,BORROW,2025-09-23,2025-09-20,2025-09-28,COMPLETED,5,2450,RETURNED,ON_TIME
A000486,I01220,U0197,U0944,BORROW,2026-05-22,2026-05-20,2026-05-29,OVERDUE,7,800,NOT_RETURNED,LATE
A000487,I03767,U0314,U0704,SELL,2025-12-15,2025-12-15,2025-12-15,COMPLETED,0,1200,COMPLETED,NA
A000488,I01553,U0137,U0480,BORROW,2026-07-07,2026-07-07,2026-07-14,COMPLETED,7,600,RETURNED,ON_TIME
A000489,I04648,U0796,U0661,SELL,2025-12-22,2025-12-18,2025-12-22,COMPLETED,0,1800,COMPLETED,NA
A000490,I04768,U0674,U0288,SWAP,2026-02-17,2026-02-15,2026-02-17,COMPLETED,0,1250,COMPLETED,NA
A000491,I03347,U0076,U0074,BORROW,2025-10-06,2025-10-03,2025-10-16,COMPLETED,10,1100,RETURNED,ON_TIME
A000492,I00696,U0359,U0902,SWAP,2025-12-03,2025-12-02,2025-12-03,COMPLETED,0,2150,COMPLETED,NA
A000493,I03118,U0701,U0182,SELL,2026-01-06,2026-01-04,2026-01-06,COMPLETED,0,400,COMPLETED,NA
A000494,I02993,U0766,U0218,BORROW,2026-07-20,2026-07-16,2026-08-03,COMPLETED,14,500,RETURNED,ON_TIME
A000495,I02930,U0704,U0938,SWAP,2025-10-23,2025-10-19,2025-10-23,COMPLETED,0,200,COMPLETED,NA
A000496,I04102,U0360,U0897,BORROW,2026-05-13,2026-05-10,2026-05-20,COMPLETED,7,3150,RETURNED,LATE
A000497,I03771,U0038,U0965,BORROW,2026-06-18,2026-06-17,2026-06-28,COMPLETED,10,1850,RETURNED,ON_TIME
A000498,I04735,U0077,U0896,BORROW,2025-10-09,2025-10-08,2025-10-14,COMPLETED,5,200,RETURNED,ON_TIME
A000499,I02806,U0881,U0874,BORROW,2026-05-18,2026-05-16,2026-06-08,COMPLETED,21,650,RETURNED,ON_TIME
A000500,I03858,U0402,U0892,BORROW,2026-03-21,2026-03-19,2026-03-26,ACTIVE,5,500,NOT_RETURNED,PENDING
A000501,I00458,U0598,U0163,SWAP,2026-04-28,2026-04-28,2026-04-28,COMPLETED,0,1850,COMPLETED,NA
A000502,I03947,U0026,U0626,SELL,2025-12-22,2025-12-20,2025-12-22,COMPLETED,0,600,COMPLETED,NA
A000503,I03878,U0235,U0312,SWAP,2025-11-18,2025-11-18,2025-11-18,COMPLETED,0,3050,COMPLETED,NA
A000504,I04886,U0922,U0804,SWAP,2026-01-02,2026-01-01,2026-01-02,COMPLETED,0,2950,COMPLETED,NA
A000505,I02799,U0599,U0814,BORROW,2026-01-16,2026-01-15,2026-01-26,CANCELLED,10,600,CANCELLED,PENDING
A000506,I00735,U0579,U0044,SWAP,2026-06-14,2026-06-14,2026-06-14,COMPLETED,0,650,COMPLETED,NA
A000507,I04621,U0685,U0244,SELL,2026-05-23,2026-05-22,2026-05-23,COMPLETED,0,1200,COMPLETED,NA
A000508,I01573,U0162,U0791,GIVEAWAY,2026-04-07,2026-04-07,2026-04-07,COMPLETED,0,1150,COMPLETED,NA
A000509,I00708,U0847,U0028,GIVEAWAY,2026-03-29,2026-03-25,2026-03-29,COMPLETED,0,450,COMPLETED,NA
A000510,I03363,U0586,U0948,SELL,2025-12-30,2025-12-27,2025-12-30,COMPLETED,0,1200,COMPLETED,NA
A000511,I02558,U0248,U0765,BORROW,2026-02-28,2026-02-24,2026-03-03,COMPLETED,3,2550,RETURNED,ON_TIME
A000512,I02284,U0330,U0671,GIVEAWAY,2025-10-29,2025-10-25,2025-10-29,COMPLETED,0,750,COMPLETED,NA
A000513,I04950,U0902,U0473,BORROW,2026-04-24,2026-04-20,2026-05-15,ACTIVE,21,1350,NOT_RETURNED,PENDING
A000514,I02491,U0081,U0333,BORROW,2026-03-24,2026-03-22,2026-04-03,ACTIVE,10,1500,NOT_RETURNED,PENDING
A000515,I00056,U0273,U0372,SELL,2026-03-18,2026-03-18,2026-03-18,COMPLETED,0,2850,COMPLETED,NA
A000516,I03814,U0016,U0263,BORROW,2026-06-28,2026-06-26,2026-07-03,COMPLETED,5,1850,RETURNED,ON_TIME
A000517,I00387,U0078,U0510,GIVEAWAY,2025-09-12,2025-09-08,2025-09-12,COMPLETED,0,1100,COMPLETED,NA
A000518,I00519,U0176,U0118,SELL,2026-05-06,2026-05-02,2026-05-06,COMPLETED,0,1500,COMPLETED,NA
A000519,I01043,U0455,U0064,BORROW,2026-07-19,2026-07-15,2026-07-26,COMPLETED,7,600,RETURNED,ON_TIME
A000520,I03105,U0909,U0678,GIVEAWAY,2025-10-03,2025-10-01,2025-10-03,COMPLETED,0,1250,COMPLETED,NA
A000521,I01300,U0659,U0949,BORROW,2026-06-04,2026-06-01,2026-06-25,ACTIVE,21,1250,NOT_RETURNED,PENDING
A000522,I04762,U0337,U0785,SWAP,2025-12-29,2025-12-26,2025-12-29,COMPLETED,0,1050,COMPLETED,NA
A000523,I03364,U0612,U0746,BORROW,2026-03-15,2026-03-12,2026-03-22,COMPLETED,7,750,RETURNED,ON_TIME
A000524,I03987,U0361,U0072,GIVEAWAY,2026-05-06,2026-05-03,2026-05-06,CANCELLED,0,1600,CANCELLED,NA
A000525,I04453,U0101,U0377,BORROW,2025-09-11,2025-09-09,2025-09-18,COMPLETED,7,1000,RETURNED,ON_TIME
A000526,I04937,U0284,U0798,BORROW,2026-03-14,2026-03-13,2026-03-24,COMPLETED,10,1400,RETURNED,LATE
A000527,I01847,U0695,U0748,BORROW,2025-12-02,2025-11-28,2025-12-09,COMPLETED,7,1750,RETURNED,ON_TIME
A000528,I00513,U0576,U0045,SWAP,2025-12-07,2025-12-07,2025-12-07,COMPLETED,0,1100,COMPLETED,NA
A000529,I04296,U0287,U0100,SWAP,2025-09-22,2025-09-22,2025-09-22,COMPLETED,0,850,COMPLETED,NA
A000530,I03007,U0258,U0933,GIVEAWAY,2026-05-30,2026-05-29,2026-05-30,COMPLETED,0,2150,COMPLETED,NA
A000531,I01425,U0289,U0660,BORROW,2026-07-05,2026-07-04,2026-07-12,COMPLETED,7,600,RETURNED,ON_TIME
A000532,I04948,U0809,U0388,GIVEAWAY,2025-12-29,2025-12-28,2025-12-29,COMPLETED,0,450,COMPLETED,NA
A000533,I02023,U0015,U0294,BORROW,2025-10-14,2025-10-12,2025-10-24,OVERDUE,10,1000,NOT_RETURNED,LATE
A000534,I04710,U0504,U0455,BORROW,2026-07-05,2026-07-01,2026-07-26,ACTIVE,21,700,NOT_RETURNED,PENDING
A000535,I03293,U0500,U0931,BORROW,2026-03-05,2026-03-02,2026-03-08,COMPLETED,3,400,RETURNED,ON_TIME
A000536,I03557,U0259,U0388,BORROW,2025-10-04,2025-10-01,2025-10-14,COMPLETED,10,1150,RETURNED,ON_TIME
A000537,I00885,U0191,U0040,GIVEAWAY,2026-07-27,2026-07-23,2026-07-27,COMPLETED,0,650,COMPLETED,NA
A000538,I00616,U0699,U0643,BORROW,2025-09-02,2025-08-30,2025-09-07,COMPLETED,5,800,RETURNED,ON_TIME
A000539,I04695,U0579,U0326,BORROW,2026-07-01,2026-06-28,2026-07-08,COMPLETED,7,600,RETURNED,ON_TIME
A000540,I03497,U0399,U0541,GIVEAWAY,2025-09-24,2025-09-22,2025-09-24,COMPLETED,0,1300,COMPLETED,NA
A000541,I01585,U0477,U0031,BORROW,2025-11-16,2025-11-12,2025-11-23,OVERDUE,7,150,NOT_RETURNED,LATE
A000542,I00789,U0541,U0957,SWAP,2026-04-25,2026-04-25,2026-04-25,COMPLETED,0,1950,COMPLETED,NA
A000543,I02219,U0039,U0240,BORROW,2026-07-14,2026-07-10,2026-07-28,COMPLETED,14,5850,RETURNED,ON_TIME
A000544,I03435,U0702,U0746,SELL,2026-06-09,2026-06-06,2026-06-09,COMPLETED,0,1700,COMPLETED,NA
A000545,I02997,U0509,U0354,BORROW,2026-04-13,2026-04-12,2026-04-20,COMPLETED,7,1750,RETURNED,ON_TIME
A000546,I04843,U0110,U0470,SELL,2025-11-22,2025-11-20,2025-11-22,CANCELLED,0,450,CANCELLED,NA
A000547,I04576,U0302,U0284,BORROW,2026-06-21,2026-06-19,2026-06-28,COMPLETED,7,150,RETURNED,ON_TIME
A000548,I03354,U0245,U0602,BORROW,2025-11-04,2025-11-01,2025-11-25,COMPLETED,21,2850,RETURNED,ON_TIME
A000549,I03779,U0837,U0415,BORROW,2026-04-25,2026-04-22,2026-05-02,COMPLETED,7,4050,RETURNED,ON_TIME
A000550,I04504,U0309,U0653,BORROW,2025-11-27,2025-11-24,2025-12-04,COMPLETED,7,500,RETURNED,ON_TIME
A000551,I04660,U0139,U0746,GIVEAWAY,2026-06-12,2026-06-08,2026-06-12,COMPLETED,0,1200,COMPLETED,NA
A000552,I04072,U0007,U0421,BORROW,2025-12-31,2025-12-30,2026-01-14,OVERDUE,14,3200,NOT_RETURNED,LATE
A000553,I02951,U0674,U0706,SWAP,2025-12-23,2025-12-23,2025-12-23,COMPLETED,0,300,COMPLETED,NA
A000554,I04453,U0409,U0377,GIVEAWAY,2026-05-20,2026-05-18,2026-05-20,COMPLETED,0,1000,COMPLETED,NA
A000555,I01934,U0829,U0808,BORROW,2025-10-22,2025-10-18,2025-10-24,COMPLETED,2,550,RETURNED,ON_TIME
A000556,I03125,U0309,U0915,BORROW,2025-12-19,2025-12-15,2026-01-09,COMPLETED,21,1750,RETURNED,ON_TIME
A000557,I01947,U0331,U0207,SWAP,2025-09-06,2025-09-06,2025-09-06,COMPLETED,0,1450,COMPLETED,NA
A000558,I04075,U0514,U0884,SELL,2025-12-30,2025-12-26,2025-12-30,COMPLETED,0,150,COMPLETED,NA
A000559,I03403,U0845,U0117,BORROW,2026-05-10,2026-05-06,2026-05-15,ACTIVE,5,1800,NOT_RETURNED,PENDING
A000560,I00696,U0674,U0902,SELL,2026-02-28,2026-02-27,2026-02-28,COMPLETED,0,2150,COMPLETED,NA
A000561,I00472,U0660,U0580,SELL,2026-01-05,2026-01-02,2026-01-05,COMPLETED,0,1800,COMPLETED,NA
A000562,I02530,U0855,U0596,SELL,2025-09-20,2025-09-20,2025-09-20,COMPLETED,0,1100,COMPLETED,NA
A000563,I02236,U0591,U0640,BORROW,2026-06-10,2026-06-06,2026-06-24,COMPLETED,14,500,RETURNED,ON_TIME
A000564,I00246,U0196,U0641,SELL,2025-12-05,2025-12-04,2025-12-05,COMPLETED,0,1050,COMPLETED,NA
A000565,I02246,U0210,U0394,BORROW,2026-06-12,2026-06-12,2026-06-17,COMPLETED,5,1500,RETURNED,ON_TIME
A000566,I02016,U0050,U0951,BORROW,2025-11-18,2025-11-17,2025-11-25,COMPLETED,7,1950,RETURNED,ON_TIME
A000567,I01825,U0678,U0354,BORROW,2026-02-09,2026-02-07,2026-02-16,COMPLETED,7,200,RETURNED,ON_TIME
A000568,I01301,U0618,U0102,BORROW,2025-11-30,2025-11-28,2025-12-03,OVERDUE,3,900,NOT_RETURNED,LATE
A000569,I02800,U0009,U0878,BORROW,2025-10-12,2025-10-09,2025-10-22,COMPLETED,10,1350,RETURNED,ON_TIME
A000570,I04487,U0821,U0745,BORROW,2026-05-23,2026-05-21,2026-05-28,COMPLETED,5,1700,RETURNED,ON_TIME
A000571,I03069,U0217,U0358,BORROW,2025-09-07,2025-09-03,2025-09-14,COMPLETED,7,1500,RETURNED,ON_TIME
A000572,I04188,U0965,U0764,GIVEAWAY,2025-09-01,2025-08-28,2025-09-01,COMPLETED,0,400,COMPLETED,NA
A000573,I02266,U0608,U0274,BORROW,2025-09-09,2025-09-09,2025-09-19,COMPLETED,10,300,RETURNED,ON_TIME
A000574,I00138,U0776,U0627,SELL,2025-12-13,2025-12-09,2025-12-13,COMPLETED,0,150,COMPLETED,NA
A000575,I00739,U0889,U0483,SWAP,2025-11-02,2025-11-01,2025-11-02,COMPLETED,0,1050,COMPLETED,NA
A000576,I02433,U0888,U0334,BORROW,2026-07-24,2026-07-20,2026-08-14,COMPLETED,21,950,RETURNED,ON_TIME
A000577,I01021,U0998,U0361,BORROW,2026-07-10,2026-07-10,2026-07-17,COMPLETED,7,2150,RETURNED,ON_TIME
A000578,I02254,U0438,U0647,BORROW,2025-09-18,2025-09-15,2025-09-20,CANCELLED,2,1000,CANCELLED,PENDING
A000579,I01331,U0727,U0553,SWAP,2026-05-10,2026-05-10,2026-05-10,COMPLETED,0,550,COMPLETED,NA
A000580,I01543,U0660,U0090,BORROW,2025-10-04,2025-10-04,2025-10-11,COMPLETED,7,2350,RETURNED,ON_TIME
A000581,I00527,U0503,U0838,GIVEAWAY,2025-09-16,2025-09-15,2025-09-16,COMPLETED,0,550,COMPLETED,NA
A000582,I00716,U0432,U0831,BORROW,2026-05-05,2026-05-04,2026-05-15,COMPLETED,10,2250,RETURNED,ON_TIME
A000583,I00891,U0838,U0366,SWAP,2025-12-03,2025-12-02,2025-12-03,COMPLETED,0,1950,COMPLETED,NA
A000584,I01761,U0944,U0903,BORROW,2026-02-04,2026-02-04,2026-02-09,COMPLETED,5,1750,RETURNED,LATE
A000585,I04137,U0567,U0256,SWAP,2025-12-26,2025-12-23,2025-12-26,COMPLETED,0,700,COMPLETED,NA
A000586,I00066,U0070,U0680,SELL,2026-03-12,2026-03-11,2026-03-12,COMPLETED,0,1850,COMPLETED,NA
A000587,I00733,U0945,U0970,SWAP,2025-11-17,2025-11-15,2025-11-17,COMPLETED,0,2450,COMPLETED,NA
A000588,I04949,U0782,U0074,GIVEAWAY,2025-09-13,2025-09-11,2025-09-13,COMPLETED,0,3300,COMPLETED,NA
A000589,I04103,U0614,U0368,SWAP,2026-04-25,2026-04-22,2026-04-25,COMPLETED,0,300,COMPLETED,NA
A000590,I00090,U0668,U0784,BORROW,2026-03-08,2026-03-06,2026-03-13,COMPLETED,5,450,RETURNED,ON_TIME
A000591,I02088,U0448,U0256,SELL,2026-06-03,2026-05-30,2026-06-03,COMPLETED,0,500,COMPLETED,NA
A000592,I04508,U0882,U0137,BORROW,2026-06-05,2026-06-04,2026-06-26,COMPLETED,21,1250,RETURNED,ON_TIME
A000593,I04073,U0824,U0141,BORROW,2026-04-05,2026-04-03,2026-04-26,COMPLETED,21,250,RETURNED,LATE
A000594,I04049,U0091,U0819,BORROW,2026-05-07,2026-05-07,2026-05-12,COMPLETED,5,4850,RETURNED,ON_TIME
A000595,I00785,U0401,U0697,GIVEAWAY,2025-12-13,2025-12-09,2025-12-13,COMPLETED,0,2150,COMPLETED,NA
A000596,I01101,U0586,U0704,BORROW,2025-11-11,2025-11-08,2025-11-16,COMPLETED,5,1650,RETURNED,ON_TIME
A000597,I02020,U0824,U0214,SWAP,2026-06-23,2026-06-19,2026-06-23,COMPLETED,0,500,COMPLETED,NA
A000598,I01671,U0735,U0311,SWAP,2026-01-04,2026-01-03,2026-01-04,COMPLETED,0,2050,COMPLETED,NA
A000599,I04845,U0095,U0868,BORROW,2026-02-05,2026-02-04,2026-02-10,CANCELLED,5,1550,CANCELLED,PENDING
A000600,I03475,U0129,U0414,SWAP,2025-09-01,2025-08-28,2025-09-01,COMPLETED,0,200,COMPLETED,NA
A000601,I00570,U0811,U0829,BORROW,2026-04-17,2026-04-13,2026-04-27,COMPLETED,10,1150,RETURNED,ON_TIME
A000602,I02131,U0839,U0973,BORROW,2026-04-07,2026-04-03,2026-04-09,COMPLETED,2,1300,RETURNED,LATE
A000603,I03194,U0269,U0591,BORROW,2025-09-22,2025-09-18,2025-10-13,COMPLETED,21,1000,RETURNED,ON_TIME
A000604,I03470,U0332,U0896,GIVEAWAY,2026-04-28,2026-04-28,2026-04-28,COMPLETED,0,650,COMPLETED,NA
A000605,I03741,U0031,U0589,GIVEAWAY,2025-09-22,2025-09-22,2025-09-22,COMPLETED,0,700,COMPLETED,NA
A000606,I01428,U0791,U0067,BORROW,2026-05-20,2026-05-20,2026-06-10,COMPLETED,21,350,RETURNED,LATE
A000607,I00845,U0236,U0003,SELL,2026-03-28,2026-03-25,2026-03-28,COMPLETED,0,900,COMPLETED,NA
A000608,I04707,U0311,U0379,GIVEAWAY,2026-06-13,2026-06-11,2026-06-13,COMPLETED,0,1300,COMPLETED,NA
A000609,I03076,U0820,U0659,BORROW,2026-05-17,2026-05-15,2026-05-22,ACTIVE,5,400,NOT_RETURNED,PENDING
A000610,I02628,U0055,U0391,BORROW,2026-07-23,2026-07-23,2026-08-02,COMPLETED,10,100,RETURNED,ON_TIME
A000611,I02988,U0080,U0706,SELL,2026-07-26,2026-07-24,2026-07-26,COMPLETED,0,200,COMPLETED,NA
A000612,I02371,U0381,U0936,BORROW,2026-04-20,2026-04-20,2026-04-23,COMPLETED,3,1650,RETURNED,ON_TIME
A000613,I04024,U0541,U0804,GIVEAWAY,2026-01-25,2026-01-24,2026-01-25,CANCELLED,0,2350,CANCELLED,NA
A000614,I04838,U0894,U0191,SWAP,2026-01-05,2026-01-03,2026-01-05,COMPLETED,0,2350,COMPLETED,NA
A000615,I04435,U0823,U0059,SWAP,2025-10-30,2025-10-30,2025-10-30,COMPLETED,0,100,COMPLETED,NA
A000616,I01595,U0381,U0444,BORROW,2026-07-25,2026-07-23,2026-07-30,COMPLETED,5,650,RETURNED,ON_TIME
A000617,I02990,U0791,U0072,BORROW,2026-01-13,2026-01-11,2026-01-15,COMPLETED,2,400,RETURNED,ON_TIME
A000618,I01378,U0224,U0942,BORROW,2026-05-31,2026-05-27,2026-06-03,COMPLETED,3,1500,RETURNED,ON_TIME
A000619,I02375,U0673,U0064,SWAP,2026-06-03,2026-05-30,2026-06-03,COMPLETED,0,1350,COMPLETED,NA
A000620,I01045,U0277,U0298,BORROW,2026-07-07,2026-07-03,2026-07-09,COMPLETED,2,150,RETURNED,LATE
A000621,I04474,U0866,U0289,BORROW,2025-12-05,2025-12-04,2025-12-15,COMPLETED,10,1200,RETURNED,ON_TIME
A000622,I02665,U0472,U0546,BORROW,2026-04-27,2026-04-26,2026-05-02,COMPLETED,5,100,RETURNED,ON_TIME
A000623,I00012,U0160,U0514,BORROW,2026-04-26,2026-04-22,2026-04-28,ACTIVE,2,1050,NOT_RETURNED,PENDING
A000624,I03214,U0968,U0169,SWAP,2026-03-06,2026-03-04,2026-03-06,COMPLETED,0,900,COMPLETED,NA
A000625,I01765,U0007,U0885,BORROW,2025-11-12,2025-11-08,2025-11-14,COMPLETED,2,150,RETURNED,ON_TIME
A000626,I00293,U0855,U0916,SELL,2026-01-23,2026-01-19,2026-01-23,COMPLETED,0,350,COMPLETED,NA
A000627,I02949,U0046,U0755,BORROW,2026-01-23,2026-01-21,2026-01-28,COMPLETED,5,1000,RETURNED,ON_TIME
A000628,I04920,U0081,U0335,SWAP,2025-12-07,2025-12-03,2025-12-07,COMPLETED,0,1350,COMPLETED,NA
A000629,I01993,U0208,U0560,BORROW,2025-12-26,2025-12-24,2025-12-31,COMPLETED,5,1150,RETURNED,ON_TIME
A000630,I00477,U0432,U0190,BORROW,2026-04-01,2026-03-29,2026-04-03,COMPLETED,2,1000,RETURNED,ON_TIME
A000631,I00115,U0126,U0300,SWAP,2025-09-15,2025-09-13,2025-09-15,COMPLETED,0,100,COMPLETED,NA
A000632,I01875,U0167,U0243,GIVEAWAY,2026-06-01,2026-05-29,2026-06-01,COMPLETED,0,900,COMPLETED,NA
A000633,I03262,U0180,U0764,BORROW,2025-09-09,2025-09-05,2025-09-23,OVERDUE,14,2750,NOT_RETURNED,LATE
A000634,I02364,U0330,U0869,SELL,2025-10-06,2025-10-05,2025-10-06,COMPLETED,0,1400,COMPLETED,NA
A000635,I04542,U0472,U0251,SWAP,2025-10-31,2025-10-31,2025-10-31,COMPLETED,0,1100,COMPLETED,NA
A000636,I02073,U0308,U0123,SELL,2026-04-30,2026-04-26,2026-04-30,COMPLETED,0,1750,COMPLETED,NA
A000637,I04812,U0932,U0432,SWAP,2026-02-27,2026-02-27,2026-02-27,COMPLETED,0,450,COMPLETED,NA
A000638,I04027,U0863,U0973,GIVEAWAY,2026-06-04,2026-06-02,2026-06-04,COMPLETED,0,950,COMPLETED,NA
A000639,I04973,U0534,U0708,GIVEAWAY,2025-12-31,2025-12-27,2025-12-31,COMPLETED,0,150,COMPLETED,NA
A000640,I03142,U0763,U0875,BORROW,2026-02-07,2026-02-04,2026-02-09,ACTIVE,2,1900,NOT_RETURNED,PENDING
A000641,I00743,U0293,U0226,SELL,2025-09-03,2025-09-03,2025-09-03,COMPLETED,0,650,COMPLETED,NA
A000642,I04140,U0172,U0516,BORROW,2025-12-12,2025-12-10,2025-12-17,COMPLETED,5,850,RETURNED,ON_TIME
A000643,I04329,U0787,U0065,BORROW,2025-09-22,2025-09-21,2025-10-13,COMPLETED,21,1450,RETURNED,ON_TIME
A000644,I02884,U0484,U0468,SELL,2025-09-13,2025-09-11,2025-09-13,CANCELLED,0,1800,CANCELLED,NA
A000645,I00377,U0123,U0077,BORROW,2025-10-25,2025-10-21,2025-11-08,COMPLETED,14,1450,RETURNED,ON_TIME
A000646,I00366,U0683,U0308,SWAP,2025-12-03,2025-12-01,2025-12-03,COMPLETED,0,2050,COMPLETED,NA
A000647,I04522,U0291,U0949,BORROW,2026-06-29,2026-06-26,2026-07-06,COMPLETED,7,700,RETURNED,ON_TIME
A000648,I01070,U0766,U0002,GIVEAWAY,2025-12-28,2025-12-28,2025-12-28,COMPLETED,0,550,COMPLETED,NA
A000649,I00953,U0457,U0720,BORROW,2026-04-21,2026-04-20,2026-05-05,OVERDUE,14,300,NOT_RETURNED,LATE
A000650,I00235,U0709,U0419,SWAP,2025-09-29,2025-09-26,2025-09-29,COMPLETED,0,150,COMPLETED,NA
A000651,I03905,U0516,U0022,BORROW,2025-10-26,2025-10-25,2025-10-31,COMPLETED,5,750,RETURNED,ON_TIME
A000652,I02071,U0435,U0325,SELL,2026-07-04,2026-07-01,2026-07-04,COMPLETED,0,2950,COMPLETED,NA
A000653,I00872,U0488,U0598,BORROW,2025-09-10,2025-09-07,2025-09-17,ACTIVE,7,2750,NOT_RETURNED,PENDING
A000654,I00454,U0675,U0028,SELL,2025-09-23,2025-09-21,2025-09-23,COMPLETED,0,1350,COMPLETED,NA
A000655,I00109,U0892,U0036,SWAP,2025-09-15,2025-09-11,2025-09-15,CANCELLED,0,950,CANCELLED,NA
A000656,I03021,U0692,U0738,BORROW,2026-07-05,2026-07-01,2026-07-08,ACTIVE,3,1650,NOT_RETURNED,PENDING
A000657,I00887,U0419,U0138,BORROW,2026-02-07,2026-02-03,2026-02-09,COMPLETED,2,1300,RETURNED,ON_TIME
A000658,I02773,U0556,U0651,BORROW,2026-01-03,2025-12-30,2026-01-24,COMPLETED,21,850,RETURNED,ON_TIME
A000659,I02298,U0723,U0570,SWAP,2026-01-08,2026-01-05,2026-01-08,COMPLETED,0,250,COMPLETED,NA
A000660,I00675,U0784,U0339,BORROW,2026-06-13,2026-06-13,2026-06-18,COMPLETED,5,1750,RETURNED,ON_TIME
A000661,I00663,U0176,U0756,BORROW,2026-04-17,2026-04-16,2026-04-27,COMPLETED,10,1850,RETURNED,ON_TIME
A000662,I04503,U0985,U0658,BORROW,2026-01-26,2026-01-26,2026-02-02,COMPLETED,7,1600,RETURNED,ON_TIME
A000663,I02858,U0234,U0982,SWAP,2026-02-04,2026-02-03,2026-02-04,COMPLETED,0,2600,COMPLETED,NA
A000664,I00564,U0257,U0349,SELL,2025-09-30,2025-09-26,2025-09-30,COMPLETED,0,1050,COMPLETED,NA
A000665,I04349,U0248,U0576,BORROW,2025-10-25,2025-10-24,2025-10-28,ACTIVE,3,4100,NOT_RETURNED,PENDING
A000666,I03489,U0231,U0468,SELL,2025-12-09,2025-12-05,2025-12-09,COMPLETED,0,1750,COMPLETED,NA
A000667,I00902,U0438,U0210,GIVEAWAY,2025-09-02,2025-08-29,2025-09-02,COMPLETED,0,4350,COMPLETED,NA
A000668,I04104,U0368,U0919,BORROW,2026-02-22,2026-02-19,2026-02-27,COMPLETED,5,2550,RETURNED,ON_TIME
A000669,I02910,U0909,U0993,BORROW,2026-06-01,2026-05-31,2026-06-22,COMPLETED,21,1250,RETURNED,ON_TIME
A000670,I03430,U0536,U0819,BORROW,2025-10-25,2025-10-25,2025-10-28,COMPLETED,3,350,RETURNED,ON_TIME
A000671,I02631,U0551,U0400,BORROW,2026-06-25,2026-06-24,2026-06-28,OVERDUE,3,1000,NOT_RETURNED,LATE
A000672,I03035,U0466,U0242,BORROW,2026-06-04,2026-06-02,2026-06-25,COMPLETED,21,700,RETURNED,ON_TIME
A000673,I00248,U0563,U0845,SWAP,2026-03-30,2026-03-26,2026-03-30,COMPLETED,0,3050,COMPLETED,NA
A000674,I03736,U0461,U0394,GIVEAWAY,2025-09-21,2025-09-19,2025-09-21,COMPLETED,0,150,COMPLETED,NA
A000675,I04670,U0680,U0737,BORROW,2026-05-13,2026-05-12,2026-05-27,COMPLETED,14,600,RETURNED,ON_TIME
A000676,I01131,U0837,U0692,SWAP,2025-10-02,2025-10-02,2025-10-02,COMPLETED,0,1400,COMPLETED,NA
A000677,I00772,U0202,U0593,SELL,2025-10-07,2025-10-07,2025-10-07,COMPLETED,0,2750,COMPLETED,NA
A000678,I01590,U0323,U0146,GIVEAWAY,2026-07-07,2026-07-03,2026-07-07,COMPLETED,0,1050,COMPLETED,NA
A000679,I03874,U0139,U0231,BORROW,2025-10-22,2025-10-19,2025-11-01,COMPLETED,10,2150,RETURNED,ON_TIME
A000680,I01458,U0529,U0195,BORROW,2026-02-08,2026-02-08,2026-02-11,COMPLETED,3,600,RETURNED,ON_TIME
A000681,I03797,U0935,U0608,SWAP,2025-12-01,2025-11-28,2025-12-01,COMPLETED,0,1750,COMPLETED,NA
A000682,I04689,U0544,U0695,BORROW,2026-07-28,2026-07-27,2026-08-07,OVERDUE,10,800,NOT_RETURNED,LATE
A000683,I00123,U0834,U0959,BORROW,2025-09-01,2025-08-31,2025-09-15,COMPLETED,14,600,RETURNED,ON_TIME
A000684,I04319,U0466,U0780,BORROW,2025-10-08,2025-10-05,2025-10-18,COMPLETED,10,4800,RETURNED,ON_TIME
A000685,I03129,U0844,U0179,GIVEAWAY,2026-05-21,2026-05-17,2026-05-21,COMPLETED,0,650,COMPLETED,NA
A000686,I04689,U0334,U0695,SWAP,2025-12-26,2025-12-23,2025-12-26,COMPLETED,0,800,COMPLETED,NA
A000687,I02414,U0394,U0246,BORROW,2026-05-02,2026-04-28,2026-05-16,COMPLETED,14,500,RETURNED,ON_TIME
A000688,I03092,U0990,U0188,SELL,2025-11-18,2025-11-18,2025-11-18,COMPLETED,0,3400,COMPLETED,NA
A000689,I01422,U0342,U0684,BORROW,2026-01-09,2026-01-05,2026-01-19,COMPLETED,10,700,RETURNED,ON_TIME
A000690,I04252,U0817,U0620,SWAP,2026-04-04,2026-04-04,2026-04-04,COMPLETED,0,1750,COMPLETED,NA
A000691,I03005,U0577,U0864,SWAP,2025-11-15,2025-11-14,2025-11-15,COMPLETED,0,2250,COMPLETED,NA
A000692,I03576,U0111,U0805,BORROW,2026-04-01,2026-03-28,2026-04-22,COMPLETED,21,1950,RETURNED,ON_TIME
A000693,I00704,U0983,U0716,SWAP,2026-03-25,2026-03-22,2026-03-25,CANCELLED,0,650,CANCELLED,NA
A000694,I04580,U0590,U0807,BORROW,2026-06-14,2026-06-13,2026-06-21,COMPLETED,7,750,RETURNED,ON_TIME
A000695,I03945,U0287,U0106,BORROW,2025-09-19,2025-09-17,2025-10-03,COMPLETED,14,1250,RETURNED,ON_TIME
A000696,I02647,U0776,U0487,BORROW,2026-01-25,2026-01-21,2026-02-08,COMPLETED,14,1300,RETURNED,ON_TIME
A000697,I03264,U0086,U0695,BORROW,2026-03-17,2026-03-16,2026-03-27,COMPLETED,10,3000,RETURNED,ON_TIME
A000698,I00326,U0570,U0943,BORROW,2026-04-19,2026-04-18,2026-04-21,OVERDUE,2,3250,NOT_RETURNED,LATE
A000699,I03916,U0697,U0511,SWAP,2025-09-01,2025-08-29,2025-09-01,COMPLETED,0,650,COMPLETED,NA
A000700,I00680,U0528,U0873,BORROW,2025-09-09,2025-09-09,2025-09-14,COMPLETED,5,800,RETURNED,ON_TIME
A000701,I03889,U0245,U0480,BORROW,2026-02-19,2026-02-19,2026-02-24,COMPLETED,5,400,RETURNED,ON_TIME
A000702,I01795,U0490,U0024,SWAP,2026-06-03,2026-06-01,2026-06-03,COMPLETED,0,200,COMPLETED,NA
A000703,I03278,U0470,U0130,SWAP,2026-04-10,2026-04-06,2026-04-10,COMPLETED,0,3400,COMPLETED,NA
A000704,I03115,U0467,U0983,BORROW,2025-10-03,2025-09-30,2025-10-24,ACTIVE,21,200,NOT_RETURNED,PENDING
A000705,I03460,U0618,U0530,GIVEAWAY,2026-03-04,2026-03-02,2026-03-04,CANCELLED,0,1050,CANCELLED,NA
A000706,I00971,U0956,U0086,SELL,2026-03-18,2026-03-15,2026-03-18,COMPLETED,0,400,COMPLETED,NA
A000707,I04195,U0301,U0633,BORROW,2026-02-02,2026-01-30,2026-02-04,COMPLETED,2,100,RETURNED,ON_TIME
A000708,I02080,U0942,U0341,SWAP,2026-03-28,2026-03-25,2026-03-28,COMPLETED,0,1100,COMPLETED,NA
A000709,I03284,U0951,U0350,SWAP,2026-02-07,2026-02-03,2026-02-07,COMPLETED,0,850,COMPLETED,NA
A000710,I04878,U0393,U0374,GIVEAWAY,2025-12-15,2025-12-12,2025-12-15,COMPLETED,0,250,COMPLETED,NA
A000711,I02449,U0232,U0332,BORROW,2026-01-25,2026-01-22,2026-01-30,COMPLETED,5,950,RETURNED,ON_TIME
A000712,I04478,U0792,U0365,SWAP,2025-09-26,2025-09-25,2025-09-26,COMPLETED,0,1250,COMPLETED,NA
A000713,I04083,U0082,U0145,SWAP,2026-05-26,2026-05-26,2026-05-26,COMPLETED,0,1350,COMPLETED,NA
A000714,I02880,U0294,U0992,SWAP,2025-09-29,2025-09-27,2025-09-29,COMPLETED,0,450,COMPLETED,NA
A000715,I00553,U0705,U0140,BORROW,2026-04-28,2026-04-28,2026-05-05,COMPLETED,7,2000,RETURNED,ON_TIME
A000716,I02883,U0529,U0032,BORROW,2025-10-10,2025-10-09,2025-10-20,COMPLETED,10,900,RETURNED,ON_TIME
A000717,I01924,U0607,U0640,SWAP,2026-04-16,2026-04-16,2026-04-16,COMPLETED,0,2000,COMPLETED,NA
A000718,I04580,U0551,U0807,BORROW,2026-04-03,2026-04-03,2026-04-24,OVERDUE,21,750,NOT_RETURNED,LATE
A000719,I00035,U0897,U0284,SWAP,2026-05-21,2026-05-18,2026-05-21,COMPLETED,0,2100,COMPLETED,NA
A000720,I01941,U0160,U0150,BORROW,2025-09-01,2025-08-28,2025-09-22,COMPLETED,21,1000,RETURNED,ON_TIME
A000721,I00088,U0615,U0647,BORROW,2026-06-15,2026-06-11,2026-06-20,COMPLETED,5,1600,RETURNED,ON_TIME
A000722,I00014,U0586,U0023,GIVEAWAY,2026-07-03,2026-06-29,2026-07-03,COMPLETED,0,850,COMPLETED,NA
A000723,I00739,U0748,U0483,SELL,2026-07-17,2026-07-15,2026-07-17,COMPLETED,0,1050,COMPLETED,NA
A000724,I04547,U0855,U0759,BORROW,2026-02-10,2026-02-10,2026-03-03,COMPLETED,21,1750,RETURNED,ON_TIME
A000725,I01846,U0651,U0519,SWAP,2026-03-31,2026-03-31,2026-03-31,COMPLETED,0,500,COMPLETED,NA
A000726,I04386,U0314,U0203,SWAP,2026-01-03,2025-12-31,2026-01-03,COMPLETED,0,850,COMPLETED,NA
A000727,I01016,U0020,U0187,SELL,2025-12-11,2025-12-10,2025-12-11,COMPLETED,0,1800,COMPLETED,NA
A000728,I00489,U0069,U0763,SELL,2026-01-04,2026-01-04,2026-01-04,COMPLETED,0,1150,COMPLETED,NA
A000729,I02802,U0336,U0720,BORROW,2026-01-04,2025-12-31,2026-01-18,OVERDUE,14,550,NOT_RETURNED,LATE
A000730,I04719,U0958,U0158,BORROW,2026-07-12,2026-07-08,2026-07-15,COMPLETED,3,750,RETURNED,ON_TIME
A000731,I01959,U0711,U0713,SWAP,2025-11-03,2025-11-03,2025-11-03,COMPLETED,0,500,COMPLETED,NA
A000732,I04495,U0654,U0512,BORROW,2025-10-22,2025-10-19,2025-11-05,COMPLETED,14,100,RETURNED,ON_TIME
A000733,I01590,U0428,U0146,BORROW,2025-09-12,2025-09-08,2025-09-22,COMPLETED,10,1050,RETURNED,ON_TIME
A000734,I00551,U0232,U0875,SELL,2026-01-27,2026-01-27,2026-01-27,CANCELLED,0,700,CANCELLED,NA
A000735,I00371,U0403,U0066,SWAP,2025-12-20,2025-12-20,2025-12-20,COMPLETED,0,400,COMPLETED,NA
A000736,I02864,U0422,U0600,BORROW,2025-09-16,2025-09-14,2025-09-23,COMPLETED,7,550,RETURNED,ON_TIME
A000737,I00940,U0758,U0736,BORROW,2025-11-15,2025-11-11,2025-11-17,COMPLETED,2,550,RETURNED,ON_TIME
A000738,I02905,U0015,U0534,BORROW,2026-06-16,2026-06-15,2026-06-23,COMPLETED,7,200,RETURNED,LATE
A000739,I03948,U0307,U0208,SWAP,2025-12-15,2025-12-12,2025-12-15,COMPLETED,0,200,COMPLETED,NA
A000740,I01776,U0875,U0655,BORROW,2026-01-31,2026-01-28,2026-02-21,COMPLETED,21,700,RETURNED,ON_TIME
A000741,I00620,U0041,U0616,SELL,2025-12-15,2025-12-15,2025-12-15,COMPLETED,0,750,COMPLETED,NA
A000742,I00110,U0900,U0148,GIVEAWAY,2026-03-04,2026-03-03,2026-03-04,CANCELLED,0,150,CANCELLED,NA
A000743,I02036,U0566,U0213,SWAP,2026-07-13,2026-07-13,2026-07-13,COMPLETED,0,2450,COMPLETED,NA
A000744,I01811,U0615,U0237,BORROW,2025-11-09,2025-11-05,2025-11-19,COMPLETED,10,650,RETURNED,ON_TIME
A000745,I00554,U0921,U0941,BORROW,2026-01-12,2026-01-11,2026-01-26,CANCELLED,14,400,CANCELLED,PENDING
A000746,I03135,U0712,U0293,SWAP,2026-05-19,2026-05-19,2026-05-19,CANCELLED,0,1250,CANCELLED,NA
A000747,I01268,U0270,U0366,BORROW,2025-11-11,2025-11-09,2025-12-02,COMPLETED,21,750,RETURNED,ON_TIME
A000748,I03078,U0831,U0041,BORROW,2025-12-15,2025-12-15,2025-12-20,COMPLETED,5,450,RETURNED,LATE
A000749,I01895,U0150,U0479,BORROW,2026-05-18,2026-05-15,2026-05-23,COMPLETED,5,1900,RETURNED,ON_TIME
A000750,I04137,U0305,U0256,GIVEAWAY,2026-07-15,2026-07-15,2026-07-15,COMPLETED,0,700,COMPLETED,NA
A000751,I04926,U0962,U0178,SWAP,2026-01-07,2026-01-07,2026-01-07,CANCELLED,0,1600,CANCELLED,NA
A000752,I02088,U0021,U0256,BORROW,2025-09-03,2025-08-30,2025-09-17,COMPLETED,14,500,RETURNED,LATE
A000753,I01284,U0289,U0467,GIVEAWAY,2026-03-18,2026-03-16,2026-03-18,COMPLETED,0,1200,COMPLETED,NA
A000754,I01578,U0907,U0827,BORROW,2026-06-28,2026-06-24,2026-07-08,COMPLETED,10,300,RETURNED,ON_TIME
A000755,I04430,U0099,U0576,GIVEAWAY,2026-02-24,2026-02-24,2026-02-24,COMPLETED,0,250,COMPLETED,NA
A000756,I01483,U0548,U0020,BORROW,2025-09-28,2025-09-24,2025-10-05,COMPLETED,7,900,RETURNED,ON_TIME
A000757,I04940,U0226,U0771,SWAP,2025-11-21,2025-11-18,2025-11-21,CANCELLED,0,300,CANCELLED,NA
A000758,I04285,U0409,U0174,SWAP,2026-06-17,2026-06-14,2026-06-17,COMPLETED,0,50,COMPLETED,NA
A000759,I00271,U0369,U0965,SELL,2025-12-15,2025-12-15,2025-12-15,COMPLETED,0,1800,COMPLETED,NA
A000760,I01331,U0977,U0553,BORROW,2025-11-02,2025-10-31,2025-11-07,OVERDUE,5,550,NOT_RETURNED,LATE
A000761,I03004,U0944,U0880,BORROW,2026-05-16,2026-05-12,2026-06-06,COMPLETED,21,1800,RETURNED,ON_TIME
A000762,I04344,U0974,U0491,BORROW,2026-02-24,2026-02-22,2026-02-26,ACTIVE,2,4000,NOT_RETURNED,PENDING
A000763,I00007,U0515,U0946,BORROW,2025-11-30,2025-11-29,2025-12-03,CANCELLED,3,1550,CANCELLED,PENDING
A000764,I04179,U0575,U0256,SELL,2025-12-29,2025-12-26,2025-12-29,COMPLETED,0,2100,COMPLETED,NA
A000765,I04149,U0296,U0055,GIVEAWAY,2025-12-31,2025-12-27,2025-12-31,COMPLETED,0,1600,COMPLETED,NA
A000766,I03529,U0173,U0732,BORROW,2025-10-04,2025-10-01,2025-10-25,COMPLETED,21,1500,RETURNED,ON_TIME
A000767,I03046,U0156,U0069,BORROW,2025-11-27,2025-11-25,2025-11-29,ACTIVE,2,650,NOT_RETURNED,PENDING
A000768,I03732,U0622,U0125,GIVEAWAY,2026-01-11,2026-01-08,2026-01-11,CANCELLED,0,500,CANCELLED,NA
A000769,I02694,U0627,U0728,BORROW,2026-07-17,2026-07-17,2026-07-19,CANCELLED,2,1700,CANCELLED,PENDING
A000770,I02465,U0203,U0501,BORROW,2025-12-11,2025-12-11,2025-12-21,ACTIVE,10,1200,NOT_RETURNED,PENDING
A000771,I04386,U0899,U0203,BORROW,2026-02-01,2026-01-29,2026-02-15,ACTIVE,14,850,NOT_RETURNED,PENDING
A000772,I01490,U0672,U0349,BORROW,2026-05-22,2026-05-19,2026-05-24,OVERDUE,2,350,NOT_RETURNED,LATE
A000773,I02810,U0726,U0235,SWAP,2026-01-14,2026-01-11,2026-01-14,COMPLETED,0,700,COMPLETED,NA
A000774,I02176,U0735,U0656,SWAP,2025-09-26,2025-09-25,2025-09-26,COMPLETED,0,350,COMPLETED,NA
A000775,I00723,U0200,U0183,SELL,2026-05-23,2026-05-21,2026-05-23,COMPLETED,0,1400,COMPLETED,NA
A000776,I03185,U0664,U0186,GIVEAWAY,2025-10-14,2025-10-13,2025-10-14,COMPLETED,0,2000,COMPLETED,NA
A000777,I01990,U0867,U0232,SWAP,2026-07-26,2026-07-24,2026-07-26,COMPLETED,0,1750,COMPLETED,NA
A000778,I02751,U0584,U0635,BORROW,2026-07-10,2026-07-06,2026-07-31,ACTIVE,21,1850,NOT_RETURNED,PENDING
A000779,I02943,U0525,U0934,BORROW,2026-06-30,2026-06-27,2026-07-03,COMPLETED,3,2300,RETURNED,ON_TIME
A000780,I00559,U0008,U0211,BORROW,2026-05-08,2026-05-06,2026-05-13,COMPLETED,5,1500,RETURNED,ON_TIME
A000781,I00080,U0947,U0685,SWAP,2026-01-13,2026-01-10,2026-01-13,COMPLETED,0,750,COMPLETED,NA
A000782,I02749,U0953,U0106,SELL,2026-03-17,2026-03-13,2026-03-17,COMPLETED,0,750,COMPLETED,NA
A000783,I01383,U0988,U0468,SWAP,2025-11-06,2025-11-06,2025-11-06,COMPLETED,0,1350,COMPLETED,NA
A000784,I02638,U0697,U0758,GIVEAWAY,2026-07-11,2026-07-10,2026-07-11,COMPLETED,0,1350,COMPLETED,NA
A000785,I04812,U0416,U0432,BORROW,2025-11-16,2025-11-12,2025-11-26,COMPLETED,10,450,RETURNED,ON_TIME
A000786,I03215,U0835,U0488,GIVEAWAY,2025-10-05,2025-10-01,2025-10-05,COMPLETED,0,900,COMPLETED,NA
A000787,I00357,U0097,U0967,GIVEAWAY,2026-01-11,2026-01-11,2026-01-11,COMPLETED,0,1400,COMPLETED,NA
A000788,I03453,U0413,U0139,BORROW,2026-06-29,2026-06-27,2026-07-09,COMPLETED,10,1100,RETURNED,ON_TIME
A000789,I01582,U0417,U0928,BORROW,2025-10-03,2025-10-02,2025-10-13,COMPLETED,10,3350,RETURNED,ON_TIME
A000790,I02316,U0197,U0101,BORROW,2026-04-25,2026-04-22,2026-04-27,COMPLETED,2,2150,RETURNED,LATE
A000791,I02323,U0505,U0222,BORROW,2026-05-06,2026-05-06,2026-05-27,CANCELLED,21,1450,CANCELLED,PENDING
A000792,I03357,U0231,U0356,BORROW,2025-09-27,2025-09-26,2025-09-29,OVERDUE,2,400,NOT_RETURNED,LATE
A000793,I01793,U0809,U0143,BORROW,2026-07-21,2026-07-21,2026-07-26,COMPLETED,5,500,RETURNED,ON_TIME
A000794,I04908,U0866,U0384,GIVEAWAY,2025-11-05,2025-11-04,2025-11-05,COMPLETED,0,450,COMPLETED,NA
A000795,I02755,U0122,U0334,SWAP,2025-11-18,2025-11-17,2025-11-18,COMPLETED,0,150,COMPLETED,NA
A000796,I00171,U0238,U0174,BORROW,2026-06-08,2026-06-05,2026-06-10,COMPLETED,2,850,RETURNED,ON_TIME
A000797,I04289,U0628,U0121,SWAP,2025-12-28,2025-12-25,2025-12-28,COMPLETED,0,2950,COMPLETED,NA
A000798,I03347,U0133,U0074,SWAP,2026-04-02,2026-03-31,2026-04-02,COMPLETED,0,1100,COMPLETED,NA
A000799,I03672,U0103,U0547,SELL,2025-11-10,2025-11-09,2025-11-10,COMPLETED,0,950,COMPLETED,NA
A000800,I01731,U0835,U0396,GIVEAWAY,2025-12-30,2025-12-30,2025-12-30,COMPLETED,0,1700,COMPLETED,NA
A000801,I01439,U0921,U0220,BORROW,2026-06-24,2026-06-24,2026-07-04,ACTIVE,10,5900,NOT_RETURNED,PENDING
A000802,I00082,U0482,U0698,SWAP,2026-01-25,2026-01-24,2026-01-25,COMPLETED,0,1200,COMPLETED,NA
A000803,I00255,U0653,U0103,SWAP,2026-03-17,2026-03-14,2026-03-17,COMPLETED,0,1450,COMPLETED,NA
A000804,I02548,U0637,U0505,SWAP,2025-11-16,2025-11-14,2025-11-16,COMPLETED,0,800,COMPLETED,NA
A000805,I02135,U0027,U0586,BORROW,2026-06-08,2026-06-07,2026-06-29,CANCELLED,21,1300,CANCELLED,PENDING
A000806,I00069,U0939,U0460,SELL,2026-05-30,2026-05-29,2026-05-30,COMPLETED,0,2150,COMPLETED,NA
A000807,I04970,U0146,U0730,GIVEAWAY,2026-04-14,2026-04-12,2026-04-14,COMPLETED,0,550,COMPLETED,NA
A000808,I04628,U0029,U0359,BORROW,2026-07-28,2026-07-25,2026-08-07,COMPLETED,10,2450,RETURNED,LATE
A000809,I02216,U0261,U0213,BORROW,2026-07-08,2026-07-08,2026-07-10,COMPLETED,2,3200,RETURNED,ON_TIME
A000810,I02817,U0558,U0056,SELL,2025-12-07,2025-12-04,2025-12-07,COMPLETED,0,1650,COMPLETED,NA
A000811,I04456,U0980,U0919,SELL,2025-12-31,2025-12-29,2025-12-31,COMPLETED,0,500,COMPLETED,NA
A000812,I03049,U0098,U0483,SELL,2025-09-09,2025-09-06,2025-09-09,COMPLETED,0,1400,COMPLETED,NA
A000813,I04713,U0089,U0636,SWAP,2026-06-06,2026-06-06,2026-06-06,COMPLETED,0,2450,COMPLETED,NA
A000814,I03168,U0008,U0419,GIVEAWAY,2026-05-06,2026-05-06,2026-05-06,COMPLETED,0,150,COMPLETED,NA
A000815,I00335,U0262,U0219,SWAP,2025-11-04,2025-11-02,2025-11-04,COMPLETED,0,2350,COMPLETED,NA
A000816,I00892,U0354,U0625,GIVEAWAY,2026-01-03,2026-01-02,2026-01-03,COMPLETED,0,1000,COMPLETED,NA
A000817,I00907,U0708,U0154,SELL,2025-09-27,2025-09-27,2025-09-27,COMPLETED,0,2350,COMPLETED,NA
A000818,I04187,U0276,U0530,SWAP,2025-12-28,2025-12-24,2025-12-28,COMPLETED,0,1450,COMPLETED,NA
A000819,I00582,U0674,U0247,SWAP,2025-11-16,2025-11-12,2025-11-16,COMPLETED,0,800,COMPLETED,NA
A000820,I01525,U0047,U0658,SWAP,2025-11-18,2025-11-15,2025-11-18,COMPLETED,0,150,COMPLETED,NA
A000821,I00874,U0519,U0706,BORROW,2026-01-09,2026-01-05,2026-01-11,ACTIVE,2,1850,NOT_RETURNED,PENDING
A000822,I01701,U0729,U0558,BORROW,2026-05-15,2026-05-11,2026-05-22,COMPLETED,7,1000,RETURNED,ON_TIME
A000823,I01714,U0920,U0432,GIVEAWAY,2026-02-11,2026-02-09,2026-02-11,CANCELLED,0,1000,CANCELLED,NA
A000824,I03748,U0437,U0158,BORROW,2026-04-05,2026-04-02,2026-04-12,COMPLETED,7,1250,RETURNED,ON_TIME
A000825,I01394,U0858,U0716,SWAP,2026-04-11,2026-04-08,2026-04-11,COMPLETED,0,800,COMPLETED,NA
A000826,I04410,U0332,U0370,SWAP,2026-05-22,2026-05-20,2026-05-22,COMPLETED,0,650,COMPLETED,NA
A000827,I01223,U0961,U0498,SWAP,2026-01-16,2026-01-14,2026-01-16,CANCELLED,0,200,CANCELLED,NA
A000828,I04691,U0905,U0444,BORROW,2026-05-30,2026-05-26,2026-06-01,COMPLETED,2,800,RETURNED,ON_TIME
A000829,I01340,U0301,U0465,SELL,2025-12-23,2025-12-21,2025-12-23,COMPLETED,0,200,COMPLETED,NA
A000830,I02552,U0097,U0210,BORROW,2026-02-21,2026-02-20,2026-03-14,COMPLETED,21,3650,RETURNED,ON_TIME
A000831,I02345,U0074,U0721,SELL,2026-06-19,2026-06-16,2026-06-19,COMPLETED,0,1700,COMPLETED,NA
A000832,I00595,U0873,U0349,BORROW,2026-05-11,2026-05-09,2026-06-01,ACTIVE,21,100,NOT_RETURNED,PENDING
A000833,I00462,U0230,U0224,BORROW,2026-01-31,2026-01-29,2026-02-10,CANCELLED,10,900,CANCELLED,PENDING
A000834,I01555,U0324,U0021,SELL,2026-01-23,2026-01-22,2026-01-23,COMPLETED,0,200,COMPLETED,NA
A000835,I00230,U0909,U0202,SELL,2025-09-22,2025-09-19,2025-09-22,COMPLETED,0,350,COMPLETED,NA
A000836,I02087,U0858,U0130,SWAP,2026-01-05,2026-01-01,2026-01-05,COMPLETED,0,1100,COMPLETED,NA
A000837,I01849,U0874,U0554,SWAP,2026-06-27,2026-06-23,2026-06-27,COMPLETED,0,600,COMPLETED,NA
A000838,I04172,U0928,U0836,SELL,2026-05-26,2026-05-23,2026-05-26,COMPLETED,0,3250,COMPLETED,NA
A000839,I02299,U0299,U0037,GIVEAWAY,2025-12-06,2025-12-02,2025-12-06,CANCELLED,0,1000,CANCELLED,NA
A000840,I03473,U0951,U0245,SELL,2026-04-29,2026-04-27,2026-04-29,CANCELLED,0,650,CANCELLED,NA
A000841,I00173,U0828,U0778,SWAP,2026-02-28,2026-02-25,2026-02-28,COMPLETED,0,450,COMPLETED,NA
A000842,I01528,U0257,U0492,BORROW,2026-03-06,2026-03-05,2026-03-09,COMPLETED,3,1700,RETURNED,ON_TIME
A000843,I02567,U0793,U0012,GIVEAWAY,2026-04-24,2026-04-24,2026-04-24,COMPLETED,0,650,COMPLETED,NA
A000844,I01761,U0222,U0903,BORROW,2025-11-08,2025-11-05,2025-11-22,OVERDUE,14,1750,NOT_RETURNED,LATE
A000845,I00533,U0250,U0399,GIVEAWAY,2026-03-09,2026-03-09,2026-03-09,COMPLETED,0,300,COMPLETED,NA
A000846,I03624,U0748,U0854,SWAP,2026-07-10,2026-07-09,2026-07-10,COMPLETED,0,1200,COMPLETED,NA
A000847,I02794,U0777,U0184,SWAP,2026-04-27,2026-04-24,2026-04-27,COMPLETED,0,1450,COMPLETED,NA
A000848,I00541,U0013,U0377,SWAP,2026-03-09,2026-03-09,2026-03-09,CANCELLED,0,2150,CANCELLED,NA
A000849,I04322,U0541,U0723,BORROW,2026-04-14,2026-04-13,2026-04-16,OVERDUE,2,6650,NOT_RETURNED,LATE
A000850,I00695,U0382,U0885,BORROW,2025-10-26,2025-10-23,2025-11-05,COMPLETED,10,1250,RETURNED,ON_TIME
A000851,I00987,U0718,U0386,BORROW,2025-10-21,2025-10-21,2025-10-23,OVERDUE,2,700,NOT_RETURNED,LATE
A000852,I02596,U0441,U0469,SWAP,2025-09-08,2025-09-06,2025-09-08,COMPLETED,0,500,COMPLETED,NA
A000853,I04146,U0525,U0171,BORROW,2026-07-05,2026-07-05,2026-07-26,COMPLETED,21,800,RETURNED,LATE
A000854,I01509,U0585,U0462,GIVEAWAY,2025-11-12,2025-11-09,2025-11-12,COMPLETED,0,1650,COMPLETED,NA
A000855,I01727,U0614,U0640,BORROW,2026-03-05,2026-03-02,2026-03-26,OVERDUE,21,1100,NOT_RETURNED,LATE
A000856,I01310,U0247,U0880,GIVEAWAY,2025-11-05,2025-11-05,2025-11-05,COMPLETED,0,200,COMPLETED,NA
A000857,I02919,U0764,U0047,GIVEAWAY,2026-05-16,2026-05-15,2026-05-16,COMPLETED,0,550,COMPLETED,NA
A000858,I02145,U0386,U0923,SWAP,2026-07-20,2026-07-20,2026-07-20,COMPLETED,0,950,COMPLETED,NA
A000859,I02501,U0204,U0172,SELL,2025-09-08,2025-09-08,2025-09-08,COMPLETED,0,550,COMPLETED,NA
A000860,I03289,U0622,U0962,BORROW,2026-04-03,2026-04-03,2026-04-08,ACTIVE,5,850,NOT_RETURNED,PENDING
A000861,I01476,U0965,U0174,SWAP,2025-09-09,2025-09-08,2025-09-09,COMPLETED,0,2100,COMPLETED,NA
A000862,I03427,U0615,U0205,BORROW,2026-06-08,2026-06-04,2026-06-11,CANCELLED,3,1800,CANCELLED,PENDING
A000863,I03840,U0245,U0194,SWAP,2026-03-02,2026-03-02,2026-03-02,COMPLETED,0,550,COMPLETED,NA
A000864,I04985,U0689,U0558,GIVEAWAY,2026-03-17,2026-03-17,2026-03-17,COMPLETED,0,700,COMPLETED,NA
A000865,I01974,U0265,U0467,BORROW,2026-04-24,2026-04-20,2026-05-08,OVERDUE,14,1750,NOT_RETURNED,LATE
A000866,I04293,U0620,U0597,GIVEAWAY,2026-06-01,2026-05-31,2026-06-01,COMPLETED,0,1950,COMPLETED,NA
A000867,I02686,U0314,U0444,SWAP,2026-07-28,2026-07-27,2026-07-28,COMPLETED,0,650,COMPLETED,NA
A000868,I01749,U0456,U0723,BORROW,2026-01-31,2026-01-28,2026-02-03,COMPLETED,3,1650,RETURNED,ON_TIME
A000869,I02411,U0985,U0091,BORROW,2026-05-24,2026-05-20,2026-05-31,COMPLETED,7,600,RETURNED,ON_TIME
A000870,I04772,U0804,U0991,SWAP,2026-05-27,2026-05-24,2026-05-27,COMPLETED,0,5700,COMPLETED,NA
A000871,I00961,U0251,U0180,BORROW,2025-12-08,2025-12-07,2025-12-29,ACTIVE,21,850,NOT_RETURNED,PENDING
A000872,I02303,U0253,U0804,BORROW,2026-02-21,2026-02-19,2026-02-24,OVERDUE,3,450,NOT_RETURNED,LATE
A000873,I00961,U0370,U0180,SELL,2025-09-02,2025-08-30,2025-09-02,COMPLETED,0,850,COMPLETED,NA
A000874,I01241,U0952,U0015,GIVEAWAY,2025-12-05,2025-12-03,2025-12-05,COMPLETED,0,500,COMPLETED,NA
A000875,I01245,U0984,U0174,BORROW,2025-11-13,2025-11-11,2025-11-18,COMPLETED,5,1850,RETURNED,ON_TIME
A000876,I04510,U0480,U0600,SWAP,2025-10-17,2025-10-16,2025-10-17,COMPLETED,0,1250,COMPLETED,NA
A000877,I02954,U0222,U0571,BORROW,2026-02-07,2026-02-04,2026-02-21,OVERDUE,14,1100,NOT_RETURNED,LATE
A000878,I01164,U0364,U0687,SELL,2026-01-13,2026-01-09,2026-01-13,COMPLETED,0,2500,COMPLETED,NA
A000879,I03236,U0642,U0506,BORROW,2026-05-30,2026-05-26,2026-06-04,COMPLETED,5,1400,RETURNED,ON_TIME
A000880,I03484,U0158,U0194,BORROW,2026-04-25,2026-04-21,2026-04-30,COMPLETED,5,1350,RETURNED,ON_TIME
A000881,I02987,U0195,U0896,SWAP,2026-04-21,2026-04-18,2026-04-21,COMPLETED,0,600,COMPLETED,NA
A000882,I02085,U0820,U0688,BORROW,2026-06-21,2026-06-18,2026-07-01,COMPLETED,10,1950,RETURNED,ON_TIME
A000883,I03516,U0926,U0420,SWAP,2025-12-17,2025-12-16,2025-12-17,COMPLETED,0,750,COMPLETED,NA
A000884,I02556,U0428,U0505,BORROW,2026-05-08,2026-05-05,2026-05-15,COMPLETED,7,500,RETURNED,ON_TIME
A000885,I00915,U0037,U0566,SWAP,2026-03-01,2026-03-01,2026-03-01,COMPLETED,0,1350,COMPLETED,NA
A000886,I00860,U0389,U0939,GIVEAWAY,2025-10-24,2025-10-23,2025-10-24,COMPLETED,0,500,COMPLETED,NA
A000887,I00943,U0806,U0507,GIVEAWAY,2026-05-21,2026-05-21,2026-05-21,COMPLETED,0,800,COMPLETED,NA
A000888,I02530,U0332,U0596,BORROW,2026-02-27,2026-02-24,2026-03-20,COMPLETED,21,1100,RETURNED,ON_TIME
A000889,I02507,U0751,U0171,BORROW,2025-12-19,2025-12-16,2025-12-29,COMPLETED,10,650,RETURNED,ON_TIME
A000890,I03643,U0969,U0773,SELL,2026-01-18,2026-01-14,2026-01-18,CANCELLED,0,2300,CANCELLED,NA
A000891,I03230,U0014,U0420,BORROW,2026-05-22,2026-05-18,2026-06-05,COMPLETED,14,150,RETURNED,ON_TIME
A000892,I03540,U0241,U0010,BORROW,2026-07-06,2026-07-04,2026-07-13,ACTIVE,7,950,NOT_RETURNED,PENDING
A000893,I02187,U0928,U0471,BORROW,2026-01-25,2026-01-21,2026-01-27,COMPLETED,2,1650,RETURNED,ON_TIME
A000894,I02610,U0972,U0201,SWAP,2026-06-23,2026-06-19,2026-06-23,COMPLETED,0,550,COMPLETED,NA
A000895,I04511,U0671,U0541,BORROW,2026-07-08,2026-07-04,2026-07-15,COMPLETED,7,1000,RETURNED,ON_TIME
A000896,I00141,U0987,U0030,GIVEAWAY,2025-09-30,2025-09-26,2025-09-30,COMPLETED,0,2050,COMPLETED,NA
A000897,I04502,U0106,U0607,SELL,2026-04-02,2026-03-31,2026-04-02,COMPLETED,0,6600,COMPLETED,NA
A000898,I02316,U0235,U0101,BORROW,2025-12-16,2025-12-14,2025-12-30,COMPLETED,14,2150,RETURNED,ON_TIME
A000899,I01656,U0558,U0759,SWAP,2025-09-13,2025-09-09,2025-09-13,COMPLETED,0,800,COMPLETED,NA
A000900,I03246,U0578,U0325,BORROW,2026-06-18,2026-06-16,2026-07-02,COMPLETED,14,1600,RETURNED,ON_TIME
A000901,I04620,U0046,U0409,GIVEAWAY,2026-05-23,2026-05-20,2026-05-23,COMPLETED,0,600,COMPLETED,NA
A000902,I04457,U0300,U0537,SWAP,2026-06-09,2026-06-09,2026-06-09,CANCELLED,0,1800,CANCELLED,NA
A000903,I04496,U0730,U0294,SELL,2025-11-25,2025-11-25,2025-11-25,COMPLETED,0,2850,COMPLETED,NA
A000904,I04800,U0645,U0573,BORROW,2026-02-20,2026-02-20,2026-02-22,COMPLETED,2,1650,RETURNED,ON_TIME
A000905,I01194,U0268,U0846,BORROW,2026-04-24,2026-04-23,2026-05-15,COMPLETED,21,3950,RETURNED,LATE
A000906,I03688,U0716,U0433,BORROW,2026-03-13,2026-03-12,2026-04-03,COMPLETED,21,900,RETURNED,ON_TIME
A000907,I03940,U0443,U0693,GIVEAWAY,2026-03-06,2026-03-04,2026-03-06,CANCELLED,0,750,CANCELLED,NA
A000908,I02169,U0412,U0857,BORROW,2026-01-10,2026-01-06,2026-01-24,COMPLETED,14,2050,RETURNED,ON_TIME
A000909,I03005,U0160,U0864,SWAP,2026-07-25,2026-07-24,2026-07-25,COMPLETED,0,2250,COMPLETED,NA
A000910,I00328,U0818,U0338,BORROW,2026-05-18,2026-05-14,2026-06-01,CANCELLED,14,1350,CANCELLED,PENDING
A000911,I00130,U0668,U0037,BORROW,2026-01-25,2026-01-23,2026-02-08,COMPLETED,14,1800,RETURNED,ON_TIME
A000912,I01227,U0420,U0050,GIVEAWAY,2025-10-30,2025-10-29,2025-10-30,COMPLETED,0,1250,COMPLETED,NA
A000913,I00519,U0563,U0118,BORROW,2026-07-26,2026-07-23,2026-07-31,COMPLETED,5,1500,RETURNED,ON_TIME
A000914,I02815,U0849,U0945,BORROW,2026-02-13,2026-02-12,2026-02-16,COMPLETED,3,100,RETURNED,ON_TIME
A000915,I03916,U0697,U0511,GIVEAWAY,2025-10-11,2025-10-09,2025-10-11,COMPLETED,0,650,COMPLETED,NA
A000916,I04691,U0256,U0444,BORROW,2025-09-16,2025-09-15,2025-09-26,COMPLETED,10,800,RETURNED,LATE
A000917,I03412,U0473,U0111,GIVEAWAY,2025-10-07,2025-10-03,2025-10-07,COMPLETED,0,1000,COMPLETED,NA
A000918,I04832,U0275,U0456,SWAP,2026-03-05,2026-03-01,2026-03-05,COMPLETED,0,5300,COMPLETED,NA
A000919,I02519,U0009,U0720,SWAP,2025-09-17,2025-09-15,2025-09-17,COMPLETED,0,2050,COMPLETED,NA
A000920,I02333,U0406,U0525,SWAP,2026-02-15,2026-02-11,2026-02-15,COMPLETED,0,500,COMPLETED,NA
A000921,I00112,U0614,U0878,BORROW,2026-03-14,2026-03-12,2026-03-16,COMPLETED,2,1150,RETURNED,ON_TIME
A000922,I01206,U0207,U0327,BORROW,2025-09-27,2025-09-23,2025-10-07,COMPLETED,10,1450,RETURNED,ON_TIME
A000923,I02418,U0942,U0913,SWAP,2026-03-31,2026-03-30,2026-03-31,COMPLETED,0,400,COMPLETED,NA
A000924,I00278,U0547,U0414,BORROW,2025-11-09,2025-11-05,2025-11-19,COMPLETED,10,950,RETURNED,ON_TIME
A000925,I03815,U0035,U0327,BORROW,2026-03-29,2026-03-28,2026-04-12,OVERDUE,14,1900,NOT_RETURNED,LATE
A000926,I01673,U0613,U0009,BORROW,2026-06-06,2026-06-04,2026-06-09,COMPLETED,3,350,RETURNED,ON_TIME
A000927,I02738,U0197,U0910,BORROW,2026-05-31,2026-05-29,2026-06-02,COMPLETED,2,2400,RETURNED,ON_TIME
A000928,I02538,U0195,U0216,SWAP,2026-03-09,2026-03-09,2026-03-09,COMPLETED,0,100,COMPLETED,NA
A000929,I01502,U0475,U0870,GIVEAWAY,2026-01-21,2026-01-20,2026-01-21,COMPLETED,0,6150,COMPLETED,NA
A000930,I04835,U0702,U0477,BORROW,2025-09-26,2025-09-25,2025-09-29,COMPLETED,3,1000,RETURNED,ON_TIME
A000931,I03763,U0035,U0687,GIVEAWAY,2026-02-19,2026-02-19,2026-02-19,COMPLETED,0,1150,COMPLETED,NA
A000932,I01272,U0779,U0754,SWAP,2026-06-11,2026-06-07,2026-06-11,COMPLETED,0,1150,COMPLETED,NA
A000933,I03738,U0585,U0010,SELL,2026-05-13,2026-05-13,2026-05-13,COMPLETED,0,350,COMPLETED,NA
A000934,I01060,U0076,U0748,SWAP,2026-03-28,2026-03-28,2026-03-28,COMPLETED,0,1550,COMPLETED,NA
A000935,I00143,U0886,U0726,BORROW,2026-01-28,2026-01-25,2026-02-11,OVERDUE,14,600,NOT_RETURNED,LATE
A000936,I02242,U0251,U0568,BORROW,2026-06-11,2026-06-08,2026-06-16,COMPLETED,5,1750,RETURNED,LATE
A000937,I04721,U0392,U0506,BORROW,2026-06-10,2026-06-09,2026-06-15,COMPLETED,5,1100,RETURNED,ON_TIME
A000938,I04175,U0061,U0999,BORROW,2025-09-30,2025-09-26,2025-10-02,COMPLETED,2,1350,RETURNED,ON_TIME
A000939,I01278,U0148,U0761,GIVEAWAY,2026-02-22,2026-02-21,2026-02-22,COMPLETED,0,550,COMPLETED,NA
A000940,I04380,U0940,U0374,BORROW,2025-09-16,2025-09-16,2025-09-21,COMPLETED,5,800,RETURNED,ON_TIME
A000941,I04909,U0202,U0239,SELL,2026-07-18,2026-07-18,2026-07-18,COMPLETED,0,700,COMPLETED,NA
A000942,I00872,U0634,U0598,BORROW,2026-01-17,2026-01-14,2026-01-27,COMPLETED,10,2750,RETURNED,ON_TIME
A000943,I02284,U0280,U0671,BORROW,2026-07-10,2026-07-09,2026-07-17,COMPLETED,7,750,RETURNED,ON_TIME
A000944,I04457,U0487,U0537,GIVEAWAY,2026-03-09,2026-03-05,2026-03-09,COMPLETED,0,1800,COMPLETED,NA
A000945,I04087,U0321,U0124,BORROW,2026-04-24,2026-04-22,2026-05-01,CANCELLED,7,550,CANCELLED,PENDING
A000946,I03578,U0497,U0828,SWAP,2026-03-12,2026-03-08,2026-03-12,COMPLETED,0,3350,COMPLETED,NA
A000947,I02004,U0710,U0913,BORROW,2025-12-01,2025-11-28,2025-12-06,COMPLETED,5,1600,RETURNED,ON_TIME
A000948,I02662,U0336,U0267,BORROW,2026-06-09,2026-06-08,2026-06-23,ACTIVE,14,1850,NOT_RETURNED,PENDING
A000949,I04601,U0235,U0471,BORROW,2026-02-02,2026-02-02,2026-02-23,ACTIVE,21,800,NOT_RETURNED,PENDING
A000950,I01297,U0851,U0870,SELL,2025-11-02,2025-10-31,2025-11-02,COMPLETED,0,2200,COMPLETED,NA
A000951,I02079,U0954,U0862,SWAP,2025-09-12,2025-09-08,2025-09-12,COMPLETED,0,800,COMPLETED,NA
A000952,I00203,U0719,U0199,BORROW,2025-12-02,2025-12-02,2025-12-12,CANCELLED,10,350,CANCELLED,PENDING
A000953,I00068,U0416,U0440,SELL,2025-12-10,2025-12-07,2025-12-10,COMPLETED,0,2600,COMPLETED,NA
A000954,I04272,U0569,U0440,SWAP,2026-04-30,2026-04-28,2026-04-30,COMPLETED,0,450,COMPLETED,NA
A000955,I02911,U0735,U0282,SELL,2025-12-01,2025-11-27,2025-12-01,CANCELLED,0,2150,CANCELLED,NA
A000956,I03696,U0746,U0473,SWAP,2025-09-29,2025-09-28,2025-09-29,COMPLETED,0,1900,COMPLETED,NA
A000957,I02403,U0542,U0747,BORROW,2025-10-25,2025-10-22,2025-11-04,COMPLETED,10,2450,RETURNED,ON_TIME
A000958,I04892,U0794,U0733,GIVEAWAY,2026-07-19,2026-07-19,2026-07-19,COMPLETED,0,3750,COMPLETED,NA
A000959,I03478,U0297,U0774,SWAP,2026-03-22,2026-03-21,2026-03-22,COMPLETED,0,950,COMPLETED,NA
A000960,I00439,U0677,U0543,GIVEAWAY,2026-04-29,2026-04-29,2026-04-29,COMPLETED,0,600,COMPLETED,NA
A000961,I03653,U0397,U0465,BORROW,2026-01-30,2026-01-30,2026-02-04,COMPLETED,5,550,RETURNED,ON_TIME
A000962,I00529,U0461,U0961,BORROW,2025-10-03,2025-09-29,2025-10-13,ACTIVE,10,1300,NOT_RETURNED,PENDING
A000963,I01757,U0354,U0081,BORROW,2025-10-20,2025-10-18,2025-11-03,COMPLETED,14,750,RETURNED,ON_TIME
A000964,I03784,U0499,U0728,GIVEAWAY,2026-06-24,2026-06-21,2026-06-24,COMPLETED,0,1850,COMPLETED,NA
A000965,I00148,U0001,U0440,GIVEAWAY,2026-03-01,2026-02-26,2026-03-01,COMPLETED,0,1550,COMPLETED,NA
A000966,I03413,U0702,U0635,BORROW,2026-03-20,2026-03-18,2026-04-10,OVERDUE,21,300,NOT_RETURNED,LATE
A000967,I02633,U0432,U0924,SWAP,2025-11-29,2025-11-25,2025-11-29,COMPLETED,0,250,COMPLETED,NA
A000968,I01609,U0600,U0404,GIVEAWAY,2026-07-12,2026-07-11,2026-07-12,COMPLETED,0,800,COMPLETED,NA
A000969,I03193,U0283,U0729,BORROW,2026-07-06,2026-07-06,2026-07-11,COMPLETED,5,1400,RETURNED,ON_TIME
A000970,I00706,U0730,U0763,SWAP,2025-09-12,2025-09-08,2025-09-12,COMPLETED,0,300,COMPLETED,NA
A000971,I03416,U0704,U0878,SWAP,2026-04-29,2026-04-28,2026-04-29,COMPLETED,0,2300,COMPLETED,NA
A000972,I02958,U0178,U0136,BORROW,2026-05-06,2026-05-05,2026-05-11,COMPLETED,5,450,RETURNED,ON_TIME
A000973,I03076,U0466,U0659,SWAP,2026-04-08,2026-04-05,2026-04-08,COMPLETED,0,400,COMPLETED,NA
A000974,I01239,U0758,U0709,SWAP,2026-02-28,2026-02-27,2026-02-28,COMPLETED,0,700,COMPLETED,NA
A000975,I02260,U0041,U0620,SELL,2025-11-25,2025-11-21,2025-11-25,COMPLETED,0,1350,COMPLETED,NA
A000976,I03875,U0845,U0527,SWAP,2025-10-11,2025-10-10,2025-10-11,COMPLETED,0,1400,COMPLETED,NA
A000977,I00506,U0079,U0377,BORROW,2025-10-19,2025-10-15,2025-10-26,COMPLETED,7,3450,RETURNED,ON_TIME
A000978,I02802,U0590,U0720,GIVEAWAY,2026-02-09,2026-02-08,2026-02-09,COMPLETED,0,550,COMPLETED,NA
A000979,I01172,U0309,U0197,SWAP,2025-09-26,2025-09-26,2025-09-26,COMPLETED,0,3300,COMPLETED,NA
A000980,I02402,U0275,U0052,BORROW,2026-07-27,2026-07-25,2026-08-06,ACTIVE,10,5150,NOT_RETURNED,PENDING
A000981,I00343,U0859,U0255,GIVEAWAY,2026-05-17,2026-05-13,2026-05-17,COMPLETED,0,400,COMPLETED,NA
A000982,I03906,U0261,U0187,BORROW,2025-10-09,2025-10-09,2025-10-16,ACTIVE,7,1100,NOT_RETURNED,PENDING
A000983,I04962,U0755,U0891,SWAP,2025-09-17,2025-09-13,2025-09-17,COMPLETED,0,250,COMPLETED,NA
A000984,I02865,U0504,U0417,GIVEAWAY,2026-05-27,2026-05-27,2026-05-27,COMPLETED,0,600,COMPLETED,NA
A000985,I02457,U0982,U0360,SWAP,2026-06-25,2026-06-24,2026-06-25,COMPLETED,0,1200,COMPLETED,NA
A000986,I00074,U0773,U0166,BORROW,2026-02-10,2026-02-08,2026-02-12,COMPLETED,2,1000,RETURNED,ON_TIME
A000987,I04037,U0260,U0982,SWAP,2026-02-15,2026-02-12,2026-02-15,COMPLETED,0,900,COMPLETED,NA
A000988,I04581,U0177,U0994,SWAP,2026-05-25,2026-05-21,2026-05-25,COMPLETED,0,1800,COMPLETED,NA
A000989,I02415,U0135,U0704,BORROW,2026-07-17,2026-07-15,2026-07-22,COMPLETED,5,650,RETURNED,ON_TIME
A000990,I02538,U0016,U0216,SWAP,2025-09-25,2025-09-24,2025-09-25,COMPLETED,0,100,COMPLETED,NA
A000991,I01628,U0959,U0126,BORROW,2025-09-19,2025-09-15,2025-10-10,COMPLETED,21,3300,RETURNED,ON_TIME
A000992,I02343,U0875,U0397,BORROW,2026-04-04,2026-04-02,2026-04-14,COMPLETED,10,650,RETURNED,ON_TIME
A000993,I03953,U0921,U0041,BORROW,2025-11-26,2025-11-24,2025-12-03,ACTIVE,7,350,NOT_RETURNED,PENDING
A000994,I00135,U0233,U0894,BORROW,2026-04-27,2026-04-23,2026-05-07,COMPLETED,10,1550,RETURNED,ON_TIME
A000995,I03472,U0838,U0727,BORROW,2026-03-29,2026-03-26,2026-04-12,COMPLETED,14,2600,RETURNED,ON_TIME
A000996,I01736,U0050,U0973,SELL,2026-06-29,2026-06-25,2026-06-29,COMPLETED,0,2850,COMPLETED,NA
A000997,I03179,U0344,U0714,BORROW,2026-05-13,2026-05-09,2026-05-27,COMPLETED,14,5550,RETURNED,ON_TIME
A000998,I02106,U0305,U0579,BORROW,2025-10-26,2025-10-23,2025-10-29,ACTIVE,3,1300,NOT_RETURNED,PENDING
A000999,I03451,U0032,U0017,BORROW,2026-07-10,2026-07-08,2026-07-24,ACTIVE,14,3200,NOT_RETURNED,PENDING
A001000,I03420,U0333,U0115,BORROW,2025-09-06,2025-09-04,2025-09-11,COMPLETED,5,650,RETURNED,ON_TIME
A001001,I02151,U0311,U0569,BORROW,2025-10-05,2025-10-05,2025-10-08,ACTIVE,3,2100,NOT_RETURNED,PENDING
A001002,I01183,U0527,U0906,BORROW,2026-02-01,2026-02-01,2026-02-15,COMPLETED,14,1800,RETURNED,ON_TIME
A001003,I00906,U0457,U0795,BORROW,2025-10-07,2025-10-05,2025-10-10,COMPLETED,3,1600,RETURNED,ON_TIME
A001004,I04098,U0363,U0177,SWAP,2026-05-23,2026-05-23,2026-05-23,COMPLETED,0,200,COMPLETED,NA
A001005,I02040,U0920,U0414,GIVEAWAY,2025-10-03,2025-10-03,2025-10-03,COMPLETED,0,1500,COMPLETED,NA
A001006,I00824,U0956,U0424,SELL,2025-11-03,2025-10-30,2025-11-03,CANCELLED,0,750,CANCELLED,NA
A001007,I00418,U0381,U0825,SELL,2025-10-24,2025-10-22,2025-10-24,COMPLETED,0,900,COMPLETED,NA
A001008,I04631,U0685,U0593,BORROW,2026-05-02,2026-04-29,2026-05-16,COMPLETED,14,900,RETURNED,ON_TIME
A001009,I04018,U0130,U0718,SWAP,2026-04-15,2026-04-14,2026-04-15,COMPLETED,0,900,COMPLETED,NA
A001010,I02375,U0360,U0064,BORROW,2025-11-30,2025-11-29,2025-12-03,COMPLETED,3,1350,RETURNED,LATE
A001011,I00191,U0042,U0663,BORROW,2026-05-26,2026-05-26,2026-06-02,COMPLETED,7,1000,RETURNED,ON_TIME
A001012,I00495,U0008,U0423,GIVEAWAY,2025-10-28,2025-10-27,2025-10-28,COMPLETED,0,1250,COMPLETED,NA
A001013,I00953,U0091,U0720,BORROW,2026-03-01,2026-02-27,2026-03-22,ACTIVE,21,300,NOT_RETURNED,PENDING
A001014,I00483,U0673,U0750,BORROW,2026-02-19,2026-02-18,2026-02-26,COMPLETED,7,2400,RETURNED,ON_TIME
A001015,I00822,U0056,U0058,BORROW,2025-09-05,2025-09-05,2025-09-10,CANCELLED,5,900,CANCELLED,PENDING
A001016,I03207,U0993,U0975,BORROW,2026-07-25,2026-07-22,2026-07-28,COMPLETED,3,1450,RETURNED,ON_TIME
A001017,I01828,U0237,U0105,SWAP,2026-07-14,2026-07-10,2026-07-14,COMPLETED,0,1050,COMPLETED,NA
A001018,I01973,U0032,U0845,GIVEAWAY,2026-06-03,2026-05-31,2026-06-03,COMPLETED,0,200,COMPLETED,NA
A001019,I04744,U0294,U0248,SWAP,2025-11-19,2025-11-17,2025-11-19,COMPLETED,0,1350,COMPLETED,NA
A001020,I01884,U0612,U0827,SWAP,2025-10-15,2025-10-14,2025-10-15,COMPLETED,0,4250,COMPLETED,NA
A001021,I03096,U0833,U0996,GIVEAWAY,2026-06-29,2026-06-26,2026-06-29,COMPLETED,0,950,COMPLETED,NA
A001022,I02705,U0484,U0439,GIVEAWAY,2026-04-03,2026-04-03,2026-04-03,COMPLETED,0,1450,COMPLETED,NA
A001023,I03280,U0144,U0634,BORROW,2026-05-09,2026-05-08,2026-05-11,COMPLETED,2,500,RETURNED,ON_TIME
A001024,I04165,U0082,U0568,BORROW,2026-02-11,2026-02-11,2026-02-16,COMPLETED,5,50,RETURNED,ON_TIME
A001025,I01882,U0722,U0626,SELL,2026-03-04,2026-02-28,2026-03-04,COMPLETED,0,650,COMPLETED,NA
A001026,I02233,U0094,U0500,BORROW,2026-01-03,2026-01-01,2026-01-05,ACTIVE,2,1450,NOT_RETURNED,PENDING
A001027,I04133,U0072,U0476,BORROW,2025-09-19,2025-09-17,2025-09-21,COMPLETED,2,600,RETURNED,ON_TIME
A001028,I00447,U0909,U0347,BORROW,2026-04-22,2026-04-19,2026-04-25,COMPLETED,3,1650,RETURNED,LATE
A001029,I01559,U0244,U0085,BORROW,2026-07-09,2026-07-08,2026-07-12,COMPLETED,3,3800,RETURNED,ON_TIME
A001030,I00453,U0623,U0958,BORROW,2026-06-01,2026-05-31,2026-06-06,COMPLETED,5,2100,RETURNED,LATE
A001031,I01588,U0523,U0457,BORROW,2026-01-11,2026-01-09,2026-01-18,COMPLETED,7,550,RETURNED,ON_TIME
A001032,I03767,U0938,U0704,BORROW,2026-01-02,2025-12-29,2026-01-07,COMPLETED,5,1200,RETURNED,ON_TIME
A001033,I04640,U0118,U0282,SWAP,2026-06-17,2026-06-14,2026-06-17,COMPLETED,0,300,COMPLETED,NA
A001034,I01284,U0180,U0467,GIVEAWAY,2026-01-14,2026-01-11,2026-01-14,COMPLETED,0,1200,COMPLETED,NA
A001035,I01146,U0641,U0280,GIVEAWAY,2025-10-02,2025-09-30,2025-10-02,COMPLETED,0,1250,COMPLETED,NA
A001036,I04928,U0918,U0476,SWAP,2025-09-28,2025-09-25,2025-09-28,CANCELLED,0,1350,CANCELLED,NA
A001037,I03361,U0167,U0069,SWAP,2025-12-18,2025-12-16,2025-12-18,COMPLETED,0,3400,COMPLETED,NA
A001038,I00403,U0827,U0474,BORROW,2026-06-11,2026-06-11,2026-07-02,OVERDUE,21,500,NOT_RETURNED,LATE
A001039,I04948,U0322,U0388,BORROW,2026-03-31,2026-03-30,2026-04-07,COMPLETED,7,450,RETURNED,ON_TIME
A001040,I02999,U0290,U0295,BORROW,2026-03-09,2026-03-08,2026-03-16,COMPLETED,7,4000,RETURNED,LATE
A001041,I04194,U0908,U0089,BORROW,2025-11-17,2025-11-17,2025-11-19,COMPLETED,2,4200,RETURNED,ON_TIME
A001042,I04755,U0336,U0430,BORROW,2025-11-09,2025-11-07,2025-11-30,ACTIVE,21,1750,NOT_RETURNED,PENDING
A001043,I02183,U0366,U0125,SELL,2025-12-25,2025-12-24,2025-12-25,COMPLETED,0,500,COMPLETED,NA
A001044,I00622,U0853,U0610,BORROW,2026-04-02,2026-03-30,2026-04-07,COMPLETED,5,2450,RETURNED,ON_TIME
A001045,I03659,U0504,U0272,BORROW,2026-05-18,2026-05-16,2026-05-25,COMPLETED,7,2050,RETURNED,ON_TIME
A001046,I04576,U0380,U0284,SWAP,2026-03-29,2026-03-28,2026-03-29,COMPLETED,0,150,COMPLETED,NA
A001047,I03089,U0264,U0936,BORROW,2025-09-06,2025-09-04,2025-09-08,CANCELLED,2,2700,CANCELLED,PENDING
A001048,I02177,U0818,U0079,BORROW,2026-07-15,2026-07-12,2026-07-22,CANCELLED,7,1400,CANCELLED,PENDING
A001049,I00670,U0034,U0452,SWAP,2025-12-06,2025-12-03,2025-12-06,COMPLETED,0,700,COMPLETED,NA
A001050,I03832,U0677,U0914,GIVEAWAY,2025-09-30,2025-09-26,2025-09-30,COMPLETED,0,3300,COMPLETED,NA
A001051,I04332,U0024,U0428,BORROW,2025-11-24,2025-11-21,2025-12-08,COMPLETED,14,400,RETURNED,ON_TIME
A001052,I04304,U0874,U0848,BORROW,2026-06-30,2026-06-29,2026-07-10,OVERDUE,10,750,NOT_RETURNED,LATE
A001053,I02931,U0374,U0963,SWAP,2025-10-15,2025-10-11,2025-10-15,COMPLETED,0,1150,COMPLETED,NA
A001054,I04784,U0756,U0140,BORROW,2025-11-01,2025-10-29,2025-11-08,COMPLETED,7,850,RETURNED,ON_TIME
A001055,I02018,U0855,U0569,SWAP,2025-11-28,2025-11-25,2025-11-28,COMPLETED,0,2200,COMPLETED,NA
A001056,I04658,U0569,U0016,BORROW,2026-01-17,2026-01-16,2026-01-20,COMPLETED,3,1500,RETURNED,ON_TIME
A001057,I03159,U0547,U0090,BORROW,2026-07-28,2026-07-25,2026-08-07,COMPLETED,10,2150,RETURNED,ON_TIME
A001058,I02895,U0457,U0266,BORROW,2026-01-01,2025-12-30,2026-01-15,COMPLETED,14,1500,RETURNED,ON_TIME
A001059,I02587,U0429,U0667,BORROW,2025-12-23,2025-12-20,2025-12-28,COMPLETED,5,2550,RETURNED,ON_TIME
A001060,I02137,U0658,U0466,BORROW,2025-11-22,2025-11-19,2025-11-25,COMPLETED,3,1900,RETURNED,ON_TIME
A001061,I04168,U0929,U0578,GIVEAWAY,2026-07-24,2026-07-24,2026-07-24,COMPLETED,0,850,COMPLETED,NA
A001062,I02935,U0324,U0182,SWAP,2026-07-24,2026-07-21,2026-07-24,COMPLETED,0,100,COMPLETED,NA
A001063,I04377,U0122,U0531,BORROW,2026-04-23,2026-04-20,2026-04-28,COMPLETED,5,1300,RETURNED,ON_TIME
A001064,I04923,U0787,U0407,BORROW,2026-01-12,2026-01-10,2026-02-02,CANCELLED,21,1650,CANCELLED,PENDING
A001065,I04886,U0033,U0804,BORROW,2026-01-08,2026-01-05,2026-01-29,ACTIVE,21,2950,NOT_RETURNED,PENDING
A001066,I00781,U0614,U0867,SELL,2026-02-05,2026-02-05,2026-02-05,COMPLETED,0,1750,COMPLETED,NA
A001067,I00920,U0932,U0283,SWAP,2025-12-09,2025-12-07,2025-12-09,CANCELLED,0,300,CANCELLED,NA
A001068,I04218,U0953,U0519,SELL,2025-09-19,2025-09-16,2025-09-19,COMPLETED,0,350,COMPLETED,NA
A001069,I03532,U0197,U0226,BORROW,2025-10-20,2025-10-20,2025-10-27,COMPLETED,7,1550,RETURNED,ON_TIME
A001070,I01803,U0925,U0666,SELL,2026-07-14,2026-07-13,2026-07-14,COMPLETED,0,2150,COMPLETED,NA
A001071,I02269,U0332,U0750,SWAP,2026-05-24,2026-05-23,2026-05-24,COMPLETED,0,1150,COMPLETED,NA
A001072,I00774,U0231,U0098,BORROW,2026-02-02,2026-02-01,2026-02-04,COMPLETED,2,3950,RETURNED,ON_TIME
A001073,I00055,U0397,U0470,GIVEAWAY,2025-12-16,2025-12-15,2025-12-16,COMPLETED,0,200,COMPLETED,NA
A001074,I03557,U0741,U0388,BORROW,2026-02-09,2026-02-06,2026-02-14,COMPLETED,5,1150,RETURNED,ON_TIME
A001075,I02389,U0570,U0809,BORROW,2025-11-25,2025-11-25,2025-11-27,COMPLETED,2,1300,RETURNED,ON_TIME
A001076,I00187,U0353,U0404,SWAP,2026-02-07,2026-02-07,2026-02-07,COMPLETED,0,1850,COMPLETED,NA
A001077,I00797,U0115,U0298,BORROW,2026-03-15,2026-03-14,2026-03-22,COMPLETED,7,1200,RETURNED,ON_TIME
A001078,I04478,U0900,U0365,SELL,2026-07-01,2026-06-29,2026-07-01,COMPLETED,0,1250,COMPLETED,NA
A001079,I01789,U0790,U0834,BORROW,2025-11-14,2025-11-10,2025-11-21,OVERDUE,7,700,NOT_RETURNED,LATE
A001080,I00983,U0631,U0480,BORROW,2025-09-28,2025-09-26,2025-10-03,COMPLETED,5,700,RETURNED,ON_TIME
A001081,I04010,U0237,U0226,SWAP,2026-02-21,2026-02-20,2026-02-21,COMPLETED,0,250,COMPLETED,NA
A001082,I03581,U0421,U0531,SELL,2026-07-16,2026-07-12,2026-07-16,COMPLETED,0,900,COMPLETED,NA
A001083,I02157,U0798,U0347,BORROW,2026-01-28,2026-01-25,2026-02-02,ACTIVE,5,550,NOT_RETURNED,PENDING
A001084,I01632,U0196,U0136,SWAP,2025-09-16,2025-09-16,2025-09-16,COMPLETED,0,400,COMPLETED,NA
A001085,I04895,U0708,U0734,SWAP,2026-04-29,2026-04-26,2026-04-29,COMPLETED,0,2200,COMPLETED,NA
A001086,I02868,U0496,U0738,BORROW,2025-09-10,2025-09-10,2025-09-13,COMPLETED,3,150,RETURNED,ON_TIME
A001087,I00910,U0243,U0420,GIVEAWAY,2026-05-10,2026-05-10,2026-05-10,COMPLETED,0,550,COMPLETED,NA
A001088,I04247,U0606,U0489,SWAP,2026-03-30,2026-03-28,2026-03-30,COMPLETED,0,1100,COMPLETED,NA
A001089,I02217,U0586,U0145,GIVEAWAY,2026-05-18,2026-05-15,2026-05-18,CANCELLED,0,400,CANCELLED,NA
A001090,I02798,U0331,U0999,BORROW,2026-05-13,2026-05-09,2026-05-27,CANCELLED,14,1800,CANCELLED,PENDING
A001091,I04549,U0641,U0609,GIVEAWAY,2026-04-12,2026-04-09,2026-04-12,COMPLETED,0,600,COMPLETED,NA
A001092,I00861,U0744,U0024,SELL,2026-01-05,2026-01-02,2026-01-05,COMPLETED,0,1550,COMPLETED,NA
A001093,I01317,U0066,U0003,BORROW,2025-09-13,2025-09-11,2025-09-15,COMPLETED,2,1550,RETURNED,LATE
A001094,I03209,U0868,U0683,BORROW,2026-07-02,2026-07-01,2026-07-16,COMPLETED,14,4300,RETURNED,ON_TIME
A001095,I04188,U0902,U0764,BORROW,2026-07-12,2026-07-11,2026-08-02,COMPLETED,21,400,RETURNED,LATE
A001096,I03982,U0863,U0532,SWAP,2025-12-31,2025-12-28,2025-12-31,COMPLETED,0,2300,COMPLETED,NA
A001097,I03367,U0554,U0351,BORROW,2026-02-10,2026-02-08,2026-02-12,COMPLETED,2,600,RETURNED,ON_TIME
A001098,I01086,U0037,U0889,BORROW,2026-06-27,2026-06-24,2026-06-29,COMPLETED,2,850,RETURNED,ON_TIME
A001099,I04391,U0699,U0297,BORROW,2025-09-07,2025-09-07,2025-09-10,COMPLETED,3,1100,RETURNED,ON_TIME
A001100,I03926,U0747,U0920,SWAP,2026-03-13,2026-03-09,2026-03-13,COMPLETED,0,2900,COMPLETED,NA
A001101,I01014,U0752,U0408,BORROW,2025-10-02,2025-10-02,2025-10-04,COMPLETED,2,1100,RETURNED,LATE
A001102,I02322,U0773,U0430,SELL,2026-06-06,2026-06-05,2026-06-06,COMPLETED,0,1000,COMPLETED,NA
A001103,I04995,U0177,U0422,BORROW,2026-05-19,2026-05-18,2026-05-29,COMPLETED,10,1050,RETURNED,ON_TIME
A001104,I00047,U0574,U0973,SELL,2025-11-25,2025-11-25,2025-11-25,COMPLETED,0,1600,COMPLETED,NA
A001105,I04987,U0294,U0329,SWAP,2026-02-14,2026-02-13,2026-02-14,COMPLETED,0,2700,COMPLETED,NA
A001106,I01194,U0525,U0846,SWAP,2025-09-20,2025-09-17,2025-09-20,CANCELLED,0,3950,CANCELLED,NA
A001107,I01394,U0712,U0716,SWAP,2025-12-03,2025-11-29,2025-12-03,COMPLETED,0,800,COMPLETED,NA
A001108,I04113,U0328,U0660,SELL,2026-07-28,2026-07-26,2026-07-28,COMPLETED,0,1950,COMPLETED,NA
A001109,I00424,U0939,U0968,BORROW,2025-12-25,2025-12-21,2026-01-04,COMPLETED,10,1300,RETURNED,ON_TIME
A001110,I03775,U0814,U0667,BORROW,2026-01-09,2026-01-06,2026-01-11,COMPLETED,2,200,RETURNED,ON_TIME
A001111,I01537,U0446,U0306,BORROW,2026-01-31,2026-01-28,2026-02-02,COMPLETED,2,2950,RETURNED,ON_TIME
A001112,I01441,U0921,U0546,GIVEAWAY,2026-03-26,2026-03-22,2026-03-26,COMPLETED,0,1800,COMPLETED,NA
A001113,I00377,U0701,U0077,BORROW,2026-02-01,2026-01-28,2026-02-04,ACTIVE,3,1450,NOT_RETURNED,PENDING
A001114,I04347,U0267,U0053,BORROW,2026-05-14,2026-05-11,2026-05-17,OVERDUE,3,1200,NOT_RETURNED,LATE
A001115,I02999,U0628,U0295,BORROW,2026-01-16,2026-01-15,2026-01-19,CANCELLED,3,4000,CANCELLED,PENDING
A001116,I02014,U0602,U0713,SWAP,2026-04-20,2026-04-17,2026-04-20,COMPLETED,0,1600,COMPLETED,NA
A001117,I02279,U0058,U0043,BORROW,2025-10-14,2025-10-11,2025-10-19,COMPLETED,5,2450,RETURNED,ON_TIME
A001118,I03411,U0906,U0369,SELL,2025-10-07,2025-10-03,2025-10-07,COMPLETED,0,1000,COMPLETED,NA
A001119,I01799,U0150,U0951,BORROW,2026-05-13,2026-05-13,2026-05-16,COMPLETED,3,5250,RETURNED,ON_TIME
A001120,I03949,U0388,U0958,GIVEAWAY,2026-04-22,2026-04-18,2026-04-22,COMPLETED,0,450,COMPLETED,NA
A001121,I02379,U0803,U0197,SWAP,2026-06-19,2026-06-16,2026-06-19,COMPLETED,0,850,COMPLETED,NA
A001122,I01214,U0846,U0493,SWAP,2026-04-30,2026-04-27,2026-04-30,COMPLETED,0,900,COMPLETED,NA
A001123,I04247,U0678,U0489,SELL,2025-11-30,2025-11-26,2025-11-30,COMPLETED,0,1100,COMPLETED,NA
A001124,I03965,U0944,U0328,BORROW,2026-07-21,2026-07-20,2026-07-26,CANCELLED,5,1300,CANCELLED,PENDING
A001125,I01332,U0661,U0969,SWAP,2026-07-11,2026-07-11,2026-07-11,COMPLETED,0,950,COMPLETED,NA
A001126,I04062,U0992,U0336,BORROW,2026-05-31,2026-05-31,2026-06-07,COMPLETED,7,1150,RETURNED,ON_TIME
A001127,I00372,U0652,U0879,BORROW,2026-03-17,2026-03-17,2026-03-27,COMPLETED,10,950,RETURNED,ON_TIME
A001128,I00261,U0748,U0168,BORROW,2025-10-26,2025-10-22,2025-10-29,COMPLETED,3,500,RETURNED,ON_TIME
A001129,I01826,U0034,U0808,BORROW,2026-04-21,2026-04-18,2026-04-24,COMPLETED,3,3050,RETURNED,ON_TIME
A001130,I04504,U0574,U0653,GIVEAWAY,2026-07-09,2026-07-05,2026-07-09,COMPLETED,0,500,COMPLETED,NA
A001131,I02983,U0386,U0305,BORROW,2026-06-20,2026-06-17,2026-06-23,COMPLETED,3,500,RETURNED,ON_TIME
A001132,I04196,U0896,U0787,BORROW,2025-11-04,2025-10-31,2025-11-25,COMPLETED,21,3400,RETURNED,ON_TIME
A001133,I04874,U0721,U0100,SELL,2026-02-11,2026-02-08,2026-02-11,COMPLETED,0,450,COMPLETED,NA
A001134,I01546,U0805,U0454,SELL,2026-03-25,2026-03-25,2026-03-25,COMPLETED,0,250,COMPLETED,NA
A001135,I00859,U0011,U0575,SWAP,2026-01-23,2026-01-23,2026-01-23,COMPLETED,0,500,COMPLETED,NA
A001136,I00829,U0544,U0322,BORROW,2025-10-07,2025-10-04,2025-10-09,COMPLETED,2,1050,RETURNED,ON_TIME
A001137,I01088,U0141,U0430,SWAP,2025-11-23,2025-11-19,2025-11-23,CANCELLED,0,2200,CANCELLED,NA
A001138,I02074,U0065,U0833,BORROW,2025-11-17,2025-11-17,2025-11-22,COMPLETED,5,700,RETURNED,ON_TIME
A001139,I02526,U0584,U0531,SWAP,2026-01-05,2026-01-01,2026-01-05,COMPLETED,0,1300,COMPLETED,NA
A001140,I00810,U0503,U0555,GIVEAWAY,2025-11-15,2025-11-12,2025-11-15,CANCELLED,0,1000,CANCELLED,NA
A001141,I03501,U0499,U0227,BORROW,2026-02-10,2026-02-06,2026-02-17,COMPLETED,7,1500,RETURNED,LATE
A001142,I03188,U0594,U0548,BORROW,2026-06-02,2026-06-01,2026-06-09,COMPLETED,7,3200,RETURNED,ON_TIME
A001143,I00356,U0196,U0453,BORROW,2025-12-03,2025-11-29,2025-12-10,ACTIVE,7,1450,NOT_RETURNED,PENDING
A001144,I02841,U0033,U0578,SELL,2025-12-22,2025-12-19,2025-12-22,COMPLETED,0,600,COMPLETED,NA
A001145,I02753,U0609,U0078,BORROW,2025-12-17,2025-12-15,2025-12-20,COMPLETED,3,500,RETURNED,ON_TIME
A001146,I01357,U0203,U0756,BORROW,2026-07-20,2026-07-17,2026-07-23,OVERDUE,3,900,NOT_RETURNED,LATE
A001147,I04738,U0382,U0933,BORROW,2025-10-22,2025-10-18,2025-10-25,ACTIVE,3,1350,NOT_RETURNED,PENDING
A001148,I01926,U0147,U0749,BORROW,2026-03-08,2026-03-08,2026-03-11,COMPLETED,3,2150,RETURNED,ON_TIME
A001149,I03490,U0491,U0482,BORROW,2025-10-27,2025-10-26,2025-11-17,CANCELLED,21,850,CANCELLED,PENDING
A001150,I03136,U0093,U0778,SELL,2026-01-02,2026-01-01,2026-01-02,COMPLETED,0,250,COMPLETED,NA
A001151,I02877,U0277,U0759,BORROW,2025-12-06,2025-12-02,2025-12-20,COMPLETED,14,400,RETURNED,ON_TIME
A001152,I00012,U0960,U0514,BORROW,2025-12-10,2025-12-09,2025-12-17,CANCELLED,7,1050,CANCELLED,PENDING
A001153,I00804,U0062,U0473,BORROW,2025-12-11,2025-12-09,2025-12-21,COMPLETED,10,3750,RETURNED,ON_TIME
A001154,I00966,U0707,U0883,BORROW,2026-06-28,2026-06-24,2026-07-19,COMPLETED,21,1900,RETURNED,ON_TIME
A001155,I02176,U0756,U0656,SWAP,2026-04-30,2026-04-26,2026-04-30,COMPLETED,0,350,COMPLETED,NA
A001156,I02333,U0943,U0525,SELL,2026-05-08,2026-05-06,2026-05-08,COMPLETED,0,500,COMPLETED,NA
A001157,I04823,U0327,U0809,BORROW,2026-01-22,2026-01-21,2026-01-27,ACTIVE,5,500,NOT_RETURNED,PENDING
A001158,I04150,U0325,U0374,BORROW,2025-11-06,2025-11-02,2025-11-08,ACTIVE,2,850,NOT_RETURNED,PENDING
A001159,I04732,U0841,U0699,SELL,2025-09-12,2025-09-08,2025-09-12,CANCELLED,0,1100,CANCELLED,NA
A001160,I00676,U0497,U0009,GIVEAWAY,2026-07-17,2026-07-17,2026-07-17,COMPLETED,0,550,COMPLETED,NA
A001161,I02244,U0041,U0872,BORROW,2026-03-02,2026-03-02,2026-03-16,COMPLETED,14,1600,RETURNED,ON_TIME
A001162,I02288,U0156,U0548,BORROW,2026-04-11,2026-04-09,2026-05-02,OVERDUE,21,3350,NOT_RETURNED,LATE
A001163,I00656,U0797,U0667,BORROW,2026-01-20,2026-01-19,2026-01-27,COMPLETED,7,1650,RETURNED,LATE
A001164,I03254,U0546,U0796,GIVEAWAY,2025-09-07,2025-09-03,2025-09-07,COMPLETED,0,900,COMPLETED,NA
A001165,I01917,U0822,U0755,SWAP,2026-02-20,2026-02-16,2026-02-20,COMPLETED,0,700,COMPLETED,NA
A001166,I04444,U0015,U0752,BORROW,2026-01-13,2026-01-11,2026-01-18,COMPLETED,5,1400,RETURNED,ON_TIME
A001167,I00539,U0636,U0664,BORROW,2025-12-29,2025-12-28,2026-01-19,OVERDUE,21,1800,NOT_RETURNED,LATE
A001168,I02202,U0084,U0208,BORROW,2026-01-24,2026-01-24,2026-02-07,COMPLETED,14,650,RETURNED,ON_TIME
A001169,I03262,U0938,U0764,BORROW,2025-10-31,2025-10-30,2025-11-10,COMPLETED,10,2750,RETURNED,ON_TIME
A001170,I04698,U0344,U0557,BORROW,2026-04-28,2026-04-26,2026-05-03,COMPLETED,5,200,RETURNED,ON_TIME
A001171,I04560,U0651,U0563,SWAP,2026-04-01,2026-03-28,2026-04-01,COMPLETED,0,650,COMPLETED,NA
A001172,I04363,U0063,U0713,SWAP,2026-03-21,2026-03-17,2026-03-21,COMPLETED,0,2500,COMPLETED,NA
A001173,I04352,U0517,U0095,GIVEAWAY,2026-04-18,2026-04-15,2026-04-18,COMPLETED,0,6600,COMPLETED,NA
A001174,I02672,U0587,U0760,BORROW,2025-10-04,2025-09-30,2025-10-06,OVERDUE,2,3800,NOT_RETURNED,LATE
A001175,I02251,U0065,U0026,BORROW,2026-03-10,2026-03-07,2026-03-12,COMPLETED,2,1850,RETURNED,ON_TIME
A001176,I02509,U0629,U0410,GIVEAWAY,2026-07-21,2026-07-18,2026-07-21,COMPLETED,0,1500,COMPLETED,NA
A001177,I03709,U0467,U0374,SELL,2026-06-09,2026-06-08,2026-06-09,COMPLETED,0,400,COMPLETED,NA
A001178,I01166,U0179,U0076,SELL,2026-06-04,2026-06-03,2026-06-04,CANCELLED,0,1400,CANCELLED,NA
A001179,I01185,U0455,U0870,GIVEAWAY,2026-05-24,2026-05-21,2026-05-24,COMPLETED,0,1500,COMPLETED,NA
A001180,I03118,U0989,U0182,SWAP,2025-09-26,2025-09-25,2025-09-26,COMPLETED,0,400,COMPLETED,NA
A001181,I04935,U0649,U0211,BORROW,2025-11-13,2025-11-09,2025-11-23,COMPLETED,10,1000,RETURNED,ON_TIME
A001182,I00253,U0129,U0076,GIVEAWAY,2026-05-02,2026-05-01,2026-05-02,COMPLETED,0,1700,COMPLETED,NA
A001183,I01748,U0378,U0129,BORROW,2026-07-17,2026-07-17,2026-08-07,COMPLETED,21,3050,RETURNED,ON_TIME
A001184,I00916,U0010,U0791,GIVEAWAY,2026-03-13,2026-03-09,2026-03-13,COMPLETED,0,400,COMPLETED,NA
A001185,I02547,U0906,U0288,GIVEAWAY,2026-02-18,2026-02-14,2026-02-18,COMPLETED,0,1750,COMPLETED,NA
A001186,I02985,U0883,U0677,GIVEAWAY,2026-04-07,2026-04-07,2026-04-07,COMPLETED,0,2200,COMPLETED,NA
A001187,I04574,U0727,U0589,BORROW,2026-06-26,2026-06-24,2026-07-03,COMPLETED,7,850,RETURNED,LATE
A001188,I01036,U0859,U0105,BORROW,2025-10-26,2025-10-25,2025-11-05,CANCELLED,10,550,CANCELLED,PENDING
A001189,I01231,U0290,U0541,SELL,2026-01-01,2025-12-29,2026-01-01,COMPLETED,0,850,COMPLETED,NA
A001190,I03978,U0769,U0138,SELL,2026-01-17,2026-01-14,2026-01-17,COMPLETED,0,400,COMPLETED,NA
A001191,I01022,U0528,U0587,SWAP,2025-10-13,2025-10-11,2025-10-13,COMPLETED,0,4050,COMPLETED,NA
A001192,I00017,U0890,U0021,SELL,2025-11-01,2025-10-30,2025-11-01,COMPLETED,0,1450,COMPLETED,NA
A001193,I01426,U0751,U0215,SELL,2025-10-25,2025-10-23,2025-10-25,COMPLETED,0,800,COMPLETED,NA
A001194,I04096,U0012,U0481,SELL,2026-05-06,2026-05-06,2026-05-06,COMPLETED,0,350,COMPLETED,NA
A001195,I03100,U0362,U0048,BORROW,2026-05-22,2026-05-19,2026-05-29,COMPLETED,7,1450,RETURNED,LATE
A001196,I03154,U0764,U0238,BORROW,2025-10-17,2025-10-17,2025-10-31,COMPLETED,14,1650,RETURNED,ON_TIME
A001197,I01867,U0507,U0684,BORROW,2026-02-07,2026-02-04,2026-02-09,COMPLETED,2,2400,RETURNED,ON_TIME
A001198,I01319,U0132,U0247,GIVEAWAY,2026-05-13,2026-05-10,2026-05-13,COMPLETED,0,1800,COMPLETED,NA
A001199,I01998,U0771,U0720,BORROW,2026-05-22,2026-05-18,2026-06-01,COMPLETED,10,400,RETURNED,ON_TIME
A001200,I04791,U0273,U0261,BORROW,2026-02-21,2026-02-21,2026-02-28,COMPLETED,7,1700,RETURNED,ON_TIME
A001201,I01216,U0778,U0312,BORROW,2026-07-11,2026-07-08,2026-07-16,ACTIVE,5,500,NOT_RETURNED,PENDING
A001202,I04540,U0418,U0459,BORROW,2026-06-02,2026-06-01,2026-06-05,COMPLETED,3,1650,RETURNED,ON_TIME
A001203,I01882,U0400,U0626,BORROW,2026-04-03,2026-04-02,2026-04-06,COMPLETED,3,650,RETURNED,ON_TIME
A001204,I03754,U0233,U0225,SELL,2026-06-08,2026-06-06,2026-06-08,COMPLETED,0,1800,COMPLETED,NA
A001205,I02231,U0989,U0130,GIVEAWAY,2026-03-10,2026-03-08,2026-03-10,COMPLETED,0,950,COMPLETED,NA
A001206,I04668,U0192,U0149,GIVEAWAY,2026-01-03,2026-01-01,2026-01-03,COMPLETED,0,300,COMPLETED,NA
A001207,I00361,U0167,U0386,SWAP,2026-03-11,2026-03-09,2026-03-11,COMPLETED,0,2300,COMPLETED,NA
A001208,I02774,U0505,U0531,BORROW,2025-12-21,2025-12-20,2025-12-23,COMPLETED,2,300,RETURNED,ON_TIME
A001209,I01099,U0485,U0694,SWAP,2026-01-14,2026-01-12,2026-01-14,COMPLETED,0,1350,COMPLETED,NA
A001210,I02385,U0793,U0453,SWAP,2025-09-04,2025-09-04,2025-09-04,COMPLETED,0,950,COMPLETED,NA
A001211,I01911,U0160,U0081,SWAP,2026-04-19,2026-04-19,2026-04-19,COMPLETED,0,1300,COMPLETED,NA
A001212,I03836,U0204,U0061,BORROW,2026-05-24,2026-05-24,2026-05-29,COMPLETED,5,2750,RETURNED,ON_TIME
A001213,I04814,U0239,U0260,GIVEAWAY,2025-11-20,2025-11-20,2025-11-20,COMPLETED,0,600,COMPLETED,NA
A001214,I00280,U0433,U0603,GIVEAWAY,2025-09-03,2025-09-01,2025-09-03,COMPLETED,0,1400,COMPLETED,NA
A001215,I03771,U0544,U0965,GIVEAWAY,2026-02-03,2026-02-03,2026-02-03,COMPLETED,0,1850,COMPLETED,NA
A001216,I03074,U0406,U0544,SELL,2026-05-15,2026-05-14,2026-05-15,COMPLETED,0,1150,COMPLETED,NA
A001217,I01249,U0979,U0483,BORROW,2025-12-09,2025-12-05,2025-12-19,COMPLETED,10,500,RETURNED,ON_TIME
A001218,I02195,U0214,U0241,BORROW,2026-06-19,2026-06-17,2026-06-26,COMPLETED,7,550,RETURNED,ON_TIME
A001219,I03509,U0759,U0838,GIVEAWAY,2026-05-19,2026-05-19,2026-05-19,COMPLETED,0,4750,COMPLETED,NA
A001220,I03370,U0471,U0278,BORROW,2026-06-16,2026-06-13,2026-06-19,CANCELLED,3,400,CANCELLED,PENDING
A001221,I04725,U0441,U0280,BORROW,2025-10-16,2025-10-12,2025-10-19,COMPLETED,3,2000,RETURNED,ON_TIME
A001222,I00641,U0256,U0590,SELL,2026-02-27,2026-02-24,2026-02-27,COMPLETED,0,1200,COMPLETED,NA
A001223,I03287,U0056,U0823,BORROW,2025-10-24,2025-10-20,2025-10-26,COMPLETED,2,1500,RETURNED,ON_TIME
A001224,I02046,U0426,U0819,SELL,2026-05-11,2026-05-10,2026-05-11,COMPLETED,0,2000,COMPLETED,NA
A001225,I01377,U0044,U0025,BORROW,2026-06-26,2026-06-25,2026-07-17,ACTIVE,21,1350,NOT_RETURNED,PENDING
A001226,I01109,U0707,U0702,SELL,2026-01-01,2025-12-29,2026-01-01,COMPLETED,0,3550,COMPLETED,NA
A001227,I01391,U0612,U0166,BORROW,2026-07-16,2026-07-16,2026-08-06,COMPLETED,21,1050,RETURNED,ON_TIME
A001228,I03160,U0167,U0804,BORROW,2026-05-11,2026-05-10,2026-06-01,ACTIVE,21,400,NOT_RETURNED,PENDING
A001229,I00282,U0396,U0314,BORROW,2026-04-14,2026-04-14,2026-04-21,COMPLETED,7,650,RETURNED,ON_TIME
A001230,I04847,U0887,U0896,BORROW,2025-09-02,2025-08-31,2025-09-16,CANCELLED,14,600,CANCELLED,PENDING
A001231,I01798,U0666,U0883,GIVEAWAY,2025-12-16,2025-12-13,2025-12-16,COMPLETED,0,1550,COMPLETED,NA
A001232,I02508,U0519,U0722,BORROW,2025-12-05,2025-12-05,2025-12-10,COMPLETED,5,350,RETURNED,ON_TIME
A001233,I03421,U0278,U0412,SWAP,2026-04-10,2026-04-08,2026-04-10,COMPLETED,0,2200,COMPLETED,NA
A001234,I02657,U0369,U0111,GIVEAWAY,2025-11-21,2025-11-21,2025-11-21,COMPLETED,0,1150,COMPLETED,NA
A001235,I04703,U0151,U0155,GIVEAWAY,2026-06-17,2026-06-16,2026-06-17,COMPLETED,0,450,COMPLETED,NA
A001236,I01173,U0776,U0842,BORROW,2026-04-14,2026-04-10,2026-04-16,COMPLETED,2,2300,RETURNED,ON_TIME
A001237,I02619,U0435,U0440,BORROW,2026-03-31,2026-03-28,2026-04-03,COMPLETED,3,1850,RETURNED,ON_TIME
A001238,I04972,U0766,U0688,SWAP,2026-02-25,2026-02-21,2026-02-25,COMPLETED,0,1900,COMPLETED,NA
A001239,I01167,U0272,U0344,GIVEAWAY,2025-11-10,2025-11-07,2025-11-10,COMPLETED,0,1800,COMPLETED,NA
A001240,I00681,U0905,U0648,SWAP,2026-06-23,2026-06-19,2026-06-23,COMPLETED,0,850,COMPLETED,NA
A001241,I03701,U0744,U0084,GIVEAWAY,2026-01-27,2026-01-25,2026-01-27,COMPLETED,0,600,COMPLETED,NA
A001242,I04765,U0071,U0099,BORROW,2025-10-21,2025-10-20,2025-10-26,COMPLETED,5,100,RETURNED,LATE
A001243,I02580,U0915,U0558,BORROW,2026-02-13,2026-02-10,2026-02-20,COMPLETED,7,1550,RETURNED,ON_TIME
A001244,I04198,U0536,U0198,BORROW,2026-07-18,2026-07-15,2026-07-28,CANCELLED,10,600,CANCELLED,PENDING
A001245,I00034,U0286,U0516,SWAP,2026-04-08,2026-04-05,2026-04-08,COMPLETED,0,750,COMPLETED,NA
A001246,I00833,U0338,U0422,SWAP,2026-04-23,2026-04-20,2026-04-23,COMPLETED,0,600,COMPLETED,NA
A001247,I04303,U0767,U0075,BORROW,2025-09-08,2025-09-04,2025-09-10,COMPLETED,2,1550,RETURNED,LATE
A001248,I04029,U0615,U0235,GIVEAWAY,2026-03-05,2026-03-03,2026-03-05,COMPLETED,0,1850,COMPLETED,NA
A001249,I00358,U0790,U0444,GIVEAWAY,2026-01-12,2026-01-10,2026-01-12,COMPLETED,0,1550,COMPLETED,NA
A001250,I03845,U1000,U0182,SELL,2026-05-09,2026-05-08,2026-05-09,COMPLETED,0,1050,COMPLETED,NA
A001251,I01150,U0788,U0133,BORROW,2026-01-03,2025-12-30,2026-01-05,COMPLETED,2,450,RETURNED,ON_TIME
A001252,I04994,U0423,U0132,SELL,2026-06-27,2026-06-26,2026-06-27,COMPLETED,0,900,COMPLETED,NA
A001253,I02828,U0334,U0861,SWAP,2026-01-05,2026-01-01,2026-01-05,COMPLETED,0,1550,COMPLETED,NA
A001254,I03876,U0176,U0200,BORROW,2025-09-30,2025-09-26,2025-10-03,COMPLETED,3,600,RETURNED,ON_TIME
A001255,I04271,U0342,U0362,SELL,2026-05-23,2026-05-23,2026-05-23,COMPLETED,0,1000,COMPLETED,NA
A001256,I03866,U0087,U0200,GIVEAWAY,2025-09-24,2025-09-22,2025-09-24,COMPLETED,0,2300,COMPLETED,NA
A001257,I04961,U0018,U0309,GIVEAWAY,2026-06-18,2026-06-14,2026-06-18,COMPLETED,0,1200,COMPLETED,NA
A001258,I02914,U0760,U0446,BORROW,2026-05-14,2026-05-10,2026-06-04,COMPLETED,21,750,RETURNED,ON_TIME
A001259,I04638,U0665,U0212,SELL,2026-05-25,2026-05-21,2026-05-25,COMPLETED,0,400,COMPLETED,NA
A001260,I01952,U0234,U0896,SELL,2026-03-26,2026-03-23,2026-03-26,COMPLETED,0,4750,COMPLETED,NA
A001261,I02514,U0806,U0005,SELL,2026-05-23,2026-05-23,2026-05-23,COMPLETED,0,1950,COMPLETED,NA
A001262,I00757,U0764,U0626,BORROW,2026-03-21,2026-03-19,2026-04-11,COMPLETED,21,1600,RETURNED,ON_TIME
A001263,I02069,U0767,U0898,GIVEAWAY,2026-05-29,2026-05-28,2026-05-29,COMPLETED,0,1350,COMPLETED,NA
A001264,I03535,U0303,U0805,GIVEAWAY,2026-02-06,2026-02-03,2026-02-06,COMPLETED,0,50,COMPLETED,NA
A001265,I03456,U0131,U0299,SELL,2026-04-20,2026-04-16,2026-04-20,COMPLETED,0,1600,COMPLETED,NA
A001266,I01484,U0991,U0168,BORROW,2026-01-23,2026-01-23,2026-01-26,COMPLETED,3,650,RETURNED,ON_TIME
A001267,I00438,U0082,U0137,BORROW,2025-11-15,2025-11-13,2025-11-20,CANCELLED,5,250,CANCELLED,PENDING
A001268,I01223,U0982,U0498,SELL,2026-04-25,2026-04-21,2026-04-25,CANCELLED,0,200,CANCELLED,NA
A001269,I03382,U0967,U0312,BORROW,2026-02-26,2026-02-24,2026-03-08,COMPLETED,10,2350,RETURNED,ON_TIME
A001270,I01981,U0538,U0671,BORROW,2026-04-09,2026-04-07,2026-04-14,ACTIVE,5,2800,NOT_RETURNED,PENDING
A001271,I00837,U0504,U0351,BORROW,2026-05-17,2026-05-13,2026-05-19,ACTIVE,2,400,NOT_RETURNED,PENDING
A001272,I01316,U0656,U0096,BORROW,2026-04-26,2026-04-23,2026-04-29,COMPLETED,3,1450,RETURNED,ON_TIME
A001273,I03988,U0914,U0099,SWAP,2026-04-14,2026-04-11,2026-04-14,COMPLETED,0,1300,COMPLETED,NA
A001274,I02166,U0028,U0716,BORROW,2025-10-19,2025-10-15,2025-10-26,COMPLETED,7,1000,RETURNED,ON_TIME
A001275,I03208,U0866,U0402,BORROW,2026-05-05,2026-05-05,2026-05-19,CANCELLED,14,1400,CANCELLED,PENDING
A001276,I04868,U0343,U0872,GIVEAWAY,2026-05-30,2026-05-28,2026-05-30,COMPLETED,0,2600,COMPLETED,NA
A001277,I04454,U0247,U0099,BORROW,2025-12-07,2025-12-03,2025-12-28,COMPLETED,21,1200,RETURNED,ON_TIME
A001278,I03805,U0144,U0132,GIVEAWAY,2026-04-27,2026-04-26,2026-04-27,COMPLETED,0,50,COMPLETED,NA
A001279,I01665,U0278,U0448,BORROW,2026-04-13,2026-04-09,2026-05-04,COMPLETED,21,1650,RETURNED,ON_TIME
A001280,I03553,U0030,U0811,BORROW,2026-05-28,2026-05-24,2026-05-30,ACTIVE,2,1900,NOT_RETURNED,PENDING
A001281,I00099,U0085,U0236,BORROW,2026-06-01,2026-05-28,2026-06-11,COMPLETED,10,1800,RETURNED,ON_TIME
A001282,I03308,U0177,U0039,BORROW,2025-11-15,2025-11-13,2025-11-18,COMPLETED,3,1850,RETURNED,ON_TIME
A001283,I02627,U0300,U0604,GIVEAWAY,2025-11-07,2025-11-05,2025-11-07,COMPLETED,0,1050,COMPLETED,NA
A001284,I04100,U0501,U0023,BORROW,2026-02-05,2026-02-05,2026-02-08,COMPLETED,3,600,RETURNED,LATE
A001285,I04766,U0958,U0240,SWAP,2026-07-27,2026-07-27,2026-07-27,COMPLETED,0,1650,COMPLETED,NA
A001286,I00420,U0402,U0965,GIVEAWAY,2025-09-07,2025-09-04,2025-09-07,COMPLETED,0,1500,COMPLETED,NA
A001287,I01560,U0878,U0779,BORROW,2025-10-23,2025-10-22,2025-10-28,COMPLETED,5,1650,RETURNED,ON_TIME
A001288,I01817,U0923,U0349,GIVEAWAY,2025-11-28,2025-11-26,2025-11-28,COMPLETED,0,1550,COMPLETED,NA
A001289,I02685,U0213,U0081,GIVEAWAY,2025-09-21,2025-09-20,2025-09-21,CANCELLED,0,900,CANCELLED,NA
A001290,I02782,U0262,U0204,GIVEAWAY,2025-10-09,2025-10-09,2025-10-09,COMPLETED,0,2750,COMPLETED,NA
A001291,I00960,U0618,U0917,SWAP,2025-12-08,2025-12-06,2025-12-08,COMPLETED,0,1350,COMPLETED,NA
A001292,I00238,U0344,U0661,BORROW,2026-04-02,2026-03-29,2026-04-07,OVERDUE,5,450,NOT_RETURNED,LATE
A001293,I03829,U0107,U0758,GIVEAWAY,2026-06-08,2026-06-05,2026-06-08,COMPLETED,0,1500,COMPLETED,NA
A001294,I01576,U0013,U0304,BORROW,2025-12-08,2025-12-04,2025-12-22,COMPLETED,14,250,RETURNED,ON_TIME
A001295,I01345,U0899,U0546,SWAP,2025-12-23,2025-12-21,2025-12-23,COMPLETED,0,100,COMPLETED,NA
A001296,I01019,U0443,U0182,SELL,2025-12-18,2025-12-15,2025-12-18,COMPLETED,0,5450,COMPLETED,NA
A001297,I01474,U0246,U0179,BORROW,2025-11-02,2025-10-31,2025-11-23,COMPLETED,21,1900,RETURNED,ON_TIME
A001298,I00298,U0527,U0042,BORROW,2025-10-31,2025-10-30,2025-11-07,COMPLETED,7,1100,RETURNED,ON_TIME
A001299,I04850,U0071,U0240,GIVEAWAY,2026-03-04,2026-03-01,2026-03-04,COMPLETED,0,550,COMPLETED,NA
A001300,I01822,U0028,U0161,BORROW,2026-07-07,2026-07-06,2026-07-12,COMPLETED,5,2400,RETURNED,ON_TIME
A001301,I03547,U0741,U0905,BORROW,2025-10-17,2025-10-14,2025-10-31,ACTIVE,14,600,NOT_RETURNED,PENDING
A001302,I04428,U0059,U0943,SELL,2025-11-15,2025-11-14,2025-11-15,COMPLETED,0,450,COMPLETED,NA
A001303,I01880,U0529,U0080,BORROW,2026-05-28,2026-05-26,2026-06-07,COMPLETED,10,450,RETURNED,ON_TIME
A001304,I01545,U0096,U0875,BORROW,2026-04-26,2026-04-23,2026-04-29,COMPLETED,3,900,RETURNED,ON_TIME
A001305,I01924,U0841,U0640,GIVEAWAY,2026-07-08,2026-07-07,2026-07-08,COMPLETED,0,2000,COMPLETED,NA
A001306,I04148,U0575,U0093,GIVEAWAY,2025-11-24,2025-11-24,2025-11-24,CANCELLED,0,2700,CANCELLED,NA
A001307,I00951,U0500,U0041,BORROW,2025-10-04,2025-09-30,2025-10-07,COMPLETED,3,1650,RETURNED,ON_TIME
A001308,I03932,U0847,U0345,SWAP,2025-09-22,2025-09-18,2025-09-22,COMPLETED,0,4100,COMPLETED,NA
A001309,I00992,U0019,U0058,SELL,2026-01-11,2026-01-08,2026-01-11,COMPLETED,0,4300,COMPLETED,NA
A001310,I00965,U0968,U0256,SWAP,2026-04-10,2026-04-06,2026-04-10,COMPLETED,0,1850,COMPLETED,NA
A001311,I00260,U0825,U0162,BORROW,2026-01-27,2026-01-26,2026-01-30,COMPLETED,3,400,RETURNED,ON_TIME
A001312,I02745,U0078,U0512,SELL,2026-07-19,2026-07-18,2026-07-19,COMPLETED,0,1050,COMPLETED,NA
A001313,I01351,U0468,U0246,SWAP,2026-06-04,2026-06-04,2026-06-04,COMPLETED,0,3200,COMPLETED,NA
A001314,I00057,U0957,U0393,BORROW,2025-11-24,2025-11-23,2025-11-29,COMPLETED,5,950,RETURNED,ON_TIME
A001315,I01747,U0102,U0600,GIVEAWAY,2026-03-21,2026-03-17,2026-03-21,COMPLETED,0,1200,COMPLETED,NA
A001316,I01773,U0868,U0318,BORROW,2025-12-08,2025-12-04,2025-12-29,COMPLETED,21,2200,RETURNED,ON_TIME
A001317,I01403,U0475,U0880,BORROW,2025-11-01,2025-11-01,2025-11-22,COMPLETED,21,650,RETURNED,LATE
A001318,I00641,U0764,U0590,GIVEAWAY,2025-12-02,2025-11-30,2025-12-02,COMPLETED,0,1200,COMPLETED,NA
A001319,I00556,U0325,U0098,BORROW,2026-02-05,2026-02-02,2026-02-12,COMPLETED,7,250,RETURNED,ON_TIME
A001320,I00552,U0761,U0214,SELL,2026-01-31,2026-01-30,2026-01-31,COMPLETED,0,600,COMPLETED,NA
A001321,I00668,U0226,U0958,SELL,2025-10-18,2025-10-15,2025-10-18,COMPLETED,0,3450,COMPLETED,NA
A001322,I02685,U0344,U0081,BORROW,2026-07-22,2026-07-20,2026-08-12,ACTIVE,21,900,NOT_RETURNED,PENDING
A001323,I02626,U0187,U0341,BORROW,2025-12-31,2025-12-27,2026-01-02,COMPLETED,2,500,RETURNED,ON_TIME
A001324,I01389,U0432,U0048,SWAP,2025-12-01,2025-11-28,2025-12-01,COMPLETED,0,1000,COMPLETED,NA
A001325,I01966,U0761,U0991,BORROW,2026-05-17,2026-05-16,2026-05-31,COMPLETED,14,600,RETURNED,ON_TIME
A001326,I04668,U0412,U0149,SWAP,2026-04-20,2026-04-17,2026-04-20,COMPLETED,0,300,COMPLETED,NA
A001327,I00009,U0432,U0416,BORROW,2026-01-27,2026-01-27,2026-02-01,COMPLETED,5,1850,RETURNED,ON_TIME
A001328,I03205,U0096,U0559,BORROW,2025-11-24,2025-11-22,2025-11-27,ACTIVE,3,50,NOT_RETURNED,PENDING
A001329,I03122,U0952,U0708,SELL,2026-06-17,2026-06-13,2026-06-17,COMPLETED,0,6400,COMPLETED,NA
A001330,I00494,U0698,U0135,BORROW,2026-03-28,2026-03-28,2026-03-31,COMPLETED,3,550,RETURNED,ON_TIME
A001331,I02162,U0435,U0056,GIVEAWAY,2026-02-19,2026-02-15,2026-02-19,COMPLETED,0,3500,COMPLETED,NA
A001332,I04811,U0458,U0504,GIVEAWAY,2026-02-20,2026-02-18,2026-02-20,COMPLETED,0,900,COMPLETED,NA
A001333,I03556,U0352,U0845,SWAP,2026-03-06,2026-03-04,2026-03-06,COMPLETED,0,400,COMPLETED,NA
A001334,I04250,U0128,U0398,GIVEAWAY,2026-01-28,2026-01-28,2026-01-28,COMPLETED,0,200,COMPLETED,NA
A001335,I00724,U0051,U0475,BORROW,2026-01-20,2026-01-19,2026-01-23,COMPLETED,3,1500,RETURNED,ON_TIME
A001336,I01505,U0690,U0540,SWAP,2026-05-08,2026-05-08,2026-05-08,COMPLETED,0,1250,COMPLETED,NA
A001337,I01580,U0174,U0347,SWAP,2026-05-17,2026-05-14,2026-05-17,COMPLETED,0,750,COMPLETED,NA
A001338,I04896,U0848,U0380,SWAP,2026-03-01,2026-02-27,2026-03-01,COMPLETED,0,1400,COMPLETED,NA
A001339,I01191,U0062,U0910,GIVEAWAY,2026-02-14,2026-02-14,2026-02-14,CANCELLED,0,1350,CANCELLED,NA
A001340,I01452,U0585,U0229,GIVEAWAY,2025-11-03,2025-11-02,2025-11-03,COMPLETED,0,350,COMPLETED,NA
A001341,I00069,U0229,U0460,BORROW,2025-11-25,2025-11-25,2025-11-28,COMPLETED,3,2150,RETURNED,ON_TIME
A001342,I03800,U0630,U0893,BORROW,2026-03-13,2026-03-12,2026-03-15,COMPLETED,2,300,RETURNED,ON_TIME
A001343,I03212,U0787,U0210,BORROW,2026-05-03,2026-05-03,2026-05-10,ACTIVE,7,3900,NOT_RETURNED,PENDING
A001344,I01419,U0130,U0794,SWAP,2025-11-13,2025-11-13,2025-11-13,COMPLETED,0,1050,COMPLETED,NA
A001345,I02218,U0192,U0934,BORROW,2026-02-18,2026-02-16,2026-02-20,COMPLETED,2,550,RETURNED,ON_TIME
A001346,I01482,U0789,U0088,BORROW,2026-04-09,2026-04-06,2026-04-30,COMPLETED,21,250,RETURNED,ON_TIME
A001347,I03669,U0689,U0915,BORROW,2026-07-10,2026-07-08,2026-07-13,COMPLETED,3,1300,RETURNED,ON_TIME
A001348,I01336,U0808,U0753,BORROW,2026-05-19,2026-05-19,2026-05-24,COMPLETED,5,700,RETURNED,ON_TIME
A001349,I01777,U0859,U0206,GIVEAWAY,2026-02-22,2026-02-22,2026-02-22,COMPLETED,0,1050,COMPLETED,NA
A001350,I04417,U0008,U0995,SWAP,2026-01-26,2026-01-26,2026-01-26,COMPLETED,0,600,COMPLETED,NA
A001351,I03845,U0197,U0182,BORROW,2026-04-05,2026-04-01,2026-04-19,OVERDUE,14,1050,NOT_RETURNED,LATE
A001352,I03338,U0871,U0510,BORROW,2026-06-28,2026-06-25,2026-07-12,COMPLETED,14,2500,RETURNED,ON_TIME
A001353,I01090,U0453,U0524,BORROW,2026-06-06,2026-06-03,2026-06-09,CANCELLED,3,1450,CANCELLED,PENDING
A001354,I02276,U0046,U0892,GIVEAWAY,2026-01-05,2026-01-04,2026-01-05,COMPLETED,0,2700,COMPLETED,NA
A001355,I04198,U0171,U0198,BORROW,2026-06-30,2026-06-30,2026-07-14,ACTIVE,14,600,NOT_RETURNED,PENDING
A001356,I04042,U0670,U0235,SWAP,2026-03-11,2026-03-09,2026-03-11,COMPLETED,0,900,COMPLETED,NA
A001357,I04840,U0031,U0557,BORROW,2025-09-07,2025-09-03,2025-09-17,COMPLETED,10,700,RETURNED,ON_TIME
A001358,I03672,U0740,U0547,SELL,2026-06-07,2026-06-04,2026-06-07,COMPLETED,0,950,COMPLETED,NA
A001359,I04511,U0623,U0541,GIVEAWAY,2026-03-21,2026-03-19,2026-03-21,COMPLETED,0,1000,COMPLETED,NA
A001360,I00872,U0406,U0598,BORROW,2026-05-28,2026-05-25,2026-06-04,COMPLETED,7,2750,RETURNED,ON_TIME
A001361,I01987,U0041,U0497,BORROW,2025-09-26,2025-09-24,2025-09-29,CANCELLED,3,2250,CANCELLED,PENDING
A001362,I04630,U0285,U0942,BORROW,2025-10-26,2025-10-24,2025-10-29,COMPLETED,3,850,RETURNED,ON_TIME
A001363,I02018,U0015,U0569,BORROW,2026-07-21,2026-07-19,2026-07-26,COMPLETED,5,2200,RETURNED,ON_TIME
A001364,I04558,U0560,U0448,BORROW,2025-10-07,2025-10-03,2025-10-14,ACTIVE,7,500,NOT_RETURNED,PENDING
A001365,I01161,U0421,U0878,SELL,2025-11-20,2025-11-20,2025-11-20,COMPLETED,0,800,COMPLETED,NA
A001366,I04348,U0512,U0918,BORROW,2026-01-03,2025-12-31,2026-01-05,COMPLETED,2,1550,RETURNED,LATE
A001367,I04280,U0654,U0109,BORROW,2025-11-11,2025-11-11,2025-11-14,COMPLETED,3,300,RETURNED,ON_TIME
A001368,I04675,U0582,U0230,SWAP,2026-05-02,2026-04-30,2026-05-02,COMPLETED,0,100,COMPLETED,NA
A001369,I01755,U0071,U0299,SELL,2026-05-16,2026-05-12,2026-05-16,COMPLETED,0,1150,COMPLETED,NA
A001370,I00384,U0678,U0812,BORROW,2026-07-25,2026-07-22,2026-08-01,OVERDUE,7,3000,NOT_RETURNED,LATE
A001371,I00692,U0954,U0765,GIVEAWAY,2025-09-05,2025-09-03,2025-09-05,COMPLETED,0,5950,COMPLETED,NA
A001372,I04233,U0172,U0585,GIVEAWAY,2026-01-14,2026-01-10,2026-01-14,COMPLETED,0,900,COMPLETED,NA
A001373,I03943,U0989,U0780,BORROW,2026-07-13,2026-07-11,2026-07-16,OVERDUE,3,600,NOT_RETURNED,LATE
A001374,I02147,U0924,U0630,SWAP,2026-02-21,2026-02-18,2026-02-21,COMPLETED,0,1500,COMPLETED,NA
A001375,I04164,U0700,U0968,GIVEAWAY,2025-11-18,2025-11-14,2025-11-18,COMPLETED,0,3300,COMPLETED,NA
A001376,I01285,U0799,U0422,BORROW,2026-03-08,2026-03-06,2026-03-18,COMPLETED,10,100,RETURNED,ON_TIME
A001377,I03308,U0463,U0039,SWAP,2025-10-11,2025-10-07,2025-10-11,COMPLETED,0,1850,COMPLETED,NA
A001378,I04746,U0295,U0163,GIVEAWAY,2025-09-16,2025-09-14,2025-09-16,COMPLETED,0,1350,COMPLETED,NA
A001379,I02125,U0179,U0589,SWAP,2025-11-30,2025-11-30,2025-11-30,COMPLETED,0,150,COMPLETED,NA
A001380,I03038,U0517,U0081,BORROW,2025-10-31,2025-10-29,2025-11-21,COMPLETED,21,2550,RETURNED,ON_TIME
A001381,I03316,U0143,U0101,BORROW,2026-04-26,2026-04-26,2026-05-06,ACTIVE,10,750,NOT_RETURNED,PENDING
A001382,I03628,U0932,U0366,SELL,2025-11-16,2025-11-14,2025-11-16,COMPLETED,0,950,COMPLETED,NA
A001383,I03718,U0117,U0253,SELL,2026-05-15,2026-05-11,2026-05-15,COMPLETED,0,1350,COMPLETED,NA
A001384,I04388,U0332,U0399,BORROW,2026-01-27,2026-01-23,2026-01-30,OVERDUE,3,3050,NOT_RETURNED,LATE
A001385,I01267,U0978,U0473,SELL,2026-06-12,2026-06-12,2026-06-12,CANCELLED,0,1100,CANCELLED,NA
A001386,I03932,U0024,U0345,BORROW,2026-07-13,2026-07-11,2026-07-27,COMPLETED,14,4100,RETURNED,ON_TIME
A001387,I02906,U0471,U0664,SWAP,2026-01-31,2026-01-27,2026-01-31,COMPLETED,0,1150,COMPLETED,NA
A001388,I03588,U0493,U0090,GIVEAWAY,2026-02-25,2026-02-24,2026-02-25,COMPLETED,0,300,COMPLETED,NA
A001389,I00857,U0306,U0387,BORROW,2026-02-02,2026-02-02,2026-02-07,COMPLETED,5,1650,RETURNED,ON_TIME
A001390,I04419,U0518,U0457,BORROW,2025-09-20,2025-09-20,2025-10-04,COMPLETED,14,1800,RETURNED,ON_TIME
A001391,I00766,U0210,U0797,GIVEAWAY,2026-05-30,2026-05-29,2026-05-30,COMPLETED,0,700,COMPLETED,NA
A001392,I01273,U0170,U0084,SWAP,2025-11-27,2025-11-24,2025-11-27,COMPLETED,0,950,COMPLETED,NA
A001393,I04196,U0678,U0787,BORROW,2025-12-27,2025-12-26,2026-01-06,COMPLETED,10,3400,RETURNED,ON_TIME
A001394,I04099,U0384,U0318,BORROW,2026-05-14,2026-05-10,2026-05-17,COMPLETED,3,550,RETURNED,ON_TIME
A001395,I01359,U0737,U0411,BORROW,2026-07-22,2026-07-18,2026-07-29,COMPLETED,7,1850,RETURNED,ON_TIME
A001396,I00899,U0270,U0867,SWAP,2026-06-02,2026-06-01,2026-06-02,COMPLETED,0,2000,COMPLETED,NA
A001397,I00983,U0821,U0480,SWAP,2025-11-27,2025-11-24,2025-11-27,COMPLETED,0,700,COMPLETED,NA
A001398,I04421,U0207,U0717,SWAP,2026-05-16,2026-05-14,2026-05-16,COMPLETED,0,1050,COMPLETED,NA
A001399,I01902,U0064,U0789,BORROW,2026-03-22,2026-03-20,2026-03-29,COMPLETED,7,650,RETURNED,LATE
A001400,I04638,U0579,U0212,GIVEAWAY,2025-10-31,2025-10-31,2025-10-31,CANCELLED,0,400,CANCELLED,NA
A001401,I03860,U0471,U0139,SELL,2025-11-28,2025-11-25,2025-11-28,COMPLETED,0,450,COMPLETED,NA
A001402,I00222,U0601,U0956,SELL,2026-02-04,2026-02-02,2026-02-04,CANCELLED,0,750,CANCELLED,NA
A001403,I04307,U0968,U0350,BORROW,2025-09-27,2025-09-25,2025-10-04,COMPLETED,7,1700,RETURNED,ON_TIME
A001404,I02913,U0921,U0229,GIVEAWAY,2026-06-02,2026-05-31,2026-06-02,COMPLETED,0,600,COMPLETED,NA
A001405,I01093,U0539,U0467,BORROW,2026-07-15,2026-07-14,2026-08-05,COMPLETED,21,1450,RETURNED,ON_TIME
A001406,I00504,U0131,U0797,BORROW,2025-09-01,2025-08-30,2025-09-08,COMPLETED,7,3750,RETURNED,ON_TIME
A001407,I04501,U0073,U0904,BORROW,2026-06-11,2026-06-09,2026-06-21,ACTIVE,10,2300,NOT_RETURNED,PENDING
A001408,I00932,U0059,U0608,GIVEAWAY,2025-09-08,2025-09-05,2025-09-08,COMPLETED,0,3900,COMPLETED,NA
A001409,I03144,U0194,U0047,BORROW,2025-09-10,2025-09-09,2025-09-20,ACTIVE,10,1300,NOT_RETURNED,PENDING
A001410,I00008,U0788,U0853,BORROW,2026-02-28,2026-02-24,2026-03-07,COMPLETED,7,2900,RETURNED,ON_TIME
A001411,I01642,U0085,U0422,SELL,2026-07-08,2026-07-05,2026-07-08,COMPLETED,0,3300,COMPLETED,NA
A001412,I00824,U0638,U0424,SWAP,2026-06-02,2026-05-30,2026-06-02,COMPLETED,0,750,COMPLETED,NA
A001413,I02028,U0471,U0869,BORROW,2026-01-03,2026-01-02,2026-01-06,COMPLETED,3,200,RETURNED,ON_TIME
A001414,I02268,U0277,U0771,SWAP,2026-04-05,2026-04-02,2026-04-05,COMPLETED,0,500,COMPLETED,NA
A001415,I04943,U0476,U0099,BORROW,2026-05-03,2026-05-01,2026-05-13,OVERDUE,10,450,NOT_RETURNED,LATE
A001416,I04251,U0597,U0285,SWAP,2026-07-22,2026-07-20,2026-07-22,COMPLETED,0,2050,COMPLETED,NA
A001417,I03283,U0868,U0120,SELL,2026-04-23,2026-04-21,2026-04-23,COMPLETED,0,1550,COMPLETED,NA
A001418,I01690,U0646,U0291,BORROW,2026-04-08,2026-04-07,2026-04-13,OVERDUE,5,400,NOT_RETURNED,LATE
A001419,I00959,U0094,U0098,SELL,2025-11-08,2025-11-08,2025-11-08,COMPLETED,0,2300,COMPLETED,NA
A001420,I04690,U0199,U0487,SWAP,2025-11-07,2025-11-05,2025-11-07,COMPLETED,0,1700,COMPLETED,NA
A001421,I01984,U0482,U0226,BORROW,2026-03-22,2026-03-21,2026-03-29,CANCELLED,7,750,CANCELLED,PENDING
A001422,I02784,U0714,U0213,SELL,2026-03-01,2026-02-27,2026-03-01,COMPLETED,0,2050,COMPLETED,NA
A001423,I00331,U0773,U0018,BORROW,2026-04-01,2026-04-01,2026-04-11,COMPLETED,10,1100,RETURNED,ON_TIME
A001424,I04026,U0961,U0369,BORROW,2026-03-12,2026-03-10,2026-04-02,COMPLETED,21,1950,RETURNED,ON_TIME
A001425,I00450,U0841,U0660,SWAP,2026-06-29,2026-06-28,2026-06-29,COMPLETED,0,1600,COMPLETED,NA
A001426,I03993,U0481,U0732,BORROW,2026-06-28,2026-06-26,2026-07-19,ACTIVE,21,2050,NOT_RETURNED,PENDING
A001427,I01244,U0135,U0265,BORROW,2026-01-27,2026-01-24,2026-02-17,COMPLETED,21,350,RETURNED,ON_TIME
A001428,I03171,U0361,U0151,SELL,2026-03-22,2026-03-19,2026-03-22,COMPLETED,0,1200,COMPLETED,NA
A001429,I01476,U0943,U0174,BORROW,2025-09-06,2025-09-04,2025-09-20,COMPLETED,14,2100,RETURNED,ON_TIME
A001430,I00062,U0597,U0004,BORROW,2026-03-27,2026-03-26,2026-04-01,OVERDUE,5,4000,NOT_RETURNED,LATE
A001431,I01847,U0407,U0748,SELL,2025-11-16,2025-11-13,2025-11-16,COMPLETED,0,1750,COMPLETED,NA
A001432,I01442,U0265,U0003,SWAP,2026-03-15,2026-03-14,2026-03-15,COMPLETED,0,6300,COMPLETED,NA
A001433,I00031,U0407,U0028,BORROW,2026-07-02,2026-06-30,2026-07-09,COMPLETED,7,1400,RETURNED,ON_TIME
A001434,I03465,U0352,U0145,BORROW,2025-11-27,2025-11-24,2025-12-18,COMPLETED,21,750,RETURNED,LATE
A001435,I02721,U0945,U0121,BORROW,2025-11-16,2025-11-14,2025-11-21,COMPLETED,5,1050,RETURNED,ON_TIME
A001436,I04173,U0208,U0548,SWAP,2026-07-05,2026-07-01,2026-07-05,COMPLETED,0,1550,COMPLETED,NA
A001437,I03230,U0097,U0420,SELL,2025-09-10,2025-09-06,2025-09-10,COMPLETED,0,150,COMPLETED,NA
A001438,I01004,U0851,U0378,GIVEAWAY,2026-07-21,2026-07-20,2026-07-21,COMPLETED,0,1000,COMPLETED,NA
A001439,I02155,U0397,U0159,SELL,2026-01-04,2026-01-04,2026-01-04,COMPLETED,0,100,COMPLETED,NA
A001440,I00586,U0304,U0941,SELL,2026-02-12,2026-02-09,2026-02-12,COMPLETED,0,250,COMPLETED,NA
A001441,I03757,U0222,U0708,BORROW,2026-05-27,2026-05-23,2026-06-03,COMPLETED,7,1850,RETURNED,ON_TIME
A001442,I00172,U0257,U0334,SELL,2026-04-24,2026-04-20,2026-04-24,COMPLETED,0,3000,COMPLETED,NA
A001443,I00890,U0087,U0566,BORROW,2025-11-22,2025-11-21,2025-12-02,COMPLETED,10,150,RETURNED,LATE
A001444,I00447,U0153,U0347,SWAP,2026-02-20,2026-02-17,2026-02-20,COMPLETED,0,1650,COMPLETED,NA
A001445,I00262,U0834,U0482,BORROW,2025-10-04,2025-10-04,2025-10-14,COMPLETED,10,1500,RETURNED,ON_TIME
A001446,I04578,U0418,U0676,GIVEAWAY,2026-07-01,2026-07-01,2026-07-01,CANCELLED,0,400,CANCELLED,NA
A001447,I02943,U0629,U0934,GIVEAWAY,2025-10-26,2025-10-22,2025-10-26,COMPLETED,0,2300,COMPLETED,NA
A001448,I04145,U0341,U0384,GIVEAWAY,2025-12-21,2025-12-21,2025-12-21,COMPLETED,0,1500,COMPLETED,NA
A001449,I00758,U0682,U0416,SWAP,2025-12-20,2025-12-17,2025-12-20,COMPLETED,0,1450,COMPLETED,NA
A001450,I01703,U0601,U0725,BORROW,2026-03-21,2026-03-20,2026-04-04,COMPLETED,14,400,RETURNED,ON_TIME
A001451,I01414,U0488,U0818,BORROW,2026-03-29,2026-03-25,2026-03-31,COMPLETED,2,650,RETURNED,ON_TIME
A001452,I04825,U0579,U0790,BORROW,2026-06-10,2026-06-07,2026-06-12,COMPLETED,2,50,RETURNED,ON_TIME
A001453,I04691,U0562,U0444,BORROW,2026-03-09,2026-03-08,2026-03-16,COMPLETED,7,800,RETURNED,ON_TIME
A001454,I02016,U0754,U0951,BORROW,2026-04-04,2026-04-03,2026-04-11,OVERDUE,7,1950,NOT_RETURNED,LATE
A001455,I00710,U0565,U0157,GIVEAWAY,2026-05-23,2026-05-22,2026-05-23,COMPLETED,0,650,COMPLETED,NA
A001456,I01717,U0324,U0937,GIVEAWAY,2025-10-28,2025-10-27,2025-10-28,COMPLETED,0,2850,COMPLETED,NA
A001457,I03991,U0423,U0054,SWAP,2025-11-06,2025-11-06,2025-11-06,COMPLETED,0,1900,COMPLETED,NA
A001458,I02687,U0875,U0188,BORROW,2026-02-22,2026-02-20,2026-03-15,COMPLETED,21,600,RETURNED,ON_TIME
A001459,I01580,U0430,U0347,BORROW,2026-03-24,2026-03-21,2026-04-07,COMPLETED,14,750,RETURNED,ON_TIME
A001460,I03777,U0280,U0846,SELL,2025-12-03,2025-11-29,2025-12-03,COMPLETED,0,1500,COMPLETED,NA
A001461,I04315,U0608,U0249,BORROW,2026-01-09,2026-01-06,2026-01-14,COMPLETED,5,200,RETURNED,ON_TIME
A001462,I04109,U0588,U0156,GIVEAWAY,2026-05-19,2026-05-15,2026-05-19,COMPLETED,0,5650,COMPLETED,NA
A001463,I00466,U0372,U0867,SWAP,2025-09-02,2025-09-01,2025-09-02,CANCELLED,0,200,CANCELLED,NA
A001464,I00165,U0312,U0965,GIVEAWAY,2025-11-12,2025-11-10,2025-11-12,COMPLETED,0,1750,COMPLETED,NA
A001465,I00518,U0926,U0580,GIVEAWAY,2026-05-10,2026-05-09,2026-05-10,COMPLETED,0,3350,COMPLETED,NA
A001466,I03348,U0427,U0581,SWAP,2026-02-27,2026-02-24,2026-02-27,COMPLETED,0,450,COMPLETED,NA
A001467,I02377,U0269,U0230,SWAP,2026-05-07,2026-05-07,2026-05-07,COMPLETED,0,2450,COMPLETED,NA
A001468,I03500,U0090,U0047,BORROW,2025-11-29,2025-11-27,2025-12-09,COMPLETED,10,600,RETURNED,LATE
A001469,I03601,U0783,U0320,BORROW,2025-12-30,2025-12-28,2026-01-02,COMPLETED,3,2100,RETURNED,ON_TIME
A001470,I01476,U0727,U0174,BORROW,2025-11-18,2025-11-17,2025-11-21,COMPLETED,3,2100,RETURNED,ON_TIME
A001471,I02408,U0294,U0702,BORROW,2026-03-17,2026-03-17,2026-03-19,COMPLETED,2,1100,RETURNED,ON_TIME
A001472,I00198,U0184,U0214,GIVEAWAY,2026-02-22,2026-02-18,2026-02-22,COMPLETED,0,550,COMPLETED,NA
A001473,I04590,U0046,U0257,SWAP,2026-01-20,2026-01-20,2026-01-20,COMPLETED,0,1650,COMPLETED,NA
A001474,I03678,U0628,U0170,GIVEAWAY,2025-10-26,2025-10-22,2025-10-26,COMPLETED,0,400,COMPLETED,NA
A001475,I03430,U0197,U0819,SWAP,2026-02-19,2026-02-17,2026-02-19,COMPLETED,0,350,COMPLETED,NA
A001476,I00585,U0059,U0287,BORROW,2026-06-10,2026-06-06,2026-06-20,COMPLETED,10,750,RETURNED,ON_TIME
A001477,I02087,U0037,U0130,GIVEAWAY,2026-01-04,2026-01-01,2026-01-04,COMPLETED,0,1100,COMPLETED,NA
A001478,I00931,U0373,U0450,SWAP,2025-09-26,2025-09-26,2025-09-26,COMPLETED,0,3400,COMPLETED,NA
A001479,I03424,U0101,U0154,SELL,2026-07-01,2026-06-27,2026-07-01,COMPLETED,0,1350,COMPLETED,NA
A001480,I03728,U0203,U0654,BORROW,2026-04-18,2026-04-18,2026-05-02,COMPLETED,14,1900,RETURNED,LATE
A001481,I02437,U0433,U0366,BORROW,2026-02-22,2026-02-20,2026-02-25,COMPLETED,3,2050,RETURNED,ON_TIME
A001482,I00784,U0497,U0078,GIVEAWAY,2026-01-01,2025-12-31,2026-01-01,COMPLETED,0,1450,COMPLETED,NA
A001483,I00204,U0204,U0143,SWAP,2026-04-25,2026-04-21,2026-04-25,COMPLETED,0,1850,COMPLETED,NA
A001484,I00242,U0798,U0871,SELL,2026-02-11,2026-02-09,2026-02-11,COMPLETED,0,6400,COMPLETED,NA
A001485,I02536,U0834,U0022,BORROW,2026-03-05,2026-03-01,2026-03-12,COMPLETED,7,500,RETURNED,ON_TIME
A001486,I04912,U0044,U0701,BORROW,2025-11-01,2025-10-29,2025-11-11,COMPLETED,10,1900,RETURNED,ON_TIME
A001487,I04638,U0739,U0212,BORROW,2026-02-20,2026-02-20,2026-03-02,COMPLETED,10,400,RETURNED,LATE
A001488,I03509,U0998,U0838,SWAP,2025-10-18,2025-10-17,2025-10-18,COMPLETED,0,4750,COMPLETED,NA
A001489,I02141,U0544,U0957,BORROW,2025-11-30,2025-11-28,2025-12-14,COMPLETED,14,850,RETURNED,ON_TIME
A001490,I02189,U0647,U0872,GIVEAWAY,2026-04-12,2026-04-10,2026-04-12,COMPLETED,0,5150,COMPLETED,NA
A001491,I03991,U0217,U0054,SWAP,2025-11-23,2025-11-22,2025-11-23,COMPLETED,0,1900,COMPLETED,NA
A001492,I00245,U0711,U0181,BORROW,2025-11-27,2025-11-26,2025-12-18,COMPLETED,21,2100,RETURNED,ON_TIME
A001493,I00529,U0509,U0961,GIVEAWAY,2026-01-28,2026-01-25,2026-01-28,COMPLETED,0,1300,COMPLETED,NA
A001494,I03847,U0305,U0345,BORROW,2026-02-03,2026-02-03,2026-02-05,COMPLETED,2,1750,RETURNED,ON_TIME
A001495,I03188,U0066,U0548,BORROW,2025-09-13,2025-09-12,2025-10-04,ACTIVE,21,3200,NOT_RETURNED,PENDING
A001496,I04228,U0716,U0596,SWAP,2025-10-19,2025-10-19,2025-10-19,CANCELLED,0,1000,CANCELLED,NA
A001497,I00345,U0899,U0971,GIVEAWAY,2026-01-09,2026-01-09,2026-01-09,COMPLETED,0,1000,COMPLETED,NA
A001498,I00690,U0397,U0502,GIVEAWAY,2026-01-08,2026-01-07,2026-01-08,COMPLETED,0,1750,COMPLETED,NA
A001499,I01814,U0997,U0717,BORROW,2026-02-03,2026-02-02,2026-02-24,COMPLETED,21,1100,RETURNED,ON_TIME
A001500,I00408,U0191,U0742,BORROW,2025-09-21,2025-09-21,2025-10-05,ACTIVE,14,300,NOT_RETURNED,PENDING
A001501,I01147,U0215,U0910,GIVEAWAY,2026-05-10,2026-05-06,2026-05-10,COMPLETED,0,2950,COMPLETED,NA
A001502,I03792,U0779,U0863,BORROW,2026-03-13,2026-03-13,2026-03-20,ACTIVE,7,750,NOT_RETURNED,PENDING
A001503,I04356,U0937,U0478,SWAP,2025-10-04,2025-09-30,2025-10-04,COMPLETED,0,1300,COMPLETED,NA
A001504,I02246,U0665,U0394,BORROW,2026-03-11,2026-03-11,2026-03-25,COMPLETED,14,1500,RETURNED,ON_TIME
A001505,I01621,U0506,U0444,SELL,2025-11-06,2025-11-05,2025-11-06,COMPLETED,0,1050,COMPLETED,NA
A001506,I01421,U0764,U0113,SWAP,2026-03-30,2026-03-29,2026-03-30,COMPLETED,0,750,COMPLETED,NA
A001507,I03421,U0289,U0412,BORROW,2026-04-02,2026-04-01,2026-04-05,COMPLETED,3,2200,RETURNED,ON_TIME
A001508,I04171,U0390,U0786,BORROW,2025-09-16,2025-09-13,2025-09-23,COMPLETED,7,2350,RETURNED,LATE
A001509,I03229,U0160,U0706,BORROW,2025-11-16,2025-11-14,2025-11-26,COMPLETED,10,1000,RETURNED,ON_TIME
A001510,I04314,U0680,U0627,BORROW,2026-05-26,2026-05-23,2026-06-09,COMPLETED,14,2100,RETURNED,ON_TIME
A001511,I04749,U0711,U0463,SELL,2026-01-13,2026-01-12,2026-01-13,COMPLETED,0,1400,COMPLETED,NA
A001512,I03326,U0156,U0613,BORROW,2025-12-03,2025-12-03,2025-12-06,ACTIVE,3,1600,NOT_RETURNED,PENDING
A001513,I04462,U0008,U0217,BORROW,2025-11-04,2025-11-02,2025-11-25,COMPLETED,21,750,RETURNED,ON_TIME
A001514,I01856,U0423,U0124,SWAP,2026-07-10,2026-07-06,2026-07-10,COMPLETED,0,1300,COMPLETED,NA
A001515,I04362,U0107,U0044,BORROW,2026-07-06,2026-07-05,2026-07-08,COMPLETED,2,500,RETURNED,ON_TIME
A001516,I01995,U0676,U0022,BORROW,2026-02-19,2026-02-15,2026-02-22,COMPLETED,3,900,RETURNED,ON_TIME
A001517,I02898,U0568,U0871,GIVEAWAY,2025-09-19,2025-09-18,2025-09-19,COMPLETED,0,400,COMPLETED,NA
A001518,I00905,U0253,U0548,BORROW,2025-09-20,2025-09-19,2025-09-23,ACTIVE,3,600,NOT_RETURNED,PENDING
A001519,I01050,U0911,U0502,SELL,2026-02-09,2026-02-05,2026-02-09,COMPLETED,0,1650,COMPLETED,NA
A001520,I00154,U0318,U0506,SWAP,2026-02-26,2026-02-22,2026-02-26,COMPLETED,0,2450,COMPLETED,NA
A001521,I01014,U0485,U0408,SWAP,2026-06-22,2026-06-18,2026-06-22,COMPLETED,0,1100,COMPLETED,NA
A001522,I01543,U0878,U0090,SWAP,2026-02-12,2026-02-11,2026-02-12,COMPLETED,0,2350,COMPLETED,NA
A001523,I00711,U0166,U0988,GIVEAWAY,2025-10-26,2025-10-26,2025-10-26,COMPLETED,0,900,COMPLETED,NA
A001524,I00759,U0932,U0009,SWAP,2026-06-13,2026-06-11,2026-06-13,COMPLETED,0,1150,COMPLETED,NA
A001525,I04186,U0907,U0529,BORROW,2026-06-17,2026-06-14,2026-06-19,COMPLETED,2,650,RETURNED,ON_TIME
A001526,I02582,U0218,U0007,BORROW,2026-03-12,2026-03-10,2026-03-14,COMPLETED,2,6950,RETURNED,ON_TIME
A001527,I01010,U0750,U0748,SWAP,2025-10-26,2025-10-22,2025-10-26,COMPLETED,0,350,COMPLETED,NA
A001528,I04264,U0854,U0605,BORROW,2026-04-23,2026-04-23,2026-04-28,OVERDUE,5,2050,NOT_RETURNED,LATE
A001529,I02845,U0711,U0702,BORROW,2025-10-06,2025-10-06,2025-10-13,ACTIVE,7,50,NOT_RETURNED,PENDING
A001530,I03746,U0477,U0823,GIVEAWAY,2025-09-16,2025-09-15,2025-09-16,COMPLETED,0,3250,COMPLETED,NA
A001531,I00886,U0732,U0642,SELL,2026-01-26,2026-01-26,2026-01-26,COMPLETED,0,450,COMPLETED,NA
A001532,I03826,U0427,U0005,SWAP,2025-10-30,2025-10-29,2025-10-30,COMPLETED,0,700,COMPLETED,NA
A001533,I02290,U0037,U0802,BORROW,2026-07-23,2026-07-20,2026-07-25,COMPLETED,2,650,RETURNED,ON_TIME
A001534,I02617,U0518,U0019,BORROW,2026-03-08,2026-03-06,2026-03-22,COMPLETED,14,2100,RETURNED,LATE
A001535,I04307,U0262,U0350,BORROW,2025-11-02,2025-10-31,2025-11-07,COMPLETED,5,1700,RETURNED,ON_TIME
A001536,I03024,U0835,U0260,BORROW,2025-09-21,2025-09-20,2025-10-01,COMPLETED,10,900,RETURNED,ON_TIME
A001537,I02926,U0693,U0475,GIVEAWAY,2026-01-07,2026-01-05,2026-01-07,COMPLETED,0,400,COMPLETED,NA
A001538,I04281,U0161,U0382,SWAP,2025-11-23,2025-11-19,2025-11-23,COMPLETED,0,950,COMPLETED,NA
A001539,I04964,U0268,U0981,BORROW,2025-11-08,2025-11-08,2025-11-22,COMPLETED,14,650,RETURNED,ON_TIME
A001540,I03661,U0572,U0087,BORROW,2025-11-01,2025-10-30,2025-11-06,COMPLETED,5,1000,RETURNED,ON_TIME
A001541,I00025,U0185,U0398,BORROW,2026-06-24,2026-06-20,2026-07-15,COMPLETED,21,150,RETURNED,ON_TIME
A001542,I01311,U0975,U0862,GIVEAWAY,2025-10-05,2025-10-02,2025-10-05,COMPLETED,0,1300,COMPLETED,NA
A001543,I04120,U0914,U0277,SWAP,2026-06-24,2026-06-20,2026-06-24,COMPLETED,0,650,COMPLETED,NA
A001544,I02520,U0481,U0236,BORROW,2025-10-14,2025-10-13,2025-10-17,COMPLETED,3,1250,RETURNED,ON_TIME
A001545,I01374,U0414,U0375,SELL,2026-04-26,2026-04-24,2026-04-26,COMPLETED,0,1400,COMPLETED,NA
A001546,I03323,U0222,U0728,BORROW,2026-04-16,2026-04-15,2026-05-07,COMPLETED,21,250,RETURNED,ON_TIME
A001547,I04696,U0589,U0726,SELL,2026-01-10,2026-01-09,2026-01-10,COMPLETED,0,650,COMPLETED,NA
A001548,I04495,U0602,U0512,SELL,2025-09-24,2025-09-22,2025-09-24,COMPLETED,0,100,COMPLETED,NA
A001549,I04183,U0311,U0512,BORROW,2025-10-13,2025-10-09,2025-10-23,COMPLETED,10,850,RETURNED,ON_TIME
A001550,I03938,U0303,U0627,GIVEAWAY,2026-02-25,2026-02-24,2026-02-25,COMPLETED,0,1000,COMPLETED,NA
A001551,I00749,U0530,U0406,GIVEAWAY,2026-05-16,2026-05-15,2026-05-16,COMPLETED,0,5400,COMPLETED,NA
A001552,I01523,U0171,U0428,SWAP,2026-04-20,2026-04-16,2026-04-20,COMPLETED,0,650,COMPLETED,NA
A001553,I03735,U0599,U0331,GIVEAWAY,2025-09-04,2025-09-02,2025-09-04,COMPLETED,0,750,COMPLETED,NA
A001554,I04189,U0468,U0860,SWAP,2025-11-27,2025-11-26,2025-11-27,COMPLETED,0,850,COMPLETED,NA
A001555,I02631,U0276,U0400,SELL,2026-04-02,2026-04-02,2026-04-02,COMPLETED,0,1000,COMPLETED,NA
A001556,I01924,U0732,U0640,GIVEAWAY,2026-01-27,2026-01-23,2026-01-27,COMPLETED,0,2000,COMPLETED,NA
A001557,I03349,U0720,U0832,SWAP,2026-03-01,2026-02-26,2026-03-01,COMPLETED,0,450,COMPLETED,NA
A001558,I04907,U0368,U0337,SWAP,2026-06-15,2026-06-13,2026-06-15,COMPLETED,0,1500,COMPLETED,NA
A001559,I03114,U0108,U0088,SWAP,2026-01-23,2026-01-22,2026-01-23,COMPLETED,0,3050,COMPLETED,NA
A001560,I01304,U0820,U0800,SWAP,2026-01-29,2026-01-26,2026-01-29,COMPLETED,0,300,COMPLETED,NA
A001561,I04946,U0041,U0646,SWAP,2026-03-12,2026-03-09,2026-03-12,COMPLETED,0,2150,COMPLETED,NA
A001562,I04829,U0067,U0887,SELL,2025-12-12,2025-12-08,2025-12-12,COMPLETED,0,4850,COMPLETED,NA
A001563,I03502,U0266,U0368,SWAP,2025-12-11,2025-12-07,2025-12-11,COMPLETED,0,3250,COMPLETED,NA
A001564,I00077,U0493,U0976,BORROW,2026-04-03,2026-04-01,2026-04-13,COMPLETED,10,1600,RETURNED,LATE
A001565,I02188,U0105,U0683,SELL,2026-06-18,2026-06-14,2026-06-18,COMPLETED,0,1700,COMPLETED,NA
A001566,I04173,U0523,U0548,GIVEAWAY,2026-03-24,2026-03-20,2026-03-24,COMPLETED,0,1550,COMPLETED,NA
A001567,I02305,U0634,U0416,BORROW,2026-04-29,2026-04-26,2026-05-01,ACTIVE,2,200,NOT_RETURNED,PENDING
A001568,I00221,U0253,U0266,GIVEAWAY,2025-10-05,2025-10-02,2025-10-05,COMPLETED,0,950,COMPLETED,NA
A001569,I03297,U0463,U0968,BORROW,2026-04-03,2026-03-30,2026-04-13,COMPLETED,10,1050,RETURNED,ON_TIME
A001570,I02257,U0996,U0609,GIVEAWAY,2025-12-26,2025-12-26,2025-12-26,COMPLETED,0,1200,COMPLETED,NA
A001571,I01373,U0640,U0083,BORROW,2026-07-17,2026-07-15,2026-07-27,ACTIVE,10,500,NOT_RETURNED,PENDING
A001572,I04787,U0372,U0289,BORROW,2026-02-02,2026-01-30,2026-02-09,ACTIVE,7,1650,NOT_RETURNED,PENDING
A001573,I01605,U0833,U0251,BORROW,2025-09-23,2025-09-21,2025-10-03,COMPLETED,10,1950,RETURNED,ON_TIME
A001574,I00659,U0746,U0706,BORROW,2026-06-29,2026-06-25,2026-07-02,COMPLETED,3,1250,RETURNED,ON_TIME
A001575,I03758,U0187,U0654,GIVEAWAY,2025-11-16,2025-11-16,2025-11-16,COMPLETED,0,3450,COMPLETED,NA
A001576,I01438,U0985,U0536,SWAP,2025-10-20,2025-10-19,2025-10-20,COMPLETED,0,1700,COMPLETED,NA
A001577,I03130,U0897,U0889,SELL,2026-01-21,2026-01-21,2026-01-21,COMPLETED,0,1650,COMPLETED,NA
A001578,I04047,U0677,U0864,BORROW,2026-07-20,2026-07-18,2026-07-22,ACTIVE,2,1050,NOT_RETURNED,PENDING
A001579,I02650,U0328,U0016,GIVEAWAY,2026-06-25,2026-06-22,2026-06-25,COMPLETED,0,1550,COMPLETED,NA
A001580,I03690,U0581,U0107,BORROW,2025-11-15,2025-11-13,2025-11-20,ACTIVE,5,500,NOT_RETURNED,PENDING
A001581,I03945,U0697,U0106,SWAP,2026-01-26,2026-01-22,2026-01-26,CANCELLED,0,1250,CANCELLED,NA
A001582,I00991,U0199,U0984,BORROW,2025-10-09,2025-10-08,2025-10-14,COMPLETED,5,2850,RETURNED,ON_TIME
A001583,I02795,U0527,U0052,BORROW,2025-09-03,2025-09-01,2025-09-06,COMPLETED,3,1200,RETURNED,ON_TIME
A001584,I03140,U0479,U0730,SELL,2026-06-13,2026-06-10,2026-06-13,COMPLETED,0,650,COMPLETED,NA
A001585,I04666,U0556,U0898,SELL,2026-07-28,2026-07-26,2026-07-28,COMPLETED,0,350,COMPLETED,NA
A001586,I02454,U0052,U0914,SWAP,2026-06-02,2026-05-29,2026-06-02,COMPLETED,0,3750,COMPLETED,NA
A001587,I02111,U0184,U0354,SWAP,2026-03-11,2026-03-09,2026-03-11,COMPLETED,0,1100,COMPLETED,NA
A001588,I03323,U0881,U0728,BORROW,2026-05-23,2026-05-21,2026-06-13,COMPLETED,21,250,RETURNED,ON_TIME
A001589,I04261,U0050,U0653,SWAP,2026-05-08,2026-05-05,2026-05-08,COMPLETED,0,1500,COMPLETED,NA
A001590,I00008,U0127,U0853,BORROW,2026-04-06,2026-04-05,2026-04-09,COMPLETED,3,2900,RETURNED,ON_TIME
A001591,I00953,U0389,U0720,GIVEAWAY,2026-02-15,2026-02-11,2026-02-15,COMPLETED,0,300,COMPLETED,NA
A001592,I01008,U0215,U0922,SWAP,2026-05-24,2026-05-22,2026-05-24,COMPLETED,0,350,COMPLETED,NA
A001593,I04540,U0602,U0459,SELL,2026-04-27,2026-04-25,2026-04-27,COMPLETED,0,1650,COMPLETED,NA
A001594,I01366,U0669,U0336,BORROW,2026-04-03,2026-03-30,2026-04-08,COMPLETED,5,450,RETURNED,ON_TIME
A001595,I01571,U0193,U0050,SWAP,2026-04-06,2026-04-02,2026-04-06,COMPLETED,0,500,COMPLETED,NA
A001596,I01291,U0374,U0857,BORROW,2026-07-23,2026-07-23,2026-07-25,COMPLETED,2,3450,RETURNED,LATE
A001597,I04225,U0415,U0806,BORROW,2025-12-02,2025-12-02,2025-12-12,COMPLETED,10,100,RETURNED,ON_TIME
A001598,I03984,U0812,U0104,GIVEAWAY,2026-07-05,2026-07-01,2026-07-05,COMPLETED,0,2400,COMPLETED,NA
A001599,I00589,U0814,U0841,GIVEAWAY,2026-04-23,2026-04-20,2026-04-23,COMPLETED,0,1150,COMPLETED,NA
A001600,I01968,U0400,U0763,GIVEAWAY,2025-10-21,2025-10-17,2025-10-21,COMPLETED,0,250,COMPLETED,NA
A001601,I03677,U0230,U0856,BORROW,2026-07-18,2026-07-15,2026-07-23,COMPLETED,5,550,RETURNED,ON_TIME
A001602,I04855,U0015,U0297,GIVEAWAY,2025-09-12,2025-09-10,2025-09-12,COMPLETED,0,200,COMPLETED,NA
A001603,I02447,U0222,U0107,BORROW,2025-11-16,2025-11-16,2025-11-23,OVERDUE,7,600,NOT_RETURNED,LATE
A001604,I03945,U0340,U0106,BORROW,2026-01-12,2026-01-08,2026-01-19,COMPLETED,7,1250,RETURNED,LATE
A001605,I01660,U0782,U0811,SELL,2026-04-15,2026-04-11,2026-04-15,COMPLETED,0,1650,COMPLETED,NA
A001606,I03907,U0990,U0559,BORROW,2025-10-14,2025-10-11,2025-10-17,COMPLETED,3,1700,RETURNED,LATE
A001607,I03331,U0178,U0550,BORROW,2026-05-12,2026-05-11,2026-06-02,COMPLETED,21,2050,RETURNED,ON_TIME
A001608,I02814,U0539,U0053,BORROW,2025-12-19,2025-12-15,2026-01-09,ACTIVE,21,3600,NOT_RETURNED,PENDING
A001609,I01963,U0834,U0599,BORROW,2025-12-09,2025-12-05,2025-12-12,COMPLETED,3,900,RETURNED,LATE
A001610,I04111,U0182,U0947,SWAP,2025-11-07,2025-11-07,2025-11-07,COMPLETED,0,850,COMPLETED,NA
A001611,I03968,U0527,U0932,BORROW,2026-03-20,2026-03-17,2026-03-25,COMPLETED,5,3300,RETURNED,ON_TIME
A001612,I03755,U0740,U0651,BORROW,2026-01-17,2026-01-14,2026-01-22,COMPLETED,5,2050,RETURNED,ON_TIME
A001613,I04071,U0507,U0074,BORROW,2026-03-20,2026-03-16,2026-04-03,COMPLETED,14,1900,RETURNED,ON_TIME
A001614,I01264,U0321,U0790,GIVEAWAY,2025-12-23,2025-12-20,2025-12-23,COMPLETED,0,750,COMPLETED,NA
A001615,I04250,U0626,U0398,GIVEAWAY,2025-11-03,2025-11-02,2025-11-03,COMPLETED,0,200,COMPLETED,NA
A001616,I03075,U0093,U0283,SWAP,2026-07-23,2026-07-23,2026-07-23,COMPLETED,0,700,COMPLETED,NA
A001617,I00099,U0989,U0236,BORROW,2025-09-26,2025-09-22,2025-09-29,COMPLETED,3,1800,RETURNED,ON_TIME
A001618,I02779,U0173,U0194,BORROW,2025-12-01,2025-11-30,2025-12-22,COMPLETED,21,500,RETURNED,ON_TIME
A001619,I04513,U0369,U0114,BORROW,2025-11-10,2025-11-10,2025-11-15,COMPLETED,5,950,RETURNED,ON_TIME
A001620,I04459,U0983,U0910,GIVEAWAY,2025-11-08,2025-11-05,2025-11-08,COMPLETED,0,700,COMPLETED,NA
A001621,I00694,U0577,U0313,BORROW,2026-05-24,2026-05-24,2026-06-03,OVERDUE,10,600,NOT_RETURNED,LATE
A001622,I00297,U0031,U0755,SWAP,2026-07-03,2026-07-01,2026-07-03,COMPLETED,0,350,COMPLETED,NA
A001623,I04760,U0789,U0114,GIVEAWAY,2026-05-11,2026-05-11,2026-05-11,COMPLETED,0,300,COMPLETED,NA
A001624,I01669,U0260,U0069,BORROW,2025-10-23,2025-10-20,2025-11-06,COMPLETED,14,800,RETURNED,ON_TIME
A001625,I01744,U0948,U0866,BORROW,2025-12-27,2025-12-27,2025-12-29,COMPLETED,2,2050,RETURNED,ON_TIME
A001626,I01133,U0612,U0028,SWAP,2025-11-13,2025-11-10,2025-11-13,COMPLETED,0,450,COMPLETED,NA
A001627,I02549,U0428,U0896,BORROW,2026-05-06,2026-05-05,2026-05-09,COMPLETED,3,3200,RETURNED,ON_TIME
A001628,I04326,U0503,U0550,BORROW,2026-01-06,2026-01-05,2026-01-27,COMPLETED,21,750,RETURNED,ON_TIME
A001629,I02265,U0009,U0285,SELL,2026-01-09,2026-01-08,2026-01-09,COMPLETED,0,950,COMPLETED,NA
A001630,I02936,U0861,U0744,GIVEAWAY,2025-12-03,2025-12-01,2025-12-03,COMPLETED,0,2450,COMPLETED,NA
A001631,I03348,U0826,U0581,BORROW,2026-03-22,2026-03-19,2026-03-27,COMPLETED,5,450,RETURNED,ON_TIME
A001632,I04100,U0357,U0023,SWAP,2025-12-09,2025-12-08,2025-12-09,COMPLETED,0,600,COMPLETED,NA
A001633,I02421,U0650,U0731,SWAP,2026-02-25,2026-02-24,2026-02-25,COMPLETED,0,1950,COMPLETED,NA
A001634,I01072,U0563,U0177,BORROW,2025-11-30,2025-11-30,2025-12-03,CANCELLED,3,1150,CANCELLED,PENDING
A001635,I01609,U0763,U0404,SWAP,2026-06-28,2026-06-27,2026-06-28,COMPLETED,0,800,COMPLETED,NA
A001636,I04918,U0835,U0882,GIVEAWAY,2025-12-24,2025-12-22,2025-12-24,COMPLETED,0,1250,COMPLETED,NA
A001637,I00059,U0105,U0025,SWAP,2026-04-17,2026-04-17,2026-04-17,COMPLETED,0,1750,COMPLETED,NA
A001638,I03752,U0681,U0700,BORROW,2026-03-16,2026-03-15,2026-03-23,COMPLETED,7,6400,RETURNED,ON_TIME
A001639,I04658,U0530,U0016,GIVEAWAY,2025-11-07,2025-11-03,2025-11-07,COMPLETED,0,1500,COMPLETED,NA
A001640,I02559,U0701,U0154,SWAP,2025-11-17,2025-11-17,2025-11-17,COMPLETED,0,1200,COMPLETED,NA
A001641,I02536,U0579,U0022,BORROW,2026-03-24,2026-03-22,2026-03-31,COMPLETED,7,500,RETURNED,ON_TIME
A001642,I03165,U0916,U0173,BORROW,2026-02-13,2026-02-10,2026-02-27,COMPLETED,14,1150,RETURNED,LATE
A001643,I00123,U0309,U0959,BORROW,2026-03-09,2026-03-06,2026-03-11,COMPLETED,2,600,RETURNED,ON_TIME
A001644,I01328,U0919,U0920,BORROW,2026-05-01,2026-05-01,2026-05-08,COMPLETED,7,850,RETURNED,LATE
A001645,I04394,U0819,U0408,BORROW,2025-09-13,2025-09-10,2025-10-04,COMPLETED,21,400,RETURNED,ON_TIME
A001646,I02993,U0061,U0218,BORROW,2026-01-24,2026-01-21,2026-01-26,ACTIVE,2,500,NOT_RETURNED,PENDING
A001647,I03419,U0025,U0842,GIVEAWAY,2026-05-06,2026-05-03,2026-05-06,COMPLETED,0,5450,COMPLETED,NA
A001648,I02903,U0784,U0983,GIVEAWAY,2025-10-24,2025-10-21,2025-10-24,COMPLETED,0,300,COMPLETED,NA
A001649,I02534,U0728,U0844,BORROW,2026-05-17,2026-05-14,2026-05-31,COMPLETED,14,800,RETURNED,ON_TIME
A001650,I03068,U0873,U0103,GIVEAWAY,2026-06-07,2026-06-07,2026-06-07,COMPLETED,0,3000,COMPLETED,NA
A001651,I03918,U0363,U0193,BORROW,2025-10-14,2025-10-12,2025-10-28,COMPLETED,14,150,RETURNED,ON_TIME
A001652,I04434,U0333,U0055,SELL,2025-10-24,2025-10-20,2025-10-24,COMPLETED,0,1100,COMPLETED,NA
A001653,I02882,U0828,U0264,GIVEAWAY,2026-02-14,2026-02-12,2026-02-14,COMPLETED,0,3950,COMPLETED,NA
A001654,I01185,U0545,U0870,BORROW,2026-01-31,2026-01-28,2026-02-05,COMPLETED,5,1500,RETURNED,ON_TIME
A001655,I03215,U0614,U0488,BORROW,2025-11-24,2025-11-20,2025-12-08,COMPLETED,14,900,RETURNED,ON_TIME
A001656,I04656,U0365,U0497,SELL,2026-01-03,2026-01-01,2026-01-03,COMPLETED,0,750,COMPLETED,NA
A001657,I03714,U0627,U0952,GIVEAWAY,2026-03-18,2026-03-16,2026-03-18,COMPLETED,0,1800,COMPLETED,NA
A001658,I03458,U0246,U0980,SWAP,2026-04-30,2026-04-29,2026-04-30,COMPLETED,0,2500,COMPLETED,NA
A001659,I00950,U0020,U0860,BORROW,2026-04-29,2026-04-29,2026-05-04,COMPLETED,5,600,RETURNED,ON_TIME
A001660,I03021,U0431,U0738,GIVEAWAY,2025-11-23,2025-11-20,2025-11-23,COMPLETED,0,1650,COMPLETED,NA
A001661,I02995,U0631,U0051,BORROW,2026-03-20,2026-03-17,2026-04-03,COMPLETED,14,100,RETURNED,ON_TIME
A001662,I03442,U0757,U0176,GIVEAWAY,2025-11-10,2025-11-07,2025-11-10,COMPLETED,0,2550,COMPLETED,NA
A001663,I02745,U0094,U0512,BORROW,2026-05-08,2026-05-06,2026-05-18,COMPLETED,10,1050,RETURNED,ON_TIME
A001664,I02918,U0623,U0196,SELL,2025-12-17,2025-12-13,2025-12-17,COMPLETED,0,2450,COMPLETED,NA
A001665,I01924,U0124,U0640,SWAP,2026-02-19,2026-02-19,2026-02-19,COMPLETED,0,2000,COMPLETED,NA
A001666,I00722,U0866,U0840,SWAP,2025-11-14,2025-11-14,2025-11-14,COMPLETED,0,6450,COMPLETED,NA
A001667,I02349,U0583,U0257,GIVEAWAY,2025-10-13,2025-10-09,2025-10-13,COMPLETED,0,1650,COMPLETED,NA
A001668,I04577,U0864,U0826,BORROW,2026-05-06,2026-05-04,2026-05-09,COMPLETED,3,900,RETURNED,LATE
A001669,I03011,U0218,U0887,BORROW,2025-12-03,2025-11-29,2025-12-08,COMPLETED,5,850,RETURNED,ON_TIME
A001670,I04920,U0198,U0335,SWAP,2026-05-28,2026-05-27,2026-05-28,COMPLETED,0,1350,COMPLETED,NA
A001671,I03804,U0922,U0731,BORROW,2025-11-28,2025-11-25,2025-12-03,COMPLETED,5,2150,RETURNED,ON_TIME
A001672,I02521,U0050,U0938,BORROW,2026-03-27,2026-03-26,2026-03-30,COMPLETED,3,2450,RETURNED,ON_TIME
A001673,I02368,U0661,U0728,GIVEAWAY,2026-01-28,2026-01-28,2026-01-28,COMPLETED,0,600,COMPLETED,NA
A001674,I01117,U0935,U0525,SELL,2026-04-23,2026-04-23,2026-04-23,COMPLETED,0,1400,COMPLETED,NA
A001675,I00441,U0835,U0472,BORROW,2026-04-14,2026-04-10,2026-05-05,COMPLETED,21,1100,RETURNED,ON_TIME
A001676,I01961,U0188,U0991,GIVEAWAY,2026-05-05,2026-05-01,2026-05-05,COMPLETED,0,1150,COMPLETED,NA
A001677,I02359,U0640,U0701,SWAP,2026-05-06,2026-05-03,2026-05-06,COMPLETED,0,1500,COMPLETED,NA
A001678,I00902,U0261,U0210,SWAP,2026-06-11,2026-06-10,2026-06-11,COMPLETED,0,4350,COMPLETED,NA
A001679,I01360,U0348,U0873,GIVEAWAY,2026-01-30,2026-01-30,2026-01-30,COMPLETED,0,1050,COMPLETED,NA
A001680,I04263,U0573,U0291,BORROW,2025-10-09,2025-10-06,2025-10-19,COMPLETED,10,1750,RETURNED,ON_TIME
A001681,I03886,U0721,U0832,BORROW,2025-09-06,2025-09-06,2025-09-11,COMPLETED,5,400,RETURNED,ON_TIME
A001682,I03179,U0358,U0714,BORROW,2025-09-08,2025-09-06,2025-09-10,COMPLETED,2,5550,RETURNED,ON_TIME
A001683,I04596,U0476,U0081,BORROW,2026-03-11,2026-03-11,2026-03-14,ACTIVE,3,550,NOT_RETURNED,PENDING
A001684,I01798,U0736,U0883,SELL,2026-04-09,2026-04-06,2026-04-09,COMPLETED,0,1550,COMPLETED,NA
A001685,I02348,U0954,U0373,GIVEAWAY,2026-03-21,2026-03-21,2026-03-21,COMPLETED,0,1800,COMPLETED,NA
A001686,I03217,U0321,U0346,GIVEAWAY,2026-03-12,2026-03-10,2026-03-12,COMPLETED,0,1100,COMPLETED,NA
A001687,I02057,U0457,U0165,BORROW,2025-09-01,2025-08-28,2025-09-08,ACTIVE,7,1250,NOT_RETURNED,PENDING
A001688,I01519,U0873,U0380,GIVEAWAY,2026-03-15,2026-03-11,2026-03-15,COMPLETED,0,950,COMPLETED,NA
A001689,I00824,U0351,U0424,SWAP,2026-02-10,2026-02-07,2026-02-10,COMPLETED,0,750,COMPLETED,NA
A001690,I00865,U0422,U0485,GIVEAWAY,2025-12-13,2025-12-13,2025-12-13,COMPLETED,0,50,COMPLETED,NA
A001691,I02067,U0676,U0117,GIVEAWAY,2026-02-02,2026-02-01,2026-02-02,COMPLETED,0,1250,COMPLETED,NA
A001692,I02480,U0147,U0946,GIVEAWAY,2026-06-19,2026-06-17,2026-06-19,COMPLETED,0,600,COMPLETED,NA
A001693,I01747,U0436,U0600,BORROW,2026-06-08,2026-06-07,2026-06-22,COMPLETED,14,1200,RETURNED,ON_TIME
A001694,I00471,U0809,U0275,BORROW,2026-07-25,2026-07-24,2026-08-15,COMPLETED,21,1100,RETURNED,ON_TIME
A001695,I04911,U0516,U0322,BORROW,2025-10-30,2025-10-27,2025-11-06,CANCELLED,7,2100,CANCELLED,PENDING
A001696,I00246,U0179,U0641,BORROW,2026-02-07,2026-02-03,2026-02-12,COMPLETED,5,1050,RETURNED,ON_TIME
A001697,I00661,U0602,U0273,SWAP,2025-12-12,2025-12-12,2025-12-12,COMPLETED,0,2350,COMPLETED,NA
A001698,I00248,U0389,U0845,BORROW,2026-01-27,2026-01-27,2026-02-17,CANCELLED,21,3050,CANCELLED,PENDING
A001699,I04910,U0347,U0316,SELL,2026-01-31,2026-01-29,2026-01-31,COMPLETED,0,750,COMPLETED,NA
A001700,I03418,U0076,U0673,SELL,2026-05-24,2026-05-20,2026-05-24,COMPLETED,0,600,COMPLETED,NA
A001701,I01702,U0627,U0076,BORROW,2026-01-06,2026-01-03,2026-01-08,COMPLETED,2,1300,RETURNED,ON_TIME
A001702,I01735,U0295,U0772,BORROW,2026-02-28,2026-02-28,2026-03-03,COMPLETED,3,150,RETURNED,ON_TIME
A001703,I01020,U0594,U0234,SELL,2026-05-28,2026-05-25,2026-05-28,COMPLETED,0,300,COMPLETED,NA
A001704,I03925,U0382,U0807,SELL,2025-11-06,2025-11-02,2025-11-06,COMPLETED,0,150,COMPLETED,NA
A001705,I01528,U0458,U0492,SWAP,2025-10-14,2025-10-12,2025-10-14,COMPLETED,0,1700,COMPLETED,NA
A001706,I00516,U0331,U0048,BORROW,2026-02-27,2026-02-23,2026-03-13,CANCELLED,14,1850,CANCELLED,PENDING
A001707,I02344,U0231,U0052,SWAP,2026-03-19,2026-03-15,2026-03-19,COMPLETED,0,1750,COMPLETED,NA
A001708,I03881,U0194,U0940,BORROW,2026-06-21,2026-06-18,2026-06-26,CANCELLED,5,900,CANCELLED,PENDING
A001709,I01849,U0686,U0554,GIVEAWAY,2026-06-02,2026-06-01,2026-06-02,COMPLETED,0,600,COMPLETED,NA
A001710,I03964,U0172,U0991,SWAP,2026-02-21,2026-02-19,2026-02-21,COMPLETED,0,550,COMPLETED,NA
A001711,I00602,U0386,U0457,SWAP,2025-11-28,2025-11-25,2025-11-28,COMPLETED,0,6400,COMPLETED,NA
A001712,I00404,U0977,U0092,BORROW,2025-11-01,2025-10-28,2025-11-08,COMPLETED,7,1100,RETURNED,ON_TIME
A001713,I01841,U0612,U0799,BORROW,2025-12-19,2025-12-17,2026-01-02,ACTIVE,14,1000,NOT_RETURNED,PENDING
A001714,I02500,U0422,U0267,SWAP,2026-07-19,2026-07-15,2026-07-19,COMPLETED,0,1200,COMPLETED,NA
A001715,I01080,U0938,U0614,GIVEAWAY,2026-07-14,2026-07-14,2026-07-14,COMPLETED,0,950,COMPLETED,NA
A001716,I02367,U0732,U0008,SWAP,2025-11-26,2025-11-26,2025-11-26,COMPLETED,0,950,COMPLETED,NA
A001717,I01610,U0424,U0357,BORROW,2025-12-01,2025-11-27,2025-12-22,COMPLETED,21,250,RETURNED,LATE
A001718,I01828,U0159,U0105,BORROW,2025-11-03,2025-11-02,2025-11-06,CANCELLED,3,1050,CANCELLED,PENDING
A001719,I03372,U0841,U0976,BORROW,2026-05-10,2026-05-08,2026-05-15,COMPLETED,5,450,RETURNED,LATE
A001720,I01195,U0890,U0582,SWAP,2026-03-03,2026-03-03,2026-03-03,COMPLETED,0,100,COMPLETED,NA
A001721,I03322,U0275,U0600,BORROW,2026-02-20,2026-02-20,2026-02-25,COMPLETED,5,2450,RETURNED,ON_TIME
A001722,I04982,U0117,U0197,SWAP,2025-12-28,2025-12-25,2025-12-28,COMPLETED,0,3100,COMPLETED,NA
A001723,I01169,U0454,U0583,SELL,2026-06-06,2026-06-05,2026-06-06,COMPLETED,0,1500,COMPLETED,NA
A001724,I03721,U0769,U0357,BORROW,2025-10-26,2025-10-25,2025-10-29,ACTIVE,3,1250,NOT_RETURNED,PENDING
A001725,I01797,U0265,U0716,GIVEAWAY,2026-02-16,2026-02-12,2026-02-16,COMPLETED,0,1550,COMPLETED,NA
A001726,I03998,U0352,U0779,SELL,2025-11-13,2025-11-12,2025-11-13,COMPLETED,0,1100,COMPLETED,NA
A001727,I00818,U0220,U0387,BORROW,2026-04-28,2026-04-26,2026-05-01,COMPLETED,3,1800,RETURNED,ON_TIME
A001728,I04788,U0758,U0503,SWAP,2026-04-11,2026-04-07,2026-04-11,CANCELLED,0,150,CANCELLED,NA
A001729,I02287,U0506,U0549,SELL,2025-09-12,2025-09-09,2025-09-12,COMPLETED,0,750,COMPLETED,NA
A001730,I03164,U0152,U0982,SWAP,2025-11-14,2025-11-12,2025-11-14,COMPLETED,0,600,COMPLETED,NA
A001731,I00158,U0675,U0705,BORROW,2025-09-28,2025-09-24,2025-10-05,COMPLETED,7,3200,RETURNED,ON_TIME
A001732,I00511,U0078,U0891,GIVEAWAY,2025-12-03,2025-12-02,2025-12-03,COMPLETED,0,2150,COMPLETED,NA
A001733,I02451,U0884,U0523,BORROW,2026-05-04,2026-05-04,2026-05-25,ACTIVE,21,1300,NOT_RETURNED,PENDING
A001734,I04825,U0014,U0790,BORROW,2026-05-14,2026-05-14,2026-05-19,COMPLETED,5,50,RETURNED,ON_TIME
A001735,I01384,U0218,U0231,SWAP,2025-11-16,2025-11-16,2025-11-16,COMPLETED,0,2100,COMPLETED,NA
A001736,I03334,U0865,U0762,GIVEAWAY,2026-07-04,2026-07-01,2026-07-04,COMPLETED,0,550,COMPLETED,NA
A001737,I00685,U0372,U0230,SWAP,2026-06-17,2026-06-13,2026-06-17,COMPLETED,0,150,COMPLETED,NA
A001738,I03706,U0037,U0054,BORROW,2026-03-03,2026-03-01,2026-03-06,COMPLETED,3,650,RETURNED,ON_TIME
A001739,I02065,U0017,U0122,SELL,2025-09-09,2025-09-08,2025-09-09,COMPLETED,0,200,COMPLETED,NA
A001740,I03919,U0834,U0725,BORROW,2026-06-12,2026-06-08,2026-06-26,ACTIVE,14,1000,NOT_RETURNED,PENDING
A001741,I01301,U0954,U0102,SWAP,2026-04-11,2026-04-10,2026-04-11,COMPLETED,0,900,COMPLETED,NA
A001742,I01510,U0067,U0134,BORROW,2025-12-31,2025-12-31,2026-01-10,COMPLETED,10,1650,RETURNED,ON_TIME
A001743,I03551,U0335,U0947,SWAP,2026-03-15,2026-03-13,2026-03-15,COMPLETED,0,850,COMPLETED,NA
A001744,I00685,U0546,U0230,BORROW,2025-11-22,2025-11-21,2025-11-24,COMPLETED,2,150,RETURNED,ON_TIME
A001745,I03857,U0542,U0575,SELL,2026-04-24,2026-04-23,2026-04-24,COMPLETED,0,650,COMPLETED,NA
A001746,I03760,U0705,U0549,GIVEAWAY,2026-05-17,2026-05-15,2026-05-17,COMPLETED,0,1150,COMPLETED,NA
A001747,I03676,U0528,U0524,BORROW,2026-02-07,2026-02-07,2026-02-10,OVERDUE,3,600,NOT_RETURNED,LATE
A001748,I00105,U0949,U0371,BORROW,2025-10-28,2025-10-27,2025-10-31,COMPLETED,3,2100,RETURNED,ON_TIME
A001749,I00374,U0765,U0804,GIVEAWAY,2025-12-22,2025-12-18,2025-12-22,COMPLETED,0,850,COMPLETED,NA
A001750,I01428,U0215,U0067,GIVEAWAY,2026-07-13,2026-07-10,2026-07-13,COMPLETED,0,350,COMPLETED,NA
A001751,I03368,U0461,U0186,SELL,2025-11-05,2025-11-04,2025-11-05,COMPLETED,0,1650,COMPLETED,NA
A001752,I03586,U0287,U0115,SWAP,2025-09-21,2025-09-17,2025-09-21,COMPLETED,0,600,COMPLETED,NA
A001753,I01778,U0849,U0092,GIVEAWAY,2026-07-05,2026-07-05,2026-07-05,COMPLETED,0,2350,COMPLETED,NA
A001754,I02306,U0260,U0373,SWAP,2025-12-18,2025-12-18,2025-12-18,COMPLETED,0,950,COMPLETED,NA
A001755,I03319,U0924,U0269,SWAP,2026-01-23,2026-01-22,2026-01-23,COMPLETED,0,350,COMPLETED,NA
A001756,I02986,U0878,U0094,SELL,2026-07-01,2026-07-01,2026-07-01,COMPLETED,0,300,COMPLETED,NA
A001757,I04719,U0485,U0158,BORROW,2026-03-06,2026-03-04,2026-03-16,OVERDUE,10,750,NOT_RETURNED,LATE
A001758,I00837,U0046,U0351,BORROW,2025-11-11,2025-11-08,2025-11-16,COMPLETED,5,400,RETURNED,ON_TIME
A001759,I01921,U0413,U0186,SWAP,2026-05-19,2026-05-18,2026-05-19,COMPLETED,0,1900,COMPLETED,NA
A001760,I04629,U0367,U0343,SELL,2026-01-27,2026-01-27,2026-01-27,COMPLETED,0,2050,COMPLETED,NA
A001761,I04904,U0276,U0070,SWAP,2026-01-08,2026-01-08,2026-01-08,COMPLETED,0,800,COMPLETED,NA
A001762,I04820,U0392,U0642,SWAP,2026-03-03,2026-03-01,2026-03-03,COMPLETED,0,300,COMPLETED,NA
A001763,I02130,U0560,U0646,BORROW,2025-09-04,2025-09-03,2025-09-09,COMPLETED,5,400,RETURNED,ON_TIME
A001764,I00158,U0482,U0705,BORROW,2026-07-12,2026-07-10,2026-07-19,COMPLETED,7,3200,RETURNED,ON_TIME
A001765,I03616,U0041,U0860,BORROW,2025-10-26,2025-10-26,2025-10-29,COMPLETED,3,300,RETURNED,LATE
A001766,I03252,U0889,U0870,BORROW,2026-03-17,2026-03-13,2026-03-19,COMPLETED,2,700,RETURNED,ON_TIME
A001767,I01772,U0091,U0386,BORROW,2026-06-28,2026-06-26,2026-07-12,ACTIVE,14,6450,NOT_RETURNED,PENDING
A001768,I03197,U0599,U0501,BORROW,2026-04-06,2026-04-04,2026-04-20,COMPLETED,14,1050,RETURNED,ON_TIME
A001769,I00059,U0995,U0025,BORROW,2026-04-19,2026-04-19,2026-04-29,OVERDUE,10,1750,NOT_RETURNED,LATE
A001770,I04480,U0500,U0471,GIVEAWAY,2025-11-08,2025-11-06,2025-11-08,COMPLETED,0,1100,COMPLETED,NA
A001771,I03657,U0621,U0239,BORROW,2026-02-12,2026-02-08,2026-02-19,ACTIVE,7,400,NOT_RETURNED,PENDING
A001772,I04821,U0365,U0685,BORROW,2026-02-04,2026-02-01,2026-02-09,COMPLETED,5,600,RETURNED,ON_TIME
A001773,I02744,U0416,U0751,SWAP,2025-11-25,2025-11-24,2025-11-25,COMPLETED,0,450,COMPLETED,NA
A001774,I01683,U0606,U0912,SELL,2025-09-15,2025-09-11,2025-09-15,COMPLETED,0,1350,COMPLETED,NA
A001775,I02635,U0156,U0123,BORROW,2026-01-24,2026-01-21,2026-01-27,COMPLETED,3,200,RETURNED,ON_TIME
A001776,I01533,U0704,U0062,SELL,2026-02-18,2026-02-18,2026-02-18,COMPLETED,0,1850,COMPLETED,NA
A001777,I02876,U0302,U0983,BORROW,2026-04-05,2026-04-03,2026-04-15,COMPLETED,10,1850,RETURNED,ON_TIME
A001778,I01928,U0525,U0471,SWAP,2026-07-09,2026-07-08,2026-07-09,COMPLETED,0,2050,COMPLETED,NA
A001779,I02752,U0386,U0911,SWAP,2026-07-21,2026-07-17,2026-07-21,COMPLETED,0,2950,COMPLETED,NA
A001780,I04189,U0048,U0860,BORROW,2025-10-05,2025-10-02,2025-10-26,COMPLETED,21,850,RETURNED,ON_TIME
A001781,I02125,U0516,U0589,SWAP,2026-01-26,2026-01-26,2026-01-26,COMPLETED,0,150,COMPLETED,NA
A001782,I00658,U0363,U0018,BORROW,2025-10-22,2025-10-19,2025-11-12,COMPLETED,21,850,RETURNED,ON_TIME
A001783,I00646,U0119,U0529,BORROW,2026-07-24,2026-07-24,2026-07-26,COMPLETED,2,300,RETURNED,ON_TIME
A001784,I03771,U0875,U0965,GIVEAWAY,2025-12-18,2025-12-14,2025-12-18,COMPLETED,0,1850,COMPLETED,NA
A001785,I01612,U0840,U0811,BORROW,2026-03-22,2026-03-19,2026-03-24,COMPLETED,2,2100,RETURNED,ON_TIME
A001786,I01073,U0366,U0457,BORROW,2026-07-09,2026-07-07,2026-07-19,COMPLETED,10,300,RETURNED,ON_TIME
A001787,I02961,U0504,U0834,SWAP,2025-11-24,2025-11-24,2025-11-24,COMPLETED,0,1650,COMPLETED,NA
A001788,I00034,U0839,U0516,BORROW,2026-05-07,2026-05-03,2026-05-09,COMPLETED,2,750,RETURNED,ON_TIME
A001789,I04835,U0206,U0477,BORROW,2026-04-17,2026-04-13,2026-04-20,COMPLETED,3,1000,RETURNED,ON_TIME
A001790,I03440,U0356,U0700,SELL,2026-03-17,2026-03-15,2026-03-17,COMPLETED,0,600,COMPLETED,NA
A001791,I04386,U0952,U0203,GIVEAWAY,2026-01-23,2026-01-23,2026-01-23,COMPLETED,0,850,COMPLETED,NA
A001792,I04160,U0414,U0134,BORROW,2026-06-29,2026-06-28,2026-07-02,COMPLETED,3,300,RETURNED,ON_TIME
A001793,I04608,U0828,U0436,BORROW,2026-01-19,2026-01-16,2026-01-24,COMPLETED,5,250,RETURNED,ON_TIME
A001794,I04123,U0616,U0491,BORROW,2026-06-10,2026-06-08,2026-07-01,COMPLETED,21,750,RETURNED,ON_TIME
A001795,I00690,U0417,U0502,BORROW,2026-04-15,2026-04-11,2026-04-17,COMPLETED,2,1750,RETURNED,ON_TIME
A001796,I03157,U0402,U0519,BORROW,2026-07-27,2026-07-24,2026-07-30,COMPLETED,3,1250,RETURNED,ON_TIME
A001797,I01527,U0869,U0885,BORROW,2026-04-24,2026-04-22,2026-05-04,COMPLETED,10,900,RETURNED,ON_TIME
A001798,I02538,U0211,U0216,GIVEAWAY,2025-09-15,2025-09-13,2025-09-15,CANCELLED,0,100,CANCELLED,NA
A001799,I01659,U0248,U0591,SELL,2025-12-08,2025-12-06,2025-12-08,COMPLETED,0,2200,COMPLETED,NA
A001800,I02624,U0227,U0279,BORROW,2026-07-25,2026-07-24,2026-08-04,ACTIVE,10,350,NOT_RETURNED,PENDING
A001801,I03424,U0813,U0154,BORROW,2025-11-22,2025-11-21,2025-11-27,COMPLETED,5,1350,RETURNED,ON_TIME
A001802,I02525,U0738,U0449,BORROW,2026-01-27,2026-01-25,2026-02-10,OVERDUE,14,950,NOT_RETURNED,LATE
A001803,I04859,U0735,U0146,BORROW,2026-06-14,2026-06-13,2026-06-16,COMPLETED,2,3050,RETURNED,ON_TIME
A001804,I00677,U0615,U0539,GIVEAWAY,2026-07-10,2026-07-09,2026-07-10,COMPLETED,0,1650,COMPLETED,NA
A001805,I01017,U0815,U0364,SWAP,2026-04-19,2026-04-16,2026-04-19,COMPLETED,0,400,COMPLETED,NA
A001806,I02361,U0188,U0587,BORROW,2025-09-27,2025-09-24,2025-10-07,COMPLETED,10,1600,RETURNED,ON_TIME
A001807,I03978,U0989,U0138,SWAP,2025-12-04,2025-12-03,2025-12-04,COMPLETED,0,400,COMPLETED,NA
A001808,I02220,U0738,U0454,SELL,2025-09-04,2025-08-31,2025-09-04,COMPLETED,0,550,COMPLETED,NA
A001809,I00671,U0819,U0285,BORROW,2026-03-18,2026-03-14,2026-03-28,COMPLETED,10,850,RETURNED,ON_TIME
A001810,I02670,U0296,U0127,GIVEAWAY,2026-01-22,2026-01-20,2026-01-22,COMPLETED,0,1150,COMPLETED,NA
A001811,I04377,U0850,U0531,BORROW,2025-09-07,2025-09-04,2025-09-09,ACTIVE,2,1300,NOT_RETURNED,PENDING
A001812,I00998,U0442,U0284,BORROW,2026-07-17,2026-07-17,2026-07-27,COMPLETED,10,1950,RETURNED,LATE
A001813,I02845,U0807,U0702,SWAP,2026-05-10,2026-05-07,2026-05-10,COMPLETED,0,50,COMPLETED,NA
A001814,I01326,U0763,U0407,SELL,2025-11-04,2025-11-02,2025-11-04,COMPLETED,0,750,COMPLETED,NA
A001815,I03774,U0548,U0671,SWAP,2025-09-21,2025-09-20,2025-09-21,CANCELLED,0,4350,CANCELLED,NA
A001816,I01560,U0050,U0779,BORROW,2025-12-19,2025-12-17,2025-12-22,COMPLETED,3,1650,RETURNED,ON_TIME
A001817,I01555,U0885,U0021,SELL,2026-05-24,2026-05-20,2026-05-24,CANCELLED,0,200,CANCELLED,NA
A001818,I02772,U0990,U0694,BORROW,2025-10-01,2025-09-30,2025-10-15,COMPLETED,14,650,RETURNED,ON_TIME
A001819,I00335,U0849,U0219,BORROW,2025-12-22,2025-12-19,2026-01-12,COMPLETED,21,2350,RETURNED,ON_TIME
A001820,I03114,U0773,U0088,BORROW,2026-04-15,2026-04-13,2026-04-20,COMPLETED,5,3050,RETURNED,ON_TIME
A001821,I02719,U0190,U0148,GIVEAWAY,2025-11-16,2025-11-15,2025-11-16,COMPLETED,0,650,COMPLETED,NA
A001822,I02602,U0788,U0136,SWAP,2025-11-14,2025-11-12,2025-11-14,COMPLETED,0,2800,COMPLETED,NA
A001823,I03685,U0309,U0118,SWAP,2026-01-03,2026-01-03,2026-01-03,COMPLETED,0,100,COMPLETED,NA
A001824,I03427,U0528,U0205,BORROW,2026-04-12,2026-04-12,2026-04-14,COMPLETED,2,1800,RETURNED,ON_TIME
A001825,I03009,U0821,U0550,BORROW,2026-06-01,2026-05-28,2026-06-15,COMPLETED,14,2050,RETURNED,LATE
A001826,I02287,U0332,U0549,SELL,2025-09-26,2025-09-22,2025-09-26,COMPLETED,0,750,COMPLETED,NA
A001827,I02710,U0724,U0138,BORROW,2025-12-31,2025-12-31,2026-01-21,ACTIVE,21,1450,NOT_RETURNED,PENDING
A001828,I02874,U0535,U0992,BORROW,2025-11-12,2025-11-08,2025-11-19,ACTIVE,7,1550,NOT_RETURNED,PENDING
A001829,I01880,U0090,U0080,BORROW,2026-04-30,2026-04-29,2026-05-10,OVERDUE,10,450,NOT_RETURNED,LATE
A001830,I03962,U0699,U0004,BORROW,2025-10-13,2025-10-13,2025-10-20,COMPLETED,7,4200,RETURNED,ON_TIME
A001831,I02572,U0909,U0445,SWAP,2025-11-13,2025-11-09,2025-11-13,CANCELLED,0,900,CANCELLED,NA
A001832,I02797,U0642,U0134,GIVEAWAY,2025-10-05,2025-10-02,2025-10-05,COMPLETED,0,1500,COMPLETED,NA
A001833,I00590,U0197,U0612,GIVEAWAY,2025-10-09,2025-10-07,2025-10-09,COMPLETED,0,150,COMPLETED,NA
A001834,I04890,U0729,U0163,BORROW,2025-10-24,2025-10-24,2025-10-26,COMPLETED,2,450,RETURNED,ON_TIME
A001835,I03247,U0341,U0882,SWAP,2026-04-04,2026-04-03,2026-04-04,COMPLETED,0,1200,COMPLETED,NA
A001836,I01870,U0300,U0234,SWAP,2025-09-08,2025-09-06,2025-09-08,COMPLETED,0,1400,COMPLETED,NA
A001837,I00278,U0524,U0414,BORROW,2026-03-01,2026-02-27,2026-03-04,COMPLETED,3,950,RETURNED,ON_TIME
A001838,I04386,U0898,U0203,GIVEAWAY,2026-05-09,2026-05-05,2026-05-09,COMPLETED,0,850,COMPLETED,NA
A001839,I03932,U0574,U0345,BORROW,2026-04-14,2026-04-13,2026-04-28,CANCELLED,14,4100,CANCELLED,PENDING
A001840,I00668,U0691,U0958,GIVEAWAY,2026-03-22,2026-03-18,2026-03-22,COMPLETED,0,3450,COMPLETED,NA
A001841,I00867,U0646,U0327,SWAP,2026-06-12,2026-06-11,2026-06-12,COMPLETED,0,1550,COMPLETED,NA
A001842,I04535,U0204,U0376,GIVEAWAY,2025-11-28,2025-11-25,2025-11-28,COMPLETED,0,1250,COMPLETED,NA
A001843,I04025,U0475,U0467,GIVEAWAY,2026-04-10,2026-04-08,2026-04-10,COMPLETED,0,1200,COMPLETED,NA
A001844,I02056,U0439,U0261,GIVEAWAY,2025-11-13,2025-11-11,2025-11-13,COMPLETED,0,250,COMPLETED,NA
A001845,I03857,U0914,U0575,BORROW,2025-11-12,2025-11-12,2025-11-26,ACTIVE,14,650,NOT_RETURNED,PENDING
A001846,I01068,U0995,U0401,GIVEAWAY,2026-01-11,2026-01-09,2026-01-11,COMPLETED,0,250,COMPLETED,NA
A001847,I01915,U0097,U0977,BORROW,2025-11-29,2025-11-28,2025-12-06,ACTIVE,7,50,NOT_RETURNED,PENDING
A001848,I01600,U0680,U0351,SWAP,2026-07-06,2026-07-05,2026-07-06,COMPLETED,0,750,COMPLETED,NA
A001849,I03187,U0598,U0268,GIVEAWAY,2025-11-01,2025-10-31,2025-11-01,COMPLETED,0,1950,COMPLETED,NA
A001850,I00933,U0345,U0631,GIVEAWAY,2025-11-11,2025-11-10,2025-11-11,COMPLETED,0,1800,COMPLETED,NA
A001851,I01159,U0670,U0347,BORROW,2025-09-06,2025-09-03,2025-09-20,COMPLETED,14,950,RETURNED,ON_TIME
A001852,I00102,U0089,U0986,BORROW,2026-02-20,2026-02-16,2026-03-06,COMPLETED,14,1000,RETURNED,ON_TIME
A001853,I02052,U0365,U0763,GIVEAWAY,2025-12-31,2025-12-27,2025-12-31,COMPLETED,0,750,COMPLETED,NA
A001854,I04873,U0968,U0273,SWAP,2026-05-19,2026-05-19,2026-05-19,COMPLETED,0,1100,COMPLETED,NA
A001855,I02005,U0716,U0770,BORROW,2026-06-13,2026-06-09,2026-06-20,CANCELLED,7,100,CANCELLED,PENDING
A001856,I04936,U0480,U0925,BORROW,2025-10-24,2025-10-22,2025-10-27,CANCELLED,3,750,CANCELLED,PENDING
A001857,I04627,U0566,U0890,GIVEAWAY,2026-06-10,2026-06-09,2026-06-10,COMPLETED,0,1000,COMPLETED,NA
A001858,I00068,U0335,U0440,SELL,2025-10-29,2025-10-27,2025-10-29,COMPLETED,0,2600,COMPLETED,NA
A001859,I04629,U0088,U0343,BORROW,2026-05-28,2026-05-24,2026-06-04,ACTIVE,7,2050,NOT_RETURNED,PENDING
A001860,I01844,U0821,U0468,BORROW,2025-12-27,2025-12-24,2026-01-03,COMPLETED,7,750,RETURNED,ON_TIME
A001861,I00990,U0706,U0052,BORROW,2026-06-03,2026-06-03,2026-06-17,COMPLETED,14,700,RETURNED,ON_TIME
A001862,I04823,U0882,U0809,BORROW,2025-12-31,2025-12-27,2026-01-10,COMPLETED,10,500,RETURNED,LATE
A001863,I03196,U0568,U0848,GIVEAWAY,2026-07-26,2026-07-23,2026-07-26,COMPLETED,0,700,COMPLETED,NA
A001864,I02858,U0913,U0982,BORROW,2026-06-10,2026-06-07,2026-06-20,COMPLETED,10,2600,RETURNED,ON_TIME
A001865,I04718,U0300,U0436,BORROW,2026-05-25,2026-05-23,2026-05-30,COMPLETED,5,750,RETURNED,ON_TIME
A001866,I00510,U0434,U0577,SELL,2026-05-11,2026-05-11,2026-05-11,COMPLETED,0,900,COMPLETED,NA
A001867,I00388,U0717,U0334,SWAP,2026-03-17,2026-03-13,2026-03-17,COMPLETED,0,400,COMPLETED,NA
A001868,I00319,U0853,U0928,BORROW,2026-03-17,2026-03-14,2026-03-20,COMPLETED,3,1500,RETURNED,ON_TIME
A001869,I03259,U0756,U0572,BORROW,2026-07-23,2026-07-21,2026-08-02,COMPLETED,10,650,RETURNED,LATE
A001870,I03084,U0524,U0424,BORROW,2026-03-11,2026-03-07,2026-03-16,COMPLETED,5,2100,RETURNED,ON_TIME
A001871,I03642,U0996,U0518,BORROW,2025-11-27,2025-11-27,2025-12-07,COMPLETED,10,750,RETURNED,ON_TIME
A001872,I02884,U0415,U0468,SWAP,2025-09-05,2025-09-02,2025-09-05,COMPLETED,0,1800,COMPLETED,NA
A001873,I01589,U0768,U0405,BORROW,2025-09-12,2025-09-08,2025-09-19,COMPLETED,7,3350,RETURNED,LATE
A001874,I04318,U0018,U0645,BORROW,2026-07-15,2026-07-12,2026-07-17,ACTIVE,2,1200,NOT_RETURNED,PENDING
A001875,I04030,U0520,U0280,BORROW,2025-11-15,2025-11-11,2025-12-06,COMPLETED,21,400,RETURNED,ON_TIME
A001876,I02908,U0934,U0170,GIVEAWAY,2026-07-07,2026-07-05,2026-07-07,COMPLETED,0,1200,COMPLETED,NA
A001877,I02611,U0824,U0367,BORROW,2026-06-17,2026-06-13,2026-06-27,ACTIVE,10,2150,NOT_RETURNED,PENDING
A001878,I04595,U0303,U0254,SELL,2025-12-03,2025-12-03,2025-12-03,COMPLETED,0,2000,COMPLETED,NA
A001879,I04148,U0771,U0093,BORROW,2025-12-11,2025-12-10,2025-12-14,COMPLETED,3,2700,RETURNED,ON_TIME
A001880,I00125,U0464,U0746,BORROW,2025-10-09,2025-10-07,2025-10-11,ACTIVE,2,650,NOT_RETURNED,PENDING
A001881,I04266,U0829,U0006,SELL,2026-04-28,2026-04-26,2026-04-28,COMPLETED,0,1700,COMPLETED,NA
A001882,I01001,U0963,U0031,BORROW,2025-12-31,2025-12-30,2026-01-02,COMPLETED,2,450,RETURNED,ON_TIME
A001883,I03177,U0618,U0643,SWAP,2025-12-17,2025-12-15,2025-12-17,COMPLETED,0,1750,COMPLETED,NA
A001884,I00309,U0966,U0652,SWAP,2026-04-01,2026-03-30,2026-04-01,COMPLETED,0,1700,COMPLETED,NA
A001885,I02779,U0478,U0194,BORROW,2026-03-15,2026-03-14,2026-04-05,COMPLETED,21,500,RETURNED,ON_TIME
A001886,I01958,U0060,U0243,SWAP,2025-09-26,2025-09-26,2025-09-26,COMPLETED,0,1700,COMPLETED,NA
A001887,I01910,U0612,U0048,SWAP,2025-11-08,2025-11-07,2025-11-08,COMPLETED,0,750,COMPLETED,NA
A001888,I00230,U0403,U0202,GIVEAWAY,2025-11-05,2025-11-04,2025-11-05,COMPLETED,0,350,COMPLETED,NA
A001889,I03842,U0212,U0998,BORROW,2025-12-23,2025-12-21,2026-01-02,COMPLETED,10,6200,RETURNED,ON_TIME
A001890,I02868,U0787,U0738,BORROW,2025-12-19,2025-12-19,2025-12-29,COMPLETED,10,150,RETURNED,ON_TIME
A001891,I02207,U0083,U0965,BORROW,2026-03-04,2026-03-03,2026-03-14,COMPLETED,10,1550,RETURNED,ON_TIME
A001892,I00793,U0864,U0540,SELL,2026-03-10,2026-03-09,2026-03-10,COMPLETED,0,900,COMPLETED,NA
A001893,I01896,U0713,U0598,SWAP,2026-04-18,2026-04-15,2026-04-18,COMPLETED,0,1200,COMPLETED,NA
A001894,I01464,U0135,U0736,SELL,2026-02-12,2026-02-09,2026-02-12,COMPLETED,0,3450,COMPLETED,NA
A001895,I01235,U0225,U0582,SWAP,2025-09-18,2025-09-16,2025-09-18,COMPLETED,0,2150,COMPLETED,NA
A001896,I03091,U0565,U0836,BORROW,2026-07-15,2026-07-13,2026-07-22,ACTIVE,7,2550,NOT_RETURNED,PENDING
A001897,I03564,U0157,U0361,BORROW,2026-05-04,2026-05-03,2026-05-09,ACTIVE,5,3000,NOT_RETURNED,PENDING
A001898,I02783,U0545,U0510,GIVEAWAY,2026-03-26,2026-03-23,2026-03-26,COMPLETED,0,450,COMPLETED,NA
A001899,I04562,U0433,U0622,BORROW,2025-09-14,2025-09-12,2025-09-24,COMPLETED,10,4000,RETURNED,ON_TIME
A001900,I01450,U0466,U0492,GIVEAWAY,2026-01-05,2026-01-05,2026-01-05,COMPLETED,0,1100,COMPLETED,NA
A001901,I03215,U0299,U0488,BORROW,2026-04-08,2026-04-05,2026-04-18,COMPLETED,10,900,RETURNED,ON_TIME
A001902,I03056,U0132,U0063,BORROW,2025-11-23,2025-11-23,2025-12-07,COMPLETED,14,2250,RETURNED,ON_TIME
A001903,I02186,U0439,U0983,SELL,2026-02-12,2026-02-10,2026-02-12,COMPLETED,0,1900,COMPLETED,NA
A001904,I00736,U0048,U0512,BORROW,2026-04-09,2026-04-08,2026-04-30,COMPLETED,21,700,RETURNED,LATE
A001905,I03633,U0311,U0710,BORROW,2026-03-02,2026-02-26,2026-03-12,COMPLETED,10,2250,RETURNED,ON_TIME
A001906,I04096,U0623,U0481,SELL,2025-11-26,2025-11-24,2025-11-26,COMPLETED,0,350,COMPLETED,NA
A001907,I04674,U0301,U0763,SWAP,2025-11-18,2025-11-15,2025-11-18,COMPLETED,0,1450,COMPLETED,NA
A001908,I02046,U0362,U0819,BORROW,2026-02-07,2026-02-06,2026-02-09,COMPLETED,2,2000,RETURNED,LATE
A001909,I01074,U0510,U0335,SELL,2026-02-06,2026-02-06,2026-02-06,COMPLETED,0,3650,COMPLETED,NA
A001910,I03685,U0907,U0118,SWAP,2025-09-20,2025-09-20,2025-09-20,COMPLETED,0,100,COMPLETED,NA
A001911,I02746,U0097,U0051,SWAP,2025-09-27,2025-09-23,2025-09-27,CANCELLED,0,400,CANCELLED,NA
A001912,I00150,U0478,U0940,SWAP,2026-02-05,2026-02-03,2026-02-05,CANCELLED,0,850,CANCELLED,NA
A001913,I02050,U0032,U0851,BORROW,2026-01-02,2025-12-29,2026-01-23,COMPLETED,21,600,RETURNED,ON_TIME
A001914,I00398,U0101,U0863,SWAP,2026-07-09,2026-07-05,2026-07-09,COMPLETED,0,2650,COMPLETED,NA
A001915,I03436,U0019,U0159,GIVEAWAY,2026-04-27,2026-04-25,2026-04-27,COMPLETED,0,200,COMPLETED,NA
A001916,I01516,U0784,U0254,BORROW,2026-04-04,2026-04-02,2026-04-25,COMPLETED,21,300,RETURNED,ON_TIME
A001917,I01573,U0815,U0791,SWAP,2026-05-29,2026-05-29,2026-05-29,COMPLETED,0,1150,COMPLETED,NA
A001918,I03135,U0519,U0293,BORROW,2025-09-18,2025-09-14,2025-09-23,ACTIVE,5,1250,NOT_RETURNED,PENDING
A001919,I01135,U0841,U0263,BORROW,2025-12-18,2025-12-16,2025-12-28,COMPLETED,10,50,RETURNED,ON_TIME
A001920,I04248,U0963,U0212,BORROW,2026-03-08,2026-03-08,2026-03-10,CANCELLED,2,250,CANCELLED,PENDING
A001921,I00087,U0708,U0951,BORROW,2026-03-06,2026-03-05,2026-03-27,COMPLETED,21,1550,RETURNED,ON_TIME
A001922,I01937,U0925,U0235,BORROW,2026-02-07,2026-02-06,2026-02-17,COMPLETED,10,550,RETURNED,ON_TIME
A001923,I01467,U0516,U0438,BORROW,2025-11-15,2025-11-13,2025-11-20,COMPLETED,5,1700,RETURNED,LATE
A001924,I03750,U0726,U0743,GIVEAWAY,2025-09-07,2025-09-07,2025-09-07,COMPLETED,0,600,COMPLETED,NA
A001925,I04862,U0871,U0449,SWAP,2026-01-19,2026-01-17,2026-01-19,COMPLETED,0,4800,COMPLETED,NA
A001926,I04899,U0133,U0180,BORROW,2026-07-17,2026-07-13,2026-07-31,ACTIVE,14,1900,NOT_RETURNED,PENDING
A001927,I01426,U0537,U0215,BORROW,2026-02-25,2026-02-24,2026-03-11,ACTIVE,14,800,NOT_RETURNED,PENDING
A001928,I00182,U0709,U0326,GIVEAWAY,2025-10-31,2025-10-28,2025-10-31,COMPLETED,0,4350,COMPLETED,NA
A001929,I01187,U0408,U0692,SWAP,2026-02-06,2026-02-04,2026-02-06,COMPLETED,0,1050,COMPLETED,NA
A001930,I04208,U0202,U0248,BORROW,2026-01-10,2026-01-08,2026-01-15,COMPLETED,5,2600,RETURNED,ON_TIME
A001931,I01166,U0698,U0076,BORROW,2026-05-06,2026-05-05,2026-05-11,COMPLETED,5,1400,RETURNED,LATE
A001932,I00878,U0010,U0973,BORROW,2025-10-07,2025-10-05,2025-10-10,CANCELLED,3,2650,CANCELLED,PENDING
A001933,I00466,U0117,U0867,SWAP,2026-05-20,2026-05-20,2026-05-20,COMPLETED,0,200,COMPLETED,NA
A001934,I02625,U0850,U0703,GIVEAWAY,2026-02-09,2026-02-08,2026-02-09,COMPLETED,0,1450,COMPLETED,NA
A001935,I00806,U0839,U0852,SWAP,2026-01-26,2026-01-24,2026-01-26,COMPLETED,0,2100,COMPLETED,NA
A001936,I02369,U0728,U0662,SWAP,2025-09-11,2025-09-10,2025-09-11,COMPLETED,0,1350,COMPLETED,NA
A001937,I01025,U0848,U0031,BORROW,2026-02-22,2026-02-20,2026-02-24,COMPLETED,2,1100,RETURNED,ON_TIME
A001938,I04998,U0041,U0588,BORROW,2025-10-05,2025-10-04,2025-10-07,COMPLETED,2,250,RETURNED,ON_TIME
A001939,I01797,U0816,U0716,GIVEAWAY,2026-02-27,2026-02-25,2026-02-27,COMPLETED,0,1550,COMPLETED,NA
A001940,I00231,U0513,U0957,BORROW,2025-12-27,2025-12-25,2026-01-17,COMPLETED,21,900,RETURNED,ON_TIME
A001941,I00011,U0606,U0188,BORROW,2026-06-19,2026-06-16,2026-06-26,COMPLETED,7,600,RETURNED,ON_TIME
A001942,I04195,U0141,U0633,SWAP,2026-02-12,2026-02-12,2026-02-12,COMPLETED,0,100,COMPLETED,NA
A001943,I04618,U0847,U0954,SELL,2026-01-07,2026-01-05,2026-01-07,COMPLETED,0,850,COMPLETED,NA
A001944,I00305,U0103,U0892,BORROW,2025-11-05,2025-11-04,2025-11-12,OVERDUE,7,1800,NOT_RETURNED,LATE
A001945,I03053,U0029,U0985,GIVEAWAY,2026-01-20,2026-01-20,2026-01-20,COMPLETED,0,400,COMPLETED,NA
A001946,I01483,U0496,U0020,BORROW,2025-09-03,2025-08-30,2025-09-17,ACTIVE,14,900,NOT_RETURNED,PENDING
A001947,I02302,U0630,U0278,BORROW,2025-12-25,2025-12-21,2026-01-08,COMPLETED,14,1950,RETURNED,ON_TIME
A001948,I00530,U0890,U0251,SELL,2026-03-15,2026-03-12,2026-03-15,COMPLETED,0,400,COMPLETED,NA
A001949,I00473,U0217,U0630,BORROW,2026-05-28,2026-05-27,2026-05-31,COMPLETED,3,500,RETURNED,ON_TIME
A001950,I02245,U0855,U0391,BORROW,2026-02-17,2026-02-14,2026-03-10,COMPLETED,21,150,RETURNED,ON_TIME
A001951,I04088,U0308,U0163,BORROW,2026-04-14,2026-04-14,2026-04-16,COMPLETED,2,1750,RETURNED,ON_TIME
A001952,I02461,U0993,U0103,GIVEAWAY,2026-01-25,2026-01-22,2026-01-25,COMPLETED,0,3100,COMPLETED,NA
A001953,I03150,U0084,U0104,GIVEAWAY,2025-12-07,2025-12-03,2025-12-07,CANCELLED,0,800,CANCELLED,NA
A001954,I01450,U0178,U0492,BORROW,2025-10-21,2025-10-19,2025-10-24,COMPLETED,3,1100,RETURNED,ON_TIME
A001955,I00476,U0579,U0107,BORROW,2026-07-23,2026-07-21,2026-08-02,COMPLETED,10,2650,RETURNED,ON_TIME
A001956,I01922,U0087,U0374,BORROW,2026-02-28,2026-02-24,2026-03-05,COMPLETED,5,5650,RETURNED,ON_TIME
A001957,I03986,U0354,U0349,BORROW,2026-05-04,2026-05-04,2026-05-25,COMPLETED,21,2600,RETURNED,ON_TIME
A001958,I04108,U0012,U0154,SWAP,2026-07-25,2026-07-22,2026-07-25,COMPLETED,0,800,COMPLETED,NA
A001959,I04104,U0142,U0919,SELL,2025-09-11,2025-09-09,2025-09-11,COMPLETED,0,2550,COMPLETED,NA
A001960,I00672,U0778,U0942,BORROW,2026-01-04,2025-12-31,2026-01-09,OVERDUE,5,300,NOT_RETURNED,LATE
A001961,I04311,U0769,U0618,SELL,2025-09-01,2025-08-30,2025-09-01,COMPLETED,0,2150,COMPLETED,NA
A001962,I03209,U0313,U0683,GIVEAWAY,2026-04-21,2026-04-21,2026-04-21,COMPLETED,0,4300,COMPLETED,NA
A001963,I03780,U0141,U0114,BORROW,2026-07-02,2026-06-29,2026-07-12,COMPLETED,10,950,RETURNED,ON_TIME
A001964,I04702,U0402,U0108,BORROW,2026-03-05,2026-03-02,2026-03-19,COMPLETED,14,1500,RETURNED,ON_TIME
A001965,I02438,U0473,U0395,BORROW,2025-11-09,2025-11-05,2025-11-12,COMPLETED,3,1950,RETURNED,ON_TIME
A001966,I01980,U0805,U0017,BORROW,2026-03-15,2026-03-14,2026-03-29,COMPLETED,14,1300,RETURNED,ON_TIME
A001967,I01044,U0559,U0518,BORROW,2026-03-08,2026-03-07,2026-03-15,COMPLETED,7,3550,RETURNED,ON_TIME
A001968,I03928,U0730,U0802,SELL,2025-11-19,2025-11-19,2025-11-19,COMPLETED,0,1650,COMPLETED,NA
A001969,I04750,U0968,U0179,BORROW,2026-06-26,2026-06-24,2026-07-03,OVERDUE,7,1100,NOT_RETURNED,LATE
A001970,I04243,U0815,U0798,SELL,2026-06-16,2026-06-14,2026-06-16,COMPLETED,0,1800,COMPLETED,NA
A001971,I02315,U0390,U0140,GIVEAWAY,2025-11-23,2025-11-22,2025-11-23,COMPLETED,0,1800,COMPLETED,NA
A001972,I04451,U0111,U0268,BORROW,2025-09-02,2025-08-30,2025-09-05,COMPLETED,3,600,RETURNED,ON_TIME
A001973,I00126,U0892,U0779,BORROW,2026-03-26,2026-03-23,2026-03-29,COMPLETED,3,1900,RETURNED,ON_TIME
A001974,I03602,U0520,U0123,SWAP,2026-04-24,2026-04-23,2026-04-24,COMPLETED,0,6100,COMPLETED,NA
A001975,I02245,U0706,U0391,BORROW,2026-06-24,2026-06-21,2026-07-04,COMPLETED,10,150,RETURNED,ON_TIME
A001976,I01421,U0121,U0113,GIVEAWAY,2026-03-23,2026-03-19,2026-03-23,COMPLETED,0,750,COMPLETED,NA
A001977,I03317,U0518,U0174,BORROW,2026-04-08,2026-04-04,2026-04-11,COMPLETED,3,950,RETURNED,ON_TIME
A001978,I04340,U0111,U0392,GIVEAWAY,2025-11-22,2025-11-20,2025-11-22,COMPLETED,0,700,COMPLETED,NA
A001979,I03509,U0794,U0838,SWAP,2026-06-07,2026-06-06,2026-06-07,COMPLETED,0,4750,COMPLETED,NA
A001980,I02819,U0493,U0726,SWAP,2026-06-23,2026-06-21,2026-06-23,COMPLETED,0,3300,COMPLETED,NA
A001981,I01468,U0036,U0264,SWAP,2025-12-14,2025-12-13,2025-12-14,COMPLETED,0,1100,COMPLETED,NA
A001982,I02428,U0779,U0871,GIVEAWAY,2025-11-12,2025-11-08,2025-11-12,COMPLETED,0,1350,COMPLETED,NA
A001983,I00339,U0958,U0306,SWAP,2025-11-26,2025-11-24,2025-11-26,COMPLETED,0,1500,COMPLETED,NA
A001984,I00242,U0670,U0871,SELL,2025-10-21,2025-10-19,2025-10-21,COMPLETED,0,6400,COMPLETED,NA
A001985,I02796,U0285,U0083,SWAP,2025-12-27,2025-12-25,2025-12-27,COMPLETED,0,650,COMPLETED,NA
A001986,I04253,U0317,U0778,GIVEAWAY,2026-02-13,2026-02-10,2026-02-13,CANCELLED,0,550,CANCELLED,NA
A001987,I00121,U0724,U0506,BORROW,2025-12-23,2025-12-20,2026-01-02,COMPLETED,10,2250,RETURNED,ON_TIME
A001988,I02603,U0613,U0118,BORROW,2026-01-17,2026-01-14,2026-01-19,COMPLETED,2,550,RETURNED,ON_TIME
A001989,I03276,U0154,U0067,BORROW,2025-09-14,2025-09-14,2025-09-24,COMPLETED,10,650,RETURNED,LATE
A001990,I01798,U0801,U0883,SELL,2026-01-07,2026-01-03,2026-01-07,COMPLETED,0,1550,COMPLETED,NA
A001991,I04566,U0289,U0602,GIVEAWAY,2026-05-30,2026-05-30,2026-05-30,COMPLETED,0,1350,COMPLETED,NA
A001992,I03532,U0986,U0226,SELL,2026-04-25,2026-04-24,2026-04-25,COMPLETED,0,1550,COMPLETED,NA
A001993,I00480,U0722,U0413,BORROW,2026-06-21,2026-06-19,2026-07-01,COMPLETED,10,1600,RETURNED,ON_TIME
A001994,I00834,U0309,U0840,BORROW,2026-01-25,2026-01-25,2026-01-27,COMPLETED,2,1050,RETURNED,ON_TIME
A001995,I00854,U0566,U0817,SWAP,2026-06-30,2026-06-29,2026-06-30,COMPLETED,0,900,COMPLETED,NA
A001996,I03735,U0087,U0331,SWAP,2026-06-13,2026-06-13,2026-06-13,COMPLETED,0,750,COMPLETED,NA
A001997,I00659,U0624,U0706,SWAP,2026-07-21,2026-07-19,2026-07-21,COMPLETED,0,1250,COMPLETED,NA
A001998,I04857,U0160,U0883,BORROW,2026-06-28,2026-06-25,2026-07-05,COMPLETED,7,1450,RETURNED,ON_TIME
A001999,I03054,U0031,U0531,BORROW,2025-12-22,2025-12-20,2025-12-25,COMPLETED,3,2000,RETURNED,ON_TIME
A002000,I00198,U0950,U0214,BORROW,2025-11-20,2025-11-18,2025-11-23,CANCELLED,3,550,CANCELLED,PENDING
A002001,I00441,U0044,U0472,BORROW,2026-07-21,2026-07-19,2026-08-11,COMPLETED,21,1100,RETURNED,ON_TIME
A002002,I04723,U0127,U0137,SWAP,2026-07-04,2026-06-30,2026-07-04,COMPLETED,0,1000,COMPLETED,NA
A002003,I03939,U0962,U0413,SWAP,2026-01-18,2026-01-17,2026-01-18,COMPLETED,0,1450,COMPLETED,NA
A002004,I01971,U0662,U0790,SELL,2025-10-21,2025-10-18,2025-10-21,COMPLETED,0,700,COMPLETED,NA
A002005,I01233,U0490,U0695,GIVEAWAY,2026-06-21,2026-06-19,2026-06-21,COMPLETED,0,600,COMPLETED,NA
A002006,I03611,U0781,U0962,BORROW,2026-06-13,2026-06-12,2026-06-15,COMPLETED,2,1150,RETURNED,ON_TIME
A002007,I04731,U0265,U0850,BORROW,2026-02-07,2026-02-03,2026-02-17,OVERDUE,10,600,NOT_RETURNED,LATE
A002008,I04871,U0886,U0864,BORROW,2026-05-03,2026-04-29,2026-05-08,COMPLETED,5,500,RETURNED,ON_TIME
A002009,I02604,U0569,U0906,BORROW,2025-09-05,2025-09-05,2025-09-26,COMPLETED,21,3250,RETURNED,LATE
A002010,I03037,U0556,U0768,BORROW,2025-10-17,2025-10-16,2025-10-31,CANCELLED,14,2400,CANCELLED,PENDING
A002011,I03908,U0961,U0907,GIVEAWAY,2026-06-09,2026-06-08,2026-06-09,COMPLETED,0,1550,COMPLETED,NA
A002012,I04360,U0908,U0982,BORROW,2025-11-15,2025-11-12,2025-11-25,OVERDUE,10,350,NOT_RETURNED,LATE
A002013,I00013,U0207,U0413,BORROW,2026-06-07,2026-06-06,2026-06-14,COMPLETED,7,1800,RETURNED,LATE
A002014,I01873,U0613,U0939,BORROW,2026-01-02,2025-12-30,2026-01-16,COMPLETED,14,850,RETURNED,ON_TIME
A002015,I04815,U0779,U0194,BORROW,2026-07-20,2026-07-16,2026-07-22,COMPLETED,2,1350,RETURNED,ON_TIME
A002016,I02360,U0571,U0901,BORROW,2026-05-29,2026-05-29,2026-06-12,COMPLETED,14,650,RETURNED,ON_TIME
A002017,I00718,U0590,U0324,SELL,2026-06-05,2026-06-05,2026-06-05,COMPLETED,0,500,COMPLETED,NA
A002018,I04665,U0672,U0478,BORROW,2025-10-03,2025-09-30,2025-10-17,COMPLETED,14,1450,RETURNED,ON_TIME
A002019,I01823,U0588,U0526,BORROW,2026-03-28,2026-03-28,2026-04-18,COMPLETED,21,150,RETURNED,LATE
A002020,I00255,U0352,U0103,BORROW,2026-03-10,2026-03-06,2026-03-31,COMPLETED,21,1450,RETURNED,ON_TIME
A002021,I03516,U0298,U0420,SELL,2026-06-14,2026-06-14,2026-06-14,COMPLETED,0,750,COMPLETED,NA
A002022,I01596,U0314,U0628,BORROW,2026-03-28,2026-03-25,2026-03-31,COMPLETED,3,500,RETURNED,LATE
A002023,I03908,U0030,U0907,BORROW,2026-03-19,2026-03-18,2026-04-09,CANCELLED,21,1550,CANCELLED,PENDING
A002024,I04790,U0104,U0651,BORROW,2025-12-29,2025-12-25,2026-01-03,CANCELLED,5,500,CANCELLED,PENDING
A002025,I04348,U0783,U0918,SWAP,2025-12-10,2025-12-07,2025-12-10,COMPLETED,0,1550,COMPLETED,NA
A002026,I01294,U0535,U0957,BORROW,2026-03-14,2026-03-11,2026-03-24,COMPLETED,10,2350,RETURNED,ON_TIME
A002027,I00423,U0967,U0634,GIVEAWAY,2025-12-06,2025-12-05,2025-12-06,COMPLETED,0,550,COMPLETED,NA
A002028,I03572,U0243,U0291,BORROW,2026-03-18,2026-03-18,2026-03-21,CANCELLED,3,4000,CANCELLED,PENDING
A002029,I04686,U0054,U0131,SWAP,2026-02-16,2026-02-15,2026-02-16,COMPLETED,0,1700,COMPLETED,NA
A002030,I03149,U0043,U0985,BORROW,2026-07-14,2026-07-10,2026-08-04,ACTIVE,21,5400,NOT_RETURNED,PENDING
A002031,I01686,U0538,U0822,BORROW,2025-10-20,2025-10-19,2025-10-22,COMPLETED,2,1050,RETURNED,ON_TIME
A002032,I01012,U0461,U0445,BORROW,2026-06-26,2026-06-26,2026-07-17,COMPLETED,21,750,RETURNED,ON_TIME
A002033,I02581,U0866,U0235,SWAP,2025-09-05,2025-09-01,2025-09-05,COMPLETED,0,3450,COMPLETED,NA
A002034,I00643,U0449,U0474,SELL,2026-06-30,2026-06-27,2026-06-30,COMPLETED,0,1150,COMPLETED,NA
A002035,I00128,U0446,U0399,BORROW,2026-04-21,2026-04-17,2026-05-12,OVERDUE,21,1650,NOT_RETURNED,LATE
A002036,I00902,U0187,U0210,BORROW,2025-11-17,2025-11-14,2025-12-01,ACTIVE,14,4350,NOT_RETURNED,PENDING
A002037,I03738,U0558,U0010,SELL,2025-10-05,2025-10-03,2025-10-05,COMPLETED,0,350,COMPLETED,NA
A002038,I04440,U0191,U0103,BORROW,2026-04-30,2026-04-29,2026-05-03,COMPLETED,3,1500,RETURNED,ON_TIME
A002039,I02987,U0333,U0896,BORROW,2026-06-27,2026-06-24,2026-07-18,COMPLETED,21,600,RETURNED,LATE
A002040,I03292,U0026,U0970,SELL,2026-03-10,2026-03-10,2026-03-10,COMPLETED,0,2250,COMPLETED,NA
A002041,I01255,U0094,U0367,BORROW,2026-01-25,2026-01-21,2026-02-15,COMPLETED,21,200,RETURNED,LATE
A002042,I01346,U0844,U0213,GIVEAWAY,2026-05-03,2026-05-02,2026-05-03,COMPLETED,0,3100,COMPLETED,NA
A002043,I02047,U0085,U0928,BORROW,2025-11-27,2025-11-27,2025-11-30,COMPLETED,3,700,RETURNED,ON_TIME
A002044,I01632,U0869,U0136,SELL,2026-07-21,2026-07-19,2026-07-21,COMPLETED,0,400,COMPLETED,NA
A002045,I00067,U0522,U0229,BORROW,2025-09-28,2025-09-26,2025-10-03,ACTIVE,5,2900,NOT_RETURNED,PENDING
A002046,I02431,U0960,U0204,BORROW,2025-10-19,2025-10-17,2025-11-02,COMPLETED,14,2800,RETURNED,ON_TIME
A002047,I03556,U0960,U0845,GIVEAWAY,2025-10-25,2025-10-25,2025-10-25,COMPLETED,0,400,COMPLETED,NA
A002048,I03415,U0573,U0289,SELL,2026-03-18,2026-03-17,2026-03-18,COMPLETED,0,150,COMPLETED,NA
A002049,I03958,U0927,U0539,BORROW,2026-07-13,2026-07-13,2026-07-16,COMPLETED,3,500,RETURNED,ON_TIME
A002050,I04949,U0659,U0074,BORROW,2025-11-26,2025-11-26,2025-12-10,COMPLETED,14,3300,RETURNED,ON_TIME
A002051,I03388,U0352,U0723,BORROW,2026-01-17,2026-01-13,2026-01-22,ACTIVE,5,1600,NOT_RETURNED,PENDING
A002052,I04973,U0066,U0708,BORROW,2025-10-14,2025-10-12,2025-10-28,ACTIVE,14,150,NOT_RETURNED,PENDING
A002053,I02059,U0019,U0992,BORROW,2026-01-18,2026-01-15,2026-01-25,COMPLETED,7,550,RETURNED,ON_TIME
A002054,I02153,U0803,U0408,SELL,2026-01-09,2026-01-05,2026-01-09,COMPLETED,0,400,COMPLETED,NA
A002055,I04876,U0465,U0899,BORROW,2025-12-03,2025-12-03,2025-12-05,ACTIVE,2,500,NOT_RETURNED,PENDING
A002056,I01439,U0944,U0220,BORROW,2025-11-09,2025-11-09,2025-11-30,ACTIVE,21,5900,NOT_RETURNED,PENDING
A002057,I02972,U0397,U0500,GIVEAWAY,2026-01-12,2026-01-09,2026-01-12,COMPLETED,0,6150,COMPLETED,NA
A002058,I01662,U0223,U0451,BORROW,2026-02-11,2026-02-09,2026-02-21,OVERDUE,10,500,NOT_RETURNED,LATE
A002059,I03274,U0340,U0415,GIVEAWAY,2026-03-19,2026-03-15,2026-03-19,COMPLETED,0,2350,COMPLETED,NA
A002060,I00123,U0453,U0959,BORROW,2026-01-01,2025-12-29,2026-01-03,CANCELLED,2,600,CANCELLED,PENDING
A002061,I00610,U0491,U0217,BORROW,2026-06-20,2026-06-18,2026-06-22,ACTIVE,2,1250,NOT_RETURNED,PENDING
A002062,I01460,U0431,U0738,BORROW,2025-12-10,2025-12-06,2025-12-20,OVERDUE,10,450,NOT_RETURNED,LATE
A002063,I03009,U0618,U0550,SWAP,2026-03-05,2026-03-05,2026-03-05,COMPLETED,0,2050,COMPLETED,NA
A002064,I00417,U0341,U0590,BORROW,2026-02-04,2026-02-03,2026-02-14,COMPLETED,10,700,RETURNED,ON_TIME
A002065,I00372,U0758,U0879,SWAP,2026-04-24,2026-04-23,2026-04-24,COMPLETED,0,950,COMPLETED,NA
A002066,I04600,U0388,U0509,BORROW,2026-05-18,2026-05-14,2026-06-01,COMPLETED,14,1100,RETURNED,ON_TIME
A002067,I00516,U0471,U0048,BORROW,2025-12-03,2025-11-29,2025-12-13,CANCELLED,10,1850,CANCELLED,PENDING
A002068,I02146,U0341,U0687,SWAP,2025-10-30,2025-10-27,2025-10-30,COMPLETED,0,250,COMPLETED,NA
A002069,I04861,U0681,U0931,GIVEAWAY,2025-09-14,2025-09-14,2025-09-14,COMPLETED,0,2000,COMPLETED,NA
A002070,I00338,U0399,U0145,GIVEAWAY,2025-11-16,2025-11-14,2025-11-16,COMPLETED,0,2400,COMPLETED,NA
A002071,I01122,U0959,U0847,SWAP,2025-11-01,2025-10-29,2025-11-01,COMPLETED,0,250,COMPLETED,NA
A002072,I04986,U0780,U0786,BORROW,2025-11-20,2025-11-18,2025-11-25,COMPLETED,5,1900,RETURNED,ON_TIME
A002073,I04318,U0053,U0645,SELL,2026-05-01,2026-04-30,2026-05-01,COMPLETED,0,1200,COMPLETED,NA
A002074,I01988,U0282,U0504,BORROW,2026-02-06,2026-02-03,2026-02-20,COMPLETED,14,1350,RETURNED,ON_TIME
A002075,I02000,U0874,U0473,BORROW,2026-01-09,2026-01-05,2026-01-16,ACTIVE,7,750,NOT_RETURNED,PENDING
A002076,I03866,U0895,U0200,BORROW,2025-10-13,2025-10-11,2025-10-16,ACTIVE,3,2300,NOT_RETURNED,PENDING
A002077,I04476,U0040,U0010,BORROW,2026-07-03,2026-07-03,2026-07-05,ACTIVE,2,1100,NOT_RETURNED,PENDING
A002078,I01377,U0192,U0025,BORROW,2026-03-23,2026-03-21,2026-03-26,COMPLETED,3,1350,RETURNED,ON_TIME
A002079,I04043,U0400,U0717,SELL,2025-11-13,2025-11-10,2025-11-13,COMPLETED,0,400,COMPLETED,NA
A002080,I02282,U0863,U0598,SWAP,2025-09-21,2025-09-20,2025-09-21,COMPLETED,0,2600,COMPLETED,NA
A002081,I00124,U0311,U0060,GIVEAWAY,2025-12-06,2025-12-04,2025-12-06,COMPLETED,0,700,COMPLETED,NA
A002082,I04936,U0114,U0925,SWAP,2026-04-26,2026-04-24,2026-04-26,COMPLETED,0,750,COMPLETED,NA
A002083,I02593,U0745,U0264,GIVEAWAY,2025-12-13,2025-12-10,2025-12-13,COMPLETED,0,2200,COMPLETED,NA
A002084,I03266,U0571,U0430,BORROW,2026-05-22,2026-05-20,2026-06-01,OVERDUE,10,3100,NOT_RETURNED,LATE
A002085,I04369,U0008,U0982,BORROW,2025-12-04,2025-12-03,2025-12-25,COMPLETED,21,1500,RETURNED,ON_TIME
A002086,I02037,U0271,U0190,BORROW,2025-10-20,2025-10-18,2025-10-25,COMPLETED,5,1650,RETURNED,ON_TIME
A002087,I00147,U0421,U0832,GIVEAWAY,2025-09-24,2025-09-21,2025-09-24,COMPLETED,0,650,COMPLETED,NA
A002088,I02398,U0588,U0098,SWAP,2026-04-07,2026-04-05,2026-04-07,COMPLETED,0,1500,COMPLETED,NA
A002089,I00509,U0853,U0547,GIVEAWAY,2025-10-09,2025-10-09,2025-10-09,COMPLETED,0,5200,COMPLETED,NA
A002090,I04759,U0169,U0593,BORROW,2025-09-01,2025-08-30,2025-09-22,COMPLETED,21,1000,RETURNED,ON_TIME
A002091,I03834,U0839,U0901,SWAP,2025-11-12,2025-11-09,2025-11-12,COMPLETED,0,1800,COMPLETED,NA
A002092,I00470,U0082,U0904,BORROW,2025-11-18,2025-11-14,2025-11-25,COMPLETED,7,650,RETURNED,ON_TIME
A002093,I01657,U0784,U0692,BORROW,2026-07-21,2026-07-17,2026-07-26,ACTIVE,5,1600,NOT_RETURNED,PENDING
A002094,I00739,U0758,U0483,BORROW,2026-02-09,2026-02-07,2026-03-02,COMPLETED,21,1050,RETURNED,ON_TIME
A002095,I02057,U0546,U0165,GIVEAWAY,2025-10-21,2025-10-21,2025-10-21,CANCELLED,0,1250,CANCELLED,NA
A002096,I01037,U0203,U0733,GIVEAWAY,2026-07-07,2026-07-07,2026-07-07,COMPLETED,0,1100,COMPLETED,NA
A002097,I00911,U0034,U0490,BORROW,2025-12-10,2025-12-10,2025-12-13,ACTIVE,3,350,NOT_RETURNED,PENDING
A002098,I01148,U0759,U0362,BORROW,2025-12-13,2025-12-09,2025-12-16,COMPLETED,3,2900,RETURNED,ON_TIME
A002099,I01592,U0690,U0814,SWAP,2025-09-28,2025-09-25,2025-09-28,COMPLETED,0,5150,COMPLETED,NA
A002100,I02577,U0037,U0292,BORROW,2026-01-05,2026-01-05,2026-01-19,COMPLETED,14,450,RETURNED,ON_TIME
A002101,I01175,U0561,U0478,SWAP,2026-05-01,2026-04-29,2026-05-01,COMPLETED,0,750,COMPLETED,NA
A002102,I01294,U0092,U0957,GIVEAWAY,2026-03-13,2026-03-10,2026-03-13,CANCELLED,0,2350,CANCELLED,NA
A002103,I03667,U0088,U0312,GIVEAWAY,2026-04-17,2026-04-14,2026-04-17,COMPLETED,0,500,COMPLETED,NA
A002104,I04545,U0551,U0062,BORROW,2026-05-13,2026-05-09,2026-05-15,COMPLETED,2,1750,RETURNED,ON_TIME
A002105,I02637,U0117,U0500,GIVEAWAY,2025-09-15,2025-09-14,2025-09-15,COMPLETED,0,1250,COMPLETED,NA
A002106,I04592,U0836,U0188,BORROW,2026-05-20,2026-05-16,2026-06-10,COMPLETED,21,2750,RETURNED,ON_TIME
A002107,I01716,U0383,U0490,SELL,2026-01-02,2025-12-29,2026-01-02,COMPLETED,0,1700,COMPLETED,NA
A002108,I01121,U0695,U0545,SWAP,2025-11-29,2025-11-27,2025-11-29,COMPLETED,0,950,COMPLETED,NA
A002109,I00644,U0266,U0996,SWAP,2025-11-02,2025-10-30,2025-11-02,COMPLETED,0,600,COMPLETED,NA
A002110,I00853,U0475,U0569,BORROW,2025-10-14,2025-10-14,2025-10-21,COMPLETED,7,1950,RETURNED,ON_TIME
A002111,I04107,U0033,U0365,SELL,2025-11-08,2025-11-06,2025-11-08,COMPLETED,0,750,COMPLETED,NA
A002112,I04131,U0342,U0316,GIVEAWAY,2025-11-27,2025-11-23,2025-11-27,COMPLETED,0,1000,COMPLETED,NA
A002113,I02036,U0019,U0213,BORROW,2026-01-24,2026-01-21,2026-02-07,ACTIVE,14,2450,NOT_RETURNED,PENDING
A002114,I00766,U0473,U0797,GIVEAWAY,2025-09-17,2025-09-14,2025-09-17,COMPLETED,0,700,COMPLETED,NA
A002115,I00930,U0574,U0644,BORROW,2026-01-24,2026-01-24,2026-01-27,COMPLETED,3,1100,RETURNED,ON_TIME
A002116,I02234,U0241,U0051,BORROW,2026-06-27,2026-06-24,2026-07-18,COMPLETED,21,600,RETURNED,LATE
A002117,I01237,U0371,U0787,SELL,2026-05-11,2026-05-07,2026-05-11,COMPLETED,0,1450,COMPLETED,NA
A002118,I04605,U0264,U0208,GIVEAWAY,2026-03-24,2026-03-22,2026-03-24,COMPLETED,0,1450,COMPLETED,NA
A002119,I02834,U0214,U0404,SWAP,2026-04-23,2026-04-20,2026-04-23,COMPLETED,0,900,COMPLETED,NA
A002120,I00005,U0976,U0324,GIVEAWAY,2025-12-10,2025-12-06,2025-12-10,COMPLETED,0,1600,COMPLETED,NA
A002121,I04053,U0922,U0262,BORROW,2026-04-08,2026-04-08,2026-04-15,COMPLETED,7,2400,RETURNED,LATE
A002122,I04469,U0561,U0583,SELL,2025-09-25,2025-09-23,2025-09-25,COMPLETED,0,3100,COMPLETED,NA
A002123,I02668,U0497,U0153,BORROW,2026-01-21,2026-01-18,2026-01-23,COMPLETED,2,1600,RETURNED,LATE
A002124,I00955,U0810,U0365,BORROW,2026-06-30,2026-06-26,2026-07-02,COMPLETED,2,100,RETURNED,ON_TIME
A002125,I01097,U0365,U0065,SWAP,2026-03-15,2026-03-11,2026-03-15,COMPLETED,0,950,COMPLETED,NA
A002126,I01535,U0890,U0872,BORROW,2026-01-22,2026-01-22,2026-01-25,COMPLETED,3,2400,RETURNED,ON_TIME
A002127,I03630,U0171,U0196,SWAP,2026-01-28,2026-01-28,2026-01-28,COMPLETED,0,1350,COMPLETED,NA
A002128,I02095,U0830,U0104,SELL,2025-10-31,2025-10-30,2025-10-31,COMPLETED,0,150,COMPLETED,NA
A002129,I02362,U0610,U0793,BORROW,2026-03-20,2026-03-19,2026-03-27,CANCELLED,7,3200,CANCELLED,PENDING
A002130,I02955,U0361,U0362,BORROW,2026-02-02,2026-01-30,2026-02-04,CANCELLED,2,1500,CANCELLED,PENDING
A002131,I03500,U0340,U0047,SELL,2025-11-26,2025-11-25,2025-11-26,COMPLETED,0,600,COMPLETED,NA
A002132,I04665,U0717,U0478,GIVEAWAY,2026-01-02,2025-12-31,2026-01-02,COMPLETED,0,1450,COMPLETED,NA
A002133,I01751,U0961,U0465,BORROW,2025-09-17,2025-09-16,2025-10-01,COMPLETED,14,700,RETURNED,ON_TIME
A002134,I04065,U0841,U0864,SWAP,2026-03-17,2026-03-17,2026-03-17,COMPLETED,0,1550,COMPLETED,NA
A002135,I01400,U0021,U0145,BORROW,2025-10-20,2025-10-17,2025-10-23,COMPLETED,3,550,RETURNED,ON_TIME
A002136,I03117,U0140,U0908,BORROW,2025-09-02,2025-09-02,2025-09-12,COMPLETED,10,500,RETURNED,LATE
A002137,I01590,U0361,U0146,SELL,2026-01-31,2026-01-31,2026-01-31,COMPLETED,0,1050,COMPLETED,NA
A002138,I02489,U0510,U0168,BORROW,2025-10-07,2025-10-05,2025-10-09,ACTIVE,2,5500,NOT_RETURNED,PENDING
A002139,I02838,U0165,U0988,BORROW,2026-05-15,2026-05-12,2026-05-20,COMPLETED,5,200,RETURNED,ON_TIME
A002140,I04155,U0155,U0208,BORROW,2025-12-06,2025-12-02,2025-12-27,COMPLETED,21,800,RETURNED,ON_TIME
A002141,I01831,U0659,U0690,BORROW,2025-09-09,2025-09-05,2025-09-11,OVERDUE,2,2550,NOT_RETURNED,LATE
A002142,I03982,U0947,U0532,SWAP,2026-02-13,2026-02-11,2026-02-13,COMPLETED,0,2300,COMPLETED,NA
A002143,I02050,U0331,U0851,BORROW,2025-12-22,2025-12-18,2025-12-25,COMPLETED,3,600,RETURNED,ON_TIME
A002144,I00943,U0289,U0507,SWAP,2026-07-01,2026-06-28,2026-07-01,COMPLETED,0,800,COMPLETED,NA
A002145,I01944,U0034,U0604,BORROW,2026-03-29,2026-03-29,2026-04-05,OVERDUE,7,750,NOT_RETURNED,LATE
A002146,I03961,U0448,U0476,SWAP,2025-09-21,2025-09-19,2025-09-21,COMPLETED,0,2600,COMPLETED,NA
A002147,I01605,U0160,U0251,SELL,2026-06-17,2026-06-16,2026-06-17,COMPLETED,0,1950,COMPLETED,NA
A002148,I02335,U0525,U0147,BORROW,2026-02-03,2026-01-30,2026-02-17,COMPLETED,14,150,RETURNED,ON_TIME
A002149,I01236,U0521,U0755,SELL,2026-07-12,2026-07-11,2026-07-12,COMPLETED,0,2200,COMPLETED,NA
A002150,I04254,U0177,U0171,GIVEAWAY,2026-05-02,2026-05-02,2026-05-02,COMPLETED,0,4300,COMPLETED,NA
A002151,I04347,U0919,U0053,BORROW,2025-11-08,2025-11-08,2025-11-15,COMPLETED,7,1200,RETURNED,ON_TIME
A002152,I02816,U0385,U0141,SWAP,2025-12-08,2025-12-05,2025-12-08,COMPLETED,0,3100,COMPLETED,NA
A002153,I02407,U0329,U0176,GIVEAWAY,2025-10-28,2025-10-28,2025-10-28,COMPLETED,0,2050,COMPLETED,NA
A002154,I02902,U0171,U0011,SELL,2026-01-23,2026-01-22,2026-01-23,COMPLETED,0,2400,COMPLETED,NA
A002155,I01960,U0159,U0490,BORROW,2026-01-01,2025-12-28,2026-01-22,CANCELLED,21,1550,CANCELLED,PENDING
A002156,I02311,U0651,U0432,BORROW,2025-11-15,2025-11-15,2025-11-22,COMPLETED,7,1800,RETURNED,ON_TIME
A002157,I00330,U0708,U0744,BORROW,2025-12-23,2025-12-21,2025-12-25,COMPLETED,2,950,RETURNED,LATE
A002158,I00155,U0128,U0448,BORROW,2025-09-07,2025-09-04,2025-09-17,COMPLETED,10,850,RETURNED,ON_TIME
A002159,I02156,U0636,U0316,GIVEAWAY,2026-06-07,2026-06-03,2026-06-07,COMPLETED,0,1900,COMPLETED,NA
A002160,I01998,U0572,U0720,SELL,2025-11-02,2025-11-01,2025-11-02,COMPLETED,0,400,COMPLETED,NA
A002161,I03337,U0303,U0342,SWAP,2025-12-08,2025-12-06,2025-12-08,COMPLETED,0,1300,COMPLETED,NA
A002162,I00460,U0581,U0071,GIVEAWAY,2026-06-02,2026-05-29,2026-06-02,COMPLETED,0,1350,COMPLETED,NA
A002163,I03422,U0489,U0513,GIVEAWAY,2026-07-13,2026-07-11,2026-07-13,COMPLETED,0,6200,COMPLETED,NA
A002164,I03811,U0476,U0752,BORROW,2026-06-17,2026-06-13,2026-07-01,COMPLETED,14,2750,RETURNED,ON_TIME
A002165,I00417,U0251,U0590,BORROW,2025-10-19,2025-10-19,2025-10-24,COMPLETED,5,700,RETURNED,ON_TIME
A002166,I00974,U0985,U0070,SWAP,2026-05-04,2026-05-04,2026-05-04,COMPLETED,0,1150,COMPLETED,NA
A002167,I02401,U0201,U0164,BORROW,2026-05-03,2026-04-29,2026-05-13,COMPLETED,10,2000,RETURNED,ON_TIME
A002168,I02451,U0439,U0523,BORROW,2026-03-25,2026-03-24,2026-04-15,COMPLETED,21,1300,RETURNED,ON_TIME
A002169,I01743,U0222,U0654,BORROW,2026-01-08,2026-01-06,2026-01-15,COMPLETED,7,1200,RETURNED,ON_TIME
A002170,I02346,U0679,U0591,BORROW,2025-10-26,2025-10-26,2025-10-29,COMPLETED,3,1700,RETURNED,ON_TIME
A002171,I02370,U0220,U0758,GIVEAWAY,2026-03-19,2026-03-19,2026-03-19,COMPLETED,0,550,COMPLETED,NA
A002172,I04886,U0141,U0804,GIVEAWAY,2026-03-23,2026-03-22,2026-03-23,COMPLETED,0,2950,COMPLETED,NA
A002173,I03549,U0160,U0326,BORROW,2026-04-20,2026-04-19,2026-04-25,COMPLETED,5,1800,RETURNED,ON_TIME
A002174,I00327,U0742,U0673,SWAP,2026-05-19,2026-05-15,2026-05-19,COMPLETED,0,1400,COMPLETED,NA
A002175,I02862,U0142,U0152,BORROW,2026-03-25,2026-03-21,2026-03-30,COMPLETED,5,600,RETURNED,ON_TIME
A002176,I02563,U0923,U0074,BORROW,2025-12-17,2025-12-17,2025-12-19,ACTIVE,2,750,NOT_RETURNED,PENDING
A002177,I02870,U0399,U0129,SWAP,2026-07-10,2026-07-08,2026-07-10,COMPLETED,0,600,COMPLETED,NA
A002178,I01649,U0041,U0587,SWAP,2025-11-22,2025-11-20,2025-11-22,COMPLETED,0,4650,COMPLETED,NA
A002179,I00821,U0977,U0041,SWAP,2026-06-23,2026-06-20,2026-06-23,COMPLETED,0,600,COMPLETED,NA
A002180,I02418,U0212,U0913,BORROW,2026-04-10,2026-04-09,2026-04-13,ACTIVE,3,400,NOT_RETURNED,PENDING
A002181,I01104,U0645,U0671,BORROW,2025-09-12,2025-09-12,2025-09-26,ACTIVE,14,750,NOT_RETURNED,PENDING
A002182,I02966,U0626,U0890,SWAP,2025-09-18,2025-09-17,2025-09-18,COMPLETED,0,1550,COMPLETED,NA
A002183,I04613,U0280,U0444,GIVEAWAY,2025-12-18,2025-12-15,2025-12-18,COMPLETED,0,150,COMPLETED,NA
A002184,I01139,U0152,U0168,SELL,2026-01-25,2026-01-24,2026-01-25,COMPLETED,0,2200,COMPLETED,NA
A002185,I02573,U0264,U0330,SWAP,2026-06-25,2026-06-24,2026-06-25,COMPLETED,0,600,COMPLETED,NA
A002186,I03134,U0870,U0142,GIVEAWAY,2026-03-17,2026-03-16,2026-03-17,COMPLETED,0,800,COMPLETED,NA
A002187,I02293,U0319,U0331,BORROW,2026-01-07,2026-01-03,2026-01-21,COMPLETED,14,750,RETURNED,ON_TIME
A002188,I03951,U0555,U0190,SWAP,2026-07-18,2026-07-14,2026-07-18,COMPLETED,0,1750,COMPLETED,NA
A002189,I03931,U0741,U0774,GIVEAWAY,2026-06-13,2026-06-12,2026-06-13,COMPLETED,0,1750,COMPLETED,NA
A002190,I01613,U0280,U0197,SELL,2025-09-27,2025-09-24,2025-09-27,COMPLETED,0,550,COMPLETED,NA
A002191,I03465,U0271,U0145,BORROW,2025-09-10,2025-09-10,2025-09-12,COMPLETED,2,750,RETURNED,ON_TIME
A002192,I04702,U0991,U0108,BORROW,2026-03-01,2026-02-25,2026-03-11,COMPLETED,10,1500,RETURNED,ON_TIME
A002193,I00747,U0167,U0275,GIVEAWAY,2025-09-06,2025-09-02,2025-09-06,COMPLETED,0,1500,COMPLETED,NA
A002194,I03945,U0575,U0106,BORROW,2026-02-07,2026-02-04,2026-02-09,COMPLETED,2,1250,RETURNED,LATE
A002195,I02219,U0535,U0240,BORROW,2025-11-21,2025-11-18,2025-12-12,COMPLETED,21,5850,RETURNED,ON_TIME
A002196,I01410,U0416,U0245,BORROW,2026-07-16,2026-07-15,2026-07-18,COMPLETED,2,1050,RETURNED,ON_TIME
A002197,I00895,U0108,U0466,GIVEAWAY,2025-10-02,2025-09-30,2025-10-02,COMPLETED,0,150,COMPLETED,NA
A002198,I01651,U0995,U0458,SWAP,2026-06-03,2026-05-31,2026-06-03,COMPLETED,0,1250,COMPLETED,NA
A002199,I02236,U0237,U0640,BORROW,2026-06-25,2026-06-24,2026-07-02,COMPLETED,7,500,RETURNED,ON_TIME
A002200,I00827,U0577,U0290,BORROW,2026-06-27,2026-06-24,2026-07-04,COMPLETED,7,1600,RETURNED,ON_TIME
A002201,I02249,U0305,U0332,BORROW,2025-11-08,2025-11-06,2025-11-18,COMPLETED,10,2200,RETURNED,ON_TIME
A002202,I01833,U0110,U0188,GIVEAWAY,2026-03-24,2026-03-23,2026-03-24,COMPLETED,0,1400,COMPLETED,NA
A002203,I02148,U0523,U0342,GIVEAWAY,2026-04-20,2026-04-19,2026-04-20,COMPLETED,0,600,COMPLETED,NA
A002204,I01653,U0937,U0841,BORROW,2025-12-11,2025-12-11,2025-12-21,COMPLETED,10,2400,RETURNED,ON_TIME
A002205,I04311,U0140,U0618,SWAP,2026-03-13,2026-03-11,2026-03-13,COMPLETED,0,2150,COMPLETED,NA
A002206,I00929,U0246,U0317,BORROW,2026-07-14,2026-07-14,2026-07-19,OVERDUE,5,3400,NOT_RETURNED,LATE
A002207,I00523,U0485,U0460,SWAP,2026-05-10,2026-05-10,2026-05-10,COMPLETED,0,850,COMPLETED,NA
A002208,I03923,U0131,U0841,GIVEAWAY,2025-12-12,2025-12-08,2025-12-12,COMPLETED,0,550,COMPLETED,NA
A002209,I02020,U0402,U0214,SWAP,2025-11-10,2025-11-06,2025-11-10,COMPLETED,0,500,COMPLETED,NA
A002210,I04427,U0460,U0928,SELL,2026-07-17,2026-07-17,2026-07-17,COMPLETED,0,1450,COMPLETED,NA
A002211,I02623,U0281,U0621,GIVEAWAY,2026-05-22,2026-05-18,2026-05-22,COMPLETED,0,1700,COMPLETED,NA
A002212,I00057,U0082,U0393,GIVEAWAY,2025-11-09,2025-11-07,2025-11-09,COMPLETED,0,950,COMPLETED,NA
A002213,I01960,U0668,U0490,BORROW,2026-03-22,2026-03-21,2026-04-12,COMPLETED,21,1550,RETURNED,ON_TIME
A002214,I01820,U0345,U0987,SELL,2026-07-06,2026-07-06,2026-07-06,COMPLETED,0,250,COMPLETED,NA
A002215,I04057,U0031,U0931,SELL,2026-04-29,2026-04-26,2026-04-29,COMPLETED,0,2550,COMPLETED,NA
A002216,I04609,U0117,U0233,SELL,2026-03-26,2026-03-25,2026-03-26,COMPLETED,0,300,COMPLETED,NA
A002217,I03008,U0792,U0275,SWAP,2026-02-15,2026-02-11,2026-02-15,COMPLETED,0,1800,COMPLETED,NA
A002218,I01958,U0154,U0243,BORROW,2025-09-21,2025-09-20,2025-10-05,COMPLETED,14,1700,RETURNED,ON_TIME
A002219,I02446,U0255,U0608,GIVEAWAY,2026-04-06,2026-04-03,2026-04-06,COMPLETED,0,200,COMPLETED,NA
A002220,I04507,U0894,U0078,SELL,2026-01-30,2026-01-29,2026-01-30,COMPLETED,0,2800,COMPLETED,NA
A002221,I01171,U0852,U0198,GIVEAWAY,2025-09-16,2025-09-16,2025-09-16,COMPLETED,0,1550,COMPLETED,NA
A002222,I02084,U0839,U0348,BORROW,2026-05-01,2026-04-30,2026-05-22,ACTIVE,21,700,NOT_RETURNED,PENDING
A002223,I00769,U0436,U0317,BORROW,2025-10-09,2025-10-07,2025-10-23,COMPLETED,14,1350,RETURNED,ON_TIME
A002224,I00742,U0967,U0333,SELL,2026-02-01,2026-01-29,2026-02-01,COMPLETED,0,2550,COMPLETED,NA
A002225,I01777,U0180,U0206,GIVEAWAY,2026-05-11,2026-05-11,2026-05-11,COMPLETED,0,1050,COMPLETED,NA
A002226,I04890,U0107,U0163,SWAP,2026-03-27,2026-03-26,2026-03-27,COMPLETED,0,450,COMPLETED,NA
A002227,I03832,U0799,U0914,SWAP,2025-12-26,2025-12-25,2025-12-26,CANCELLED,0,3300,CANCELLED,NA
A002228,I03537,U0796,U0346,SELL,2026-06-10,2026-06-10,2026-06-10,COMPLETED,0,400,COMPLETED,NA
A002229,I00239,U0473,U0506,BORROW,2026-05-24,2026-05-22,2026-06-14,COMPLETED,21,2700,RETURNED,ON_TIME
A002230,I01184,U0864,U0384,BORROW,2025-10-20,2025-10-16,2025-10-27,COMPLETED,7,600,RETURNED,ON_TIME
A002231,I01468,U0871,U0264,GIVEAWAY,2025-12-06,2025-12-04,2025-12-06,COMPLETED,0,1100,COMPLETED,NA
A002232,I04076,U0371,U0661,BORROW,2026-07-13,2026-07-12,2026-07-18,COMPLETED,5,2500,RETURNED,ON_TIME
A002233,I03576,U0317,U0805,SWAP,2026-03-17,2026-03-14,2026-03-17,COMPLETED,0,1950,COMPLETED,NA
A002234,I02838,U0849,U0988,SWAP,2026-03-11,2026-03-08,2026-03-11,COMPLETED,0,200,COMPLETED,NA
A002235,I01731,U0976,U0396,GIVEAWAY,2025-12-02,2025-11-29,2025-12-02,COMPLETED,0,1700,COMPLETED,NA
A002236,I00528,U0416,U0988,GIVEAWAY,2026-02-06,2026-02-02,2026-02-06,COMPLETED,0,400,COMPLETED,NA
A002237,I00862,U0509,U0507,BORROW,2026-04-19,2026-04-16,2026-04-24,CANCELLED,5,1400,CANCELLED,PENDING
A002238,I04755,U0942,U0430,SWAP,2026-02-13,2026-02-11,2026-02-13,COMPLETED,0,1750,COMPLETED,NA
A002239,I00107,U0077,U0980,BORROW,2026-05-30,2026-05-27,2026-06-04,CANCELLED,5,550,CANCELLED,PENDING
A002240,I02111,U0907,U0354,GIVEAWAY,2025-11-25,2025-11-21,2025-11-25,COMPLETED,0,1100,COMPLETED,NA
A002241,I00043,U0697,U0452,BORROW,2025-11-16,2025-11-16,2025-12-07,ACTIVE,21,2150,NOT_RETURNED,PENDING
A002242,I03473,U0931,U0245,GIVEAWAY,2026-02-01,2026-01-28,2026-02-01,COMPLETED,0,650,COMPLETED,NA
A002243,I04215,U0413,U0575,BORROW,2026-02-11,2026-02-07,2026-02-16,CANCELLED,5,1950,CANCELLED,PENDING
A002244,I01264,U0634,U0790,SWAP,2026-07-07,2026-07-06,2026-07-07,COMPLETED,0,750,COMPLETED,NA
A002245,I04199,U0676,U0252,BORROW,2026-06-16,2026-06-13,2026-06-26,COMPLETED,10,4050,RETURNED,ON_TIME
A002246,I00075,U0974,U0446,BORROW,2025-11-15,2025-11-11,2025-11-18,COMPLETED,3,750,RETURNED,ON_TIME
A002247,I01381,U0681,U0844,BORROW,2025-12-15,2025-12-12,2025-12-25,ACTIVE,10,1450,NOT_RETURNED,PENDING
A002248,I03508,U0345,U0747,SWAP,2025-11-13,2025-11-10,2025-11-13,COMPLETED,0,1450,COMPLETED,NA
A002249,I02749,U0635,U0106,BORROW,2025-10-05,2025-10-03,2025-10-07,ACTIVE,2,750,NOT_RETURNED,PENDING
A002250,I00084,U0236,U0825,BORROW,2026-07-27,2026-07-26,2026-07-30,COMPLETED,3,900,RETURNED,ON_TIME
A002251,I04674,U0738,U0763,BORROW,2026-05-10,2026-05-08,2026-05-31,CANCELLED,21,1450,CANCELLED,PENDING
A002252,I04287,U0499,U0894,BORROW,2026-03-10,2026-03-10,2026-03-31,CANCELLED,21,850,CANCELLED,PENDING
A002253,I01678,U0526,U0270,SELL,2025-09-09,2025-09-06,2025-09-09,COMPLETED,0,1550,COMPLETED,NA
A002254,I04048,U0016,U0374,SWAP,2025-10-02,2025-09-28,2025-10-02,COMPLETED,0,500,COMPLETED,NA
A002255,I01924,U0889,U0640,BORROW,2026-03-29,2026-03-28,2026-04-12,COMPLETED,14,2000,RETURNED,ON_TIME
A002256,I00024,U0196,U0028,GIVEAWAY,2026-01-01,2025-12-31,2026-01-01,COMPLETED,0,3550,COMPLETED,NA
A002257,I00309,U0567,U0652,SWAP,2026-02-24,2026-02-23,2026-02-24,COMPLETED,0,1700,COMPLETED,NA
A002258,I03096,U0799,U0996,BORROW,2026-05-08,2026-05-06,2026-05-18,COMPLETED,10,950,RETURNED,ON_TIME
A002259,I01228,U0256,U0229,BORROW,2026-04-06,2026-04-05,2026-04-08,COMPLETED,2,1000,RETURNED,ON_TIME
A002260,I03774,U0987,U0671,SELL,2026-06-28,2026-06-26,2026-06-28,COMPLETED,0,4350,COMPLETED,NA
A002261,I02487,U0711,U0340,SWAP,2025-09-27,2025-09-24,2025-09-27,COMPLETED,0,1750,COMPLETED,NA
A002262,I04194,U0004,U0089,GIVEAWAY,2025-10-03,2025-10-02,2025-10-03,COMPLETED,0,4200,COMPLETED,NA
A002263,I02935,U0708,U0182,BORROW,2026-06-04,2026-05-31,2026-06-18,COMPLETED,14,100,RETURNED,ON_TIME
A002264,I01151,U0405,U0255,BORROW,2026-03-19,2026-03-19,2026-03-29,COMPLETED,10,550,RETURNED,ON_TIME
A002265,I02731,U0551,U0766,BORROW,2026-07-03,2026-06-29,2026-07-06,CANCELLED,3,1800,CANCELLED,PENDING
A002266,I00064,U0755,U0997,BORROW,2026-01-17,2026-01-16,2026-01-20,COMPLETED,3,1900,RETURNED,LATE
A002267,I00586,U0613,U0941,SELL,2025-09-03,2025-08-31,2025-09-03,COMPLETED,0,250,COMPLETED,NA
A002268,I00467,U0567,U0309,BORROW,2025-12-01,2025-12-01,2025-12-08,OVERDUE,7,1550,NOT_RETURNED,LATE
A002269,I03121,U0975,U0338,BORROW,2026-01-09,2026-01-05,2026-01-11,ACTIVE,2,2550,NOT_RETURNED,PENDING
A002270,I01981,U0941,U0671,GIVEAWAY,2026-04-27,2026-04-26,2026-04-27,COMPLETED,0,2800,COMPLETED,NA
A002271,I03567,U0803,U0200,BORROW,2025-10-21,2025-10-20,2025-10-24,CANCELLED,3,1300,CANCELLED,PENDING
A002272,I00671,U0664,U0285,BORROW,2026-07-06,2026-07-03,2026-07-11,CANCELLED,5,850,CANCELLED,PENDING
A002273,I04084,U0361,U0077,BORROW,2026-04-15,2026-04-15,2026-04-25,COMPLETED,10,1500,RETURNED,ON_TIME
A002274,I00957,U0685,U0909,SWAP,2025-09-16,2025-09-13,2025-09-16,COMPLETED,0,1600,COMPLETED,NA
A002275,I03133,U0482,U0775,GIVEAWAY,2026-05-11,2026-05-09,2026-05-11,COMPLETED,0,1350,COMPLETED,NA
A002276,I02231,U0593,U0130,SELL,2025-10-18,2025-10-16,2025-10-18,COMPLETED,0,950,COMPLETED,NA
A002277,I02593,U0631,U0264,BORROW,2026-07-21,2026-07-17,2026-08-11,COMPLETED,21,2200,RETURNED,LATE
A002278,I04051,U0819,U0074,BORROW,2025-09-05,2025-09-05,2025-09-15,ACTIVE,10,950,NOT_RETURNED,PENDING
A002279,I04499,U0107,U0764,GIVEAWAY,2026-04-24,2026-04-22,2026-04-24,COMPLETED,0,2400,COMPLETED,NA
A002280,I00138,U0704,U0627,BORROW,2026-04-25,2026-04-24,2026-04-30,COMPLETED,5,150,RETURNED,ON_TIME
A002281,I01872,U0204,U0050,SWAP,2026-05-28,2026-05-27,2026-05-28,COMPLETED,0,450,COMPLETED,NA
A002282,I00395,U0700,U0712,GIVEAWAY,2026-01-18,2026-01-14,2026-01-18,COMPLETED,0,1200,COMPLETED,NA
A002283,I03824,U0551,U0260,SWAP,2026-02-07,2026-02-04,2026-02-07,COMPLETED,0,1050,COMPLETED,NA
A002284,I04634,U0942,U0008,SWAP,2026-05-29,2026-05-26,2026-05-29,CANCELLED,0,1100,CANCELLED,NA
A002285,I04028,U0603,U0958,BORROW,2026-07-21,2026-07-20,2026-08-11,ACTIVE,21,850,NOT_RETURNED,PENDING
A002286,I03961,U0398,U0476,BORROW,2026-05-03,2026-04-30,2026-05-17,COMPLETED,14,2600,RETURNED,ON_TIME
A002287,I00779,U0363,U0660,SWAP,2026-06-24,2026-06-20,2026-06-24,COMPLETED,0,4500,COMPLETED,NA
A002288,I01908,U0489,U0968,BORROW,2025-11-08,2025-11-04,2025-11-15,COMPLETED,7,250,RETURNED,ON_TIME
A002289,I02682,U0585,U0561,BORROW,2026-03-11,2026-03-09,2026-03-18,COMPLETED,7,650,RETURNED,ON_TIME
A002290,I04367,U0142,U0731,SWAP,2026-05-07,2026-05-04,2026-05-07,COMPLETED,0,1150,COMPLETED,NA
A002291,I02152,U0027,U0043,BORROW,2026-07-23,2026-07-20,2026-08-06,COMPLETED,14,1000,RETURNED,LATE
A002292,I01671,U0580,U0311,SWAP,2025-11-14,2025-11-12,2025-11-14,COMPLETED,0,2050,COMPLETED,NA
A002293,I02530,U0698,U0596,GIVEAWAY,2026-03-22,2026-03-18,2026-03-22,COMPLETED,0,1100,COMPLETED,NA
A002294,I01573,U0811,U0791,SELL,2025-09-25,2025-09-24,2025-09-25,COMPLETED,0,1150,COMPLETED,NA
A002295,I04478,U0917,U0365,SWAP,2026-03-02,2026-02-26,2026-03-02,COMPLETED,0,1250,COMPLETED,NA
A002296,I03677,U0228,U0856,BORROW,2026-07-28,2026-07-28,2026-07-31,COMPLETED,3,550,RETURNED,ON_TIME
A002297,I01711,U0421,U0829,GIVEAWAY,2026-02-10,2026-02-10,2026-02-10,COMPLETED,0,3400,COMPLETED,NA
A002298,I04644,U0419,U0096,SWAP,2025-12-30,2025-12-26,2025-12-30,COMPLETED,0,4000,COMPLETED,NA
A002299,I01668,U0795,U0067,GIVEAWAY,2026-03-12,2026-03-09,2026-03-12,COMPLETED,0,550,COMPLETED,NA
A002300,I02110,U0098,U0864,SWAP,2026-04-30,2026-04-26,2026-04-30,COMPLETED,0,1250,COMPLETED,NA
A002301,I00271,U0303,U0965,GIVEAWAY,2026-05-08,2026-05-07,2026-05-08,COMPLETED,0,1800,COMPLETED,NA
A002302,I04463,U0557,U0571,GIVEAWAY,2026-07-04,2026-07-04,2026-07-04,COMPLETED,0,450,COMPLETED,NA
A002303,I04554,U0596,U0363,SWAP,2026-03-28,2026-03-28,2026-03-28,COMPLETED,0,1700,COMPLETED,NA
A002304,I00290,U0716,U0956,SWAP,2026-05-04,2026-05-04,2026-05-04,COMPLETED,0,200,COMPLETED,NA
A002305,I00726,U0598,U0112,BORROW,2025-09-25,2025-09-21,2025-09-30,COMPLETED,5,1550,RETURNED,ON_TIME
A002306,I03749,U0730,U0139,GIVEAWAY,2025-11-10,2025-11-10,2025-11-10,COMPLETED,0,4500,COMPLETED,NA
A002307,I01291,U0530,U0857,BORROW,2026-02-07,2026-02-04,2026-02-12,COMPLETED,5,3450,RETURNED,ON_TIME
A002308,I03534,U0498,U0543,BORROW,2026-04-26,2026-04-22,2026-05-10,COMPLETED,14,4000,RETURNED,ON_TIME
A002309,I01694,U0130,U0310,SELL,2026-06-25,2026-06-21,2026-06-25,COMPLETED,0,700,COMPLETED,NA
A002310,I02997,U0131,U0354,GIVEAWAY,2026-07-17,2026-07-13,2026-07-17,COMPLETED,0,1750,COMPLETED,NA
A002311,I03648,U0191,U0574,BORROW,2026-03-14,2026-03-10,2026-03-21,COMPLETED,7,550,RETURNED,ON_TIME
A002312,I01660,U0047,U0811,GIVEAWAY,2025-10-20,2025-10-18,2025-10-20,COMPLETED,0,1650,COMPLETED,NA
A002313,I00043,U0070,U0452,BORROW,2025-11-11,2025-11-09,2025-11-18,COMPLETED,7,2150,RETURNED,ON_TIME
A002314,I04628,U0412,U0359,SWAP,2026-07-23,2026-07-22,2026-07-23,COMPLETED,0,2450,COMPLETED,NA
A002315,I01775,U0366,U0114,BORROW,2025-11-26,2025-11-22,2025-12-10,COMPLETED,14,950,RETURNED,ON_TIME
A002316,I04169,U0641,U0181,SELL,2025-12-02,2025-11-29,2025-12-02,COMPLETED,0,4750,COMPLETED,NA
A002317,I02052,U0145,U0763,SWAP,2025-10-23,2025-10-20,2025-10-23,COMPLETED,0,750,COMPLETED,NA
A002318,I03938,U0594,U0627,BORROW,2026-06-25,2026-06-21,2026-07-16,COMPLETED,21,1000,RETURNED,ON_TIME
A002319,I04818,U0259,U0614,BORROW,2026-07-28,2026-07-26,2026-08-11,ACTIVE,14,450,NOT_RETURNED,PENDING
A002320,I04363,U0846,U0713,GIVEAWAY,2026-01-03,2026-01-01,2026-01-03,COMPLETED,0,2500,COMPLETED,NA
A002321,I04112,U0929,U0120,SELL,2026-05-05,2026-05-04,2026-05-05,COMPLETED,0,6900,COMPLETED,NA
A002322,I02774,U0680,U0531,BORROW,2025-10-07,2025-10-03,2025-10-09,COMPLETED,2,300,RETURNED,ON_TIME
A002323,I01229,U0356,U0776,SWAP,2026-04-04,2026-03-31,2026-04-04,COMPLETED,0,2100,COMPLETED,NA
A002324,I04532,U0602,U0371,SELL,2025-11-10,2025-11-09,2025-11-10,COMPLETED,0,5200,COMPLETED,NA
A002325,I02426,U0546,U0506,BORROW,2026-06-01,2026-05-28,2026-06-06,COMPLETED,5,1600,RETURNED,ON_TIME
A002326,I04879,U0390,U0531,SELL,2026-02-10,2026-02-09,2026-02-10,COMPLETED,0,450,COMPLETED,NA
A002327,I00885,U1000,U0040,BORROW,2026-03-25,2026-03-25,2026-03-27,ACTIVE,2,650,NOT_RETURNED,PENDING
A002328,I00072,U0289,U0740,SELL,2025-11-25,2025-11-25,2025-11-25,COMPLETED,0,550,COMPLETED,NA
A002329,I02744,U0008,U0751,SELL,2025-11-09,2025-11-09,2025-11-09,COMPLETED,0,450,COMPLETED,NA
A002330,I04413,U0688,U0106,SELL,2026-02-11,2026-02-11,2026-02-11,COMPLETED,0,2450,COMPLETED,NA
A002331,I04117,U0320,U0376,SWAP,2026-06-23,2026-06-19,2026-06-23,COMPLETED,0,1550,COMPLETED,NA
A002332,I03803,U0205,U0112,SWAP,2025-12-03,2025-12-01,2025-12-03,COMPLETED,0,300,COMPLETED,NA
A002333,I02861,U0597,U0126,SWAP,2026-01-01,2025-12-31,2026-01-01,COMPLETED,0,1000,COMPLETED,NA
A002334,I02125,U0666,U0589,BORROW,2026-01-19,2026-01-17,2026-01-24,COMPLETED,5,150,RETURNED,LATE
A002335,I02905,U0820,U0534,GIVEAWAY,2025-10-28,2025-10-24,2025-10-28,COMPLETED,0,200,COMPLETED,NA
A002336,I02646,U0722,U0185,BORROW,2026-03-04,2026-02-28,2026-03-18,COMPLETED,14,1450,RETURNED,ON_TIME
A002337,I03667,U0124,U0312,GIVEAWAY,2025-11-05,2025-11-01,2025-11-05,COMPLETED,0,500,COMPLETED,NA
A002338,I03823,U0482,U0934,GIVEAWAY,2025-09-20,2025-09-19,2025-09-20,COMPLETED,0,1050,COMPLETED,NA
A002339,I03406,U0435,U0473,BORROW,2026-04-08,2026-04-05,2026-04-18,COMPLETED,10,400,RETURNED,ON_TIME
A002340,I02604,U0031,U0906,BORROW,2025-10-16,2025-10-15,2025-10-30,ACTIVE,14,3250,NOT_RETURNED,PENDING
A002341,I03731,U0298,U0534,BORROW,2026-06-05,2026-06-01,2026-06-08,COMPLETED,3,700,RETURNED,ON_TIME
A002342,I00563,U0010,U0518,SWAP,2026-01-02,2025-12-30,2026-01-02,COMPLETED,0,450,COMPLETED,NA
A002343,I02967,U0690,U0784,SELL,2025-11-07,2025-11-03,2025-11-07,COMPLETED,0,900,COMPLETED,NA
A002344,I02504,U0534,U0455,GIVEAWAY,2025-12-25,2025-12-25,2025-12-25,COMPLETED,0,950,COMPLETED,NA
A002345,I01847,U0822,U0748,GIVEAWAY,2026-06-19,2026-06-17,2026-06-19,COMPLETED,0,1750,COMPLETED,NA
A002346,I01379,U0747,U0251,BORROW,2025-11-19,2025-11-18,2025-12-10,CANCELLED,21,4100,CANCELLED,PENDING
A002347,I00782,U0623,U0499,BORROW,2025-10-23,2025-10-19,2025-10-30,ACTIVE,7,5550,NOT_RETURNED,PENDING
A002348,I03222,U0798,U0904,SWAP,2025-12-13,2025-12-11,2025-12-13,COMPLETED,0,300,COMPLETED,NA
A002349,I01756,U0497,U0084,GIVEAWAY,2026-06-21,2026-06-21,2026-06-21,COMPLETED,0,250,COMPLETED,NA
A002350,I01977,U0577,U0748,GIVEAWAY,2025-10-23,2025-10-23,2025-10-23,COMPLETED,0,900,COMPLETED,NA
A002351,I04660,U0950,U0746,BORROW,2025-12-04,2025-12-03,2025-12-07,COMPLETED,3,1200,RETURNED,ON_TIME
A002352,I02648,U0433,U0458,BORROW,2025-12-29,2025-12-28,2026-01-08,COMPLETED,10,2550,RETURNED,ON_TIME
A002353,I03072,U0764,U0203,BORROW,2026-07-28,2026-07-24,2026-08-02,ACTIVE,5,650,NOT_RETURNED,PENDING
A002354,I01865,U0124,U0341,BORROW,2026-02-21,2026-02-20,2026-02-23,COMPLETED,2,1200,RETURNED,ON_TIME
A002355,I00595,U0308,U0349,SWAP,2026-06-01,2026-05-31,2026-06-01,COMPLETED,0,100,COMPLETED,NA
A002356,I03537,U0638,U0346,GIVEAWAY,2025-11-12,2025-11-08,2025-11-12,COMPLETED,0,400,COMPLETED,NA
A002357,I00332,U0762,U0066,BORROW,2026-06-26,2026-06-23,2026-07-03,COMPLETED,7,3300,RETURNED,ON_TIME
A002358,I03076,U0702,U0659,BORROW,2025-09-27,2025-09-25,2025-09-30,COMPLETED,3,400,RETURNED,ON_TIME
A002359,I01283,U0036,U0606,SWAP,2025-12-18,2025-12-18,2025-12-18,CANCELLED,0,250,CANCELLED,NA
A002360,I03533,U0694,U0182,BORROW,2025-09-03,2025-09-03,2025-09-24,COMPLETED,21,650,RETURNED,ON_TIME
A002361,I01362,U0616,U0598,SWAP,2026-02-10,2026-02-06,2026-02-10,COMPLETED,0,800,COMPLETED,NA
A002362,I00284,U0500,U0650,BORROW,2025-09-09,2025-09-09,2025-09-23,COMPLETED,14,550,RETURNED,ON_TIME
A002363,I04203,U0008,U0620,GIVEAWAY,2026-05-27,2026-05-26,2026-05-27,COMPLETED,0,600,COMPLETED,NA
A002364,I01352,U0061,U0883,SWAP,2026-07-08,2026-07-07,2026-07-08,COMPLETED,0,3650,COMPLETED,NA
A002365,I04725,U0927,U0280,BORROW,2026-04-11,2026-04-10,2026-04-14,COMPLETED,3,2000,RETURNED,ON_TIME
A002366,I02478,U0993,U0113,BORROW,2026-03-24,2026-03-22,2026-03-26,COMPLETED,2,200,RETURNED,ON_TIME
A002367,I04130,U0410,U0666,SWAP,2025-10-15,2025-10-14,2025-10-15,COMPLETED,0,500,COMPLETED,NA
A002368,I04786,U0426,U0267,BORROW,2025-11-20,2025-11-19,2025-12-11,CANCELLED,21,200,CANCELLED,PENDING
A002369,I03428,U0552,U0754,BORROW,2026-03-13,2026-03-11,2026-03-16,COMPLETED,3,700,RETURNED,ON_TIME
A002370,I00954,U0653,U0781,GIVEAWAY,2026-07-07,2026-07-06,2026-07-07,COMPLETED,0,3350,COMPLETED,NA
A002371,I04792,U0427,U0550,BORROW,2026-05-08,2026-05-07,2026-05-10,ACTIVE,2,1950,NOT_RETURNED,PENDING
A002372,I02841,U0056,U0578,SWAP,2025-12-21,2025-12-18,2025-12-21,COMPLETED,0,600,COMPLETED,NA
A002373,I02770,U0697,U0726,SWAP,2026-06-01,2026-05-28,2026-06-01,COMPLETED,0,1100,COMPLETED,NA
A002374,I04506,U0582,U0015,SWAP,2026-07-17,2026-07-15,2026-07-17,COMPLETED,0,1850,COMPLETED,NA
A002375,I01230,U0592,U0963,BORROW,2026-03-28,2026-03-27,2026-03-31,COMPLETED,3,1650,RETURNED,ON_TIME
A002376,I04848,U0226,U0775,BORROW,2026-03-07,2026-03-06,2026-03-10,COMPLETED,3,400,RETURNED,ON_TIME
A002377,I04573,U0480,U0298,SWAP,2026-06-03,2026-06-03,2026-06-03,COMPLETED,0,2400,COMPLETED,NA
A002378,I01253,U0333,U0814,BORROW,2026-07-26,2026-07-23,2026-08-16,ACTIVE,21,200,NOT_RETURNED,PENDING
A002379,I03378,U0888,U0789,BORROW,2026-04-18,2026-04-14,2026-05-02,ACTIVE,14,500,NOT_RETURNED,PENDING
A002380,I01579,U0439,U0680,SWAP,2026-02-16,2026-02-14,2026-02-16,COMPLETED,0,1200,COMPLETED,NA
A002381,I01041,U0721,U0966,BORROW,2025-11-21,2025-11-20,2025-11-28,OVERDUE,7,2200,NOT_RETURNED,LATE
A002382,I01576,U0992,U0304,GIVEAWAY,2025-11-03,2025-10-31,2025-11-03,CANCELLED,0,250,CANCELLED,NA
A002383,I04216,U0393,U0133,SWAP,2026-04-26,2026-04-25,2026-04-26,COMPLETED,0,200,COMPLETED,NA
A002384,I03743,U0194,U0548,BORROW,2026-04-07,2026-04-04,2026-04-12,COMPLETED,5,650,RETURNED,ON_TIME
A002385,I01120,U0797,U0069,BORROW,2025-12-01,2025-11-28,2025-12-11,COMPLETED,10,1800,RETURNED,ON_TIME
A002386,I00139,U0066,U0574,SWAP,2026-06-04,2026-06-04,2026-06-04,COMPLETED,0,1450,COMPLETED,NA
A002387,I03827,U0597,U0531,BORROW,2026-04-11,2026-04-09,2026-04-16,COMPLETED,5,1050,RETURNED,ON_TIME
A002388,I00022,U0364,U0108,BORROW,2026-04-15,2026-04-11,2026-04-20,COMPLETED,5,1750,RETURNED,ON_TIME
A002389,I01179,U0773,U0467,GIVEAWAY,2026-03-30,2026-03-27,2026-03-30,COMPLETED,0,2100,COMPLETED,NA
A002390,I03462,U0296,U0151,BORROW,2026-03-16,2026-03-12,2026-03-26,COMPLETED,10,600,RETURNED,ON_TIME
A002391,I03873,U0556,U0676,BORROW,2026-06-05,2026-06-01,2026-06-08,COMPLETED,3,1550,RETURNED,ON_TIME
A002392,I00608,U0393,U0289,SELL,2026-04-27,2026-04-23,2026-04-27,COMPLETED,0,2950,COMPLETED,NA
A002393,I00027,U0828,U0907,SWAP,2025-11-03,2025-10-30,2025-11-03,COMPLETED,0,1300,COMPLETED,NA
A002394,I03188,U0980,U0548,SWAP,2026-02-18,2026-02-18,2026-02-18,COMPLETED,0,3200,COMPLETED,NA
A002395,I00208,U0586,U0284,SELL,2026-05-22,2026-05-19,2026-05-22,COMPLETED,0,800,COMPLETED,NA
A002396,I03912,U0344,U0484,BORROW,2026-04-04,2026-04-04,2026-04-09,COMPLETED,5,1100,RETURNED,ON_TIME
A002397,I01521,U0443,U0161,BORROW,2026-07-18,2026-07-16,2026-07-21,COMPLETED,3,1800,RETURNED,ON_TIME
A002398,I01146,U0195,U0280,BORROW,2026-03-06,2026-03-02,2026-03-08,COMPLETED,2,1250,RETURNED,ON_TIME
A002399,I02030,U0179,U0460,GIVEAWAY,2026-05-30,2026-05-29,2026-05-30,CANCELLED,0,500,CANCELLED,NA
A002400,I03091,U0364,U0836,GIVEAWAY,2026-02-08,2026-02-04,2026-02-08,COMPLETED,0,2550,COMPLETED,NA
A002401,I01797,U0226,U0716,BORROW,2025-10-10,2025-10-07,2025-10-13,COMPLETED,3,1550,RETURNED,LATE
A002402,I04819,U0934,U0302,GIVEAWAY,2026-01-15,2026-01-15,2026-01-15,COMPLETED,0,1100,COMPLETED,NA
A002403,I01006,U0013,U0006,SWAP,2026-05-19,2026-05-17,2026-05-19,COMPLETED,0,350,COMPLETED,NA
A002404,I00274,U0424,U0832,GIVEAWAY,2025-09-08,2025-09-04,2025-09-08,COMPLETED,0,1400,COMPLETED,NA
A002405,I01115,U0799,U0603,SELL,2025-12-19,2025-12-19,2025-12-19,COMPLETED,0,2150,COMPLETED,NA
A002406,I04651,U0147,U0980,SELL,2026-03-20,2026-03-19,2026-03-20,COMPLETED,0,3250,COMPLETED,NA
A002407,I02015,U0503,U0745,BORROW,2026-02-26,2026-02-24,2026-03-01,COMPLETED,3,2250,RETURNED,ON_TIME
A002408,I03250,U0668,U0363,BORROW,2026-05-17,2026-05-13,2026-05-24,COMPLETED,7,300,RETURNED,ON_TIME
A002409,I01841,U0529,U0799,BORROW,2025-10-03,2025-10-02,2025-10-10,ACTIVE,7,1000,NOT_RETURNED,PENDING
A002410,I01551,U0350,U0562,GIVEAWAY,2025-12-07,2025-12-04,2025-12-07,CANCELLED,0,1150,CANCELLED,NA
A002411,I01702,U0825,U0076,BORROW,2026-03-14,2026-03-11,2026-03-19,ACTIVE,5,1300,NOT_RETURNED,PENDING
A002412,I04344,U0223,U0491,SWAP,2026-01-27,2026-01-23,2026-01-27,COMPLETED,0,4000,COMPLETED,NA
A002413,I00295,U0098,U0356,SWAP,2026-03-31,2026-03-27,2026-03-31,COMPLETED,0,200,COMPLETED,NA
A002414,I04348,U0861,U0918,SWAP,2026-01-13,2026-01-11,2026-01-13,COMPLETED,0,1550,COMPLETED,NA
A002415,I03939,U0991,U0413,BORROW,2026-01-30,2026-01-28,2026-02-01,ACTIVE,2,1450,NOT_RETURNED,PENDING
A002416,I02943,U0308,U0934,GIVEAWAY,2026-05-17,2026-05-14,2026-05-17,COMPLETED,0,2300,COMPLETED,NA
A002417,I03205,U0223,U0559,BORROW,2026-03-24,2026-03-20,2026-04-03,COMPLETED,10,50,RETURNED,ON_TIME
A002418,I04357,U0552,U0013,BORROW,2026-05-15,2026-05-11,2026-05-29,COMPLETED,14,2500,RETURNED,ON_TIME
A002419,I03653,U0729,U0465,BORROW,2025-09-10,2025-09-06,2025-09-20,COMPLETED,10,550,RETURNED,ON_TIME
A002420,I03505,U0186,U0316,BORROW,2025-11-17,2025-11-14,2025-11-22,COMPLETED,5,200,RETURNED,ON_TIME
A002421,I02642,U0908,U0715,SWAP,2026-02-08,2026-02-04,2026-02-08,COMPLETED,0,4100,COMPLETED,NA
A002422,I04208,U0565,U0248,SWAP,2026-01-14,2026-01-13,2026-01-14,COMPLETED,0,2600,COMPLETED,NA
A002423,I00922,U0700,U0645,SELL,2026-07-03,2026-06-29,2026-07-03,COMPLETED,0,2550,COMPLETED,NA
A002424,I02079,U0095,U0862,SWAP,2026-02-08,2026-02-04,2026-02-08,COMPLETED,0,800,COMPLETED,NA
A002425,I01387,U0451,U0444,BORROW,2025-12-12,2025-12-11,2025-12-19,COMPLETED,7,2900,RETURNED,ON_TIME
A002426,I04867,U0013,U0707,SELL,2025-12-10,2025-12-09,2025-12-10,COMPLETED,0,2350,COMPLETED,NA
A002427,I01966,U0610,U0991,BORROW,2026-06-22,2026-06-21,2026-07-13,COMPLETED,21,600,RETURNED,ON_TIME
A002428,I02044,U0189,U0451,BORROW,2026-01-12,2026-01-11,2026-01-26,COMPLETED,14,1900,RETURNED,LATE
A002429,I04221,U0373,U0368,SELL,2026-05-22,2026-05-22,2026-05-22,COMPLETED,0,1150,COMPLETED,NA
A002430,I02464,U0256,U0966,SWAP,2026-04-11,2026-04-11,2026-04-11,COMPLETED,0,2150,COMPLETED,NA
A002431,I04005,U0648,U0849,GIVEAWAY,2026-06-25,2026-06-22,2026-06-25,COMPLETED,0,800,COMPLETED,NA
A002432,I02103,U0954,U0837,SWAP,2026-05-31,2026-05-31,2026-05-31,COMPLETED,0,1850,COMPLETED,NA
A002433,I04004,U0224,U0175,SELL,2026-07-11,2026-07-10,2026-07-11,COMPLETED,0,700,COMPLETED,NA
A002434,I03894,U0394,U0891,BORROW,2026-07-07,2026-07-06,2026-07-28,COMPLETED,21,3600,RETURNED,LATE
A002435,I02777,U0739,U0615,GIVEAWAY,2025-10-15,2025-10-13,2025-10-15,COMPLETED,0,1150,COMPLETED,NA
A002436,I01372,U0151,U0137,BORROW,2026-03-31,2026-03-28,2026-04-21,COMPLETED,21,1050,RETURNED,ON_TIME
A002437,I03389,U0841,U0953,GIVEAWAY,2026-03-28,2026-03-25,2026-03-28,COMPLETED,0,1200,COMPLETED,NA
A002438,I04517,U0966,U0442,SWAP,2025-09-02,2025-08-30,2025-09-02,COMPLETED,0,600,COMPLETED,NA
A002439,I04737,U0506,U0448,BORROW,2026-06-11,2026-06-08,2026-06-18,COMPLETED,7,700,RETURNED,ON_TIME
A002440,I02260,U0920,U0620,SELL,2025-11-02,2025-11-02,2025-11-02,COMPLETED,0,1350,COMPLETED,NA
A002441,I02904,U0759,U0455,SWAP,2025-09-08,2025-09-06,2025-09-08,COMPLETED,0,4400,COMPLETED,NA
A002442,I01472,U0006,U0141,BORROW,2025-11-23,2025-11-22,2025-12-14,COMPLETED,21,3150,RETURNED,ON_TIME
A002443,I01662,U0854,U0451,BORROW,2026-07-04,2026-06-30,2026-07-25,CANCELLED,21,500,CANCELLED,PENDING
A002444,I01849,U0480,U0554,GIVEAWAY,2026-07-25,2026-07-23,2026-07-25,COMPLETED,0,600,COMPLETED,NA
A002445,I00306,U0180,U0565,SWAP,2026-02-15,2026-02-15,2026-02-15,COMPLETED,0,1300,COMPLETED,NA
A002446,I02588,U0828,U0577,SWAP,2026-02-18,2026-02-17,2026-02-18,COMPLETED,0,2500,COMPLETED,NA
A002447,I01280,U0267,U0130,BORROW,2026-07-18,2026-07-16,2026-07-25,COMPLETED,7,250,RETURNED,ON_TIME
A002448,I04202,U0106,U0002,BORROW,2026-06-21,2026-06-21,2026-06-23,COMPLETED,2,4450,RETURNED,ON_TIME
A002449,I01815,U0870,U0839,GIVEAWAY,2026-05-24,2026-05-24,2026-05-24,COMPLETED,0,2100,COMPLETED,NA
A002450,I04236,U0741,U0137,BORROW,2026-03-23,2026-03-22,2026-04-06,COMPLETED,14,1500,RETURNED,LATE
A002451,I04379,U0014,U0119,BORROW,2026-02-14,2026-02-10,2026-02-24,COMPLETED,10,1800,RETURNED,ON_TIME
A002452,I00798,U0235,U0450,SWAP,2026-03-19,2026-03-15,2026-03-19,COMPLETED,0,600,COMPLETED,NA
A002453,I00135,U0957,U0894,BORROW,2026-01-08,2026-01-05,2026-01-22,COMPLETED,14,1550,RETURNED,ON_TIME
A002454,I03565,U0519,U0359,BORROW,2026-03-19,2026-03-18,2026-04-09,ACTIVE,21,150,NOT_RETURNED,PENDING
A002455,I03155,U0344,U0385,BORROW,2026-06-29,2026-06-26,2026-07-09,COMPLETED,10,1600,RETURNED,ON_TIME
A002456,I00489,U0530,U0763,BORROW,2026-01-11,2026-01-08,2026-01-13,COMPLETED,2,1150,RETURNED,LATE
A002457,I00972,U0213,U0940,BORROW,2025-12-22,2025-12-22,2025-12-29,COMPLETED,7,900,RETURNED,ON_TIME
A002458,I04156,U0399,U0309,BORROW,2025-12-09,2025-12-08,2025-12-16,COMPLETED,7,150,RETURNED,ON_TIME
A002459,I00765,U0449,U0247,BORROW,2026-01-19,2026-01-16,2026-02-02,COMPLETED,14,700,RETURNED,ON_TIME
A002460,I01560,U0358,U0779,SELL,2025-09-20,2025-09-17,2025-09-20,CANCELLED,0,1650,CANCELLED,NA
A002461,I04856,U0887,U0549,SELL,2025-11-01,2025-10-28,2025-11-01,COMPLETED,0,2950,COMPLETED,NA
A002462,I01502,U0494,U0870,SWAP,2026-07-14,2026-07-14,2026-07-14,COMPLETED,0,6150,COMPLETED,NA
A002463,I03413,U0720,U0635,BORROW,2025-10-22,2025-10-19,2025-11-05,COMPLETED,14,300,RETURNED,ON_TIME
A002464,I03442,U0514,U0176,SWAP,2026-03-27,2026-03-24,2026-03-27,COMPLETED,0,2550,COMPLETED,NA
A002465,I01189,U0183,U0485,BORROW,2026-06-02,2026-05-31,2026-06-23,CANCELLED,21,600,CANCELLED,PENDING
A002466,I00102,U0154,U0986,BORROW,2026-03-25,2026-03-21,2026-03-28,COMPLETED,3,1000,RETURNED,ON_TIME
A002467,I04466,U0349,U0788,BORROW,2026-06-21,2026-06-20,2026-07-05,COMPLETED,14,2700,RETURNED,ON_TIME
A002468,I02759,U0038,U0523,BORROW,2026-06-15,2026-06-11,2026-06-25,COMPLETED,10,4700,RETURNED,ON_TIME
A002469,I03421,U0793,U0412,BORROW,2025-10-01,2025-09-29,2025-10-15,OVERDUE,14,2200,NOT_RETURNED,LATE
A002470,I02930,U0925,U0938,BORROW,2026-06-12,2026-06-12,2026-07-03,COMPLETED,21,200,RETURNED,ON_TIME
A002471,I01509,U0149,U0462,GIVEAWAY,2026-02-03,2026-02-01,2026-02-03,CANCELLED,0,1650,CANCELLED,NA
A002472,I01458,U0657,U0195,GIVEAWAY,2025-11-21,2025-11-18,2025-11-21,COMPLETED,0,600,COMPLETED,NA
A002473,I01239,U0531,U0709,GIVEAWAY,2025-11-04,2025-11-02,2025-11-04,CANCELLED,0,700,CANCELLED,NA
A002474,I04325,U0543,U0299,BORROW,2025-12-17,2025-12-14,2025-12-27,COMPLETED,10,1300,RETURNED,ON_TIME
A002475,I01560,U0956,U0779,SWAP,2026-05-24,2026-05-24,2026-05-24,COMPLETED,0,1650,COMPLETED,NA
A002476,I01021,U0273,U0361,BORROW,2026-05-14,2026-05-13,2026-05-16,COMPLETED,2,2150,RETURNED,ON_TIME
A002477,I03857,U0833,U0575,BORROW,2026-03-24,2026-03-22,2026-04-07,COMPLETED,14,650,RETURNED,ON_TIME
A002478,I03283,U0135,U0120,GIVEAWAY,2025-10-20,2025-10-16,2025-10-20,COMPLETED,0,1550,COMPLETED,NA
A002479,I03339,U0235,U0484,BORROW,2026-04-14,2026-04-14,2026-04-24,COMPLETED,10,600,RETURNED,ON_TIME
A002480,I04302,U0846,U0963,GIVEAWAY,2026-01-29,2026-01-29,2026-01-29,COMPLETED,0,600,COMPLETED,NA
A002481,I04140,U0819,U0516,BORROW,2026-04-03,2026-03-30,2026-04-08,COMPLETED,5,850,RETURNED,ON_TIME
A002482,I02125,U0303,U0589,SELL,2026-07-28,2026-07-26,2026-07-28,COMPLETED,0,150,COMPLETED,NA
A002483,I02233,U0257,U0500,BORROW,2025-12-14,2025-12-12,2025-12-19,CANCELLED,5,1450,CANCELLED,PENDING
A002484,I00249,U0727,U0576,SWAP,2026-05-09,2026-05-08,2026-05-09,COMPLETED,0,2000,COMPLETED,NA
A002485,I02505,U0938,U0947,BORROW,2025-11-28,2025-11-26,2025-12-08,ACTIVE,10,600,NOT_RETURNED,PENDING
A002486,I00800,U0900,U0280,SWAP,2026-05-30,2026-05-27,2026-05-30,COMPLETED,0,750,COMPLETED,NA
A002487,I04648,U0204,U0661,BORROW,2026-01-21,2026-01-17,2026-01-28,COMPLETED,7,1800,RETURNED,ON_TIME
A002488,I04182,U0930,U0483,GIVEAWAY,2026-06-29,2026-06-25,2026-06-29,COMPLETED,0,700,COMPLETED,NA
A002489,I03293,U0990,U0931,BORROW,2025-12-01,2025-11-28,2025-12-06,COMPLETED,5,400,RETURNED,ON_TIME
A002490,I01561,U0271,U0465,GIVEAWAY,2026-06-15,2026-06-14,2026-06-15,COMPLETED,0,1450,COMPLETED,NA
A002491,I04935,U0016,U0211,BORROW,2026-07-26,2026-07-25,2026-08-05,ACTIVE,10,1000,NOT_RETURNED,PENDING
A002492,I04567,U0515,U0294,BORROW,2026-06-10,2026-06-07,2026-06-13,ACTIVE,3,1750,NOT_RETURNED,PENDING
A002493,I01578,U0665,U0827,BORROW,2025-09-30,2025-09-27,2025-10-07,COMPLETED,7,300,RETURNED,ON_TIME
A002494,I03441,U0904,U0025,GIVEAWAY,2026-02-15,2026-02-11,2026-02-15,COMPLETED,0,2100,COMPLETED,NA
A002495,I04566,U0551,U0602,SELL,2025-12-25,2025-12-22,2025-12-25,COMPLETED,0,1350,COMPLETED,NA
A002496,I02785,U0509,U0805,SELL,2026-06-18,2026-06-18,2026-06-18,COMPLETED,0,50,COMPLETED,NA
A002497,I00232,U0668,U0678,SWAP,2026-03-21,2026-03-18,2026-03-21,COMPLETED,0,650,COMPLETED,NA
A002498,I01530,U0069,U0892,GIVEAWAY,2025-11-20,2025-11-18,2025-11-20,COMPLETED,0,350,COMPLETED,NA
A002499,I02904,U0949,U0455,BORROW,2025-12-04,2025-12-01,2025-12-14,COMPLETED,10,4400,RETURNED,ON_TIME
A002500,I02038,U0115,U0412,GIVEAWAY,2026-02-13,2026-02-12,2026-02-13,COMPLETED,0,1250,COMPLETED,NA
A002501,I01577,U0807,U0979,GIVEAWAY,2026-03-23,2026-03-22,2026-03-23,COMPLETED,0,650,COMPLETED,NA
A002502,I01676,U0363,U0183,BORROW,2025-11-14,2025-11-13,2025-11-24,COMPLETED,10,2350,RETURNED,ON_TIME
A002503,I03967,U0935,U0245,BORROW,2026-06-23,2026-06-22,2026-07-07,COMPLETED,14,750,RETURNED,ON_TIME
A002504,I00219,U0301,U0817,SWAP,2026-03-29,2026-03-29,2026-03-29,COMPLETED,0,1300,COMPLETED,NA
A002505,I01194,U0274,U0846,SELL,2026-05-17,2026-05-16,2026-05-17,COMPLETED,0,3950,COMPLETED,NA
A002506,I00962,U0597,U0827,BORROW,2026-06-14,2026-06-11,2026-06-17,COMPLETED,3,4550,RETURNED,ON_TIME
A002507,I01344,U0241,U0017,BORROW,2026-02-28,2026-02-27,2026-03-21,COMPLETED,21,3400,RETURNED,ON_TIME
A002508,I03237,U0438,U0124,SELL,2025-12-29,2025-12-26,2025-12-29,COMPLETED,0,1300,COMPLETED,NA
A002509,I03344,U0645,U0951,BORROW,2025-11-05,2025-11-01,2025-11-12,COMPLETED,7,350,RETURNED,ON_TIME
A002510,I01470,U0110,U0106,SWAP,2026-07-14,2026-07-12,2026-07-14,COMPLETED,0,1200,COMPLETED,NA
A002511,I01413,U0160,U0216,SWAP,2026-03-17,2026-03-14,2026-03-17,COMPLETED,0,700,COMPLETED,NA
A002512,I01487,U0711,U0172,BORROW,2025-11-29,2025-11-25,2025-12-01,COMPLETED,2,1550,RETURNED,ON_TIME
A002513,I03151,U0630,U0170,BORROW,2026-05-18,2026-05-17,2026-05-23,COMPLETED,5,1500,RETURNED,ON_TIME
A002514,I02770,U0541,U0726,BORROW,2025-12-02,2025-11-28,2025-12-16,CANCELLED,14,1100,CANCELLED,PENDING
A002515,I00421,U0614,U0868,BORROW,2026-03-21,2026-03-21,2026-03-23,ACTIVE,2,2300,NOT_RETURNED,PENDING
A002516,I04384,U0781,U0968,GIVEAWAY,2025-09-22,2025-09-18,2025-09-22,COMPLETED,0,1600,COMPLETED,NA
A002517,I04211,U0046,U0785,SWAP,2026-01-28,2026-01-28,2026-01-28,COMPLETED,0,650,COMPLETED,NA
A002518,I00857,U0019,U0387,BORROW,2026-06-06,2026-06-04,2026-06-20,COMPLETED,14,1650,RETURNED,LATE
A002519,I03760,U0961,U0549,SWAP,2026-05-01,2026-05-01,2026-05-01,COMPLETED,0,1150,COMPLETED,NA
A002520,I03234,U0180,U0196,SWAP,2026-06-29,2026-06-26,2026-06-29,COMPLETED,0,4450,COMPLETED,NA
A002521,I02331,U0792,U0187,SWAP,2026-07-05,2026-07-01,2026-07-05,COMPLETED,0,1150,COMPLETED,NA
A002522,I03500,U0785,U0047,GIVEAWAY,2026-04-15,2026-04-13,2026-04-15,COMPLETED,0,600,COMPLETED,NA
A002523,I00016,U0797,U0164,BORROW,2025-11-13,2025-11-09,2025-11-27,COMPLETED,14,700,RETURNED,ON_TIME
A002524,I02566,U0558,U0925,SELL,2026-04-29,2026-04-29,2026-04-29,CANCELLED,0,250,CANCELLED,NA
A002525,I02807,U0873,U0066,BORROW,2025-10-06,2025-10-03,2025-10-20,COMPLETED,14,800,RETURNED,ON_TIME
A002526,I01064,U0426,U0795,BORROW,2026-04-02,2026-04-02,2026-04-16,COMPLETED,14,650,RETURNED,ON_TIME
A002527,I01105,U0591,U0234,BORROW,2026-06-14,2026-06-13,2026-06-21,COMPLETED,7,100,RETURNED,ON_TIME
A002528,I03140,U0139,U0730,SWAP,2026-07-09,2026-07-05,2026-07-09,COMPLETED,0,650,COMPLETED,NA
A002529,I02574,U0582,U0837,BORROW,2026-07-18,2026-07-14,2026-07-23,COMPLETED,5,1250,RETURNED,ON_TIME
A002530,I01166,U0779,U0076,BORROW,2025-09-23,2025-09-20,2025-09-25,COMPLETED,2,1400,RETURNED,ON_TIME
A002531,I02784,U0440,U0213,SELL,2026-03-14,2026-03-11,2026-03-14,COMPLETED,0,2050,COMPLETED,NA
A002532,I00191,U0811,U0663,GIVEAWAY,2025-11-19,2025-11-15,2025-11-19,COMPLETED,0,1000,COMPLETED,NA
A002533,I02627,U0807,U0604,GIVEAWAY,2025-11-21,2025-11-21,2025-11-21,COMPLETED,0,1050,COMPLETED,NA
A002534,I04795,U0468,U0791,BORROW,2026-01-15,2026-01-14,2026-01-18,COMPLETED,3,50,RETURNED,ON_TIME
A002535,I00434,U0377,U0050,BORROW,2026-04-25,2026-04-22,2026-05-16,COMPLETED,21,850,RETURNED,ON_TIME
A002536,I03715,U0137,U0169,GIVEAWAY,2025-12-11,2025-12-08,2025-12-11,COMPLETED,0,200,COMPLETED,NA
A002537,I01865,U0478,U0341,GIVEAWAY,2026-06-13,2026-06-10,2026-06-13,COMPLETED,0,1200,COMPLETED,NA
A002538,I02072,U0852,U0002,BORROW,2026-05-27,2026-05-27,2026-06-17,COMPLETED,21,6850,RETURNED,ON_TIME
A002539,I01344,U0357,U0017,SWAP,2025-12-11,2025-12-08,2025-12-11,COMPLETED,0,3400,COMPLETED,NA
A002540,I01490,U0158,U0349,GIVEAWAY,2026-04-15,2026-04-11,2026-04-15,COMPLETED,0,350,COMPLETED,NA
A002541,I00723,U0708,U0183,BORROW,2025-12-07,2025-12-07,2025-12-28,ACTIVE,21,1400,NOT_RETURNED,PENDING
A002542,I03691,U0992,U0945,BORROW,2026-02-13,2026-02-13,2026-02-23,COMPLETED,10,2500,RETURNED,ON_TIME
A002543,I02256,U0979,U0587,BORROW,2025-09-05,2025-09-05,2025-09-15,COMPLETED,10,650,RETURNED,ON_TIME
A002544,I00064,U0180,U0997,BORROW,2026-06-02,2026-05-29,2026-06-07,CANCELLED,5,1900,CANCELLED,PENDING
A002545,I01466,U0230,U0037,BORROW,2026-05-24,2026-05-24,2026-05-31,COMPLETED,7,3400,RETURNED,ON_TIME
A002546,I02977,U0724,U0878,BORROW,2026-07-24,2026-07-21,2026-07-26,COMPLETED,2,1500,RETURNED,ON_TIME
A002547,I04543,U0493,U0219,SELL,2025-11-14,2025-11-11,2025-11-14,COMPLETED,0,2250,COMPLETED,NA
A002548,I02041,U0538,U0032,GIVEAWAY,2026-05-18,2026-05-16,2026-05-18,COMPLETED,0,2000,COMPLETED,NA
A002549,I04737,U0537,U0448,BORROW,2025-11-29,2025-11-25,2025-12-20,COMPLETED,21,700,RETURNED,ON_TIME
A002550,I02212,U0084,U0317,SWAP,2025-11-12,2025-11-09,2025-11-12,COMPLETED,0,1000,COMPLETED,NA
A002551,I04926,U0278,U0178,BORROW,2026-06-04,2026-06-03,2026-06-14,COMPLETED,10,1600,RETURNED,ON_TIME
A002552,I02523,U0745,U0390,BORROW,2025-12-14,2025-12-13,2025-12-28,COMPLETED,14,1600,RETURNED,ON_TIME
A002553,I03165,U0922,U0173,GIVEAWAY,2026-01-13,2026-01-12,2026-01-13,COMPLETED,0,1150,COMPLETED,NA
A002554,I00101,U0471,U0583,BORROW,2026-05-29,2026-05-26,2026-06-19,COMPLETED,21,650,RETURNED,ON_TIME
A002555,I02131,U0768,U0973,BORROW,2026-07-23,2026-07-23,2026-08-02,ACTIVE,10,1300,NOT_RETURNED,PENDING
A002556,I04173,U0337,U0548,BORROW,2026-06-15,2026-06-13,2026-06-29,COMPLETED,14,1550,RETURNED,ON_TIME
A002557,I02796,U0380,U0083,GIVEAWAY,2026-02-25,2026-02-25,2026-02-25,CANCELLED,0,650,CANCELLED,NA
A002558,I00541,U0209,U0377,BORROW,2025-09-07,2025-09-03,2025-09-21,COMPLETED,14,2150,RETURNED,ON_TIME
A002559,I03662,U0959,U0762,SWAP,2025-10-25,2025-10-23,2025-10-25,COMPLETED,0,3600,COMPLETED,NA
A002560,I01669,U0785,U0069,BORROW,2026-04-28,2026-04-24,2026-05-01,COMPLETED,3,800,RETURNED,ON_TIME
A002561,I00570,U0255,U0829,GIVEAWAY,2026-01-28,2026-01-24,2026-01-28,COMPLETED,0,1150,COMPLETED,NA
A002562,I01897,U0301,U0751,SELL,2025-12-24,2025-12-23,2025-12-24,COMPLETED,0,850,COMPLETED,NA
A002563,I02772,U0819,U0694,BORROW,2025-12-25,2025-12-24,2026-01-08,ACTIVE,14,650,NOT_RETURNED,PENDING
A002564,I01509,U0422,U0462,SWAP,2025-10-13,2025-10-09,2025-10-13,COMPLETED,0,1650,COMPLETED,NA
A002565,I03366,U0906,U0724,BORROW,2026-02-03,2026-01-31,2026-02-06,COMPLETED,3,1550,RETURNED,ON_TIME
A002566,I01498,U0801,U0925,BORROW,2026-05-01,2026-04-27,2026-05-08,COMPLETED,7,850,RETURNED,ON_TIME
A002567,I01927,U0626,U0734,BORROW,2026-07-22,2026-07-19,2026-08-05,COMPLETED,14,1750,RETURNED,LATE
A002568,I02233,U0362,U0500,SELL,2025-11-26,2025-11-22,2025-11-26,CANCELLED,0,1450,CANCELLED,NA
A002569,I00306,U0920,U0565,BORROW,2026-02-23,2026-02-20,2026-03-02,COMPLETED,7,1300,RETURNED,ON_TIME
A002570,I00218,U0506,U0595,BORROW,2026-03-29,2026-03-28,2026-04-08,OVERDUE,10,1900,NOT_RETURNED,LATE
A002571,I03490,U0774,U0482,SWAP,2026-03-12,2026-03-11,2026-03-12,COMPLETED,0,850,COMPLETED,NA
A002572,I03824,U0534,U0260,GIVEAWAY,2025-09-13,2025-09-10,2025-09-13,COMPLETED,0,1050,COMPLETED,NA
A002573,I01724,U0126,U0218,BORROW,2025-12-18,2025-12-18,2025-12-23,COMPLETED,5,400,RETURNED,ON_TIME
A002574,I04463,U0011,U0571,SWAP,2026-07-03,2026-07-03,2026-07-03,COMPLETED,0,450,COMPLETED,NA
A002575,I03428,U0312,U0754,SELL,2026-04-12,2026-04-11,2026-04-12,COMPLETED,0,700,COMPLETED,NA
A002576,I02427,U0727,U0889,SWAP,2026-06-04,2026-06-04,2026-06-04,COMPLETED,0,1650,COMPLETED,NA
A002577,I02213,U0314,U0445,GIVEAWAY,2026-02-10,2026-02-10,2026-02-10,COMPLETED,0,150,COMPLETED,NA
A002578,I01466,U0088,U0037,BORROW,2025-09-04,2025-09-04,2025-09-14,COMPLETED,10,3400,RETURNED,LATE
A002579,I01906,U0665,U0409,SWAP,2026-03-21,2026-03-18,2026-03-21,COMPLETED,0,600,COMPLETED,NA
A002580,I01099,U0529,U0694,BORROW,2025-09-09,2025-09-08,2025-09-14,COMPLETED,5,1350,RETURNED,ON_TIME
A002581,I04211,U0391,U0785,SWAP,2025-10-04,2025-09-30,2025-10-04,COMPLETED,0,650,COMPLETED,NA
A002582,I03512,U0354,U0158,SWAP,2025-10-19,2025-10-19,2025-10-19,COMPLETED,0,4350,COMPLETED,NA
A002583,I02941,U0608,U0438,SELL,2025-09-09,2025-09-08,2025-09-09,COMPLETED,0,2250,COMPLETED,NA
A002584,I00670,U0330,U0452,SWAP,2025-11-26,2025-11-26,2025-11-26,COMPLETED,0,700,COMPLETED,NA
A002585,I00083,U0928,U0184,GIVEAWAY,2025-10-03,2025-10-01,2025-10-03,COMPLETED,0,600,COMPLETED,NA
A002586,I01984,U0982,U0226,SWAP,2025-10-12,2025-10-08,2025-10-12,COMPLETED,0,750,COMPLETED,NA
A002587,I00062,U0392,U0004,BORROW,2025-12-10,2025-12-07,2025-12-13,COMPLETED,3,4000,RETURNED,ON_TIME
A002588,I00060,U0545,U0945,SWAP,2026-04-15,2026-04-14,2026-04-15,COMPLETED,0,400,COMPLETED,NA
A002589,I03835,U0454,U0556,GIVEAWAY,2026-06-29,2026-06-25,2026-06-29,COMPLETED,0,200,COMPLETED,NA
A002590,I01655,U0953,U0718,BORROW,2026-04-08,2026-04-05,2026-04-11,ACTIVE,3,2050,NOT_RETURNED,PENDING
A002591,I04857,U0844,U0883,SWAP,2026-04-29,2026-04-29,2026-04-29,COMPLETED,0,1450,COMPLETED,NA
A002592,I01454,U0813,U0936,SWAP,2026-02-04,2026-02-04,2026-02-04,COMPLETED,0,1050,COMPLETED,NA
A002593,I02169,U0882,U0857,BORROW,2025-10-05,2025-10-01,2025-10-12,COMPLETED,7,2050,RETURNED,LATE
A002594,I04781,U0023,U0491,SELL,2026-01-04,2026-01-03,2026-01-04,COMPLETED,0,250,COMPLETED,NA
A002595,I01507,U0390,U0731,BORROW,2026-03-26,2026-03-23,2026-03-28,COMPLETED,2,2400,RETURNED,ON_TIME
A002596,I01050,U0968,U0502,GIVEAWAY,2025-10-26,2025-10-26,2025-10-26,COMPLETED,0,1650,COMPLETED,NA
A002597,I02153,U0324,U0408,SELL,2025-12-13,2025-12-11,2025-12-13,COMPLETED,0,400,COMPLETED,NA
A002598,I03681,U0555,U0700,BORROW,2026-02-09,2026-02-07,2026-03-02,ACTIVE,21,1350,NOT_RETURNED,PENDING
A002599,I02942,U0903,U0146,SELL,2026-06-25,2026-06-23,2026-06-25,COMPLETED,0,4550,COMPLETED,NA
A002600,I01737,U0362,U0772,GIVEAWAY,2026-03-08,2026-03-04,2026-03-08,COMPLETED,0,450,COMPLETED,NA
A002601,I04896,U0288,U0380,BORROW,2026-05-24,2026-05-21,2026-05-26,COMPLETED,2,1400,RETURNED,ON_TIME
A002602,I03395,U0822,U0648,SELL,2026-01-16,2026-01-12,2026-01-16,COMPLETED,0,2450,COMPLETED,NA
A002603,I04110,U0791,U0879,SELL,2025-10-03,2025-09-30,2025-10-03,COMPLETED,0,1600,COMPLETED,NA
A002604,I01318,U0051,U0422,BORROW,2026-04-07,2026-04-04,2026-04-09,COMPLETED,2,1450,RETURNED,ON_TIME
A002605,I02306,U0546,U0373,BORROW,2026-06-14,2026-06-10,2026-06-16,COMPLETED,2,950,RETURNED,ON_TIME
A002606,I04735,U0220,U0896,SWAP,2025-10-08,2025-10-04,2025-10-08,COMPLETED,0,200,COMPLETED,NA
A002607,I02031,U0849,U0967,BORROW,2025-10-27,2025-10-26,2025-11-10,COMPLETED,14,850,RETURNED,ON_TIME
A002608,I01273,U0181,U0084,SWAP,2026-05-23,2026-05-23,2026-05-23,COMPLETED,0,950,COMPLETED,NA
A002609,I02730,U0131,U0560,SWAP,2026-05-07,2026-05-06,2026-05-07,CANCELLED,0,1750,CANCELLED,NA
A002610,I00103,U0318,U0597,SWAP,2025-11-02,2025-11-01,2025-11-02,COMPLETED,0,1750,COMPLETED,NA
A002611,I04401,U0219,U0556,SELL,2026-07-06,2026-07-03,2026-07-06,COMPLETED,0,700,COMPLETED,NA
A002612,I04448,U0470,U0271,GIVEAWAY,2025-10-17,2025-10-13,2025-10-17,COMPLETED,0,2350,COMPLETED,NA
A002613,I01121,U0240,U0545,SWAP,2026-02-11,2026-02-08,2026-02-11,COMPLETED,0,950,COMPLETED,NA
A002614,I02716,U0920,U0518,BORROW,2026-06-19,2026-06-19,2026-07-10,COMPLETED,21,450,RETURNED,ON_TIME
A002615,I02454,U0639,U0914,BORROW,2025-09-30,2025-09-28,2025-10-14,COMPLETED,14,3750,RETURNED,ON_TIME
A002616,I02185,U0885,U0701,SELL,2026-02-10,2026-02-10,2026-02-10,COMPLETED,0,100,COMPLETED,NA
A002617,I00473,U0861,U0630,SWAP,2025-12-29,2025-12-27,2025-12-29,COMPLETED,0,500,COMPLETED,NA
A002618,I03568,U0569,U0002,SELL,2026-07-11,2026-07-07,2026-07-11,COMPLETED,0,950,COMPLETED,NA
A002619,I04995,U0268,U0422,GIVEAWAY,2025-09-11,2025-09-10,2025-09-11,COMPLETED,0,1050,COMPLETED,NA
A002620,I02266,U0113,U0274,SWAP,2025-12-31,2025-12-27,2025-12-31,COMPLETED,0,300,COMPLETED,NA
A002621,I03376,U0788,U0808,BORROW,2025-09-27,2025-09-25,2025-09-29,COMPLETED,2,550,RETURNED,ON_TIME
A002622,I02967,U0265,U0784,SWAP,2025-09-16,2025-09-15,2025-09-16,COMPLETED,0,900,COMPLETED,NA
A002623,I01519,U0293,U0380,GIVEAWAY,2026-06-16,2026-06-14,2026-06-16,COMPLETED,0,950,COMPLETED,NA
A002624,I02674,U0411,U0303,BORROW,2026-03-14,2026-03-13,2026-03-17,COMPLETED,3,2100,RETURNED,ON_TIME
A002625,I00389,U0623,U0233,BORROW,2026-06-21,2026-06-19,2026-06-24,COMPLETED,3,2700,RETURNED,ON_TIME
A002626,I02984,U0623,U0658,BORROW,2026-01-19,2026-01-17,2026-01-22,COMPLETED,3,350,RETURNED,ON_TIME
A002627,I00424,U0989,U0968,SWAP,2025-12-28,2025-12-25,2025-12-28,COMPLETED,0,1300,COMPLETED,NA
A002628,I00899,U0410,U0867,BORROW,2026-03-11,2026-03-10,2026-04-01,COMPLETED,21,2000,RETURNED,ON_TIME
A002629,I02755,U0684,U0334,GIVEAWAY,2025-09-03,2025-09-01,2025-09-03,COMPLETED,0,150,COMPLETED,NA
A002630,I04979,U0317,U0111,BORROW,2026-04-03,2026-04-03,2026-04-10,COMPLETED,7,2750,RETURNED,ON_TIME
A002631,I00223,U0115,U0371,BORROW,2026-02-27,2026-02-24,2026-03-04,COMPLETED,5,650,RETURNED,ON_TIME
A002632,I03403,U0929,U0117,BORROW,2025-09-16,2025-09-12,2025-09-26,OVERDUE,10,1800,NOT_RETURNED,LATE
A002633,I01518,U0092,U0887,BORROW,2026-03-08,2026-03-04,2026-03-29,COMPLETED,21,250,RETURNED,ON_TIME
A002634,I01747,U0348,U0600,SWAP,2026-06-16,2026-06-16,2026-06-16,COMPLETED,0,1200,COMPLETED,NA
A002635,I03984,U0515,U0104,SWAP,2026-07-06,2026-07-04,2026-07-06,COMPLETED,0,2400,COMPLETED,NA
A002636,I04736,U0461,U0453,BORROW,2026-02-24,2026-02-22,2026-03-01,COMPLETED,5,1700,RETURNED,ON_TIME
A002637,I02318,U0101,U0028,BORROW,2025-09-02,2025-08-31,2025-09-05,ACTIVE,3,2500,NOT_RETURNED,PENDING
A002638,I03687,U0182,U0458,BORROW,2026-03-19,2026-03-16,2026-03-29,COMPLETED,10,1050,RETURNED,LATE
A002639,I02866,U0147,U0785,BORROW,2025-12-06,2025-12-04,2025-12-08,COMPLETED,2,250,RETURNED,ON_TIME
A002640,I01562,U0817,U0466,SWAP,2025-09-08,2025-09-04,2025-09-08,COMPLETED,0,2700,COMPLETED,NA
A002641,I00693,U0439,U0816,BORROW,2025-12-21,2025-12-19,2026-01-11,COMPLETED,21,700,RETURNED,ON_TIME
A002642,I04190,U0032,U0316,BORROW,2026-02-23,2026-02-21,2026-03-05,CANCELLED,10,200,CANCELLED,PENDING
A002643,I02813,U0910,U0663,SWAP,2025-11-21,2025-11-18,2025-11-21,COMPLETED,0,500,COMPLETED,NA
A002644,I03425,U0192,U0443,GIVEAWAY,2026-07-24,2026-07-20,2026-07-24,COMPLETED,0,1450,COMPLETED,NA
A002645,I04002,U0010,U0056,SWAP,2026-05-12,2026-05-08,2026-05-12,COMPLETED,0,650,COMPLETED,NA
A002646,I04963,U0338,U0770,BORROW,2025-12-28,2025-12-27,2026-01-11,ACTIVE,14,800,NOT_RETURNED,PENDING
A002647,I04904,U0364,U0070,SELL,2026-01-17,2026-01-14,2026-01-17,COMPLETED,0,800,COMPLETED,NA
A002648,I01355,U0964,U0349,SWAP,2025-12-17,2025-12-13,2025-12-17,COMPLETED,0,1750,COMPLETED,NA
A002649,I00084,U0903,U0825,SELL,2026-07-15,2026-07-11,2026-07-15,COMPLETED,0,900,COMPLETED,NA
A002650,I01520,U0561,U0434,SWAP,2026-05-22,2026-05-22,2026-05-22,COMPLETED,0,700,COMPLETED,NA
A002651,I01989,U0775,U0816,GIVEAWAY,2026-04-19,2026-04-19,2026-04-19,COMPLETED,0,1450,COMPLETED,NA
A002652,I02082,U0305,U0227,GIVEAWAY,2026-07-06,2026-07-04,2026-07-06,COMPLETED,0,1100,COMPLETED,NA
A002653,I00277,U0443,U0950,BORROW,2025-11-21,2025-11-20,2025-12-12,COMPLETED,21,650,RETURNED,ON_TIME
A002654,I04939,U0661,U0683,SWAP,2025-10-15,2025-10-13,2025-10-15,CANCELLED,0,800,CANCELLED,NA
A002655,I00989,U0578,U0678,BORROW,2025-10-18,2025-10-18,2025-10-23,COMPLETED,5,1850,RETURNED,ON_TIME
A002656,I03754,U0687,U0225,SWAP,2026-02-07,2026-02-06,2026-02-07,COMPLETED,0,1800,COMPLETED,NA
A002657,I04448,U0256,U0271,SWAP,2026-03-29,2026-03-25,2026-03-29,COMPLETED,0,2350,COMPLETED,NA
A002658,I01279,U0169,U0499,BORROW,2026-01-13,2026-01-10,2026-02-03,COMPLETED,21,1400,RETURNED,ON_TIME
A002659,I03047,U0708,U0239,SELL,2026-02-26,2026-02-22,2026-02-26,COMPLETED,0,800,COMPLETED,NA
A002660,I01522,U0561,U0761,SELL,2025-09-19,2025-09-19,2025-09-19,COMPLETED,0,2850,COMPLETED,NA
A002661,I02866,U0388,U0785,SELL,2026-01-05,2026-01-02,2026-01-05,COMPLETED,0,250,COMPLETED,NA
A002662,I03816,U0090,U0644,BORROW,2025-09-24,2025-09-24,2025-10-08,COMPLETED,14,2200,RETURNED,ON_TIME
A002663,I01572,U0722,U0388,SWAP,2026-05-17,2026-05-13,2026-05-17,COMPLETED,0,1150,COMPLETED,NA
A002664,I03208,U0935,U0402,BORROW,2026-03-27,2026-03-23,2026-03-29,COMPLETED,2,1400,RETURNED,ON_TIME
A002665,I03420,U0402,U0115,GIVEAWAY,2026-01-29,2026-01-28,2026-01-29,COMPLETED,0,650,COMPLETED,NA
A002666,I02691,U0816,U0087,SELL,2026-06-06,2026-06-04,2026-06-06,COMPLETED,0,1250,COMPLETED,NA
A002667,I00110,U0821,U0148,GIVEAWAY,2026-04-14,2026-04-14,2026-04-14,COMPLETED,0,150,COMPLETED,NA
A002668,I04718,U0647,U0436,BORROW,2026-05-20,2026-05-19,2026-06-10,COMPLETED,21,750,RETURNED,ON_TIME
A002669,I03164,U0110,U0982,BORROW,2026-01-30,2026-01-26,2026-02-01,COMPLETED,2,600,RETURNED,ON_TIME
A002670,I01173,U0615,U0842,GIVEAWAY,2025-11-16,2025-11-14,2025-11-16,COMPLETED,0,2300,COMPLETED,NA
A002671,I02026,U0790,U0133,GIVEAWAY,2026-07-23,2026-07-21,2026-07-23,COMPLETED,0,300,COMPLETED,NA
A002672,I00584,U0214,U0276,SWAP,2026-07-01,2026-06-27,2026-07-01,COMPLETED,0,800,COMPLETED,NA
A002673,I02003,U0062,U0782,GIVEAWAY,2026-05-28,2026-05-27,2026-05-28,COMPLETED,0,350,COMPLETED,NA
A002674,I04906,U0014,U0362,BORROW,2025-09-13,2025-09-09,2025-09-16,COMPLETED,3,300,RETURNED,ON_TIME
A002675,I01875,U0102,U0243,BORROW,2025-09-18,2025-09-17,2025-09-23,COMPLETED,5,900,RETURNED,ON_TIME
A002676,I03417,U0912,U0057,GIVEAWAY,2025-12-30,2025-12-26,2025-12-30,COMPLETED,0,1450,COMPLETED,NA
A002677,I03641,U0264,U0330,BORROW,2026-04-17,2026-04-13,2026-04-27,COMPLETED,10,1050,RETURNED,ON_TIME
A002678,I00763,U0406,U0015,BORROW,2026-01-27,2026-01-26,2026-02-17,ACTIVE,21,2400,NOT_RETURNED,PENDING
A002679,I01462,U0054,U0455,SELL,2026-07-25,2026-07-22,2026-07-25,COMPLETED,0,3350,COMPLETED,NA
A002680,I03411,U0103,U0369,BORROW,2026-05-05,2026-05-03,2026-05-26,COMPLETED,21,1000,RETURNED,ON_TIME
A002681,I03530,U0844,U0982,SWAP,2025-10-06,2025-10-05,2025-10-06,COMPLETED,0,150,COMPLETED,NA
A002682,I01679,U0817,U0855,BORROW,2025-12-01,2025-11-29,2025-12-06,COMPLETED,5,5250,RETURNED,ON_TIME
A002683,I03461,U0789,U0242,SWAP,2026-01-05,2026-01-02,2026-01-05,COMPLETED,0,950,COMPLETED,NA
A002684,I01949,U0806,U0928,BORROW,2026-02-24,2026-02-22,2026-02-26,COMPLETED,2,5100,RETURNED,ON_TIME
A002685,I00095,U0560,U0809,BORROW,2025-09-19,2025-09-15,2025-09-24,COMPLETED,5,1750,RETURNED,ON_TIME
A002686,I02131,U0559,U0973,BORROW,2025-10-14,2025-10-12,2025-10-17,CANCELLED,3,1300,CANCELLED,PENDING
A002687,I00473,U0428,U0630,GIVEAWAY,2026-01-11,2026-01-07,2026-01-11,COMPLETED,0,500,COMPLETED,NA
A002688,I04532,U0365,U0371,GIVEAWAY,2025-09-26,2025-09-26,2025-09-26,COMPLETED,0,5200,COMPLETED,NA
A002689,I01696,U0726,U0099,BORROW,2026-01-16,2026-01-16,2026-01-18,ACTIVE,2,650,NOT_RETURNED,PENDING
A002690,I04020,U0608,U0916,SWAP,2026-02-02,2026-01-29,2026-02-02,COMPLETED,0,800,COMPLETED,NA
A002691,I02284,U0621,U0671,BORROW,2026-01-09,2026-01-09,2026-01-14,COMPLETED,5,750,RETURNED,ON_TIME
A002692,I03132,U0952,U0942,BORROW,2025-10-23,2025-10-20,2025-10-25,COMPLETED,2,800,RETURNED,ON_TIME
A002693,I01235,U0964,U0582,SELL,2026-03-21,2026-03-18,2026-03-21,COMPLETED,0,2150,COMPLETED,NA
A002694,I02261,U0469,U0920,SWAP,2025-11-10,2025-11-09,2025-11-10,COMPLETED,0,1000,COMPLETED,NA
A002695,I04954,U0002,U0083,GIVEAWAY,2025-10-14,2025-10-11,2025-10-14,COMPLETED,0,1050,COMPLETED,NA
A002696,I03618,U0190,U0168,SELL,2025-09-22,2025-09-22,2025-09-22,CANCELLED,0,400,CANCELLED,NA
A002697,I02222,U0793,U0745,BORROW,2025-12-12,2025-12-08,2026-01-02,COMPLETED,21,4850,RETURNED,ON_TIME
A002698,I04213,U0409,U0202,BORROW,2025-11-10,2025-11-07,2025-11-12,OVERDUE,2,650,NOT_RETURNED,LATE
A002699,I01188,U0805,U0625,BORROW,2026-06-15,2026-06-11,2026-06-18,COMPLETED,3,500,RETURNED,ON_TIME
A002700,I01527,U0908,U0885,BORROW,2025-11-05,2025-11-03,2025-11-26,ACTIVE,21,900,NOT_RETURNED,PENDING
A002701,I01810,U0968,U0885,GIVEAWAY,2026-06-08,2026-06-05,2026-06-08,COMPLETED,0,1000,COMPLETED,NA
A002702,I01556,U0879,U0468,GIVEAWAY,2026-01-04,2026-01-02,2026-01-04,COMPLETED,0,3100,COMPLETED,NA
A002703,I01817,U0654,U0349,SWAP,2025-11-18,2025-11-14,2025-11-18,COMPLETED,0,1550,COMPLETED,NA
A002704,I04050,U0479,U0253,SELL,2025-10-08,2025-10-08,2025-10-08,COMPLETED,0,1300,COMPLETED,NA
A002705,I00128,U0867,U0399,SWAP,2025-11-21,2025-11-17,2025-11-21,COMPLETED,0,1650,COMPLETED,NA
A002706,I03807,U0045,U0233,SWAP,2026-06-12,2026-06-08,2026-06-12,COMPLETED,0,1050,COMPLETED,NA
A002707,I03981,U0759,U0243,BORROW,2025-11-02,2025-11-01,2025-11-07,COMPLETED,5,2050,RETURNED,ON_TIME
A002708,I01257,U0578,U0446,BORROW,2025-12-26,2025-12-24,2025-12-29,COMPLETED,3,1450,RETURNED,ON_TIME
A002709,I03434,U0196,U0354,BORROW,2026-05-29,2026-05-27,2026-06-03,COMPLETED,5,1150,RETURNED,ON_TIME
A002710,I02664,U0011,U0583,BORROW,2026-04-08,2026-04-07,2026-04-15,COMPLETED,7,3850,RETURNED,LATE
A002711,I03223,U0598,U0602,GIVEAWAY,2025-09-14,2025-09-12,2025-09-14,COMPLETED,0,1950,COMPLETED,NA
A002712,I04176,U0768,U0192,BORROW,2026-04-18,2026-04-15,2026-04-28,COMPLETED,10,800,RETURNED,ON_TIME
A002713,I03226,U0802,U0485,BORROW,2025-09-14,2025-09-11,2025-09-19,COMPLETED,5,700,RETURNED,ON_TIME
A002714,I01328,U0295,U0920,BORROW,2026-04-20,2026-04-16,2026-04-30,COMPLETED,10,850,RETURNED,ON_TIME
A002715,I02950,U0535,U0380,BORROW,2026-04-13,2026-04-11,2026-04-27,CANCELLED,14,1050,CANCELLED,PENDING
A002716,I00187,U0969,U0404,BORROW,2026-06-26,2026-06-25,2026-07-06,COMPLETED,10,1850,RETURNED,ON_TIME
A002717,I02802,U0220,U0720,BORROW,2026-01-01,2026-01-01,2026-01-03,COMPLETED,2,550,RETURNED,ON_TIME
A002718,I01311,U0313,U0862,BORROW,2026-06-24,2026-06-23,2026-07-04,ACTIVE,10,1300,NOT_RETURNED,PENDING
A002719,I04242,U0978,U0819,BORROW,2026-05-07,2026-05-03,2026-05-12,ACTIVE,5,450,NOT_RETURNED,PENDING
A002720,I03253,U0187,U0249,BORROW,2026-06-06,2026-06-06,2026-06-11,COMPLETED,5,1100,RETURNED,ON_TIME
A002721,I00866,U0667,U0984,BORROW,2026-05-25,2026-05-24,2026-06-04,COMPLETED,10,3200,RETURNED,ON_TIME
A002722,I04199,U0374,U0252,SWAP,2025-09-02,2025-08-29,2025-09-02,COMPLETED,0,4050,COMPLETED,NA
A002723,I02943,U0242,U0934,GIVEAWAY,2026-01-22,2026-01-19,2026-01-22,COMPLETED,0,2300,COMPLETED,NA
A002724,I03182,U0111,U0237,SWAP,2025-11-30,2025-11-28,2025-11-30,COMPLETED,0,5600,COMPLETED,NA
A002725,I02892,U0293,U0132,GIVEAWAY,2026-02-23,2026-02-23,2026-02-23,COMPLETED,0,900,COMPLETED,NA
A002726,I00663,U0909,U0756,SELL,2025-11-20,2025-11-17,2025-11-20,COMPLETED,0,1850,COMPLETED,NA
A002727,I04141,U0463,U0214,SWAP,2025-11-23,2025-11-21,2025-11-23,CANCELLED,0,2550,CANCELLED,NA
A002728,I00076,U0105,U0514,SWAP,2025-11-15,2025-11-12,2025-11-15,COMPLETED,0,300,COMPLETED,NA
A002729,I03685,U0075,U0118,SWAP,2025-12-08,2025-12-07,2025-12-08,COMPLETED,0,100,COMPLETED,NA
A002730,I03961,U0950,U0476,SWAP,2026-07-27,2026-07-25,2026-07-27,COMPLETED,0,2600,COMPLETED,NA
A002731,I02474,U0160,U0228,GIVEAWAY,2026-06-13,2026-06-12,2026-06-13,COMPLETED,0,1000,COMPLETED,NA
A002732,I00346,U0076,U0029,GIVEAWAY,2026-02-09,2026-02-07,2026-02-09,COMPLETED,0,700,COMPLETED,NA
A002733,I03191,U0410,U0605,SELL,2026-05-08,2026-05-06,2026-05-08,COMPLETED,0,400,COMPLETED,NA
A002734,I04235,U0665,U0573,BORROW,2025-11-17,2025-11-13,2025-12-01,COMPLETED,14,1750,RETURNED,ON_TIME
A002735,I02488,U0050,U0318,GIVEAWAY,2025-10-25,2025-10-23,2025-10-25,COMPLETED,0,400,COMPLETED,NA
A002736,I03475,U0289,U0414,BORROW,2026-06-22,2026-06-22,2026-07-06,COMPLETED,14,200,RETURNED,ON_TIME
A002737,I02821,U0072,U0666,BORROW,2025-12-13,2025-12-11,2025-12-23,COMPLETED,10,3350,RETURNED,ON_TIME
A002738,I03349,U0063,U0832,BORROW,2026-06-01,2026-06-01,2026-06-22,COMPLETED,21,450,RETURNED,ON_TIME
A002739,I04735,U0729,U0896,BORROW,2026-05-27,2026-05-23,2026-06-17,COMPLETED,21,200,RETURNED,LATE
A002740,I01779,U0191,U0780,SWAP,2026-02-13,2026-02-09,2026-02-13,COMPLETED,0,2000,COMPLETED,NA
A002741,I03387,U0153,U0338,BORROW,2026-07-17,2026-07-17,2026-07-22,ACTIVE,5,750,NOT_RETURNED,PENDING
A002742,I02105,U0637,U0113,BORROW,2026-05-19,2026-05-18,2026-05-26,CANCELLED,7,1600,CANCELLED,PENDING
A002743,I00186,U0600,U0577,SWAP,2026-07-27,2026-07-27,2026-07-27,COMPLETED,0,800,COMPLETED,NA
A002744,I03910,U0440,U0978,BORROW,2026-07-21,2026-07-17,2026-07-31,OVERDUE,10,550,NOT_RETURNED,LATE
A002745,I01992,U0855,U0464,SELL,2026-02-23,2026-02-19,2026-02-23,COMPLETED,0,400,COMPLETED,NA
A002746,I04579,U0669,U0928,SWAP,2026-06-10,2026-06-08,2026-06-10,COMPLETED,0,1400,COMPLETED,NA
A002747,I01637,U0332,U0632,SELL,2026-03-14,2026-03-14,2026-03-14,COMPLETED,0,800,COMPLETED,NA
A002748,I01494,U0693,U0857,BORROW,2026-04-28,2026-04-25,2026-05-05,ACTIVE,7,1950,NOT_RETURNED,PENDING
A002749,I03772,U0989,U0574,SWAP,2026-06-18,2026-06-18,2026-06-18,COMPLETED,0,1050,COMPLETED,NA
A002750,I03499,U0867,U0705,SWAP,2025-09-22,2025-09-18,2025-09-22,COMPLETED,0,1250,COMPLETED,NA
A002751,I01535,U0005,U0872,SELL,2026-04-08,2026-04-07,2026-04-08,COMPLETED,0,2400,COMPLETED,NA
A002752,I01892,U0472,U0175,BORROW,2026-05-24,2026-05-22,2026-05-26,COMPLETED,2,4550,RETURNED,ON_TIME
A002753,I02669,U0469,U0549,BORROW,2025-12-10,2025-12-09,2025-12-12,CANCELLED,2,3900,CANCELLED,PENDING
A002754,I04922,U0127,U0483,BORROW,2025-09-03,2025-09-02,2025-09-10,ACTIVE,7,4750,NOT_RETURNED,PENDING
A002755,I02809,U0790,U0425,SELL,2026-07-15,2026-07-13,2026-07-15,COMPLETED,0,550,COMPLETED,NA
A002756,I03410,U0226,U0683,BORROW,2026-02-13,2026-02-09,2026-02-23,COMPLETED,10,350,RETURNED,ON_TIME
A002757,I02743,U0260,U0439,SELL,2026-07-11,2026-07-07,2026-07-11,COMPLETED,0,2450,COMPLETED,NA
A002758,I01263,U0884,U0323,GIVEAWAY,2025-11-16,2025-11-16,2025-11-16,COMPLETED,0,1050,COMPLETED,NA
A002759,I01210,U0244,U0107,BORROW,2026-03-16,2026-03-16,2026-03-21,COMPLETED,5,750,RETURNED,ON_TIME
A002760,I02605,U0782,U0667,SELL,2025-12-23,2025-12-19,2025-12-23,COMPLETED,0,200,COMPLETED,NA
A002761,I02766,U0429,U0946,SWAP,2026-03-27,2026-03-26,2026-03-27,COMPLETED,0,1500,COMPLETED,NA
A002762,I01700,U0744,U0552,GIVEAWAY,2026-02-07,2026-02-04,2026-02-07,COMPLETED,0,700,COMPLETED,NA
A002763,I03867,U0725,U0224,BORROW,2025-10-17,2025-10-15,2025-10-31,COMPLETED,14,1650,RETURNED,LATE
A002764,I04669,U0132,U0744,SWAP,2026-05-03,2026-04-29,2026-05-03,COMPLETED,0,1200,COMPLETED,NA
A002765,I00807,U0592,U0422,GIVEAWAY,2026-02-11,2026-02-09,2026-02-11,COMPLETED,0,1500,COMPLETED,NA
A002766,I00047,U0055,U0973,SWAP,2026-05-03,2026-04-30,2026-05-03,COMPLETED,0,1600,COMPLETED,NA
A002767,I02359,U0645,U0701,BORROW,2025-12-07,2025-12-06,2025-12-21,COMPLETED,14,1500,RETURNED,ON_TIME
A002768,I03372,U0283,U0976,SELL,2025-12-28,2025-12-26,2025-12-28,COMPLETED,0,450,COMPLETED,NA
A002769,I02537,U0091,U0652,GIVEAWAY,2026-03-12,2026-03-08,2026-03-12,COMPLETED,0,1500,COMPLETED,NA
A002770,I04945,U0242,U0184,SWAP,2026-07-24,2026-07-20,2026-07-24,COMPLETED,0,150,COMPLETED,NA
A002771,I01403,U0551,U0880,SWAP,2026-07-12,2026-07-09,2026-07-12,COMPLETED,0,650,COMPLETED,NA
A002772,I01205,U0213,U0740,SELL,2025-09-13,2025-09-09,2025-09-13,COMPLETED,0,2000,COMPLETED,NA
A002773,I02066,U0500,U0824,BORROW,2026-03-13,2026-03-13,2026-04-03,COMPLETED,21,2800,RETURNED,ON_TIME
A002774,I00019,U0638,U0572,GIVEAWAY,2026-02-01,2026-02-01,2026-02-01,COMPLETED,0,1600,COMPLETED,NA
A002775,I00154,U0961,U0506,GIVEAWAY,2025-10-05,2025-10-05,2025-10-05,COMPLETED,0,2450,COMPLETED,NA
A002776,I02739,U0169,U0368,SELL,2025-11-05,2025-11-05,2025-11-05,COMPLETED,0,1500,COMPLETED,NA
A002777,I04469,U0108,U0583,SWAP,2025-12-30,2025-12-29,2025-12-30,COMPLETED,0,3100,COMPLETED,NA
A002778,I02640,U0617,U0954,BORROW,2025-09-12,2025-09-11,2025-09-19,ACTIVE,7,1300,NOT_RETURNED,PENDING
A002779,I01624,U0686,U0601,SWAP,2025-11-24,2025-11-22,2025-11-24,CANCELLED,0,950,CANCELLED,NA
A002780,I00045,U0734,U0978,GIVEAWAY,2025-09-29,2025-09-26,2025-09-29,COMPLETED,0,1050,COMPLETED,NA
A002781,I02098,U0176,U0447,SWAP,2026-01-10,2026-01-06,2026-01-10,COMPLETED,0,1250,COMPLETED,NA
A002782,I00910,U0120,U0420,SWAP,2026-04-01,2026-03-30,2026-04-01,COMPLETED,0,550,COMPLETED,NA
A002783,I01504,U0314,U0465,BORROW,2026-06-28,2026-06-25,2026-07-19,COMPLETED,21,1850,RETURNED,ON_TIME
A002784,I04830,U0413,U0646,BORROW,2026-05-29,2026-05-27,2026-06-08,ACTIVE,10,900,NOT_RETURNED,PENDING
A002785,I04477,U0261,U0023,GIVEAWAY,2026-07-20,2026-07-20,2026-07-20,COMPLETED,0,1300,COMPLETED,NA
A002786,I03594,U0634,U0786,SWAP,2026-07-13,2026-07-12,2026-07-13,COMPLETED,0,1000,COMPLETED,NA
A002787,I04155,U0984,U0208,BORROW,2025-12-01,2025-11-27,2025-12-06,COMPLETED,5,800,RETURNED,ON_TIME
A002788,I01244,U0202,U0265,GIVEAWAY,2026-04-20,2026-04-19,2026-04-20,COMPLETED,0,350,COMPLETED,NA
A002789,I00416,U0216,U0374,SWAP,2026-06-17,2026-06-13,2026-06-17,COMPLETED,0,3150,COMPLETED,NA
A002790,I02211,U0540,U0601,BORROW,2026-07-25,2026-07-22,2026-08-15,ACTIVE,21,2050,NOT_RETURNED,PENDING
A002791,I01385,U0718,U0350,SELL,2025-11-11,2025-11-09,2025-11-11,COMPLETED,0,650,COMPLETED,NA
A002792,I03640,U0239,U0759,SELL,2026-02-12,2026-02-08,2026-02-12,COMPLETED,0,400,COMPLETED,NA
A002793,I03441,U0210,U0025,BORROW,2025-10-30,2025-10-28,2025-11-13,COMPLETED,14,2100,RETURNED,ON_TIME
A002794,I01138,U0356,U0845,BORROW,2026-01-20,2026-01-19,2026-01-25,COMPLETED,5,1200,RETURNED,ON_TIME
A002795,I04708,U0775,U0945,SELL,2025-10-19,2025-10-15,2025-10-19,COMPLETED,0,1000,COMPLETED,NA
A002796,I02834,U0376,U0404,GIVEAWAY,2025-11-23,2025-11-20,2025-11-23,COMPLETED,0,900,COMPLETED,NA
A002797,I03306,U0526,U0818,GIVEAWAY,2026-03-09,2026-03-06,2026-03-09,COMPLETED,0,950,COMPLETED,NA
A002798,I02880,U0779,U0992,BORROW,2025-09-05,2025-09-04,2025-09-19,COMPLETED,14,450,RETURNED,ON_TIME
A002799,I04240,U0270,U0855,BORROW,2026-04-15,2026-04-15,2026-04-22,COMPLETED,7,600,RETURNED,ON_TIME
A002800,I03435,U0852,U0746,SELL,2026-03-15,2026-03-12,2026-03-15,COMPLETED,0,1700,COMPLETED,NA
A002801,I02939,U0480,U0391,BORROW,2026-07-08,2026-07-08,2026-07-22,COMPLETED,14,3350,RETURNED,LATE
A002802,I02297,U0748,U0014,SELL,2025-09-24,2025-09-20,2025-09-24,COMPLETED,0,1650,COMPLETED,NA
A002803,I03971,U0241,U0292,BORROW,2025-12-30,2025-12-27,2026-01-01,COMPLETED,2,900,RETURNED,ON_TIME
A002804,I04102,U0965,U0897,GIVEAWAY,2025-11-07,2025-11-03,2025-11-07,COMPLETED,0,3150,COMPLETED,NA
A002805,I01078,U0774,U0667,BORROW,2025-11-02,2025-10-29,2025-11-12,COMPLETED,10,1700,RETURNED,ON_TIME
A002806,I00215,U0768,U0358,BORROW,2026-02-27,2026-02-24,2026-03-20,COMPLETED,21,1750,RETURNED,ON_TIME
A002807,I03279,U0072,U0262,SWAP,2026-02-10,2026-02-08,2026-02-10,COMPLETED,0,900,COMPLETED,NA
A002808,I01710,U0306,U0394,BORROW,2025-10-11,2025-10-11,2025-10-18,COMPLETED,7,850,RETURNED,ON_TIME
A002809,I00809,U0065,U0556,SELL,2026-03-11,2026-03-10,2026-03-11,COMPLETED,0,2300,COMPLETED,NA
A002810,I02200,U0002,U0839,GIVEAWAY,2026-04-03,2026-04-03,2026-04-03,COMPLETED,0,1400,COMPLETED,NA
A002811,I04220,U0783,U0152,GIVEAWAY,2025-11-18,2025-11-15,2025-11-18,COMPLETED,0,600,COMPLETED,NA
A002812,I01371,U0246,U0571,BORROW,2025-12-21,2025-12-18,2025-12-28,COMPLETED,7,1300,RETURNED,ON_TIME
A002813,I01335,U0061,U0909,SWAP,2026-02-07,2026-02-05,2026-02-07,COMPLETED,0,2150,COMPLETED,NA
A002814,I02568,U0389,U0835,SELL,2026-01-26,2026-01-24,2026-01-26,COMPLETED,0,350,COMPLETED,NA
A002815,I03176,U0606,U0720,GIVEAWAY,2025-09-18,2025-09-14,2025-09-18,COMPLETED,0,2600,COMPLETED,NA
A002816,I04673,U0716,U0355,SWAP,2025-12-10,2025-12-08,2025-12-10,COMPLETED,0,200,COMPLETED,NA
A002817,I04412,U0564,U0210,SWAP,2025-09-28,2025-09-24,2025-09-28,COMPLETED,0,4300,COMPLETED,NA
A002818,I01746,U0409,U0457,BORROW,2026-07-19,2026-07-19,2026-07-29,COMPLETED,10,1250,RETURNED,ON_TIME
A002819,I04690,U0144,U0487,SELL,2025-09-03,2025-09-01,2025-09-03,COMPLETED,0,1700,COMPLETED,NA
A002820,I01177,U0204,U0299,SWAP,2025-11-30,2025-11-26,2025-11-30,COMPLETED,0,750,COMPLETED,NA
A002821,I01994,U0754,U0732,GIVEAWAY,2026-05-16,2026-05-12,2026-05-16,COMPLETED,0,700,COMPLETED,NA
A002822,I01167,U0555,U0344,SWAP,2026-02-04,2026-02-03,2026-02-04,COMPLETED,0,1800,COMPLETED,NA
A002823,I04073,U0671,U0141,SELL,2026-02-12,2026-02-11,2026-02-12,COMPLETED,0,250,COMPLETED,NA
A002824,I01591,U0865,U0619,BORROW,2025-12-17,2025-12-16,2025-12-24,COMPLETED,7,3000,RETURNED,ON_TIME
A002825,I04977,U0081,U0493,SWAP,2026-07-03,2026-06-30,2026-07-03,COMPLETED,0,1650,COMPLETED,NA
A002826,I00542,U0800,U0398,SWAP,2026-04-16,2026-04-16,2026-04-16,COMPLETED,0,5150,COMPLETED,NA
A002827,I03853,U0278,U0545,SWAP,2026-04-14,2026-04-14,2026-04-14,COMPLETED,0,2250,COMPLETED,NA
A002828,I00025,U0880,U0398,SWAP,2026-04-08,2026-04-06,2026-04-08,COMPLETED,0,150,COMPLETED,NA
A002829,I00691,U0309,U0648,BORROW,2026-07-11,2026-07-09,2026-07-14,COMPLETED,3,1650,RETURNED,ON_TIME
A002830,I04644,U0599,U0096,BORROW,2026-05-23,2026-05-20,2026-05-26,COMPLETED,3,4000,RETURNED,ON_TIME
A002831,I01972,U0906,U0875,GIVEAWAY,2025-09-02,2025-08-29,2025-09-02,COMPLETED,0,1400,COMPLETED,NA
A002832,I01235,U0304,U0582,SWAP,2026-06-26,2026-06-26,2026-06-26,CANCELLED,0,2150,CANCELLED,NA
A002833,I00055,U0093,U0470,SWAP,2026-04-09,2026-04-07,2026-04-09,COMPLETED,0,200,COMPLETED,NA
A002834,I00326,U0160,U0943,GIVEAWAY,2026-05-17,2026-05-14,2026-05-17,COMPLETED,0,3250,COMPLETED,NA
A002835,I01259,U0084,U0518,SWAP,2025-09-01,2025-08-31,2025-09-01,COMPLETED,0,5000,COMPLETED,NA
A002836,I03558,U0259,U0001,SELL,2026-03-01,2026-02-26,2026-03-01,COMPLETED,0,400,COMPLETED,NA
A002837,I00336,U0575,U0394,GIVEAWAY,2026-06-01,2026-05-28,2026-06-01,COMPLETED,0,1300,COMPLETED,NA
A002838,I04368,U0337,U0395,BORROW,2026-05-15,2026-05-12,2026-05-20,ACTIVE,5,450,NOT_RETURNED,PENDING
A002839,I02628,U0281,U0391,BORROW,2026-06-25,2026-06-22,2026-06-27,COMPLETED,2,100,RETURNED,ON_TIME
A002840,I02084,U0863,U0348,GIVEAWAY,2026-02-01,2026-01-29,2026-02-01,COMPLETED,0,700,COMPLETED,NA
A002841,I03135,U0987,U0293,BORROW,2025-12-16,2025-12-14,2026-01-06,ACTIVE,21,1250,NOT_RETURNED,PENDING
A002842,I01327,U0418,U0076,BORROW,2026-01-25,2026-01-21,2026-02-04,COMPLETED,10,2200,RETURNED,ON_TIME
A002843,I03803,U0520,U0112,BORROW,2026-02-26,2026-02-22,2026-03-12,OVERDUE,14,300,NOT_RETURNED,LATE
A002844,I02317,U0339,U0327,SELL,2026-03-10,2026-03-08,2026-03-10,COMPLETED,0,1550,COMPLETED,NA
A002845,I02676,U0104,U0696,BORROW,2026-04-22,2026-04-18,2026-04-27,COMPLETED,5,1800,RETURNED,ON_TIME
A002846,I04957,U0368,U0313,SWAP,2026-06-30,2026-06-29,2026-06-30,COMPLETED,0,3000,COMPLETED,NA
A002847,I02694,U0067,U0728,BORROW,2026-03-07,2026-03-03,2026-03-17,COMPLETED,10,1700,RETURNED,LATE
A002848,I00893,U0554,U0517,BORROW,2026-04-01,2026-03-28,2026-04-06,COMPLETED,5,650,RETURNED,ON_TIME
A002849,I02413,U0066,U0472,BORROW,2026-03-05,2026-03-02,2026-03-19,COMPLETED,14,1850,RETURNED,ON_TIME
A002850,I00225,U0036,U0965,BORROW,2025-10-30,2025-10-26,2025-11-20,COMPLETED,21,1600,RETURNED,ON_TIME
A002851,I02294,U0139,U0900,BORROW,2026-05-29,2026-05-29,2026-06-19,CANCELLED,21,1000,CANCELLED,PENDING
A002852,I01710,U0553,U0394,GIVEAWAY,2025-12-08,2025-12-08,2025-12-08,COMPLETED,0,850,COMPLETED,NA
A002853,I04189,U0763,U0860,BORROW,2026-05-04,2026-04-30,2026-05-11,CANCELLED,7,850,CANCELLED,PENDING
A002854,I02655,U0476,U0620,BORROW,2026-05-20,2026-05-19,2026-06-10,COMPLETED,21,1000,RETURNED,ON_TIME
A002855,I00243,U0671,U0942,GIVEAWAY,2026-02-06,2026-02-03,2026-02-06,COMPLETED,0,600,COMPLETED,NA
A002856,I00418,U0207,U0825,BORROW,2026-04-11,2026-04-09,2026-04-16,COMPLETED,5,900,RETURNED,ON_TIME
A002857,I02406,U0899,U0889,BORROW,2025-09-01,2025-08-31,2025-09-03,COMPLETED,2,1500,RETURNED,ON_TIME
A002858,I01404,U0058,U0706,BORROW,2025-12-08,2025-12-05,2025-12-22,COMPLETED,14,3050,RETURNED,ON_TIME
A002859,I00838,U0541,U0130,BORROW,2025-10-21,2025-10-21,2025-10-23,OVERDUE,2,1000,NOT_RETURNED,LATE
A002860,I03087,U0242,U0284,GIVEAWAY,2026-05-06,2026-05-04,2026-05-06,COMPLETED,0,650,COMPLETED,NA
A002861,I03695,U0042,U0876,BORROW,2026-02-06,2026-02-02,2026-02-27,COMPLETED,21,550,RETURNED,ON_TIME
A002862,I01724,U0462,U0218,BORROW,2025-09-17,2025-09-14,2025-09-19,ACTIVE,2,400,NOT_RETURNED,PENDING
A002863,I04698,U0941,U0557,GIVEAWAY,2026-01-25,2026-01-22,2026-01-25,COMPLETED,0,200,COMPLETED,NA
A002864,I01005,U0952,U0287,BORROW,2026-07-15,2026-07-14,2026-07-25,COMPLETED,10,1550,RETURNED,ON_TIME
A002865,I03366,U0367,U0724,SWAP,2026-03-19,2026-03-17,2026-03-19,CANCELLED,0,1550,CANCELLED,NA
A002866,I04026,U0727,U0369,GIVEAWAY,2026-04-04,2026-04-01,2026-04-04,COMPLETED,0,1950,COMPLETED,NA
A002867,I03189,U0944,U0871,GIVEAWAY,2025-10-09,2025-10-07,2025-10-09,COMPLETED,0,2200,COMPLETED,NA
A002868,I03895,U0748,U0947,BORROW,2025-10-02,2025-10-01,2025-10-04,ACTIVE,2,100,NOT_RETURNED,PENDING
A002869,I04945,U0988,U0184,BORROW,2026-04-24,2026-04-23,2026-05-04,COMPLETED,10,150,RETURNED,ON_TIME
A002870,I00916,U0668,U0791,BORROW,2025-11-25,2025-11-24,2025-12-05,COMPLETED,10,400,RETURNED,ON_TIME
A002871,I00351,U0701,U0165,SWAP,2025-12-12,2025-12-12,2025-12-12,COMPLETED,0,1900,COMPLETED,NA
A002872,I00281,U0619,U0944,SWAP,2025-10-31,2025-10-30,2025-10-31,COMPLETED,0,1050,COMPLETED,NA
A002873,I01537,U0851,U0306,BORROW,2026-01-08,2026-01-08,2026-01-18,CANCELLED,10,2950,CANCELLED,PENDING
A002874,I04923,U0690,U0407,SWAP,2026-01-09,2026-01-05,2026-01-09,COMPLETED,0,1650,COMPLETED,NA
A002875,I04267,U0107,U0511,GIVEAWAY,2026-01-02,2026-01-01,2026-01-02,COMPLETED,0,2500,COMPLETED,NA
A002876,I01664,U0499,U0708,GIVEAWAY,2026-06-29,2026-06-25,2026-06-29,COMPLETED,0,1000,COMPLETED,NA
A002877,I02154,U0731,U0988,SELL,2026-07-24,2026-07-24,2026-07-24,COMPLETED,0,2400,COMPLETED,NA
A002878,I04086,U0514,U0874,BORROW,2026-05-28,2026-05-24,2026-05-31,ACTIVE,3,1100,NOT_RETURNED,PENDING
A002879,I00704,U0996,U0716,BORROW,2026-01-19,2026-01-19,2026-02-09,COMPLETED,21,650,RETURNED,ON_TIME
A002880,I00587,U0090,U0094,SELL,2026-05-23,2026-05-19,2026-05-23,CANCELLED,0,600,CANCELLED,NA
A002881,I00973,U0235,U0675,SWAP,2025-09-09,2025-09-07,2025-09-09,COMPLETED,0,2100,COMPLETED,NA
A002882,I02161,U0908,U0604,SWAP,2025-09-16,2025-09-15,2025-09-16,COMPLETED,0,3400,COMPLETED,NA
A002883,I00349,U0493,U0006,SWAP,2025-12-26,2025-12-24,2025-12-26,COMPLETED,0,700,COMPLETED,NA
A002884,I02624,U0462,U0279,SWAP,2026-02-25,2026-02-25,2026-02-25,COMPLETED,0,350,COMPLETED,NA
A002885,I01002,U0693,U0184,BORROW,2025-12-05,2025-12-03,2025-12-07,COMPLETED,2,850,RETURNED,ON_TIME
A002886,I01478,U0345,U0912,GIVEAWAY,2026-06-12,2026-06-10,2026-06-12,COMPLETED,0,1400,COMPLETED,NA
A002887,I00561,U0973,U0627,BORROW,2025-09-10,2025-09-06,2025-09-13,COMPLETED,3,1350,RETURNED,ON_TIME
A002888,I04900,U0297,U0090,BORROW,2026-04-06,2026-04-06,2026-04-11,COMPLETED,5,600,RETURNED,ON_TIME
A002889,I00090,U0880,U0784,BORROW,2025-10-01,2025-09-27,2025-10-11,COMPLETED,10,450,RETURNED,ON_TIME
A002890,I03449,U0191,U0440,BORROW,2025-10-29,2025-10-25,2025-11-12,COMPLETED,14,2800,RETURNED,ON_TIME
A002891,I02148,U0161,U0342,SELL,2025-10-23,2025-10-19,2025-10-23,COMPLETED,0,600,COMPLETED,NA
A002892,I01478,U0580,U0912,SWAP,2026-05-27,2026-05-24,2026-05-27,COMPLETED,0,1400,COMPLETED,NA
A002893,I04042,U0239,U0235,GIVEAWAY,2026-04-02,2026-03-31,2026-04-02,COMPLETED,0,900,COMPLETED,NA
A002894,I01034,U0993,U0312,BORROW,2025-10-18,2025-10-16,2025-11-08,ACTIVE,21,500,NOT_RETURNED,PENDING
A002895,I02208,U0934,U0393,BORROW,2026-07-23,2026-07-21,2026-08-06,COMPLETED,14,500,RETURNED,ON_TIME
A002896,I00823,U0752,U0076,BORROW,2026-07-12,2026-07-09,2026-07-26,COMPLETED,14,1600,RETURNED,ON_TIME
A002897,I03583,U0288,U0101,SELL,2025-12-25,2025-12-21,2025-12-25,COMPLETED,0,1350,COMPLETED,NA
A002898,I04541,U0925,U0781,SELL,2026-02-17,2026-02-15,2026-02-17,CANCELLED,0,1150,CANCELLED,NA
A002899,I04702,U0785,U0108,BORROW,2026-04-04,2026-03-31,2026-04-18,ACTIVE,14,1500,NOT_RETURNED,PENDING
A002900,I02732,U0455,U0771,BORROW,2025-10-08,2025-10-05,2025-10-15,COMPLETED,7,6000,RETURNED,ON_TIME
A002901,I01011,U0402,U0511,SELL,2025-11-05,2025-11-01,2025-11-05,COMPLETED,0,1800,COMPLETED,NA
A002902,I01646,U0686,U0867,BORROW,2026-02-05,2026-02-01,2026-02-10,COMPLETED,5,1850,RETURNED,ON_TIME
A002903,I01388,U0535,U0866,BORROW,2026-02-28,2026-02-24,2026-03-10,COMPLETED,10,1200,RETURNED,ON_TIME
A002904,I03982,U0005,U0532,BORROW,2026-04-25,2026-04-24,2026-05-16,COMPLETED,21,2300,RETURNED,ON_TIME
A002905,I00872,U0727,U0598,GIVEAWAY,2026-05-11,2026-05-08,2026-05-11,COMPLETED,0,2750,COMPLETED,NA
A002906,I00294,U0525,U0397,SELL,2025-11-25,2025-11-23,2025-11-25,COMPLETED,0,950,COMPLETED,NA
A002907,I03972,U0260,U0232,SWAP,2026-04-14,2026-04-14,2026-04-14,COMPLETED,0,400,COMPLETED,NA
A002908,I00501,U0214,U0709,BORROW,2025-10-31,2025-10-27,2025-11-10,COMPLETED,10,1000,RETURNED,ON_TIME
A002909,I02992,U0865,U0055,BORROW,2025-09-03,2025-09-01,2025-09-10,COMPLETED,7,1750,RETURNED,ON_TIME
A002910,I01232,U0101,U0461,BORROW,2026-06-01,2026-05-28,2026-06-22,COMPLETED,21,6200,RETURNED,ON_TIME
A002911,I01491,U0477,U0473,SELL,2026-06-06,2026-06-03,2026-06-06,COMPLETED,0,1600,COMPLETED,NA
A002912,I02617,U0216,U0019,BORROW,2026-02-16,2026-02-13,2026-03-02,ACTIVE,14,2100,NOT_RETURNED,PENDING
A002913,I00457,U0537,U0231,GIVEAWAY,2026-01-02,2026-01-01,2026-01-02,COMPLETED,0,2450,COMPLETED,NA
A002914,I04706,U0494,U0572,SELL,2025-09-03,2025-08-31,2025-09-03,COMPLETED,0,1700,COMPLETED,NA
A002915,I01053,U0299,U0847,BORROW,2025-12-19,2025-12-18,2025-12-24,ACTIVE,5,1250,NOT_RETURNED,PENDING
A002916,I04423,U0596,U0694,BORROW,2026-07-22,2026-07-22,2026-08-01,COMPLETED,10,1050,RETURNED,ON_TIME
A002917,I03595,U0510,U0634,SELL,2025-12-23,2025-12-23,2025-12-23,COMPLETED,0,100,COMPLETED,NA
A002918,I00639,U0981,U0741,BORROW,2025-11-12,2025-11-12,2025-12-03,OVERDUE,21,650,NOT_RETURNED,LATE
A002919,I00616,U0066,U0643,BORROW,2025-11-30,2025-11-26,2025-12-05,COMPLETED,5,800,RETURNED,ON_TIME
A002920,I04089,U0516,U0105,SWAP,2026-02-09,2026-02-09,2026-02-09,COMPLETED,0,1900,COMPLETED,NA
A002921,I02198,U0980,U0630,BORROW,2025-09-02,2025-08-30,2025-09-05,COMPLETED,3,2000,RETURNED,ON_TIME
A002922,I03264,U0164,U0695,SWAP,2025-12-17,2025-12-16,2025-12-17,COMPLETED,0,3000,COMPLETED,NA
A002923,I02231,U0563,U0130,SELL,2025-12-15,2025-12-15,2025-12-15,CANCELLED,0,950,CANCELLED,NA
A002924,I01543,U0695,U0090,SWAP,2026-07-28,2026-07-24,2026-07-28,COMPLETED,0,2350,COMPLETED,NA
A002925,I03930,U0210,U0723,SWAP,2026-05-27,2026-05-25,2026-05-27,COMPLETED,0,1250,COMPLETED,NA
A002926,I01338,U0156,U0714,SELL,2026-07-20,2026-07-16,2026-07-20,COMPLETED,0,250,COMPLETED,NA
A002927,I01335,U0106,U0909,SWAP,2026-06-16,2026-06-12,2026-06-16,CANCELLED,0,2150,CANCELLED,NA
A002928,I01038,U0453,U0684,BORROW,2026-03-12,2026-03-12,2026-03-14,COMPLETED,2,200,RETURNED,ON_TIME
A002929,I00795,U0673,U0228,BORROW,2025-09-19,2025-09-15,2025-10-03,ACTIVE,14,1800,NOT_RETURNED,PENDING
A002930,I01432,U0648,U0353,BORROW,2026-04-12,2026-04-12,2026-04-26,ACTIVE,14,2050,NOT_RETURNED,PENDING
A002931,I04994,U0678,U0132,SELL,2026-02-25,2026-02-25,2026-02-25,COMPLETED,0,900,COMPLETED,NA
A002932,I03002,U0378,U0108,SELL,2026-03-23,2026-03-23,2026-03-23,COMPLETED,0,4200,COMPLETED,NA
A002933,I03126,U0373,U0839,GIVEAWAY,2025-10-22,2025-10-22,2025-10-22,COMPLETED,0,1900,COMPLETED,NA
A002934,I01289,U0264,U0450,BORROW,2025-11-20,2025-11-20,2025-11-22,COMPLETED,2,5800,RETURNED,ON_TIME
A002935,I04333,U0512,U0333,SWAP,2026-03-10,2026-03-08,2026-03-10,COMPLETED,0,1100,COMPLETED,NA
A002936,I03913,U0066,U0322,BORROW,2025-11-07,2025-11-06,2025-11-21,COMPLETED,14,1400,RETURNED,ON_TIME
A002937,I01762,U0653,U0998,GIVEAWAY,2026-07-16,2026-07-13,2026-07-16,COMPLETED,0,2650,COMPLETED,NA
A002938,I04105,U0086,U0428,SWAP,2026-05-18,2026-05-18,2026-05-18,CANCELLED,0,150,CANCELLED,NA
A002939,I04573,U0812,U0298,BORROW,2025-10-09,2025-10-07,2025-10-19,COMPLETED,10,2400,RETURNED,ON_TIME
A002940,I01769,U0667,U0634,BORROW,2026-03-08,2026-03-06,2026-03-11,OVERDUE,3,2400,NOT_RETURNED,LATE
A002941,I03331,U0631,U0550,BORROW,2025-11-11,2025-11-10,2025-11-16,COMPLETED,5,2050,RETURNED,ON_TIME
A002942,I03916,U0601,U0511,BORROW,2026-02-14,2026-02-14,2026-02-17,ACTIVE,3,650,NOT_RETURNED,PENDING
A002943,I01677,U0162,U0949,SWAP,2026-03-06,2026-03-05,2026-03-06,COMPLETED,0,700,COMPLETED,NA
A002944,I01450,U0297,U0492,BORROW,2025-11-02,2025-10-31,2025-11-04,COMPLETED,2,1100,RETURNED,ON_TIME
A002945,I02662,U0277,U0267,BORROW,2025-11-17,2025-11-14,2025-12-01,CANCELLED,14,1850,CANCELLED,PENDING
A002946,I04276,U0683,U0291,GIVEAWAY,2026-01-26,2026-01-23,2026-01-26,COMPLETED,0,250,COMPLETED,NA
A002947,I02190,U0916,U0202,GIVEAWAY,2026-06-09,2026-06-09,2026-06-09,COMPLETED,0,1000,COMPLETED,NA
A002948,I02452,U0184,U0303,BORROW,2025-10-10,2025-10-10,2025-10-12,ACTIVE,2,2500,NOT_RETURNED,PENDING
A002949,I03551,U0293,U0947,BORROW,2026-01-16,2026-01-14,2026-01-26,COMPLETED,10,850,RETURNED,ON_TIME
A002950,I01484,U0411,U0168,BORROW,2026-07-06,2026-07-04,2026-07-11,COMPLETED,5,650,RETURNED,ON_TIME
A002951,I01668,U0708,U0067,SWAP,2025-11-03,2025-11-02,2025-11-03,COMPLETED,0,550,COMPLETED,NA
A002952,I01495,U0199,U0939,BORROW,2025-10-28,2025-10-24,2025-10-31,COMPLETED,3,100,RETURNED,ON_TIME
A002953,I00111,U0722,U0334,SWAP,2026-02-01,2026-01-29,2026-02-01,COMPLETED,0,1900,COMPLETED,NA
A002954,I01261,U0786,U0134,BORROW,2025-09-15,2025-09-14,2025-09-20,COMPLETED,5,3000,RETURNED,ON_TIME
A002955,I01041,U0280,U0966,BORROW,2026-07-06,2026-07-03,2026-07-27,ACTIVE,21,2200,NOT_RETURNED,PENDING
A002956,I04711,U0159,U0723,SWAP,2026-02-07,2026-02-05,2026-02-07,COMPLETED,0,2000,COMPLETED,NA
A002957,I04178,U0721,U0213,SWAP,2026-04-23,2026-04-20,2026-04-23,COMPLETED,0,2800,COMPLETED,NA
A002958,I04326,U0004,U0550,SWAP,2026-06-22,2026-06-19,2026-06-22,COMPLETED,0,750,COMPLETED,NA
A002959,I00520,U0315,U0274,BORROW,2026-06-13,2026-06-13,2026-06-23,COMPLETED,10,450,RETURNED,ON_TIME
A002960,I04975,U0419,U0298,BORROW,2025-11-29,2025-11-27,2025-12-02,COMPLETED,3,150,RETURNED,ON_TIME
A002961,I00608,U0838,U0289,SWAP,2026-02-02,2026-02-01,2026-02-02,COMPLETED,0,2950,COMPLETED,NA
A002962,I00892,U0870,U0625,SWAP,2025-11-01,2025-10-30,2025-11-01,COMPLETED,0,1000,COMPLETED,NA
A002963,I02209,U0488,U0872,BORROW,2025-10-05,2025-10-04,2025-10-07,COMPLETED,2,1000,RETURNED,LATE
A002964,I03764,U0771,U0287,SWAP,2026-02-06,2026-02-03,2026-02-06,COMPLETED,0,400,COMPLETED,NA
A002965,I02303,U0959,U0804,BORROW,2026-01-05,2026-01-01,2026-01-19,COMPLETED,14,450,RETURNED,ON_TIME
A002966,I01441,U0102,U0546,SWAP,2026-03-04,2026-03-02,2026-03-04,COMPLETED,0,1800,COMPLETED,NA
A002967,I00667,U0976,U0540,GIVEAWAY,2026-05-27,2026-05-26,2026-05-27,COMPLETED,0,2100,COMPLETED,NA
A002968,I02790,U0039,U0494,BORROW,2026-03-20,2026-03-20,2026-04-10,COMPLETED,21,400,RETURNED,ON_TIME
A002969,I03560,U0970,U0241,BORROW,2025-10-02,2025-10-01,2025-10-07,COMPLETED,5,500,RETURNED,ON_TIME
A002970,I03150,U0340,U0104,SELL,2026-01-08,2026-01-06,2026-01-08,COMPLETED,0,800,COMPLETED,NA
A002971,I01277,U0815,U0773,BORROW,2025-10-13,2025-10-10,2025-10-18,COMPLETED,5,1050,RETURNED,ON_TIME
A002972,I03546,U0926,U0717,BORROW,2026-01-06,2026-01-02,2026-01-11,OVERDUE,5,1600,NOT_RETURNED,LATE
A002973,I02232,U0306,U0851,SWAP,2026-02-27,2026-02-27,2026-02-27,COMPLETED,0,350,COMPLETED,NA
A002974,I02850,U0086,U0147,GIVEAWAY,2026-02-22,2026-02-19,2026-02-22,COMPLETED,0,1350,COMPLETED,NA
A002975,I03626,U0139,U0171,GIVEAWAY,2026-03-16,2026-03-16,2026-03-16,COMPLETED,0,2950,COMPLETED,NA
A002976,I02897,U0455,U0135,SWAP,2025-11-08,2025-11-08,2025-11-08,COMPLETED,0,500,COMPLETED,NA
A002977,I03313,U0163,U0155,BORROW,2026-04-20,2026-04-16,2026-04-22,COMPLETED,2,1300,RETURNED,ON_TIME
A002978,I01102,U0086,U0996,GIVEAWAY,2026-05-22,2026-05-19,2026-05-22,COMPLETED,0,2150,COMPLETED,NA
A002979,I01173,U0464,U0842,SELL,2026-05-21,2026-05-17,2026-05-21,CANCELLED,0,2300,CANCELLED,NA
A002980,I03811,U0445,U0752,SELL,2026-01-28,2026-01-26,2026-01-28,COMPLETED,0,2750,COMPLETED,NA
A002981,I01869,U0310,U0746,GIVEAWAY,2025-11-10,2025-11-10,2025-11-10,COMPLETED,0,1550,COMPLETED,NA
A002982,I03101,U0475,U0355,BORROW,2026-05-29,2026-05-29,2026-06-19,COMPLETED,21,500,RETURNED,LATE
A002983,I00061,U0090,U0393,SELL,2026-05-07,2026-05-06,2026-05-07,COMPLETED,0,2750,COMPLETED,NA
A002984,I01106,U0571,U0492,BORROW,2026-01-25,2026-01-25,2026-02-08,COMPLETED,14,1600,RETURNED,ON_TIME
A002985,I01676,U0030,U0183,SWAP,2026-03-10,2026-03-08,2026-03-10,COMPLETED,0,2350,COMPLETED,NA
A002986,I02181,U0308,U0716,BORROW,2025-11-02,2025-10-31,2025-11-12,COMPLETED,10,1500,RETURNED,ON_TIME
A002987,I00384,U0371,U0812,SWAP,2026-06-03,2026-06-03,2026-06-03,COMPLETED,0,3000,COMPLETED,NA
A002988,I01902,U0837,U0789,BORROW,2025-10-13,2025-10-10,2025-10-20,COMPLETED,7,650,RETURNED,ON_TIME
A002989,I02363,U0901,U0767,SWAP,2025-09-18,2025-09-15,2025-09-18,COMPLETED,0,300,COMPLETED,NA
A002990,I02549,U0619,U0896,BORROW,2025-12-05,2025-12-02,2025-12-08,COMPLETED,3,3200,RETURNED,ON_TIME
A002991,I00692,U0667,U0765,BORROW,2026-07-14,2026-07-10,2026-07-19,COMPLETED,5,5950,RETURNED,ON_TIME
A002992,I00355,U0986,U0956,BORROW,2026-06-09,2026-06-06,2026-06-12,COMPLETED,3,150,RETURNED,ON_TIME
A002993,I01781,U0490,U0823,BORROW,2026-03-27,2026-03-23,2026-04-17,COMPLETED,21,1100,RETURNED,ON_TIME
A002994,I04312,U0076,U0475,BORROW,2026-04-19,2026-04-18,2026-04-24,ACTIVE,5,2200,NOT_RETURNED,PENDING
A002995,I02786,U0352,U0880,SWAP,2026-06-03,2026-05-30,2026-06-03,COMPLETED,0,2950,COMPLETED,NA
A002996,I02553,U0995,U0850,BORROW,2026-01-18,2026-01-16,2026-01-21,COMPLETED,3,2000,RETURNED,ON_TIME
A002997,I03642,U0202,U0518,SELL,2025-09-12,2025-09-11,2025-09-12,COMPLETED,0,750,COMPLETED,NA
A002998,I01483,U0657,U0020,BORROW,2026-01-19,2026-01-15,2026-01-22,CANCELLED,3,900,CANCELLED,PENDING
A002999,I02338,U0114,U0705,SWAP,2026-03-29,2026-03-26,2026-03-29,COMPLETED,0,850,COMPLETED,NA
A003000,I03547,U0069,U0905,SELL,2025-10-03,2025-10-02,2025-10-03,COMPLETED,0,600,COMPLETED,NA
A003001,I01180,U0335,U0195,SWAP,2025-09-22,2025-09-22,2025-09-22,COMPLETED,0,1600,COMPLETED,NA
A003002,I04064,U0288,U0541,GIVEAWAY,2026-05-23,2026-05-20,2026-05-23,COMPLETED,0,750,COMPLETED,NA
A003003,I02892,U0677,U0132,BORROW,2025-10-30,2025-10-29,2025-11-09,COMPLETED,10,900,RETURNED,ON_TIME
A003004,I03876,U0126,U0200,SWAP,2025-10-13,2025-10-12,2025-10-13,COMPLETED,0,600,COMPLETED,NA
A003005,I01906,U0880,U0409,SWAP,2026-05-21,2026-05-21,2026-05-21,COMPLETED,0,600,COMPLETED,NA
A003006,I03739,U0751,U0349,SELL,2026-06-11,2026-06-08,2026-06-11,COMPLETED,0,800,COMPLETED,NA
A003007,I02620,U0017,U0770,BORROW,2026-03-06,2026-03-03,2026-03-27,COMPLETED,21,1600,RETURNED,ON_TIME
A003008,I04137,U0145,U0256,GIVEAWAY,2026-05-04,2026-05-04,2026-05-04,COMPLETED,0,700,COMPLETED,NA
A003009,I01140,U0782,U0716,SELL,2025-10-11,2025-10-11,2025-10-11,COMPLETED,0,1550,COMPLETED,NA
A003010,I02351,U0250,U0484,BORROW,2026-07-19,2026-07-15,2026-07-22,COMPLETED,3,650,RETURNED,LATE
A003011,I02039,U0088,U0225,BORROW,2026-02-14,2026-02-14,2026-02-28,ACTIVE,14,3700,NOT_RETURNED,PENDING
A003012,I01803,U0152,U0666,BORROW,2026-03-22,2026-03-20,2026-03-29,COMPLETED,7,2150,RETURNED,LATE
A003013,I00595,U0536,U0349,BORROW,2025-11-25,2025-11-25,2025-11-30,OVERDUE,5,100,NOT_RETURNED,LATE
A003014,I02475,U0381,U0389,GIVEAWAY,2026-03-05,2026-03-03,2026-03-05,COMPLETED,0,2150,COMPLETED,NA
A003015,I00254,U0830,U0527,SWAP,2026-06-04,2026-06-01,2026-06-04,COMPLETED,0,450,COMPLETED,NA
A003016,I00435,U0314,U0477,BORROW,2026-07-05,2026-07-04,2026-07-26,COMPLETED,21,1600,RETURNED,ON_TIME
A003017,I02288,U0951,U0548,BORROW,2026-01-28,2026-01-28,2026-02-11,COMPLETED,14,3350,RETURNED,ON_TIME
A003018,I01783,U0409,U0246,BORROW,2025-12-06,2025-12-06,2025-12-27,COMPLETED,21,450,RETURNED,ON_TIME
A003019,I02994,U0596,U0163,BORROW,2026-01-11,2026-01-11,2026-01-14,COMPLETED,3,2800,RETURNED,ON_TIME
A003020,I00336,U0794,U0394,SWAP,2026-07-17,2026-07-17,2026-07-17,COMPLETED,0,1300,COMPLETED,NA
A003021,I02855,U0867,U0247,BORROW,2026-01-05,2026-01-04,2026-01-08,COMPLETED,3,1750,RETURNED,ON_TIME
A003022,I01232,U0776,U0461,BORROW,2026-04-27,2026-04-25,2026-05-02,COMPLETED,5,6200,RETURNED,ON_TIME
A003023,I02242,U0394,U0568,BORROW,2026-06-23,2026-06-22,2026-07-07,COMPLETED,14,1750,RETURNED,ON_TIME
A003024,I03233,U0944,U0122,SWAP,2026-01-14,2026-01-12,2026-01-14,CANCELLED,0,350,CANCELLED,NA
A003025,I01856,U0070,U0124,GIVEAWAY,2025-11-13,2025-11-13,2025-11-13,COMPLETED,0,1300,COMPLETED,NA
A003026,I04369,U0995,U0982,SWAP,2026-04-10,2026-04-10,2026-04-10,COMPLETED,0,1500,COMPLETED,NA
A003027,I03558,U0910,U0001,GIVEAWAY,2026-06-16,2026-06-13,2026-06-16,COMPLETED,0,400,COMPLETED,NA
A003028,I01924,U0607,U0640,SWAP,2025-10-02,2025-09-28,2025-10-02,COMPLETED,0,2000,COMPLETED,NA
A003029,I04739,U0400,U0224,SELL,2026-07-27,2026-07-23,2026-07-27,COMPLETED,0,2900,COMPLETED,NA
A003030,I04526,U0501,U0723,BORROW,2026-07-04,2026-07-01,2026-07-25,COMPLETED,21,1900,RETURNED,ON_TIME
A003031,I01288,U0017,U0667,BORROW,2026-04-08,2026-04-06,2026-04-18,COMPLETED,10,1000,RETURNED,ON_TIME
A003032,I02589,U0879,U0407,GIVEAWAY,2026-06-21,2026-06-19,2026-06-21,COMPLETED,0,1600,COMPLETED,NA
A003033,I01733,U0816,U0526,SWAP,2026-02-01,2026-01-28,2026-02-01,COMPLETED,0,700,COMPLETED,NA
A003034,I04841,U0357,U0793,SELL,2025-11-03,2025-11-03,2025-11-03,COMPLETED,0,1050,COMPLETED,NA
A003035,I00704,U0460,U0716,SWAP,2026-03-10,2026-03-07,2026-03-10,COMPLETED,0,650,COMPLETED,NA
A003036,I03563,U0143,U0244,SWAP,2026-04-14,2026-04-13,2026-04-14,COMPLETED,0,600,COMPLETED,NA
A003037,I03848,U0076,U0256,SELL,2025-09-22,2025-09-21,2025-09-22,COMPLETED,0,3200,COMPLETED,NA
A003038,I03430,U0999,U0819,SWAP,2026-02-20,2026-02-19,2026-02-20,COMPLETED,0,350,COMPLETED,NA
A003039,I00014,U0357,U0023,GIVEAWAY,2025-09-03,2025-08-31,2025-09-03,COMPLETED,0,850,COMPLETED,NA
A003040,I01889,U0970,U0816,SELL,2025-10-09,2025-10-08,2025-10-09,CANCELLED,0,4850,CANCELLED,NA
A003041,I02279,U0104,U0043,BORROW,2026-03-13,2026-03-13,2026-03-16,COMPLETED,3,2450,RETURNED,ON_TIME
A003042,I00111,U0687,U0334,GIVEAWAY,2026-04-10,2026-04-08,2026-04-10,COMPLETED,0,1900,COMPLETED,NA
A003043,I00215,U0359,U0358,GIVEAWAY,2025-10-31,2025-10-30,2025-10-31,COMPLETED,0,1750,COMPLETED,NA
A003044,I04191,U0338,U0112,SWAP,2026-01-06,2026-01-05,2026-01-06,COMPLETED,0,1800,COMPLETED,NA
A003045,I03640,U0504,U0759,BORROW,2025-10-30,2025-10-30,2025-11-01,COMPLETED,2,400,RETURNED,ON_TIME
A003046,I02214,U0707,U0936,BORROW,2026-07-13,2026-07-10,2026-07-18,COMPLETED,5,2000,RETURNED,ON_TIME
A003047,I02828,U0379,U0861,SWAP,2026-05-06,2026-05-04,2026-05-06,COMPLETED,0,1550,COMPLETED,NA
A003048,I02152,U0216,U0043,SWAP,2026-06-22,2026-06-18,2026-06-22,COMPLETED,0,1000,COMPLETED,NA
A003049,I01302,U0879,U0454,SWAP,2026-07-19,2026-07-16,2026-07-19,COMPLETED,0,1100,COMPLETED,NA
A003050,I00374,U0730,U0804,SWAP,2026-05-25,2026-05-23,2026-05-25,CANCELLED,0,850,CANCELLED,NA
A003051,I03763,U0718,U0687,SWAP,2025-09-05,2025-09-01,2025-09-05,COMPLETED,0,1150,COMPLETED,NA
A003052,I04120,U0921,U0277,SWAP,2026-02-17,2026-02-15,2026-02-17,COMPLETED,0,650,COMPLETED,NA
A003053,I04069,U0060,U0493,SWAP,2026-02-03,2026-02-03,2026-02-03,COMPLETED,0,1250,COMPLETED,NA
A003054,I04041,U0638,U0920,BORROW,2025-12-21,2025-12-20,2025-12-26,COMPLETED,5,2200,RETURNED,ON_TIME
A003055,I03612,U0900,U0219,BORROW,2025-12-22,2025-12-21,2025-12-24,COMPLETED,2,550,RETURNED,ON_TIME
A003056,I00386,U0389,U0611,BORROW,2026-02-03,2026-01-31,2026-02-08,COMPLETED,5,3100,RETURNED,ON_TIME
A003057,I04151,U0651,U0473,SWAP,2026-01-19,2026-01-15,2026-01-19,COMPLETED,0,450,COMPLETED,NA
A003058,I03551,U0686,U0947,BORROW,2026-03-20,2026-03-17,2026-03-23,COMPLETED,3,850,RETURNED,ON_TIME
A003059,I01189,U0280,U0485,BORROW,2026-04-17,2026-04-16,2026-04-20,COMPLETED,3,600,RETURNED,ON_TIME
A003060,I04264,U0717,U0605,SELL,2025-12-29,2025-12-28,2025-12-29,CANCELLED,0,2050,CANCELLED,NA
A003061,I00910,U0952,U0420,SELL,2026-01-20,2026-01-17,2026-01-20,COMPLETED,0,550,COMPLETED,NA
A003062,I04994,U0079,U0132,GIVEAWAY,2026-03-17,2026-03-17,2026-03-17,COMPLETED,0,900,COMPLETED,NA
A003063,I00178,U0385,U0529,BORROW,2026-01-15,2026-01-14,2026-01-18,COMPLETED,3,1000,RETURNED,ON_TIME
A003064,I02229,U0285,U0287,BORROW,2026-04-11,2026-04-10,2026-04-21,COMPLETED,10,1350,RETURNED,ON_TIME
A003065,I00296,U0786,U0865,BORROW,2025-10-24,2025-10-24,2025-10-26,COMPLETED,2,3250,RETURNED,ON_TIME
A003066,I02632,U0753,U0406,BORROW,2026-07-02,2026-06-30,2026-07-04,COMPLETED,2,3050,RETURNED,ON_TIME
A003067,I00066,U0230,U0680,SELL,2025-12-01,2025-11-27,2025-12-01,COMPLETED,0,1850,COMPLETED,NA
A003068,I03182,U0652,U0237,GIVEAWAY,2025-11-24,2025-11-22,2025-11-24,COMPLETED,0,5600,COMPLETED,NA
A003069,I00505,U0983,U0721,BORROW,2026-06-12,2026-06-09,2026-06-22,OVERDUE,10,50,NOT_RETURNED,LATE
A003070,I04169,U0510,U0181,BORROW,2025-10-19,2025-10-17,2025-10-29,COMPLETED,10,4750,RETURNED,ON_TIME
A003071,I03622,U0825,U0055,SWAP,2025-10-23,2025-10-20,2025-10-23,CANCELLED,0,2850,CANCELLED,NA
A003072,I00535,U0306,U0092,BORROW,2025-11-04,2025-11-02,2025-11-07,COMPLETED,3,100,RETURNED,ON_TIME
A003073,I04550,U0466,U0415,SWAP,2026-02-24,2026-02-23,2026-02-24,COMPLETED,0,200,COMPLETED,NA
A003074,I03251,U0235,U0335,GIVEAWAY,2025-10-28,2025-10-27,2025-10-28,COMPLETED,0,600,COMPLETED,NA
A003075,I00717,U0952,U0861,GIVEAWAY,2026-07-16,2026-07-15,2026-07-16,COMPLETED,0,700,COMPLETED,NA
A003076,I03349,U0544,U0832,GIVEAWAY,2026-01-03,2025-12-31,2026-01-03,COMPLETED,0,450,COMPLETED,NA
A003077,I03565,U0511,U0359,SELL,2025-10-09,2025-10-05,2025-10-09,COMPLETED,0,150,COMPLETED,NA
A003078,I03970,U0970,U0503,BORROW,2025-10-30,2025-10-30,2025-11-06,COMPLETED,7,1150,RETURNED,ON_TIME
A003079,I01177,U0078,U0299,SELL,2026-01-02,2025-12-31,2026-01-02,COMPLETED,0,750,COMPLETED,NA
A003080,I03832,U0659,U0914,SWAP,2026-03-12,2026-03-09,2026-03-12,COMPLETED,0,3300,COMPLETED,NA
A003081,I03203,U0016,U0732,SWAP,2025-10-31,2025-10-30,2025-10-31,COMPLETED,0,450,COMPLETED,NA
A003082,I00006,U0515,U0298,GIVEAWAY,2026-03-12,2026-03-12,2026-03-12,COMPLETED,0,1800,COMPLETED,NA
A003083,I04994,U0806,U0132,GIVEAWAY,2025-09-25,2025-09-25,2025-09-25,COMPLETED,0,900,COMPLETED,NA
A003084,I02215,U0942,U0940,GIVEAWAY,2026-03-13,2026-03-12,2026-03-13,COMPLETED,0,200,COMPLETED,NA
A003085,I00510,U0966,U0577,SWAP,2026-01-25,2026-01-22,2026-01-25,COMPLETED,0,900,COMPLETED,NA
A003086,I01393,U0910,U0595,BORROW,2025-09-03,2025-09-01,2025-09-13,COMPLETED,10,550,RETURNED,ON_TIME
A003087,I00591,U0244,U0482,BORROW,2026-05-19,2026-05-18,2026-05-29,ACTIVE,10,1050,NOT_RETURNED,PENDING
A003088,I03183,U0538,U0329,BORROW,2026-06-09,2026-06-05,2026-06-23,COMPLETED,14,1550,RETURNED,ON_TIME
A003089,I02500,U0442,U0267,BORROW,2025-09-17,2025-09-15,2025-09-20,ACTIVE,3,1200,NOT_RETURNED,PENDING
A003090,I00909,U0621,U0931,BORROW,2025-11-13,2025-11-11,2025-11-23,COMPLETED,10,700,RETURNED,ON_TIME
A003091,I01608,U0889,U0463,SWAP,2026-01-10,2026-01-09,2026-01-10,COMPLETED,0,250,COMPLETED,NA
A003092,I01448,U0603,U0183,GIVEAWAY,2025-09-13,2025-09-12,2025-09-13,COMPLETED,0,2000,COMPLETED,NA
A003093,I02372,U0697,U0579,BORROW,2026-07-11,2026-07-07,2026-07-25,COMPLETED,14,6650,RETURNED,ON_TIME
A003094,I01365,U0745,U0778,SELL,2026-02-22,2026-02-19,2026-02-22,COMPLETED,0,1750,COMPLETED,NA
A003095,I02238,U0353,U0642,SELL,2025-11-04,2025-10-31,2025-11-04,COMPLETED,0,400,COMPLETED,NA
A003096,I03763,U0802,U0687,BORROW,2025-10-19,2025-10-19,2025-10-24,COMPLETED,5,1150,RETURNED,ON_TIME
A003097,I03712,U0760,U0068,BORROW,2026-03-26,2026-03-26,2026-04-16,OVERDUE,21,2000,NOT_RETURNED,LATE
A003098,I03049,U0175,U0483,SELL,2025-12-03,2025-12-03,2025-12-03,COMPLETED,0,1400,COMPLETED,NA
A003099,I04634,U0626,U0008,SELL,2025-11-24,2025-11-23,2025-11-24,COMPLETED,0,1100,COMPLETED,NA
A003100,I04267,U0340,U0511,BORROW,2026-01-17,2026-01-17,2026-02-07,COMPLETED,21,2500,RETURNED,ON_TIME
A003101,I00163,U0016,U0480,BORROW,2025-10-05,2025-10-02,2025-10-26,COMPLETED,21,2300,RETURNED,ON_TIME
A003102,I03717,U0094,U0358,GIVEAWAY,2026-06-17,2026-06-15,2026-06-17,COMPLETED,0,300,COMPLETED,NA
A003103,I02792,U0374,U0696,BORROW,2026-07-07,2026-07-07,2026-07-28,COMPLETED,21,4500,RETURNED,ON_TIME
A003104,I00934,U0876,U0513,SWAP,2026-07-19,2026-07-19,2026-07-19,COMPLETED,0,1950,COMPLETED,NA
A003105,I01946,U0581,U0892,BORROW,2026-03-31,2026-03-30,2026-04-10,CANCELLED,10,2150,CANCELLED,PENDING
A003106,I03049,U0309,U0483,SWAP,2026-03-23,2026-03-20,2026-03-23,CANCELLED,0,1400,CANCELLED,NA
A003107,I04607,U0508,U0588,SWAP,2026-03-29,2026-03-29,2026-03-29,COMPLETED,0,900,COMPLETED,NA
A003108,I03472,U0572,U0727,GIVEAWAY,2025-11-06,2025-11-02,2025-11-06,COMPLETED,0,2600,COMPLETED,NA
A003109,I04599,U0234,U0545,BORROW,2026-07-09,2026-07-08,2026-07-12,COMPLETED,3,550,RETURNED,ON_TIME
A003110,I04328,U0347,U0788,SELL,2026-01-18,2026-01-18,2026-01-18,COMPLETED,0,3400,COMPLETED,NA
A003111,I02670,U0231,U0127,BORROW,2025-12-12,2025-12-12,2026-01-02,COMPLETED,21,1150,RETURNED,ON_TIME
A003112,I01143,U0241,U0386,GIVEAWAY,2025-10-25,2025-10-24,2025-10-25,COMPLETED,0,1500,COMPLETED,NA
A003113,I04931,U0476,U0144,SWAP,2025-09-21,2025-09-20,2025-09-21,COMPLETED,0,950,COMPLETED,NA
A003114,I02801,U0215,U0763,GIVEAWAY,2026-02-18,2026-02-14,2026-02-18,COMPLETED,0,850,COMPLETED,NA
A003115,I01953,U0110,U0363,SELL,2025-09-07,2025-09-03,2025-09-07,COMPLETED,0,1800,COMPLETED,NA
A003116,I01211,U0228,U0027,SWAP,2026-07-19,2026-07-17,2026-07-19,COMPLETED,0,300,COMPLETED,NA
A003117,I02181,U0906,U0716,SWAP,2025-09-10,2025-09-06,2025-09-10,COMPLETED,0,1500,COMPLETED,NA
A003118,I01737,U0203,U0772,BORROW,2026-04-04,2026-03-31,2026-04-18,COMPLETED,14,450,RETURNED,ON_TIME
A003119,I02673,U0890,U0644,SWAP,2025-11-27,2025-11-24,2025-11-27,COMPLETED,0,1850,COMPLETED,NA
A003120,I04102,U0911,U0897,BORROW,2026-01-12,2026-01-12,2026-01-19,COMPLETED,7,3150,RETURNED,ON_TIME
A003121,I04459,U0453,U0910,BORROW,2025-10-14,2025-10-13,2025-10-28,COMPLETED,14,700,RETURNED,LATE
A003122,I04847,U0732,U0896,BORROW,2025-10-04,2025-10-02,2025-10-11,COMPLETED,7,600,RETURNED,ON_TIME
A003123,I02887,U0651,U0202,SELL,2026-01-01,2025-12-29,2026-01-01,COMPLETED,0,2400,COMPLETED,NA
A003124,I04804,U0818,U0428,BORROW,2026-04-07,2026-04-07,2026-04-09,COMPLETED,2,900,RETURNED,ON_TIME
A003125,I03140,U0817,U0730,BORROW,2026-05-15,2026-05-12,2026-05-22,COMPLETED,7,650,RETURNED,ON_TIME
A003126,I04206,U0468,U0427,SELL,2025-12-24,2025-12-24,2025-12-24,COMPLETED,0,2100,COMPLETED,NA
A003127,I04104,U0750,U0919,SWAP,2025-11-26,2025-11-23,2025-11-26,COMPLETED,0,2550,COMPLETED,NA
A003128,I03136,U0022,U0778,SWAP,2026-06-07,2026-06-05,2026-06-07,COMPLETED,0,250,COMPLETED,NA
A003129,I04135,U0068,U0946,BORROW,2025-09-09,2025-09-07,2025-09-23,ACTIVE,14,150,NOT_RETURNED,PENDING
A003130,I01629,U0997,U0396,SWAP,2026-01-25,2026-01-25,2026-01-25,COMPLETED,0,1700,COMPLETED,NA
A003131,I00156,U0762,U0289,SELL,2026-03-08,2026-03-08,2026-03-08,CANCELLED,0,2150,CANCELLED,NA
A003132,I04400,U0668,U0227,GIVEAWAY,2026-06-15,2026-06-13,2026-06-15,COMPLETED,0,800,COMPLETED,NA
A003133,I01123,U0663,U0099,BORROW,2026-07-08,2026-07-08,2026-07-13,COMPLETED,5,1500,RETURNED,ON_TIME
A003134,I01903,U0596,U0722,BORROW,2026-04-01,2026-03-31,2026-04-15,OVERDUE,14,1200,NOT_RETURNED,LATE
A003135,I01737,U0093,U0772,SWAP,2025-12-24,2025-12-21,2025-12-24,COMPLETED,0,450,COMPLETED,NA
A003136,I00531,U0580,U0142,BORROW,2025-10-29,2025-10-27,2025-11-03,COMPLETED,5,1400,RETURNED,ON_TIME
A003137,I01288,U0198,U0667,GIVEAWAY,2025-09-11,2025-09-08,2025-09-11,COMPLETED,0,1000,COMPLETED,NA
A003138,I04017,U0254,U0059,BORROW,2026-03-13,2026-03-09,2026-03-15,COMPLETED,2,1100,RETURNED,ON_TIME
A003139,I00406,U0242,U0736,SELL,2026-04-02,2026-03-30,2026-04-02,COMPLETED,0,550,COMPLETED,NA
A003140,I02098,U0414,U0447,SWAP,2026-01-19,2026-01-19,2026-01-19,COMPLETED,0,1250,COMPLETED,NA
A003141,I03213,U0256,U0761,BORROW,2025-09-14,2025-09-13,2025-09-17,COMPLETED,3,2100,RETURNED,ON_TIME
A003142,I03972,U0657,U0232,SWAP,2026-07-04,2026-07-01,2026-07-04,COMPLETED,0,400,COMPLETED,NA
A003143,I02780,U0256,U0563,GIVEAWAY,2025-10-16,2025-10-16,2025-10-16,CANCELLED,0,750,CANCELLED,NA
A003144,I02393,U0323,U0253,SELL,2025-09-22,2025-09-19,2025-09-22,COMPLETED,0,350,COMPLETED,NA
A003145,I02730,U0055,U0560,BORROW,2025-10-24,2025-10-20,2025-11-14,ACTIVE,21,1750,NOT_RETURNED,PENDING
A003146,I00155,U0181,U0448,BORROW,2025-12-04,2025-12-03,2025-12-18,COMPLETED,14,850,RETURNED,ON_TIME
A003147,I04091,U0279,U0828,SELL,2025-12-14,2025-12-14,2025-12-14,COMPLETED,0,1100,COMPLETED,NA
A003148,I02084,U0411,U0348,BORROW,2026-02-21,2026-02-19,2026-03-14,CANCELLED,21,700,CANCELLED,PENDING
A003149,I01379,U0016,U0251,BORROW,2026-07-26,2026-07-25,2026-08-02,COMPLETED,7,4100,RETURNED,ON_TIME
A003150,I00765,U0110,U0247,SELL,2026-01-27,2026-01-24,2026-01-27,COMPLETED,0,700,COMPLETED,NA
A003151,I00251,U0987,U0707,SWAP,2026-05-17,2026-05-14,2026-05-17,COMPLETED,0,400,COMPLETED,NA
A003152,I02082,U0965,U0227,BORROW,2025-11-24,2025-11-22,2025-12-08,COMPLETED,14,1100,RETURNED,ON_TIME
A003153,I03903,U0764,U0352,GIVEAWAY,2026-07-07,2026-07-06,2026-07-07,COMPLETED,0,650,COMPLETED,NA
A003154,I01115,U0528,U0603,BORROW,2026-07-05,2026-07-02,2026-07-08,COMPLETED,3,2150,RETURNED,ON_TIME
A003155,I01316,U0881,U0096,BORROW,2026-05-13,2026-05-11,2026-05-18,ACTIVE,5,1450,NOT_RETURNED,PENDING
A003156,I02423,U0068,U0394,SELL,2026-03-17,2026-03-16,2026-03-17,COMPLETED,0,150,COMPLETED,NA
A003157,I03304,U0103,U0258,SWAP,2025-10-09,2025-10-06,2025-10-09,CANCELLED,0,900,CANCELLED,NA
A003158,I00729,U0900,U0067,BORROW,2026-05-06,2026-05-04,2026-05-11,OVERDUE,5,1000,NOT_RETURNED,LATE
A003159,I02858,U0715,U0982,SWAP,2026-02-13,2026-02-13,2026-02-13,COMPLETED,0,2600,COMPLETED,NA
A003160,I00437,U0999,U0916,GIVEAWAY,2026-05-14,2026-05-11,2026-05-14,COMPLETED,0,600,COMPLETED,NA
A003161,I02506,U0359,U0705,BORROW,2025-12-29,2025-12-28,2026-01-19,ACTIVE,21,350,NOT_RETURNED,PENDING
A003162,I01115,U0765,U0603,SWAP,2026-07-06,2026-07-02,2026-07-06,COMPLETED,0,2150,COMPLETED,NA
A003163,I04319,U0156,U0780,SWAP,2026-07-17,2026-07-13,2026-07-17,COMPLETED,0,4800,COMPLETED,NA
A003164,I02832,U0121,U0787,SELL,2026-01-14,2026-01-10,2026-01-14,COMPLETED,0,1050,COMPLETED,NA
A003165,I03554,U0901,U0368,GIVEAWAY,2025-09-30,2025-09-30,2025-09-30,COMPLETED,0,850,COMPLETED,NA
A003166,I00287,U0438,U0824,GIVEAWAY,2026-03-07,2026-03-04,2026-03-07,COMPLETED,0,950,COMPLETED,NA
A003167,I00387,U0609,U0510,SWAP,2026-02-27,2026-02-23,2026-02-27,COMPLETED,0,1100,COMPLETED,NA
A003168,I03019,U0630,U0443,GIVEAWAY,2025-12-19,2025-12-19,2025-12-19,COMPLETED,0,1500,COMPLETED,NA
A003169,I03088,U0756,U0479,GIVEAWAY,2025-12-12,2025-12-10,2025-12-12,COMPLETED,0,800,COMPLETED,NA
A003170,I02266,U0113,U0274,SWAP,2026-06-24,2026-06-23,2026-06-24,COMPLETED,0,300,COMPLETED,NA
A003171,I00124,U0172,U0060,BORROW,2025-09-29,2025-09-28,2025-10-09,COMPLETED,10,700,RETURNED,ON_TIME
A003172,I03141,U0088,U0610,SELL,2026-01-11,2026-01-11,2026-01-11,CANCELLED,0,900,CANCELLED,NA
A003173,I01920,U0912,U0175,SWAP,2025-09-20,2025-09-20,2025-09-20,COMPLETED,0,900,COMPLETED,NA
A003174,I03190,U0176,U0510,SELL,2026-02-06,2026-02-05,2026-02-06,COMPLETED,0,1500,COMPLETED,NA
A003175,I00248,U0378,U0845,SWAP,2026-05-01,2026-04-30,2026-05-01,COMPLETED,0,3050,COMPLETED,NA
A003176,I00626,U0986,U0398,SELL,2026-05-30,2026-05-29,2026-05-30,COMPLETED,0,1700,COMPLETED,NA
A003177,I00837,U0962,U0351,BORROW,2026-01-15,2026-01-15,2026-02-05,ACTIVE,21,400,NOT_RETURNED,PENDING
A003178,I04709,U0558,U0792,BORROW,2026-06-14,2026-06-13,2026-06-16,ACTIVE,2,4750,NOT_RETURNED,PENDING
A003179,I00818,U0357,U0387,BORROW,2026-01-11,2026-01-09,2026-02-01,COMPLETED,21,1800,RETURNED,ON_TIME
A003180,I01798,U0602,U0883,SWAP,2026-01-01,2026-01-01,2026-01-01,COMPLETED,0,1550,COMPLETED,NA
A003181,I04666,U0981,U0898,GIVEAWAY,2026-06-22,2026-06-22,2026-06-22,COMPLETED,0,350,COMPLETED,NA
A003182,I01709,U0040,U0990,SWAP,2026-02-22,2026-02-20,2026-02-22,COMPLETED,0,3900,COMPLETED,NA
A003183,I02299,U0932,U0037,SWAP,2026-01-02,2025-12-30,2026-01-02,CANCELLED,0,1000,CANCELLED,NA
A003184,I02759,U0548,U0523,SELL,2026-03-26,2026-03-26,2026-03-26,COMPLETED,0,4700,COMPLETED,NA
A003185,I03291,U0662,U0467,BORROW,2025-10-11,2025-10-08,2025-10-18,COMPLETED,7,1950,RETURNED,ON_TIME
A003186,I03477,U0763,U0294,SWAP,2025-10-14,2025-10-10,2025-10-14,COMPLETED,0,400,COMPLETED,NA
A003187,I01218,U0128,U0867,SWAP,2025-11-24,2025-11-22,2025-11-24,COMPLETED,0,300,COMPLETED,NA
A003188,I03875,U0523,U0527,BORROW,2025-09-04,2025-09-01,2025-09-14,COMPLETED,10,1400,RETURNED,ON_TIME
A003189,I02698,U0972,U0225,BORROW,2026-06-26,2026-06-26,2026-06-29,COMPLETED,3,750,RETURNED,ON_TIME
A003190,I03304,U0381,U0258,SWAP,2026-06-08,2026-06-05,2026-06-08,COMPLETED,0,900,COMPLETED,NA
A003191,I00918,U0907,U0433,SWAP,2026-03-31,2026-03-27,2026-03-31,CANCELLED,0,550,CANCELLED,NA
A003192,I01361,U0996,U0968,SELL,2025-09-20,2025-09-18,2025-09-20,COMPLETED,0,950,COMPLETED,NA
A003193,I04847,U0159,U0896,BORROW,2026-07-10,2026-07-08,2026-07-20,COMPLETED,10,600,RETURNED,ON_TIME
A003194,I04091,U0281,U0828,SWAP,2025-10-27,2025-10-27,2025-10-27,COMPLETED,0,1100,COMPLETED,NA
A003195,I02512,U0697,U0547,GIVEAWAY,2026-01-30,2026-01-28,2026-01-30,COMPLETED,0,1500,COMPLETED,NA
A003196,I03407,U0514,U0509,BORROW,2025-12-09,2025-12-08,2025-12-16,COMPLETED,7,750,RETURNED,ON_TIME
A003197,I03280,U0970,U0634,BORROW,2025-12-14,2025-12-14,2025-12-17,ACTIVE,3,500,NOT_RETURNED,PENDING
A003198,I04636,U0009,U0067,GIVEAWAY,2026-05-31,2026-05-27,2026-05-31,COMPLETED,0,450,COMPLETED,NA
A003199,I03749,U0754,U0139,BORROW,2026-02-08,2026-02-07,2026-02-15,COMPLETED,7,4500,RETURNED,ON_TIME
A003200,I01116,U0062,U0386,SWAP,2025-12-03,2025-11-29,2025-12-03,COMPLETED,0,600,COMPLETED,NA
A003201,I00961,U0166,U0180,BORROW,2026-04-12,2026-04-11,2026-04-14,COMPLETED,2,850,RETURNED,ON_TIME
A003202,I00290,U0560,U0956,SWAP,2026-04-06,2026-04-05,2026-04-06,COMPLETED,0,200,COMPLETED,NA
A003203,I02386,U0044,U0937,SWAP,2025-10-24,2025-10-24,2025-10-24,COMPLETED,0,350,COMPLETED,NA
A003204,I02887,U0667,U0202,BORROW,2026-07-22,2026-07-18,2026-07-27,COMPLETED,5,2400,RETURNED,ON_TIME
A003205,I00418,U0179,U0825,SWAP,2025-09-28,2025-09-26,2025-09-28,CANCELLED,0,900,CANCELLED,NA
A003206,I01960,U0958,U0490,BORROW,2025-10-15,2025-10-15,2025-10-25,OVERDUE,10,1550,NOT_RETURNED,LATE
A003207,I01365,U0564,U0778,SELL,2026-03-10,2026-03-08,2026-03-10,COMPLETED,0,1750,COMPLETED,NA
A003208,I03618,U0673,U0168,BORROW,2025-10-28,2025-10-24,2025-11-18,COMPLETED,21,400,RETURNED,LATE
A003209,I04657,U0914,U0363,SWAP,2025-09-21,2025-09-19,2025-09-21,COMPLETED,0,1400,COMPLETED,NA
A003210,I03179,U0025,U0714,SELL,2026-01-02,2025-12-30,2026-01-02,COMPLETED,0,5550,COMPLETED,NA
A003211,I03525,U0872,U0048,BORROW,2026-02-12,2026-02-09,2026-02-15,OVERDUE,3,2200,NOT_RETURNED,LATE
A003212,I02509,U0254,U0410,BORROW,2025-12-11,2025-12-09,2025-12-14,COMPLETED,3,1500,RETURNED,ON_TIME
A003213,I03636,U0091,U0056,GIVEAWAY,2025-11-07,2025-11-07,2025-11-07,COMPLETED,0,1100,COMPLETED,NA
A003214,I02064,U0170,U0026,GIVEAWAY,2025-12-05,2025-12-04,2025-12-05,COMPLETED,0,1950,COMPLETED,NA
A003215,I01387,U0911,U0444,GIVEAWAY,2026-03-25,2026-03-22,2026-03-25,COMPLETED,0,2900,COMPLETED,NA
A003216,I02696,U0457,U0232,SELL,2026-01-13,2026-01-09,2026-01-13,COMPLETED,0,1250,COMPLETED,NA
A003217,I01409,U0134,U0250,SWAP,2025-09-01,2025-09-01,2025-09-01,COMPLETED,0,5200,COMPLETED,NA
A003218,I01852,U0362,U0907,SELL,2026-07-24,2026-07-23,2026-07-24,COMPLETED,0,3150,COMPLETED,NA
A003219,I04315,U0439,U0249,GIVEAWAY,2026-07-22,2026-07-20,2026-07-22,COMPLETED,0,200,COMPLETED,NA
A003220,I02364,U0790,U0869,BORROW,2025-11-29,2025-11-29,2025-12-01,COMPLETED,2,1400,RETURNED,ON_TIME
A003221,I02675,U0012,U0127,GIVEAWAY,2025-12-10,2025-12-10,2025-12-10,COMPLETED,0,1750,COMPLETED,NA
A003222,I01429,U0591,U0628,BORROW,2026-05-25,2026-05-22,2026-06-15,COMPLETED,21,400,RETURNED,ON_TIME
A003223,I00033,U0138,U0889,BORROW,2025-11-13,2025-11-13,2025-11-16,COMPLETED,3,550,RETURNED,ON_TIME
A003224,I04992,U0137,U0081,SWAP,2025-12-24,2025-12-24,2025-12-24,COMPLETED,0,800,COMPLETED,NA
A003225,I03696,U0368,U0473,SELL,2026-07-10,2026-07-08,2026-07-10,COMPLETED,0,1900,COMPLETED,NA
A003226,I02035,U0125,U0220,SELL,2026-07-24,2026-07-20,2026-07-24,COMPLETED,0,200,COMPLETED,NA
A003227,I03161,U0911,U0935,BORROW,2026-04-14,2026-04-14,2026-05-05,COMPLETED,21,400,RETURNED,ON_TIME
A003228,I04724,U0948,U0745,SWAP,2026-01-24,2026-01-24,2026-01-24,COMPLETED,0,1050,COMPLETED,NA
A003229,I04211,U0064,U0785,BORROW,2026-04-20,2026-04-19,2026-04-30,COMPLETED,10,650,RETURNED,ON_TIME
A003230,I03260,U0137,U0214,SWAP,2026-07-16,2026-07-15,2026-07-16,COMPLETED,0,300,COMPLETED,NA
A003231,I01690,U0492,U0291,GIVEAWAY,2026-06-24,2026-06-24,2026-06-24,COMPLETED,0,400,COMPLETED,NA
A003232,I03771,U0157,U0965,BORROW,2026-07-10,2026-07-08,2026-07-17,COMPLETED,7,1850,RETURNED,ON_TIME
A003233,I03720,U0744,U0537,SELL,2025-09-06,2025-09-04,2025-09-06,COMPLETED,0,1000,COMPLETED,NA
A003234,I02315,U0017,U0140,BORROW,2026-04-20,2026-04-19,2026-04-22,COMPLETED,2,1800,RETURNED,ON_TIME
A003235,I02223,U0261,U0122,GIVEAWAY,2026-06-12,2026-06-11,2026-06-12,COMPLETED,0,1700,COMPLETED,NA
A003236,I03531,U0035,U0077,BORROW,2025-10-11,2025-10-08,2025-10-18,COMPLETED,7,1950,RETURNED,ON_TIME
A003237,I01324,U0260,U0906,BORROW,2026-02-19,2026-02-16,2026-03-01,COMPLETED,10,1250,RETURNED,ON_TIME
A003238,I04967,U0093,U0523,BORROW,2026-05-21,2026-05-20,2026-06-11,ACTIVE,21,550,NOT_RETURNED,PENDING
A003239,I04533,U0638,U0702,BORROW,2026-05-01,2026-04-28,2026-05-11,CANCELLED,10,1750,CANCELLED,PENDING
A003240,I04631,U0246,U0593,BORROW,2025-10-03,2025-09-29,2025-10-17,COMPLETED,14,900,RETURNED,ON_TIME
A003241,I00296,U0388,U0865,GIVEAWAY,2026-05-31,2026-05-28,2026-05-31,COMPLETED,0,3250,COMPLETED,NA
A003242,I00794,U0690,U0982,GIVEAWAY,2026-05-26,2026-05-25,2026-05-26,COMPLETED,0,500,COMPLETED,NA
A003243,I03436,U0278,U0159,SELL,2025-12-13,2025-12-11,2025-12-13,COMPLETED,0,200,COMPLETED,NA
A003244,I04762,U0636,U0785,BORROW,2025-10-17,2025-10-13,2025-10-22,ACTIVE,5,1050,NOT_RETURNED,PENDING
A003245,I03924,U0952,U0500,SWAP,2026-03-15,2026-03-11,2026-03-15,COMPLETED,0,3000,COMPLETED,NA
A003246,I04882,U0009,U0724,BORROW,2025-12-21,2025-12-20,2025-12-24,ACTIVE,3,3150,NOT_RETURNED,PENDING
A003247,I02891,U0444,U0537,SELL,2026-02-21,2026-02-19,2026-02-21,COMPLETED,0,500,COMPLETED,NA
A003248,I01122,U0094,U0847,SWAP,2025-12-08,2025-12-05,2025-12-08,COMPLETED,0,250,COMPLETED,NA
A003249,I02035,U0892,U0220,BORROW,2025-11-02,2025-11-02,2025-11-05,COMPLETED,3,200,RETURNED,ON_TIME
A003250,I02480,U0637,U0946,BORROW,2025-09-07,2025-09-05,2025-09-28,COMPLETED,21,600,RETURNED,ON_TIME
A003251,I04495,U0664,U0512,SWAP,2026-01-15,2026-01-12,2026-01-15,COMPLETED,0,100,COMPLETED,NA
A003252,I04014,U0704,U0254,SWAP,2026-07-05,2026-07-03,2026-07-05,COMPLETED,0,3900,COMPLETED,NA
A003253,I03111,U0866,U0944,SWAP,2026-04-06,2026-04-05,2026-04-06,COMPLETED,0,1200,COMPLETED,NA
A003254,I03796,U0314,U0099,BORROW,2025-10-11,2025-10-11,2025-10-16,COMPLETED,5,750,RETURNED,ON_TIME
A003255,I03150,U0164,U0104,SWAP,2026-03-24,2026-03-20,2026-03-24,COMPLETED,0,800,COMPLETED,NA
A003256,I00203,U0537,U0199,GIVEAWAY,2025-10-27,2025-10-25,2025-10-27,COMPLETED,0,350,COMPLETED,NA
A003257,I00348,U0836,U0149,GIVEAWAY,2026-07-21,2026-07-21,2026-07-21,COMPLETED,0,350,COMPLETED,NA
A003258,I00794,U0174,U0982,BORROW,2026-01-09,2026-01-05,2026-01-30,COMPLETED,21,500,RETURNED,ON_TIME
A003259,I02028,U0975,U0869,BORROW,2026-02-26,2026-02-22,2026-03-08,CANCELLED,10,200,CANCELLED,PENDING
A003260,I00386,U0319,U0611,SELL,2026-07-10,2026-07-08,2026-07-10,COMPLETED,0,3100,COMPLETED,NA
A003261,I02172,U0529,U0266,GIVEAWAY,2026-05-30,2026-05-30,2026-05-30,COMPLETED,0,500,COMPLETED,NA
A003262,I01197,U0809,U0003,BORROW,2025-12-10,2025-12-09,2025-12-12,COMPLETED,2,1200,RETURNED,LATE
A003263,I02623,U0574,U0621,GIVEAWAY,2025-12-14,2025-12-13,2025-12-14,COMPLETED,0,1700,COMPLETED,NA
A003264,I04620,U0396,U0409,SWAP,2026-02-15,2026-02-13,2026-02-15,COMPLETED,0,600,COMPLETED,NA
A003265,I00516,U0817,U0048,SWAP,2026-06-09,2026-06-06,2026-06-09,COMPLETED,0,1850,COMPLETED,NA
A003266,I01017,U0167,U0364,SWAP,2026-04-05,2026-04-04,2026-04-05,COMPLETED,0,400,COMPLETED,NA
A003267,I04408,U0214,U0067,BORROW,2026-03-01,2026-02-25,2026-03-08,COMPLETED,7,1250,RETURNED,ON_TIME
A003268,I03275,U0445,U0880,GIVEAWAY,2025-09-07,2025-09-05,2025-09-07,COMPLETED,0,700,COMPLETED,NA
A003269,I04711,U0070,U0723,SWAP,2025-10-02,2025-09-29,2025-10-02,COMPLETED,0,2000,COMPLETED,NA
A003270,I02430,U0503,U0615,SELL,2026-01-02,2026-01-02,2026-01-02,COMPLETED,0,1800,COMPLETED,NA
A003271,I04762,U0441,U0785,SWAP,2025-09-26,2025-09-24,2025-09-26,COMPLETED,0,1050,COMPLETED,NA
A003272,I00603,U0837,U0396,BORROW,2025-10-27,2025-10-27,2025-11-10,COMPLETED,14,1200,RETURNED,ON_TIME
A003273,I03394,U0210,U0612,BORROW,2026-02-09,2026-02-05,2026-02-23,ACTIVE,14,1550,NOT_RETURNED,PENDING
A003274,I03552,U0372,U0125,SWAP,2026-02-22,2026-02-22,2026-02-22,COMPLETED,0,900,COMPLETED,NA
A003275,I00075,U0314,U0446,GIVEAWAY,2025-10-10,2025-10-09,2025-10-10,COMPLETED,0,750,COMPLETED,NA
A003276,I02041,U0146,U0032,SWAP,2026-04-18,2026-04-14,2026-04-18,COMPLETED,0,2000,COMPLETED,NA
A003277,I00208,U0683,U0284,BORROW,2026-05-23,2026-05-21,2026-06-02,COMPLETED,10,800,RETURNED,ON_TIME
A003278,I02899,U0297,U0721,SWAP,2025-09-26,2025-09-26,2025-09-26,COMPLETED,0,650,COMPLETED,NA
A003279,I01242,U0507,U0476,SELL,2026-05-31,2026-05-29,2026-05-31,COMPLETED,0,850,COMPLETED,NA
A003280,I00750,U0874,U0937,BORROW,2026-06-18,2026-06-16,2026-06-21,COMPLETED,3,500,RETURNED,ON_TIME
A003281,I01505,U0628,U0540,BORROW,2026-06-29,2026-06-29,2026-07-06,COMPLETED,7,1250,RETURNED,ON_TIME
A003282,I00195,U0939,U0376,SWAP,2025-10-26,2025-10-26,2025-10-26,COMPLETED,0,2050,COMPLETED,NA
A003283,I01374,U0046,U0375,BORROW,2026-04-08,2026-04-08,2026-04-15,COMPLETED,7,1400,RETURNED,LATE
A003284,I00874,U0584,U0706,BORROW,2025-09-08,2025-09-07,2025-09-18,COMPLETED,10,1850,RETURNED,ON_TIME
A003285,I03103,U0218,U0616,BORROW,2026-07-20,2026-07-17,2026-07-30,CANCELLED,10,650,CANCELLED,PENDING
A003286,I00807,U0590,U0422,BORROW,2025-10-31,2025-10-29,2025-11-05,COMPLETED,5,1500,RETURNED,ON_TIME
A003287,I04579,U0457,U0928,GIVEAWAY,2025-11-06,2025-11-06,2025-11-06,CANCELLED,0,1400,CANCELLED,NA
A003288,I01977,U0208,U0748,GIVEAWAY,2026-01-19,2026-01-16,2026-01-19,COMPLETED,0,900,COMPLETED,NA
A003289,I02115,U0353,U0184,SWAP,2025-11-18,2025-11-18,2025-11-18,COMPLETED,0,1450,COMPLETED,NA
A003290,I02904,U0322,U0455,BORROW,2026-06-19,2026-06-19,2026-07-03,OVERDUE,14,4400,NOT_RETURNED,LATE
A003291,I03468,U0587,U0145,BORROW,2025-10-27,2025-10-24,2025-10-29,ACTIVE,2,150,NOT_RETURNED,PENDING
A003292,I02750,U0934,U0642,SWAP,2026-05-06,2026-05-05,2026-05-06,COMPLETED,0,150,COMPLETED,NA
A003293,I01581,U0388,U0359,SWAP,2025-10-02,2025-09-30,2025-10-02,COMPLETED,0,1200,COMPLETED,NA
A003294,I01327,U0709,U0076,SWAP,2026-05-17,2026-05-15,2026-05-17,COMPLETED,0,2200,COMPLETED,NA
A003295,I03574,U0231,U0462,BORROW,2026-04-20,2026-04-18,2026-04-27,COMPLETED,7,2350,RETURNED,ON_TIME
A003296,I01245,U0817,U0174,BORROW,2026-07-10,2026-07-06,2026-07-12,COMPLETED,2,1850,RETURNED,LATE
A003297,I01542,U0324,U0011,SELL,2026-02-17,2026-02-16,2026-02-17,CANCELLED,0,600,CANCELLED,NA
A003298,I00278,U0224,U0414,BORROW,2025-10-19,2025-10-16,2025-11-09,OVERDUE,21,950,NOT_RETURNED,LATE
A003299,I04110,U0246,U0879,SWAP,2026-06-12,2026-06-10,2026-06-12,COMPLETED,0,1600,COMPLETED,NA
A003300,I04863,U0923,U0371,SWAP,2026-07-05,2026-07-02,2026-07-05,CANCELLED,0,550,CANCELLED,NA
A003301,I01610,U0846,U0357,SWAP,2025-12-25,2025-12-22,2025-12-25,COMPLETED,0,250,COMPLETED,NA
A003302,I03566,U0351,U0477,SWAP,2025-10-24,2025-10-23,2025-10-24,COMPLETED,0,1450,COMPLETED,NA
A003303,I04892,U0841,U0733,SWAP,2025-11-28,2025-11-24,2025-11-28,COMPLETED,0,3750,COMPLETED,NA
A003304,I00025,U0234,U0398,BORROW,2026-03-04,2026-03-01,2026-03-06,COMPLETED,2,150,RETURNED,ON_TIME
A003305,I03288,U0807,U0349,GIVEAWAY,2026-06-01,2026-05-28,2026-06-01,COMPLETED,0,350,COMPLETED,NA
A003306,I02075,U0656,U0493,GIVEAWAY,2025-10-15,2025-10-12,2025-10-15,COMPLETED,0,1350,COMPLETED,NA
A003307,I03607,U0773,U0606,BORROW,2025-12-13,2025-12-09,2025-12-15,COMPLETED,2,650,RETURNED,ON_TIME
A003308,I04296,U0698,U0100,BORROW,2026-06-03,2026-06-02,2026-06-06,COMPLETED,3,850,RETURNED,ON_TIME
A003309,I02981,U0732,U0044,SWAP,2025-10-30,2025-10-27,2025-10-30,COMPLETED,0,800,COMPLETED,NA
A003310,I03890,U0939,U0347,BORROW,2025-10-30,2025-10-28,2025-11-02,COMPLETED,3,400,RETURNED,ON_TIME
A003311,I02909,U0809,U0890,SELL,2026-03-26,2026-03-26,2026-03-26,COMPLETED,0,2050,COMPLETED,NA
A003312,I01405,U0008,U0482,BORROW,2026-02-04,2026-02-04,2026-02-06,COMPLETED,2,150,RETURNED,LATE
A003313,I00159,U0087,U0192,BORROW,2026-04-29,2026-04-29,2026-05-06,COMPLETED,7,2150,RETURNED,ON_TIME
A003314,I03608,U0660,U0957,GIVEAWAY,2026-06-13,2026-06-13,2026-06-13,COMPLETED,0,1950,COMPLETED,NA
A003315,I01016,U0362,U0187,SWAP,2026-07-22,2026-07-20,2026-07-22,COMPLETED,0,1800,COMPLETED,NA
A003316,I04129,U0526,U0128,BORROW,2025-09-11,2025-09-10,2025-09-21,COMPLETED,10,600,RETURNED,ON_TIME
A003317,I04191,U0833,U0112,SWAP,2026-01-31,2026-01-31,2026-01-31,COMPLETED,0,1800,COMPLETED,NA
A003318,I01724,U0084,U0218,BORROW,2025-10-27,2025-10-25,2025-11-10,CANCELLED,14,400,CANCELLED,PENDING
A003319,I00625,U0144,U0830,BORROW,2025-10-27,2025-10-23,2025-11-10,COMPLETED,14,50,RETURNED,LATE
A003320,I01576,U0727,U0304,GIVEAWAY,2025-10-06,2025-10-04,2025-10-06,COMPLETED,0,250,COMPLETED,NA
A003321,I01937,U0020,U0235,BORROW,2025-10-07,2025-10-07,2025-10-10,COMPLETED,3,550,RETURNED,ON_TIME
A003322,I03315,U0352,U0455,BORROW,2026-03-29,2026-03-26,2026-04-19,CANCELLED,21,1900,CANCELLED,PENDING
A003323,I02287,U0559,U0549,GIVEAWAY,2026-03-14,2026-03-13,2026-03-14,COMPLETED,0,750,COMPLETED,NA
A003324,I02614,U0977,U0382,SELL,2025-10-28,2025-10-26,2025-10-28,COMPLETED,0,2450,COMPLETED,NA
A003325,I01171,U0502,U0198,BORROW,2026-02-19,2026-02-18,2026-03-05,COMPLETED,14,1550,RETURNED,ON_TIME
A003326,I03640,U0478,U0759,SELL,2026-06-24,2026-06-22,2026-06-24,COMPLETED,0,400,COMPLETED,NA
A003327,I01141,U0291,U0710,SWAP,2025-11-04,2025-10-31,2025-11-04,COMPLETED,0,1800,COMPLETED,NA
A003328,I02999,U0995,U0295,SWAP,2026-03-06,2026-03-02,2026-03-06,COMPLETED,0,4000,COMPLETED,NA
A003329,I01560,U0810,U0779,BORROW,2026-03-13,2026-03-11,2026-03-20,COMPLETED,7,1650,RETURNED,ON_TIME
A003330,I01166,U0266,U0076,GIVEAWAY,2026-03-08,2026-03-05,2026-03-08,COMPLETED,0,1400,COMPLETED,NA
A003331,I01717,U0410,U0937,SWAP,2025-10-04,2025-10-01,2025-10-04,COMPLETED,0,2850,COMPLETED,NA
A003332,I00074,U0361,U0166,SWAP,2026-02-17,2026-02-14,2026-02-17,COMPLETED,0,1000,COMPLETED,NA
A003333,I02069,U0352,U0898,GIVEAWAY,2026-03-24,2026-03-21,2026-03-24,COMPLETED,0,1350,COMPLETED,NA
A003334,I02261,U0601,U0920,SWAP,2026-04-15,2026-04-13,2026-04-15,COMPLETED,0,1000,COMPLETED,NA
A003335,I00282,U0796,U0314,SWAP,2026-07-10,2026-07-10,2026-07-10,COMPLETED,0,650,COMPLETED,NA
A003336,I02534,U0779,U0844,GIVEAWAY,2026-06-04,2026-06-03,2026-06-04,COMPLETED,0,800,COMPLETED,NA
A003337,I02089,U0548,U0146,SWAP,2025-11-24,2025-11-24,2025-11-24,COMPLETED,0,350,COMPLETED,NA
A003338,I04880,U0837,U0150,SWAP,2025-11-11,2025-11-08,2025-11-11,COMPLETED,0,700,COMPLETED,NA
A003339,I01008,U0502,U0922,BORROW,2025-12-23,2025-12-21,2026-01-02,COMPLETED,10,350,RETURNED,LATE
A003340,I02284,U0886,U0671,GIVEAWAY,2026-04-13,2026-04-09,2026-04-13,COMPLETED,0,750,COMPLETED,NA
A003341,I02313,U0736,U0413,SELL,2026-05-13,2026-05-12,2026-05-13,COMPLETED,0,1850,COMPLETED,NA
A003342,I00378,U0896,U0684,BORROW,2025-12-24,2025-12-22,2026-01-03,OVERDUE,10,300,NOT_RETURNED,LATE
A003343,I03572,U0894,U0291,BORROW,2025-09-20,2025-09-18,2025-09-25,COMPLETED,5,4000,RETURNED,ON_TIME
A003344,I04947,U0177,U0340,SWAP,2026-01-05,2026-01-03,2026-01-05,COMPLETED,0,350,COMPLETED,NA
A003345,I03773,U0159,U0903,BORROW,2026-03-08,2026-03-07,2026-03-22,COMPLETED,14,550,RETURNED,ON_TIME
A003346,I00939,U0407,U0934,SWAP,2025-09-15,2025-09-13,2025-09-15,CANCELLED,0,650,CANCELLED,NA
A003347,I01677,U0673,U0949,BORROW,2025-11-08,2025-11-08,2025-11-13,COMPLETED,5,700,RETURNED,ON_TIME
A003348,I02822,U0666,U0410,BORROW,2025-09-12,2025-09-10,2025-09-22,COMPLETED,10,4850,RETURNED,ON_TIME
A003349,I02857,U0704,U0989,SWAP,2025-11-24,2025-11-24,2025-11-24,COMPLETED,0,2100,COMPLETED,NA
A003350,I01200,U0067,U0943,BORROW,2025-11-04,2025-11-04,2025-11-11,COMPLETED,7,1350,RETURNED,ON_TIME
A003351,I04224,U0774,U0946,GIVEAWAY,2025-09-13,2025-09-09,2025-09-13,COMPLETED,0,4050,COMPLETED,NA
A003352,I04701,U0848,U0723,SELL,2026-07-13,2026-07-13,2026-07-13,COMPLETED,0,1150,COMPLETED,NA
A003353,I00830,U0667,U0008,SELL,2026-02-26,2026-02-26,2026-02-26,COMPLETED,0,350,COMPLETED,NA
A003354,I01989,U0887,U0816,SWAP,2025-09-14,2025-09-11,2025-09-14,COMPLETED,0,1450,COMPLETED,NA
A003355,I01285,U0714,U0422,SELL,2026-06-27,2026-06-25,2026-06-27,COMPLETED,0,100,COMPLETED,NA
A003356,I03865,U0384,U0898,BORROW,2026-05-10,2026-05-06,2026-05-12,ACTIVE,2,150,NOT_RETURNED,PENDING
A003357,I03424,U0407,U0154,BORROW,2026-01-29,2026-01-28,2026-02-01,COMPLETED,3,1350,RETURNED,ON_TIME
A003358,I01220,U0339,U0944,SELL,2026-05-27,2026-05-26,2026-05-27,COMPLETED,0,800,COMPLETED,NA
A003359,I01596,U0623,U0628,BORROW,2026-04-06,2026-04-06,2026-04-09,COMPLETED,3,500,RETURNED,LATE
A003360,I02736,U0077,U0432,GIVEAWAY,2026-01-24,2026-01-22,2026-01-24,COMPLETED,0,1950,COMPLETED,NA
A003361,I02934,U0842,U0127,BORROW,2026-06-07,2026-06-03,2026-06-12,CANCELLED,5,1900,CANCELLED,PENDING
A003362,I00916,U0057,U0791,BORROW,2026-05-31,2026-05-30,2026-06-05,COMPLETED,5,400,RETURNED,ON_TIME
A003363,I00566,U0837,U0616,GIVEAWAY,2025-12-17,2025-12-13,2025-12-17,COMPLETED,0,3250,COMPLETED,NA
A003364,I01497,U0185,U0226,BORROW,2026-03-20,2026-03-16,2026-03-23,COMPLETED,3,1700,RETURNED,ON_TIME
A003365,I00992,U0877,U0058,GIVEAWAY,2026-03-20,2026-03-17,2026-03-20,COMPLETED,0,4300,COMPLETED,NA
A003366,I04123,U0739,U0491,SWAP,2026-06-03,2026-06-02,2026-06-03,COMPLETED,0,750,COMPLETED,NA
A003367,I00470,U1000,U0904,SWAP,2026-06-15,2026-06-12,2026-06-15,COMPLETED,0,650,COMPLETED,NA
A003368,I02165,U0277,U0303,SWAP,2026-06-13,2026-06-11,2026-06-13,COMPLETED,0,1300,COMPLETED,NA
A003369,I04875,U0619,U0127,SWAP,2025-09-19,2025-09-15,2025-09-19,COMPLETED,0,2000,COMPLETED,NA
A003370,I02578,U0731,U0430,SWAP,2025-12-02,2025-11-28,2025-12-02,COMPLETED,0,1550,COMPLETED,NA
A003371,I02563,U0314,U0074,GIVEAWAY,2025-09-25,2025-09-23,2025-09-25,COMPLETED,0,750,COMPLETED,NA
A003372,I01215,U0617,U0640,BORROW,2026-02-01,2026-01-29,2026-02-11,OVERDUE,10,1550,NOT_RETURNED,LATE
A003373,I03202,U0467,U0452,SELL,2025-09-19,2025-09-19,2025-09-19,CANCELLED,0,1950,CANCELLED,NA
A003374,I03740,U0312,U0490,BORROW,2026-04-09,2026-04-09,2026-04-30,COMPLETED,21,300,RETURNED,ON_TIME
A003375,I01082,U0027,U0627,SWAP,2026-02-14,2026-02-13,2026-02-14,COMPLETED,0,5000,COMPLETED,NA
A003376,I01913,U0120,U0142,SELL,2025-09-15,2025-09-14,2025-09-15,COMPLETED,0,600,COMPLETED,NA
A003377,I00832,U0703,U0057,SELL,2025-09-18,2025-09-17,2025-09-18,COMPLETED,0,2450,COMPLETED,NA
A003378,I00057,U0468,U0393,SELL,2026-05-22,2026-05-22,2026-05-22,COMPLETED,0,950,COMPLETED,NA
A003379,I04653,U0405,U0061,SELL,2026-01-15,2026-01-11,2026-01-15,COMPLETED,0,750,COMPLETED,NA
A003380,I02166,U0043,U0716,BORROW,2025-12-22,2025-12-18,2026-01-01,COMPLETED,10,1000,RETURNED,ON_TIME
A003381,I02108,U0050,U0185,BORROW,2025-09-16,2025-09-13,2025-09-26,COMPLETED,10,2450,RETURNED,ON_TIME
A003382,I01800,U0373,U0313,SELL,2025-11-27,2025-11-23,2025-11-27,COMPLETED,0,1550,COMPLETED,NA
A003383,I04167,U0331,U0371,BORROW,2026-06-18,2026-06-15,2026-07-02,COMPLETED,14,700,RETURNED,ON_TIME
A003384,I01057,U0353,U0058,SWAP,2026-05-27,2026-05-27,2026-05-27,COMPLETED,0,1300,COMPLETED,NA
A003385,I03100,U0286,U0048,BORROW,2026-01-19,2026-01-16,2026-01-21,ACTIVE,2,1450,NOT_RETURNED,PENDING
A003386,I02959,U0384,U0839,SWAP,2025-10-07,2025-10-07,2025-10-07,COMPLETED,0,800,COMPLETED,NA
A003387,I04111,U0396,U0947,GIVEAWAY,2026-01-13,2026-01-10,2026-01-13,COMPLETED,0,850,COMPLETED,NA
A003388,I00065,U0811,U0238,BORROW,2026-07-10,2026-07-10,2026-07-15,COMPLETED,5,700,RETURNED,LATE
A003389,I01046,U0149,U0270,GIVEAWAY,2025-10-07,2025-10-04,2025-10-07,COMPLETED,0,2250,COMPLETED,NA
A003390,I00369,U0093,U0983,BORROW,2025-12-15,2025-12-11,2025-12-25,COMPLETED,10,950,RETURNED,ON_TIME
A003391,I04007,U0609,U0191,BORROW,2026-04-12,2026-04-10,2026-04-17,ACTIVE,5,1350,NOT_RETURNED,PENDING
A003392,I04278,U0569,U0407,SWAP,2026-06-13,2026-06-11,2026-06-13,COMPLETED,0,600,COMPLETED,NA
A003393,I02581,U0551,U0235,SELL,2026-04-05,2026-04-01,2026-04-05,COMPLETED,0,3450,COMPLETED,NA
A003394,I03791,U0056,U0598,BORROW,2026-04-03,2026-04-02,2026-04-17,COMPLETED,14,1200,RETURNED,ON_TIME
A003395,I03614,U0911,U0804,SWAP,2026-02-14,2026-02-13,2026-02-14,COMPLETED,0,1200,COMPLETED,NA
A003396,I01316,U0526,U0096,BORROW,2025-09-20,2025-09-18,2025-09-30,COMPLETED,10,1450,RETURNED,ON_TIME
A003397,I01402,U0812,U0701,BORROW,2026-07-18,2026-07-16,2026-07-20,ACTIVE,2,3400,NOT_RETURNED,PENDING
A003398,I04612,U0349,U0709,SELL,2026-07-28,2026-07-27,2026-07-28,COMPLETED,0,1400,COMPLETED,NA
A003399,I00857,U0446,U0387,BORROW,2026-05-29,2026-05-28,2026-06-03,COMPLETED,5,1650,RETURNED,ON_TIME
A003400,I02089,U0382,U0146,BORROW,2025-10-19,2025-10-18,2025-10-26,ACTIVE,7,350,NOT_RETURNED,PENDING
A003401,I02406,U0395,U0889,GIVEAWAY,2026-06-09,2026-06-08,2026-06-09,COMPLETED,0,1500,COMPLETED,NA
A003402,I00001,U0628,U0804,BORROW,2026-04-27,2026-04-26,2026-05-11,COMPLETED,14,2400,RETURNED,ON_TIME
A003403,I00687,U0330,U0015,BORROW,2026-04-13,2026-04-10,2026-04-27,ACTIVE,14,1300,NOT_RETURNED,PENDING
A003404,I03204,U0939,U0609,BORROW,2025-10-11,2025-10-09,2025-10-14,COMPLETED,3,2500,RETURNED,ON_TIME
A003405,I01350,U0763,U0594,BORROW,2026-04-19,2026-04-19,2026-04-29,CANCELLED,10,1000,CANCELLED,PENDING
A003406,I03570,U0316,U0132,SWAP,2026-07-25,2026-07-23,2026-07-25,COMPLETED,0,900,COMPLETED,NA
A003407,I03046,U0013,U0069,BORROW,2026-02-15,2026-02-13,2026-02-18,COMPLETED,3,650,RETURNED,LATE
A003408,I03639,U0911,U0595,BORROW,2026-04-05,2026-04-01,2026-04-12,OVERDUE,7,600,NOT_RETURNED,LATE
A003409,I03466,U0718,U0358,SWAP,2026-03-27,2026-03-23,2026-03-27,COMPLETED,0,300,COMPLETED,NA
A003410,I00279,U0460,U0267,BORROW,2026-05-28,2026-05-26,2026-06-02,COMPLETED,5,900,RETURNED,ON_TIME
A003411,I03586,U0833,U0115,SELL,2025-09-11,2025-09-08,2025-09-11,COMPLETED,0,600,COMPLETED,NA
A003412,I00759,U0308,U0009,GIVEAWAY,2026-03-22,2026-03-19,2026-03-22,COMPLETED,0,1150,COMPLETED,NA
A003413,I03059,U0739,U0758,GIVEAWAY,2026-03-31,2026-03-27,2026-03-31,COMPLETED,0,3250,COMPLETED,NA
A003414,I04476,U0933,U0010,SWAP,2026-02-05,2026-02-03,2026-02-05,COMPLETED,0,1100,COMPLETED,NA
A003415,I03074,U0729,U0544,GIVEAWAY,2025-12-14,2025-12-12,2025-12-14,CANCELLED,0,1150,CANCELLED,NA
A003416,I00725,U0413,U0276,BORROW,2025-09-14,2025-09-10,2025-09-28,COMPLETED,14,800,RETURNED,ON_TIME
A003417,I04005,U0319,U0849,BORROW,2025-09-30,2025-09-30,2025-10-07,COMPLETED,7,800,RETURNED,ON_TIME
A003418,I03353,U0196,U0661,BORROW,2025-12-16,2025-12-13,2025-12-23,OVERDUE,7,600,NOT_RETURNED,LATE
A003419,I04156,U0213,U0309,BORROW,2026-02-04,2026-02-01,2026-02-25,COMPLETED,21,150,RETURNED,ON_TIME
A003420,I02487,U0303,U0340,BORROW,2026-06-18,2026-06-18,2026-06-23,ACTIVE,5,1750,NOT_RETURNED,PENDING
A003421,I00594,U0267,U0682,SELL,2025-09-10,2025-09-08,2025-09-10,COMPLETED,0,2400,COMPLETED,NA
A003422,I01953,U0637,U0363,BORROW,2026-06-09,2026-06-06,2026-06-12,ACTIVE,3,1800,NOT_RETURNED,PENDING
A003423,I00850,U0811,U0352,BORROW,2026-04-07,2026-04-04,2026-04-09,OVERDUE,2,850,NOT_RETURNED,LATE
A003424,I01629,U0637,U0396,BORROW,2025-09-18,2025-09-16,2025-10-09,COMPLETED,21,1700,RETURNED,ON_TIME
A003425,I01953,U0146,U0363,BORROW,2025-10-24,2025-10-22,2025-10-26,COMPLETED,2,1800,RETURNED,ON_TIME
A003426,I00142,U0034,U0897,BORROW,2026-02-09,2026-02-08,2026-02-16,COMPLETED,7,2250,RETURNED,ON_TIME
A003427,I02129,U0298,U0056,GIVEAWAY,2026-04-24,2026-04-23,2026-04-24,COMPLETED,0,1600,COMPLETED,NA
A003428,I01029,U0048,U0611,BORROW,2026-06-27,2026-06-24,2026-06-29,COMPLETED,2,1850,RETURNED,ON_TIME
A003429,I01420,U0946,U0603,GIVEAWAY,2026-04-14,2026-04-12,2026-04-14,COMPLETED,0,1350,COMPLETED,NA
A003430,I03294,U0965,U0709,GIVEAWAY,2025-12-07,2025-12-03,2025-12-07,COMPLETED,0,3800,COMPLETED,NA
A003431,I01119,U0786,U0721,GIVEAWAY,2026-05-07,2026-05-04,2026-05-07,COMPLETED,0,1150,COMPLETED,NA
A003432,I03903,U0458,U0352,SWAP,2026-06-01,2026-05-29,2026-06-01,COMPLETED,0,650,COMPLETED,NA
A003433,I00066,U0319,U0680,BORROW,2026-04-06,2026-04-04,2026-04-09,COMPLETED,3,1850,RETURNED,ON_TIME
A003434,I00162,U0115,U0009,BORROW,2026-02-22,2026-02-19,2026-03-01,COMPLETED,7,450,RETURNED,ON_TIME
A003435,I04783,U0531,U0034,BORROW,2025-10-23,2025-10-19,2025-10-28,OVERDUE,5,1650,NOT_RETURNED,LATE
A003436,I01038,U0332,U0684,BORROW,2025-11-29,2025-11-26,2025-12-06,COMPLETED,7,200,RETURNED,ON_TIME
A003437,I01734,U0291,U0152,BORROW,2025-12-05,2025-12-01,2025-12-08,COMPLETED,3,2150,RETURNED,LATE
A003438,I02332,U0474,U0523,BORROW,2026-07-04,2026-07-04,2026-07-25,COMPLETED,21,850,RETURNED,ON_TIME
A003439,I02545,U0523,U0133,BORROW,2026-07-04,2026-07-04,2026-07-18,ACTIVE,14,150,NOT_RETURNED,PENDING
A003440,I00384,U0567,U0812,BORROW,2026-01-31,2026-01-28,2026-02-07,ACTIVE,7,3000,NOT_RETURNED,PENDING
A003441,I02241,U0435,U0279,SWAP,2025-12-23,2025-12-20,2025-12-23,COMPLETED,0,800,COMPLETED,NA
A003442,I00363,U0182,U0635,SWAP,2026-03-28,2026-03-26,2026-03-28,COMPLETED,0,2400,COMPLETED,NA
A003443,I00977,U0468,U0974,SWAP,2026-05-10,2026-05-08,2026-05-10,COMPLETED,0,850,COMPLETED,NA
A003444,I04875,U0693,U0127,BORROW,2026-05-22,2026-05-22,2026-05-24,ACTIVE,2,2000,NOT_RETURNED,PENDING
A003445,I04914,U0791,U0275,BORROW,2026-01-29,2026-01-28,2026-02-05,COMPLETED,7,2550,RETURNED,ON_TIME
A003446,I03661,U0958,U0087,BORROW,2026-01-24,2026-01-21,2026-01-26,COMPLETED,2,1000,RETURNED,ON_TIME
A003447,I02876,U1000,U0983,BORROW,2026-05-03,2026-05-02,2026-05-10,COMPLETED,7,1850,RETURNED,ON_TIME
A003448,I04596,U0382,U0081,SELL,2025-10-06,2025-10-05,2025-10-06,COMPLETED,0,550,COMPLETED,NA
A003449,I00032,U0946,U0637,BORROW,2026-04-26,2026-04-26,2026-05-01,ACTIVE,5,5700,NOT_RETURNED,PENDING
A003450,I03177,U0762,U0643,BORROW,2026-01-04,2026-01-01,2026-01-09,COMPLETED,5,1750,RETURNED,ON_TIME
A003451,I02226,U0478,U0139,SELL,2026-06-15,2026-06-15,2026-06-15,COMPLETED,0,1850,COMPLETED,NA
A003452,I03380,U0208,U0649,BORROW,2025-11-27,2025-11-27,2025-12-07,COMPLETED,10,700,RETURNED,LATE
A003453,I04761,U0838,U0756,BORROW,2025-10-17,2025-10-14,2025-10-27,COMPLETED,10,1200,RETURNED,ON_TIME
A003454,I02529,U0482,U0983,BORROW,2025-09-28,2025-09-25,2025-10-03,COMPLETED,5,2050,RETURNED,ON_TIME
A003455,I00612,U0635,U0771,SELL,2026-01-17,2026-01-15,2026-01-17,COMPLETED,0,450,COMPLETED,NA
A003456,I02871,U0905,U0107,BORROW,2026-06-18,2026-06-18,2026-07-02,COMPLETED,14,1350,RETURNED,ON_TIME
A003457,I02167,U0231,U0896,BORROW,2025-12-16,2025-12-14,2025-12-23,ACTIVE,7,950,NOT_RETURNED,PENDING
A003458,I00126,U0367,U0779,BORROW,2026-02-06,2026-02-05,2026-02-08,ACTIVE,2,1900,NOT_RETURNED,PENDING
A003459,I04899,U0440,U0180,BORROW,2026-04-14,2026-04-12,2026-04-19,COMPLETED,5,1900,RETURNED,ON_TIME
A003460,I01428,U0567,U0067,SWAP,2025-11-25,2025-11-24,2025-11-25,COMPLETED,0,350,COMPLETED,NA
A003461,I02042,U0584,U0936,BORROW,2026-02-05,2026-02-05,2026-02-07,ACTIVE,2,2500,NOT_RETURNED,PENDING
A003462,I02730,U0609,U0560,BORROW,2026-06-06,2026-06-05,2026-06-09,COMPLETED,3,1750,RETURNED,ON_TIME
A003463,I02102,U0691,U0865,BORROW,2025-09-28,2025-09-27,2025-09-30,ACTIVE,2,4800,NOT_RETURNED,PENDING
A003464,I01308,U0987,U0112,GIVEAWAY,2025-12-31,2025-12-31,2025-12-31,COMPLETED,0,600,COMPLETED,NA
A003465,I04985,U0491,U0558,GIVEAWAY,2026-03-18,2026-03-16,2026-03-18,COMPLETED,0,700,COMPLETED,NA
A003466,I00247,U0755,U0795,BORROW,2026-01-11,2026-01-07,2026-01-21,COMPLETED,10,2650,RETURNED,LATE
A003467,I04772,U0291,U0991,BORROW,2026-07-20,2026-07-19,2026-08-10,COMPLETED,21,5700,RETURNED,LATE
A003468,I00383,U0058,U0977,SELL,2026-04-22,2026-04-21,2026-04-22,COMPLETED,0,650,COMPLETED,NA
A003469,I01307,U0245,U0729,GIVEAWAY,2026-07-13,2026-07-09,2026-07-13,COMPLETED,0,1300,COMPLETED,NA
A003470,I01443,U0451,U0924,BORROW,2026-05-12,2026-05-12,2026-05-22,COMPLETED,10,900,RETURNED,ON_TIME
A003471,I03594,U0660,U0786,BORROW,2026-05-07,2026-05-04,2026-05-09,ACTIVE,2,1000,NOT_RETURNED,PENDING
A003472,I03873,U0077,U0676,GIVEAWAY,2026-01-26,2026-01-26,2026-01-26,COMPLETED,0,1550,COMPLETED,NA
A003473,I02865,U0818,U0417,GIVEAWAY,2025-12-21,2025-12-18,2025-12-21,COMPLETED,0,600,COMPLETED,NA
A003474,I01061,U0025,U0991,SWAP,2026-01-17,2026-01-16,2026-01-17,COMPLETED,0,300,COMPLETED,NA
A003475,I04646,U0642,U0234,GIVEAWAY,2026-03-11,2026-03-07,2026-03-11,COMPLETED,0,3300,COMPLETED,NA
A003476,I00869,U0664,U0051,BORROW,2026-03-25,2026-03-21,2026-04-04,COMPLETED,10,1300,RETURNED,ON_TIME
A003477,I02539,U0764,U0497,SELL,2025-10-17,2025-10-14,2025-10-17,COMPLETED,0,450,COMPLETED,NA
A003478,I02677,U0298,U0643,BORROW,2026-05-16,2026-05-16,2026-06-06,CANCELLED,21,1350,CANCELLED,PENDING
A003479,I01872,U0939,U0050,SWAP,2025-09-28,2025-09-28,2025-09-28,COMPLETED,0,450,COMPLETED,NA
A003480,I03697,U0926,U0976,SELL,2026-06-29,2026-06-28,2026-06-29,CANCELLED,0,2900,CANCELLED,NA
A003481,I00734,U0969,U0076,BORROW,2025-10-06,2025-10-04,2025-10-27,COMPLETED,21,750,RETURNED,LATE
A003482,I01631,U0307,U0965,GIVEAWAY,2026-03-10,2026-03-06,2026-03-10,COMPLETED,0,500,COMPLETED,NA
A003483,I00269,U0219,U0043,BORROW,2025-11-28,2025-11-26,2025-12-19,COMPLETED,21,1250,RETURNED,ON_TIME
A003484,I00635,U0751,U0900,GIVEAWAY,2026-07-17,2026-07-14,2026-07-17,COMPLETED,0,1950,COMPLETED,NA
A003485,I04713,U0252,U0636,SWAP,2026-05-26,2026-05-24,2026-05-26,COMPLETED,0,2450,COMPLETED,NA
A003486,I00058,U0552,U0935,SWAP,2026-04-07,2026-04-07,2026-04-07,COMPLETED,0,1250,COMPLETED,NA
A003487,I04442,U0728,U0123,SELL,2026-05-28,2026-05-27,2026-05-28,CANCELLED,0,5050,CANCELLED,NA
A003488,I01229,U0872,U0776,BORROW,2026-02-16,2026-02-16,2026-02-23,COMPLETED,7,2100,RETURNED,ON_TIME
A003489,I04741,U0553,U0556,BORROW,2026-03-31,2026-03-31,2026-04-02,COMPLETED,2,1250,RETURNED,ON_TIME
A003490,I01864,U0165,U0068,SELL,2026-07-22,2026-07-21,2026-07-22,COMPLETED,0,2000,COMPLETED,NA
A003491,I00958,U0276,U0458,SWAP,2026-05-02,2026-05-01,2026-05-02,CANCELLED,0,500,CANCELLED,NA
A003492,I04355,U0832,U0674,SWAP,2026-05-07,2026-05-06,2026-05-07,COMPLETED,0,1800,COMPLETED,NA
A003493,I03687,U0457,U0458,BORROW,2025-10-12,2025-10-11,2025-10-15,COMPLETED,3,1050,RETURNED,ON_TIME
A003494,I03472,U0266,U0727,BORROW,2026-04-13,2026-04-13,2026-05-04,COMPLETED,21,2600,RETURNED,ON_TIME
A003495,I03152,U0111,U0916,BORROW,2026-03-25,2026-03-24,2026-04-15,COMPLETED,21,2750,RETURNED,ON_TIME
A003496,I00530,U0741,U0251,GIVEAWAY,2026-04-14,2026-04-13,2026-04-14,COMPLETED,0,400,COMPLETED,NA
A003497,I03618,U0527,U0168,BORROW,2025-11-07,2025-11-03,2025-11-21,COMPLETED,14,400,RETURNED,ON_TIME
A003498,I00327,U0821,U0673,SELL,2025-12-15,2025-12-13,2025-12-15,COMPLETED,0,1400,COMPLETED,NA
A003499,I03463,U0307,U0324,GIVEAWAY,2026-06-25,2026-06-22,2026-06-25,CANCELLED,0,400,CANCELLED,NA
A003500,I04428,U0288,U0943,BORROW,2026-02-19,2026-02-16,2026-02-22,COMPLETED,3,450,RETURNED,ON_TIME
A003501,I02473,U0118,U0020,GIVEAWAY,2025-11-13,2025-11-09,2025-11-13,COMPLETED,0,1500,COMPLETED,NA
A003502,I02511,U0631,U0114,BORROW,2026-07-05,2026-07-03,2026-07-10,COMPLETED,5,1000,RETURNED,ON_TIME
A003503,I04056,U0262,U0743,BORROW,2025-09-25,2025-09-22,2025-10-16,ACTIVE,21,550,NOT_RETURNED,PENDING
A003504,I02250,U0272,U0217,BORROW,2026-04-05,2026-04-01,2026-04-07,COMPLETED,2,1150,RETURNED,ON_TIME
A003505,I01579,U0039,U0680,BORROW,2026-02-26,2026-02-24,2026-03-08,COMPLETED,10,1200,RETURNED,ON_TIME
A003506,I02262,U0773,U0048,SWAP,2025-12-20,2025-12-20,2025-12-20,COMPLETED,0,650,COMPLETED,NA
A003507,I00510,U0790,U0577,GIVEAWAY,2026-06-05,2026-06-02,2026-06-05,COMPLETED,0,900,COMPLETED,NA
A003508,I00523,U0732,U0460,BORROW,2026-05-10,2026-05-09,2026-05-13,COMPLETED,3,850,RETURNED,LATE
A003509,I03049,U0343,U0483,BORROW,2026-02-04,2026-02-04,2026-02-18,COMPLETED,14,1400,RETURNED,LATE
A003510,I02143,U0202,U0042,BORROW,2026-06-15,2026-06-13,2026-06-25,COMPLETED,10,2500,RETURNED,LATE
A003511,I04146,U0638,U0171,BORROW,2026-01-16,2026-01-12,2026-01-19,COMPLETED,3,800,RETURNED,ON_TIME
A003512,I00232,U0588,U0678,BORROW,2025-11-23,2025-11-21,2025-12-03,COMPLETED,10,650,RETURNED,ON_TIME
A003513,I00066,U0209,U0680,BORROW,2025-10-11,2025-10-07,2025-10-14,CANCELLED,3,1850,CANCELLED,PENDING
A003514,I04689,U0552,U0695,GIVEAWAY,2025-09-18,2025-09-18,2025-09-18,COMPLETED,0,800,COMPLETED,NA
A003515,I02524,U0170,U0749,GIVEAWAY,2026-01-29,2026-01-28,2026-01-29,COMPLETED,0,2050,COMPLETED,NA
A003516,I01289,U0391,U0450,SWAP,2026-04-09,2026-04-07,2026-04-09,COMPLETED,0,5800,COMPLETED,NA
A003517,I02577,U0956,U0292,GIVEAWAY,2026-05-05,2026-05-02,2026-05-05,COMPLETED,0,450,COMPLETED,NA
A003518,I01482,U0086,U0088,SWAP,2026-02-26,2026-02-24,2026-02-26,COMPLETED,0,250,COMPLETED,NA
A003519,I03504,U0354,U0376,GIVEAWAY,2026-05-08,2026-05-05,2026-05-08,COMPLETED,0,1450,COMPLETED,NA
A003520,I02074,U0874,U0833,GIVEAWAY,2025-11-25,2025-11-25,2025-11-25,COMPLETED,0,700,COMPLETED,NA
A003521,I03941,U0113,U0713,BORROW,2026-06-05,2026-06-02,2026-06-15,COMPLETED,10,550,RETURNED,ON_TIME
A003522,I02557,U0431,U0835,BORROW,2025-11-03,2025-11-01,2025-11-06,ACTIVE,3,1450,NOT_RETURNED,PENDING
A003523,I01400,U0883,U0145,BORROW,2026-03-10,2026-03-09,2026-03-31,COMPLETED,21,550,RETURNED,ON_TIME
A003524,I02379,U0510,U0197,GIVEAWAY,2026-06-03,2026-06-02,2026-06-03,COMPLETED,0,850,COMPLETED,NA
A003525,I04443,U0819,U0873,BORROW,2026-05-21,2026-05-21,2026-05-23,ACTIVE,2,2000,NOT_RETURNED,PENDING
A003526,I03520,U0074,U0019,GIVEAWAY,2026-02-23,2026-02-23,2026-02-23,COMPLETED,0,1400,COMPLETED,NA
A003527,I01761,U0991,U0903,GIVEAWAY,2026-02-13,2026-02-13,2026-02-13,COMPLETED,0,1750,COMPLETED,NA
A003528,I00788,U0687,U0143,GIVEAWAY,2025-10-30,2025-10-26,2025-10-30,COMPLETED,0,1600,COMPLETED,NA
A003529,I00499,U0697,U0983,SELL,2026-01-11,2026-01-07,2026-01-11,COMPLETED,0,850,COMPLETED,NA
A003530,I00330,U0084,U0744,BORROW,2026-05-18,2026-05-15,2026-06-08,ACTIVE,21,950,NOT_RETURNED,PENDING
A003531,I02154,U0005,U0988,BORROW,2026-04-16,2026-04-13,2026-04-26,COMPLETED,10,2400,RETURNED,ON_TIME
A003532,I01589,U0430,U0405,SELL,2026-07-27,2026-07-27,2026-07-27,COMPLETED,0,3350,COMPLETED,NA
A003533,I03886,U0167,U0832,SWAP,2026-07-11,2026-07-10,2026-07-11,COMPLETED,0,400,COMPLETED,NA
A003534,I00298,U0640,U0042,BORROW,2025-09-18,2025-09-14,2025-10-09,ACTIVE,21,1100,NOT_RETURNED,PENDING
A003535,I01429,U0897,U0628,BORROW,2026-01-27,2026-01-26,2026-02-06,ACTIVE,10,400,NOT_RETURNED,PENDING
A003536,I00693,U0547,U0816,GIVEAWAY,2026-04-07,2026-04-06,2026-04-07,COMPLETED,0,700,COMPLETED,NA
A003537,I03817,U0149,U0197,GIVEAWAY,2026-04-21,2026-04-21,2026-04-21,COMPLETED,0,1750,COMPLETED,NA
A003538,I02383,U0417,U0526,GIVEAWAY,2025-10-01,2025-10-01,2025-10-01,COMPLETED,0,1000,COMPLETED,NA
A003539,I03672,U0242,U0547,BORROW,2026-03-09,2026-03-05,2026-03-30,COMPLETED,21,950,RETURNED,ON_TIME
A003540,I01163,U0446,U0612,GIVEAWAY,2026-05-11,2026-05-11,2026-05-11,COMPLETED,0,450,COMPLETED,NA
A003541,I00582,U0616,U0247,GIVEAWAY,2026-07-09,2026-07-09,2026-07-09,COMPLETED,0,800,COMPLETED,NA
A003542,I04874,U0815,U0100,GIVEAWAY,2026-04-22,2026-04-18,2026-04-22,COMPLETED,0,450,COMPLETED,NA
A003543,I02821,U0535,U0666,GIVEAWAY,2025-12-29,2025-12-28,2025-12-29,COMPLETED,0,3350,COMPLETED,NA
A003544,I00312,U0556,U0215,GIVEAWAY,2026-02-11,2026-02-08,2026-02-11,COMPLETED,0,650,COMPLETED,NA
A003545,I00297,U0232,U0755,BORROW,2026-01-01,2026-01-01,2026-01-04,COMPLETED,3,350,RETURNED,ON_TIME
A003546,I00116,U0107,U0758,BORROW,2026-01-06,2026-01-03,2026-01-20,COMPLETED,14,3400,RETURNED,ON_TIME
A003547,I00660,U0501,U0114,SELL,2026-04-20,2026-04-19,2026-04-20,COMPLETED,0,1050,COMPLETED,NA
A003548,I04793,U0756,U0194,SWAP,2026-04-22,2026-04-20,2026-04-22,COMPLETED,0,200,COMPLETED,NA
A003549,I00935,U0078,U0562,BORROW,2026-06-10,2026-06-08,2026-06-24,COMPLETED,14,2400,RETURNED,ON_TIME
A003550,I01848,U0958,U0078,BORROW,2026-03-28,2026-03-24,2026-04-02,COMPLETED,5,200,RETURNED,ON_TIME
A003551,I04991,U0763,U0635,BORROW,2025-10-03,2025-09-30,2025-10-10,CANCELLED,7,550,CANCELLED,PENDING
A003552,I02495,U0446,U0142,BORROW,2026-03-11,2026-03-11,2026-03-18,COMPLETED,7,1500,RETURNED,LATE
A003553,I03788,U0692,U0738,SWAP,2026-04-04,2026-04-03,2026-04-04,COMPLETED,0,3300,COMPLETED,NA
A003554,I02260,U0904,U0620,SWAP,2026-07-25,2026-07-21,2026-07-25,COMPLETED,0,1350,COMPLETED,NA
A003555,I04388,U0989,U0399,BORROW,2025-12-24,2025-12-21,2026-01-07,COMPLETED,14,3050,RETURNED,ON_TIME
A003556,I04955,U0968,U0695,SELL,2026-02-17,2026-02-16,2026-02-17,COMPLETED,0,1900,COMPLETED,NA
A003557,I01046,U0382,U0270,BORROW,2025-10-18,2025-10-14,2025-10-20,COMPLETED,2,2250,RETURNED,ON_TIME
A003558,I04409,U0351,U0161,SWAP,2026-04-07,2026-04-04,2026-04-07,COMPLETED,0,5950,COMPLETED,NA
A003559,I02941,U0395,U0438,BORROW,2026-01-27,2026-01-25,2026-01-30,COMPLETED,3,2250,RETURNED,ON_TIME
A003560,I04442,U0053,U0123,BORROW,2026-02-06,2026-02-03,2026-02-09,COMPLETED,3,5050,RETURNED,ON_TIME
A003561,I00119,U0913,U0864,GIVEAWAY,2026-01-06,2026-01-05,2026-01-06,COMPLETED,0,4250,COMPLETED,NA
A003562,I02525,U0122,U0449,SWAP,2025-12-16,2025-12-12,2025-12-16,COMPLETED,0,950,COMPLETED,NA
A003563,I01580,U0446,U0347,BORROW,2026-03-20,2026-03-20,2026-04-10,COMPLETED,21,750,RETURNED,ON_TIME
A003564,I01112,U0602,U0578,BORROW,2026-02-22,2026-02-20,2026-02-24,CANCELLED,2,7000,CANCELLED,PENDING
A003565,I02656,U0548,U0278,BORROW,2026-06-29,2026-06-25,2026-07-06,COMPLETED,7,650,RETURNED,ON_TIME
A003566,I02844,U0510,U0056,SWAP,2025-10-06,2025-10-06,2025-10-06,COMPLETED,0,800,COMPLETED,NA
A003567,I03281,U0066,U0431,SELL,2026-03-21,2026-03-17,2026-03-21,COMPLETED,0,450,COMPLETED,NA
A003568,I00325,U0629,U0555,GIVEAWAY,2026-03-10,2026-03-06,2026-03-10,COMPLETED,0,50,COMPLETED,NA
A003569,I04514,U0329,U0873,GIVEAWAY,2026-03-22,2026-03-20,2026-03-22,COMPLETED,0,750,COMPLETED,NA
A003570,I01091,U0443,U0773,SWAP,2025-09-30,2025-09-26,2025-09-30,COMPLETED,0,350,COMPLETED,NA
A003571,I04196,U0347,U0787,GIVEAWAY,2025-12-31,2025-12-30,2025-12-31,COMPLETED,0,3400,COMPLETED,NA
A003572,I03265,U0834,U0013,BORROW,2026-03-16,2026-03-14,2026-03-21,COMPLETED,5,200,RETURNED,LATE
A003573,I02619,U0385,U0440,BORROW,2026-03-03,2026-02-27,2026-03-13,COMPLETED,10,1850,RETURNED,ON_TIME
A003574,I04245,U0050,U0592,BORROW,2025-10-29,2025-10-28,2025-10-31,COMPLETED,2,650,RETURNED,ON_TIME
A003575,I04555,U0362,U0701,GIVEAWAY,2025-10-31,2025-10-29,2025-10-31,COMPLETED,0,100,COMPLETED,NA
A003576,I03949,U0820,U0958,GIVEAWAY,2026-07-23,2026-07-20,2026-07-23,COMPLETED,0,450,COMPLETED,NA
A003577,I02756,U0515,U0523,BORROW,2025-11-11,2025-11-11,2025-12-02,COMPLETED,21,2900,RETURNED,ON_TIME
A003578,I02448,U0605,U0065,SWAP,2025-09-27,2025-09-25,2025-09-27,COMPLETED,0,150,COMPLETED,NA
A003579,I02966,U0978,U0890,BORROW,2025-10-22,2025-10-20,2025-10-24,COMPLETED,2,1550,RETURNED,ON_TIME
A003580,I01524,U0788,U0609,BORROW,2025-10-02,2025-09-28,2025-10-16,COMPLETED,14,1550,RETURNED,ON_TIME
A003581,I03821,U0869,U0197,SWAP,2025-10-11,2025-10-10,2025-10-11,COMPLETED,0,1050,COMPLETED,NA
A003582,I04958,U0867,U0463,SWAP,2026-05-06,2026-05-05,2026-05-06,COMPLETED,0,2650,COMPLETED,NA
A003583,I04203,U0910,U0620,BORROW,2026-02-19,2026-02-15,2026-03-12,COMPLETED,21,600,RETURNED,ON_TIME
A003584,I03548,U0532,U0467,SWAP,2025-09-16,2025-09-15,2025-09-16,COMPLETED,0,1400,COMPLETED,NA
A003585,I00032,U0197,U0637,BORROW,2026-05-10,2026-05-06,2026-05-20,COMPLETED,10,5700,RETURNED,ON_TIME
A003586,I01763,U0918,U0816,SELL,2026-01-25,2026-01-24,2026-01-25,COMPLETED,0,450,COMPLETED,NA
A003587,I03919,U0140,U0725,SWAP,2026-03-18,2026-03-18,2026-03-18,CANCELLED,0,1000,CANCELLED,NA
A003588,I04638,U0707,U0212,BORROW,2026-01-29,2026-01-25,2026-02-08,COMPLETED,10,400,RETURNED,ON_TIME
A003589,I04368,U0170,U0395,BORROW,2026-01-25,2026-01-25,2026-01-30,COMPLETED,5,450,RETURNED,ON_TIME
A003590,I01336,U0914,U0753,BORROW,2026-01-02,2025-12-30,2026-01-09,COMPLETED,7,700,RETURNED,ON_TIME
A003591,I00702,U0034,U0749,SWAP,2026-01-02,2026-01-01,2026-01-02,CANCELLED,0,1150,CANCELLED,NA
A003592,I03807,U0971,U0233,SWAP,2025-12-27,2025-12-25,2025-12-27,COMPLETED,0,1050,COMPLETED,NA
A003593,I02174,U0385,U0406,BORROW,2026-01-03,2026-01-02,2026-01-13,COMPLETED,10,750,RETURNED,ON_TIME
A003594,I02887,U0959,U0202,GIVEAWAY,2026-07-15,2026-07-14,2026-07-15,COMPLETED,0,2400,COMPLETED,NA
A003595,I00456,U0301,U0465,GIVEAWAY,2026-02-25,2026-02-25,2026-02-25,COMPLETED,0,1150,COMPLETED,NA
A003596,I04872,U0121,U0358,SELL,2026-03-20,2026-03-19,2026-03-20,COMPLETED,0,450,COMPLETED,NA
A003597,I02594,U0107,U0504,BORROW,2026-07-21,2026-07-17,2026-07-31,COMPLETED,10,650,RETURNED,ON_TIME
A003598,I03326,U0866,U0613,BORROW,2026-04-24,2026-04-21,2026-05-01,ACTIVE,7,1600,NOT_RETURNED,PENDING
A003599,I02464,U0430,U0966,SELL,2026-01-01,2025-12-29,2026-01-01,COMPLETED,0,2150,COMPLETED,NA
A003600,I04326,U0026,U0550,SWAP,2026-05-25,2026-05-23,2026-05-25,COMPLETED,0,750,COMPLETED,NA
A003601,I04603,U0358,U0977,BORROW,2026-02-19,2026-02-19,2026-03-05,COMPLETED,14,1200,RETURNED,ON_TIME
A003602,I03135,U0757,U0293,GIVEAWAY,2025-09-16,2025-09-16,2025-09-16,COMPLETED,0,1250,COMPLETED,NA
A003603,I00147,U0527,U0832,BORROW,2025-11-01,2025-10-28,2025-11-15,COMPLETED,14,650,RETURNED,ON_TIME
A003604,I03847,U0905,U0345,SWAP,2026-04-02,2026-04-01,2026-04-02,COMPLETED,0,1750,COMPLETED,NA
A003605,I00280,U0688,U0603,BORROW,2026-01-01,2025-12-29,2026-01-08,COMPLETED,7,1400,RETURNED,ON_TIME
A003606,I00902,U0456,U0210,BORROW,2026-04-12,2026-04-10,2026-04-26,COMPLETED,14,4350,RETURNED,ON_TIME
A003607,I03511,U0189,U0052,BORROW,2025-09-09,2025-09-08,2025-09-23,ACTIVE,14,3300,NOT_RETURNED,PENDING
A003608,I04928,U0863,U0476,BORROW,2025-10-31,2025-10-29,2025-11-14,COMPLETED,14,1350,RETURNED,ON_TIME
A003609,I03061,U0695,U0478,SWAP,2026-05-08,2026-05-06,2026-05-08,COMPLETED,0,2950,COMPLETED,NA
A003610,I01414,U0218,U0818,BORROW,2026-01-02,2026-01-01,2026-01-07,COMPLETED,5,650,RETURNED,ON_TIME
A003611,I01493,U0950,U0086,SWAP,2026-01-07,2026-01-06,2026-01-07,COMPLETED,0,550,COMPLETED,NA
A003612,I01344,U0442,U0017,SWAP,2026-06-04,2026-06-03,2026-06-04,COMPLETED,0,3400,COMPLETED,NA
A003613,I02783,U0260,U0510,BORROW,2026-02-05,2026-02-01,2026-02-08,COMPLETED,3,450,RETURNED,ON_TIME
A003614,I00529,U0729,U0961,BORROW,2026-05-22,2026-05-22,2026-05-27,COMPLETED,5,1300,RETURNED,ON_TIME
A003615,I03004,U0279,U0880,SWAP,2025-09-27,2025-09-25,2025-09-27,COMPLETED,0,1800,COMPLETED,NA
A003616,I04113,U0410,U0660,BORROW,2026-05-23,2026-05-20,2026-06-06,COMPLETED,14,1950,RETURNED,ON_TIME
A003617,I01210,U0856,U0107,GIVEAWAY,2025-11-27,2025-11-23,2025-11-27,COMPLETED,0,750,COMPLETED,NA
A003618,I04708,U0138,U0945,BORROW,2025-11-06,2025-11-04,2025-11-20,CANCELLED,14,1000,CANCELLED,PENDING
A003619,I03189,U0642,U0871,BORROW,2026-01-04,2026-01-04,2026-01-25,COMPLETED,21,2200,RETURNED,ON_TIME
A003620,I04639,U0861,U0758,SELL,2025-09-02,2025-09-02,2025-09-02,COMPLETED,0,750,COMPLETED,NA
A003621,I00593,U0146,U0942,BORROW,2026-07-20,2026-07-19,2026-07-22,COMPLETED,2,350,RETURNED,ON_TIME
A003622,I00264,U0165,U0808,GIVEAWAY,2026-03-31,2026-03-30,2026-03-31,COMPLETED,0,3800,COMPLETED,NA
A003623,I01331,U0455,U0553,SWAP,2025-10-04,2025-10-04,2025-10-04,COMPLETED,0,550,COMPLETED,NA
A003624,I03557,U0057,U0388,SWAP,2026-07-23,2026-07-22,2026-07-23,COMPLETED,0,1150,COMPLETED,NA
A003625,I00281,U0832,U0944,BORROW,2025-10-27,2025-10-26,2025-10-29,COMPLETED,2,1050,RETURNED,ON_TIME
A003626,I00577,U0243,U0046,BORROW,2026-04-25,2026-04-22,2026-04-30,COMPLETED,5,850,RETURNED,ON_TIME
A003627,I00966,U0861,U0883,BORROW,2026-06-03,2026-06-02,2026-06-05,OVERDUE,2,1900,NOT_RETURNED,LATE
A003628,I02905,U0649,U0534,BORROW,2025-11-14,2025-11-14,2025-12-05,COMPLETED,21,200,RETURNED,ON_TIME
A003629,I03795,U0202,U0709,SELL,2025-10-29,2025-10-28,2025-10-29,COMPLETED,0,900,COMPLETED,NA
A003630,I01427,U0703,U0211,BORROW,2026-06-15,2026-06-11,2026-06-20,COMPLETED,5,950,RETURNED,LATE
A003631,I03698,U0103,U0360,BORROW,2026-04-08,2026-04-05,2026-04-18,COMPLETED,10,2200,RETURNED,LATE
A003632,I01087,U0108,U0818,BORROW,2026-02-17,2026-02-15,2026-03-10,COMPLETED,21,2300,RETURNED,ON_TIME
A003633,I01974,U0567,U0467,BORROW,2026-01-07,2026-01-05,2026-01-17,COMPLETED,10,1750,RETURNED,ON_TIME
A003634,I04739,U0853,U0224,SWAP,2025-11-12,2025-11-11,2025-11-12,COMPLETED,0,2900,COMPLETED,NA
A003635,I02868,U0376,U0738,GIVEAWAY,2026-06-01,2026-05-29,2026-06-01,COMPLETED,0,150,COMPLETED,NA
A003636,I03418,U0914,U0673,SWAP,2026-04-02,2026-04-02,2026-04-02,COMPLETED,0,600,COMPLETED,NA
A003637,I03560,U0815,U0241,SELL,2026-04-04,2026-03-31,2026-04-04,COMPLETED,0,500,COMPLETED,NA
A003638,I01162,U0953,U0428,GIVEAWAY,2026-06-06,2026-06-04,2026-06-06,COMPLETED,0,2200,COMPLETED,NA
A003639,I01989,U0766,U0816,SWAP,2026-02-28,2026-02-24,2026-02-28,COMPLETED,0,1450,COMPLETED,NA
A003640,I03548,U0181,U0467,SELL,2025-11-12,2025-11-10,2025-11-12,COMPLETED,0,1400,COMPLETED,NA
A003641,I01173,U0740,U0842,BORROW,2025-10-02,2025-09-28,2025-10-07,COMPLETED,5,2300,RETURNED,ON_TIME
A003642,I00492,U0950,U0128,SELL,2026-01-05,2026-01-01,2026-01-05,COMPLETED,0,400,COMPLETED,NA
A003643,I01147,U0199,U0910,SWAP,2025-10-25,2025-10-23,2025-10-25,COMPLETED,0,2950,COMPLETED,NA
A003644,I04787,U0229,U0289,SELL,2026-07-19,2026-07-15,2026-07-19,COMPLETED,0,1650,COMPLETED,NA
A003645,I01603,U0880,U0588,BORROW,2026-04-02,2026-03-31,2026-04-09,COMPLETED,7,950,RETURNED,LATE
A003646,I00064,U0276,U0997,GIVEAWAY,2026-05-01,2026-05-01,2026-05-01,COMPLETED,0,1900,COMPLETED,NA
A003647,I04369,U0233,U0982,SWAP,2025-10-29,2025-10-26,2025-10-29,COMPLETED,0,1500,COMPLETED,NA
A003648,I01152,U0129,U0466,GIVEAWAY,2026-04-27,2026-04-27,2026-04-27,COMPLETED,0,1200,COMPLETED,NA
A003649,I01944,U0970,U0604,BORROW,2026-05-18,2026-05-15,2026-06-08,COMPLETED,21,750,RETURNED,ON_TIME
A003650,I01325,U0179,U0359,GIVEAWAY,2026-05-26,2026-05-26,2026-05-26,COMPLETED,0,1500,COMPLETED,NA
A003651,I00435,U0591,U0477,SWAP,2025-12-03,2025-11-30,2025-12-03,COMPLETED,0,1600,COMPLETED,NA
A003652,I02793,U0107,U0398,BORROW,2026-06-26,2026-06-26,2026-07-06,COMPLETED,10,850,RETURNED,ON_TIME
A003653,I01134,U0329,U0076,BORROW,2026-02-20,2026-02-16,2026-02-27,COMPLETED,7,1400,RETURNED,LATE
A003654,I00939,U0257,U0934,GIVEAWAY,2025-11-19,2025-11-18,2025-11-19,COMPLETED,0,650,COMPLETED,NA
A003655,I03581,U0368,U0531,SWAP,2026-07-25,2026-07-22,2026-07-25,COMPLETED,0,900,COMPLETED,NA
A003656,I03436,U0613,U0159,SWAP,2026-02-19,2026-02-16,2026-02-19,COMPLETED,0,200,COMPLETED,NA
A003657,I00846,U0610,U0629,SWAP,2025-11-25,2025-11-23,2025-11-25,COMPLETED,0,1850,COMPLETED,NA
A003658,I03296,U0902,U0494,GIVEAWAY,2026-02-14,2026-02-13,2026-02-14,COMPLETED,0,1000,COMPLETED,NA
A003659,I04227,U0059,U0425,SWAP,2025-12-15,2025-12-15,2025-12-15,COMPLETED,0,1600,COMPLETED,NA
A003660,I04036,U0653,U0088,BORROW,2026-06-10,2026-06-08,2026-06-15,COMPLETED,5,650,RETURNED,ON_TIME
A003661,I02097,U0825,U0123,SWAP,2025-09-12,2025-09-10,2025-09-12,COMPLETED,0,650,COMPLETED,NA
A003662,I00069,U0291,U0460,SELL,2025-10-07,2025-10-07,2025-10-07,CANCELLED,0,2150,CANCELLED,NA
A003663,I01642,U0544,U0422,SELL,2025-10-30,2025-10-27,2025-10-30,COMPLETED,0,3300,COMPLETED,NA
A003664,I00801,U0140,U0936,BORROW,2026-06-22,2026-06-21,2026-07-13,COMPLETED,21,600,RETURNED,ON_TIME
A003665,I02931,U0109,U0963,BORROW,2026-07-26,2026-07-23,2026-08-16,COMPLETED,21,1150,RETURNED,ON_TIME
A003666,I00260,U0388,U0162,SWAP,2025-09-29,2025-09-26,2025-09-29,COMPLETED,0,400,COMPLETED,NA
A003667,I00525,U0177,U0396,GIVEAWAY,2026-07-05,2026-07-04,2026-07-05,COMPLETED,0,1700,COMPLETED,NA
A003668,I00129,U0322,U0690,BORROW,2026-02-21,2026-02-18,2026-03-07,ACTIVE,14,1950,NOT_RETURNED,PENDING
A003669,I03449,U0759,U0440,SWAP,2026-04-14,2026-04-11,2026-04-14,COMPLETED,0,2800,COMPLETED,NA
A003670,I03832,U0104,U0914,BORROW,2026-06-17,2026-06-13,2026-07-08,COMPLETED,21,3300,RETURNED,ON_TIME
A003671,I02494,U0437,U0790,BORROW,2026-03-15,2026-03-15,2026-03-17,COMPLETED,2,1150,RETURNED,ON_TIME
A003672,I03454,U0809,U0225,SWAP,2025-12-29,2025-12-25,2025-12-29,COMPLETED,0,1700,COMPLETED,NA
A003673,I00819,U0245,U0355,SWAP,2026-01-24,2026-01-24,2026-01-24,COMPLETED,0,1900,COMPLETED,NA
A003674,I04767,U0772,U0217,GIVEAWAY,2026-06-08,2026-06-04,2026-06-08,COMPLETED,0,1150,COMPLETED,NA
A003675,I03976,U0802,U0011,SELL,2026-04-19,2026-04-17,2026-04-19,COMPLETED,0,300,COMPLETED,NA
A003676,I01257,U0268,U0446,SWAP,2025-09-17,2025-09-17,2025-09-17,COMPLETED,0,1450,COMPLETED,NA
A003677,I00475,U0312,U0450,SELL,2026-01-17,2026-01-17,2026-01-17,COMPLETED,0,150,COMPLETED,NA
A003678,I03136,U0943,U0778,GIVEAWAY,2025-09-05,2025-09-03,2025-09-05,COMPLETED,0,250,COMPLETED,NA
A003679,I03940,U0612,U0693,GIVEAWAY,2026-02-25,2026-02-25,2026-02-25,COMPLETED,0,750,COMPLETED,NA
A003680,I03627,U0374,U0764,SELL,2026-01-26,2026-01-22,2026-01-26,COMPLETED,0,550,COMPLETED,NA
A003681,I01681,U0205,U0786,BORROW,2026-06-02,2026-05-29,2026-06-07,COMPLETED,5,2050,RETURNED,ON_TIME
A003682,I04530,U0766,U0952,SELL,2025-10-13,2025-10-10,2025-10-13,COMPLETED,0,650,COMPLETED,NA
A003683,I00364,U0251,U0715,BORROW,2025-11-20,2025-11-16,2025-11-23,COMPLETED,3,2250,RETURNED,ON_TIME
A003684,I02369,U0390,U0662,SWAP,2025-09-29,2025-09-28,2025-09-29,COMPLETED,0,1350,COMPLETED,NA
A003685,I00834,U0851,U0840,SELL,2025-10-21,2025-10-18,2025-10-21,COMPLETED,0,1050,COMPLETED,NA
A003686,I04912,U0597,U0701,BORROW,2026-07-10,2026-07-06,2026-07-15,COMPLETED,5,1900,RETURNED,ON_TIME
A003687,I02591,U0386,U0581,BORROW,2026-07-04,2026-07-01,2026-07-18,COMPLETED,14,900,RETURNED,ON_TIME
A003688,I03170,U0773,U0893,BORROW,2025-12-29,2025-12-26,2026-01-03,OVERDUE,5,500,NOT_RETURNED,LATE
A003689,I01656,U0737,U0759,GIVEAWAY,2026-06-18,2026-06-15,2026-06-18,COMPLETED,0,800,COMPLETED,NA
A003690,I03219,U0905,U0480,SELL,2026-05-22,2026-05-21,2026-05-22,COMPLETED,0,1850,COMPLETED,NA
A003691,I04539,U0814,U0480,BORROW,2025-11-16,2025-11-15,2025-11-23,COMPLETED,7,1950,RETURNED,ON_TIME
A003692,I03314,U0461,U0797,SELL,2026-07-14,2026-07-12,2026-07-14,COMPLETED,0,750,COMPLETED,NA
A003693,I00163,U0101,U0480,BORROW,2026-04-13,2026-04-11,2026-04-23,COMPLETED,10,2300,RETURNED,ON_TIME
A003694,I01938,U0931,U0379,SELL,2025-12-09,2025-12-07,2025-12-09,COMPLETED,0,100,COMPLETED,NA
A003695,I01601,U0126,U0649,BORROW,2025-09-09,2025-09-08,2025-09-30,COMPLETED,21,1100,RETURNED,ON_TIME
A003696,I00995,U0582,U0093,SWAP,2026-02-17,2026-02-16,2026-02-17,COMPLETED,0,1850,COMPLETED,NA
A003697,I03515,U0686,U0465,SWAP,2025-10-14,2025-10-10,2025-10-14,COMPLETED,0,1350,COMPLETED,NA
A003698,I00958,U0573,U0458,GIVEAWAY,2026-05-30,2026-05-29,2026-05-30,COMPLETED,0,500,COMPLETED,NA
A003699,I03131,U0287,U0129,BORROW,2026-04-17,2026-04-16,2026-04-27,COMPLETED,10,400,RETURNED,ON_TIME
A003700,I02139,U0770,U0147,GIVEAWAY,2026-06-01,2026-06-01,2026-06-01,COMPLETED,0,1250,COMPLETED,NA
A003701,I04617,U0704,U0010,SWAP,2026-07-16,2026-07-12,2026-07-16,COMPLETED,0,800,COMPLETED,NA
A003702,I03008,U0290,U0275,BORROW,2025-09-26,2025-09-23,2025-09-29,CANCELLED,3,1800,CANCELLED,PENDING
A003703,I00194,U0575,U0049,SWAP,2026-04-21,2026-04-21,2026-04-21,COMPLETED,0,900,COMPLETED,NA
A003704,I00254,U0951,U0527,SELL,2026-04-05,2026-04-04,2026-04-05,COMPLETED,0,450,COMPLETED,NA
A003705,I03838,U0495,U0751,GIVEAWAY,2026-01-13,2026-01-13,2026-01-13,COMPLETED,0,750,COMPLETED,NA
A003706,I01674,U0485,U0572,SWAP,2026-02-13,2026-02-12,2026-02-13,COMPLETED,0,1300,COMPLETED,NA
A003707,I03035,U0149,U0242,GIVEAWAY,2025-12-06,2025-12-02,2025-12-06,COMPLETED,0,700,COMPLETED,NA
A003708,I04417,U0215,U0995,BORROW,2025-11-04,2025-11-04,2025-11-06,OVERDUE,2,600,NOT_RETURNED,LATE
A003709,I02535,U0190,U0877,SWAP,2026-02-02,2026-01-31,2026-02-02,COMPLETED,0,1950,COMPLETED,NA
A003710,I01514,U0526,U0620,BORROW,2025-09-06,2025-09-02,2025-09-11,COMPLETED,5,500,RETURNED,LATE
A003711,I03142,U0873,U0875,BORROW,2026-03-18,2026-03-15,2026-04-01,COMPLETED,14,1900,RETURNED,LATE
A003712,I03095,U0513,U0990,BORROW,2026-07-14,2026-07-10,2026-08-04,OVERDUE,21,2200,NOT_RETURNED,LATE
A003713,I01841,U0962,U0799,BORROW,2026-01-13,2026-01-10,2026-01-20,COMPLETED,7,1000,RETURNED,ON_TIME
A003714,I03347,U0345,U0074,BORROW,2026-04-21,2026-04-19,2026-05-05,COMPLETED,14,1100,RETURNED,ON_TIME
A003715,I02516,U0931,U0375,BORROW,2026-03-18,2026-03-17,2026-03-20,COMPLETED,2,2400,RETURNED,LATE
A003716,I01518,U0839,U0887,SELL,2025-10-15,2025-10-11,2025-10-15,COMPLETED,0,250,COMPLETED,NA
A003717,I01047,U0764,U0137,SWAP,2025-11-09,2025-11-05,2025-11-09,COMPLETED,0,1100,COMPLETED,NA
A003718,I02118,U0108,U0984,BORROW,2026-05-13,2026-05-09,2026-05-27,COMPLETED,14,200,RETURNED,LATE
A003719,I02203,U0298,U0133,BORROW,2025-11-23,2025-11-21,2025-12-07,COMPLETED,14,2200,RETURNED,ON_TIME
A003720,I01450,U0290,U0492,SELL,2025-11-07,2025-11-03,2025-11-07,COMPLETED,0,1100,COMPLETED,NA
A003721,I01604,U0590,U0165,SELL,2026-02-18,2026-02-15,2026-02-18,COMPLETED,0,600,COMPLETED,NA
A003722,I00408,U0467,U0742,BORROW,2026-05-23,2026-05-21,2026-06-13,COMPLETED,21,300,RETURNED,LATE
A003723,I03028,U0281,U0040,GIVEAWAY,2025-09-09,2025-09-09,2025-09-09,COMPLETED,0,650,COMPLETED,NA
A003724,I02223,U0552,U0122,BORROW,2026-03-12,2026-03-11,2026-03-22,ACTIVE,10,1700,NOT_RETURNED,PENDING
A003725,I04984,U0502,U0071,GIVEAWAY,2026-02-27,2026-02-27,2026-02-27,COMPLETED,0,1750,COMPLETED,NA
A003726,I02612,U0829,U0382,SWAP,2026-01-10,2026-01-10,2026-01-10,COMPLETED,0,5450,COMPLETED,NA
A003727,I04163,U0416,U0342,BORROW,2026-01-16,2026-01-16,2026-01-18,COMPLETED,2,300,RETURNED,ON_TIME
A003728,I00877,U0045,U0670,GIVEAWAY,2026-06-28,2026-06-26,2026-06-28,COMPLETED,0,2500,COMPLETED,NA
A003729,I02077,U0937,U0753,BORROW,2025-11-22,2025-11-20,2025-11-27,COMPLETED,5,900,RETURNED,ON_TIME
A003730,I04784,U0783,U0140,BORROW,2025-10-06,2025-10-03,2025-10-11,COMPLETED,5,850,RETURNED,ON_TIME
A003731,I02386,U0646,U0937,SELL,2026-01-28,2026-01-24,2026-01-28,COMPLETED,0,350,COMPLETED,NA
A003732,I02679,U0053,U0883,BORROW,2026-03-10,2026-03-08,2026-03-15,CANCELLED,5,1200,CANCELLED,PENDING
A003733,I04741,U0288,U0556,BORROW,2026-01-25,2026-01-25,2026-01-28,OVERDUE,3,1250,NOT_RETURNED,LATE
A003734,I03266,U0679,U0430,BORROW,2026-03-04,2026-03-04,2026-03-18,CANCELLED,14,3100,CANCELLED,PENDING
A003735,I00642,U0932,U0073,BORROW,2025-11-16,2025-11-14,2025-11-30,COMPLETED,14,1150,RETURNED,ON_TIME
A003736,I04690,U0711,U0487,SWAP,2026-05-16,2026-05-16,2026-05-16,COMPLETED,0,1700,COMPLETED,NA
A003737,I03409,U0844,U0689,GIVEAWAY,2026-07-22,2026-07-21,2026-07-22,CANCELLED,0,850,CANCELLED,NA
A003738,I03679,U0564,U0597,GIVEAWAY,2026-02-21,2026-02-20,2026-02-21,COMPLETED,0,1150,COMPLETED,NA
A003739,I01707,U0758,U0283,SWAP,2026-06-19,2026-06-17,2026-06-19,COMPLETED,0,1450,COMPLETED,NA
A003740,I01886,U0711,U0531,GIVEAWAY,2026-03-25,2026-03-21,2026-03-25,COMPLETED,0,3300,COMPLETED,NA
A003741,I00591,U0661,U0482,GIVEAWAY,2026-07-05,2026-07-03,2026-07-05,COMPLETED,0,1050,COMPLETED,NA
A003742,I02372,U0443,U0579,BORROW,2026-07-14,2026-07-13,2026-07-28,COMPLETED,14,6650,RETURNED,ON_TIME
A003743,I00032,U0498,U0637,SELL,2026-04-04,2026-04-03,2026-04-04,COMPLETED,0,5700,COMPLETED,NA
A003744,I03382,U0854,U0312,BORROW,2026-01-18,2026-01-16,2026-01-25,CANCELLED,7,2350,CANCELLED,PENDING
A003745,I04893,U0059,U0176,SWAP,2025-09-11,2025-09-11,2025-09-11,CANCELLED,0,1500,CANCELLED,NA
A003746,I00571,U0476,U0704,BORROW,2026-03-02,2026-03-02,2026-03-23,CANCELLED,21,1550,CANCELLED,PENDING
A003747,I04464,U0003,U0727,GIVEAWAY,2025-10-02,2025-09-30,2025-10-02,COMPLETED,0,3250,COMPLETED,NA
A003748,I03656,U0912,U0295,SWAP,2025-10-28,2025-10-26,2025-10-28,COMPLETED,0,2800,COMPLETED,NA
A003749,I01961,U0158,U0991,SELL,2025-10-14,2025-10-13,2025-10-14,CANCELLED,0,1150,CANCELLED,NA
A003750,I00923,U0514,U0503,BORROW,2026-03-25,2026-03-22,2026-03-30,COMPLETED,5,450,RETURNED,ON_TIME
A003751,I01095,U0527,U0986,BORROW,2026-06-17,2026-06-14,2026-06-19,COMPLETED,2,1500,RETURNED,ON_TIME
A003752,I02666,U0629,U0155,BORROW,2025-11-10,2025-11-10,2025-11-24,COMPLETED,14,1550,RETURNED,LATE
A003753,I04313,U0531,U0213,SWAP,2026-01-29,2026-01-27,2026-01-29,COMPLETED,0,500,COMPLETED,NA
A003754,I02486,U0316,U0074,SELL,2026-07-17,2026-07-16,2026-07-17,COMPLETED,0,3350,COMPLETED,NA
A003755,I04667,U0245,U0693,BORROW,2026-05-23,2026-05-22,2026-06-06,COMPLETED,14,1600,RETURNED,LATE
A003756,I03403,U0327,U0117,SWAP,2026-02-17,2026-02-15,2026-02-17,COMPLETED,0,1800,COMPLETED,NA
A003757,I02622,U0268,U0257,SELL,2025-11-04,2025-11-03,2025-11-04,COMPLETED,0,450,COMPLETED,NA
A003758,I04931,U0378,U0144,BORROW,2025-12-15,2025-12-12,2025-12-20,COMPLETED,5,950,RETURNED,ON_TIME
A003759,I03567,U0382,U0200,BORROW,2025-10-05,2025-10-04,2025-10-19,COMPLETED,14,1300,RETURNED,ON_TIME
A003760,I01611,U0494,U0098,BORROW,2026-07-10,2026-07-09,2026-07-31,COMPLETED,21,1350,RETURNED,ON_TIME
A003761,I01058,U0317,U0052,BORROW,2026-07-01,2026-06-30,2026-07-04,COMPLETED,3,2150,RETURNED,ON_TIME
A003762,I03091,U0787,U0836,SWAP,2026-03-10,2026-03-07,2026-03-10,COMPLETED,0,2550,COMPLETED,NA
A003763,I04613,U0144,U0444,SWAP,2025-10-20,2025-10-20,2025-10-20,COMPLETED,0,150,COMPLETED,NA
A003764,I00360,U0355,U0606,GIVEAWAY,2026-05-18,2026-05-14,2026-05-18,COMPLETED,0,1700,COMPLETED,NA
A003765,I00803,U0353,U0522,SWAP,2026-04-04,2026-04-02,2026-04-04,COMPLETED,0,700,COMPLETED,NA
A003766,I01132,U0884,U0706,BORROW,2026-04-21,2026-04-17,2026-05-12,COMPLETED,21,950,RETURNED,ON_TIME
A003767,I01935,U0030,U0607,BORROW,2026-05-26,2026-05-22,2026-06-16,COMPLETED,21,650,RETURNED,ON_TIME
A003768,I01207,U0759,U0856,GIVEAWAY,2025-10-22,2025-10-18,2025-10-22,COMPLETED,0,2650,COMPLETED,NA
A003769,I00627,U0519,U0226,SELL,2026-07-16,2026-07-12,2026-07-16,COMPLETED,0,300,COMPLETED,NA
A003770,I02814,U0972,U0053,BORROW,2025-12-20,2025-12-17,2025-12-22,CANCELLED,2,3600,CANCELLED,PENDING
A003771,I03611,U0120,U0962,GIVEAWAY,2026-06-22,2026-06-21,2026-06-22,COMPLETED,0,1150,COMPLETED,NA
A003772,I04843,U0783,U0470,SELL,2025-12-16,2025-12-14,2025-12-16,COMPLETED,0,450,COMPLETED,NA
A003773,I04870,U0720,U0785,BORROW,2026-03-09,2026-03-05,2026-03-11,COMPLETED,2,1700,RETURNED,ON_TIME
A003774,I03047,U0542,U0239,SELL,2026-07-10,2026-07-10,2026-07-10,COMPLETED,0,800,COMPLETED,NA
A003775,I03900,U0811,U0283,SWAP,2026-06-30,2026-06-27,2026-06-30,COMPLETED,0,950,COMPLETED,NA
A003776,I03734,U0121,U0849,BORROW,2026-04-06,2026-04-03,2026-04-20,COMPLETED,14,950,RETURNED,ON_TIME
A003777,I01261,U0919,U0134,BORROW,2025-12-04,2025-11-30,2025-12-25,COMPLETED,21,3000,RETURNED,ON_TIME
A003778,I00357,U0922,U0967,GIVEAWAY,2025-10-23,2025-10-19,2025-10-23,COMPLETED,0,1400,COMPLETED,NA
A003779,I02585,U0735,U0334,SELL,2026-06-15,2026-06-13,2026-06-15,COMPLETED,0,1250,COMPLETED,NA
A003780,I00902,U0373,U0210,SWAP,2026-04-27,2026-04-24,2026-04-27,COMPLETED,0,4350,COMPLETED,NA
A003781,I01738,U0765,U0158,BORROW,2026-01-31,2026-01-30,2026-02-07,OVERDUE,7,600,NOT_RETURNED,LATE
A003782,I03514,U0962,U0303,SWAP,2025-11-15,2025-11-11,2025-11-15,COMPLETED,0,1200,COMPLETED,NA
A003783,I01715,U0887,U0927,GIVEAWAY,2026-05-18,2026-05-16,2026-05-18,COMPLETED,0,1400,COMPLETED,NA
A003784,I02932,U0957,U0529,BORROW,2026-03-18,2026-03-17,2026-03-23,COMPLETED,5,2750,RETURNED,ON_TIME
A003785,I04355,U0123,U0674,BORROW,2026-06-28,2026-06-24,2026-07-01,COMPLETED,3,1800,RETURNED,ON_TIME
A003786,I02811,U0441,U0202,GIVEAWAY,2025-10-30,2025-10-26,2025-10-30,COMPLETED,0,900,COMPLETED,NA
A003787,I02563,U0481,U0074,BORROW,2025-12-16,2025-12-16,2025-12-30,COMPLETED,14,750,RETURNED,ON_TIME
A003788,I02517,U0089,U0832,BORROW,2026-01-02,2025-12-29,2026-01-07,OVERDUE,5,800,NOT_RETURNED,LATE
A003789,I02392,U0042,U0268,BORROW,2026-05-11,2026-05-09,2026-05-14,ACTIVE,3,1750,NOT_RETURNED,PENDING
A003790,I02009,U0667,U0744,GIVEAWAY,2026-06-21,2026-06-18,2026-06-21,COMPLETED,0,2300,COMPLETED,NA
A003791,I04596,U0556,U0081,GIVEAWAY,2026-02-03,2026-02-03,2026-02-03,COMPLETED,0,550,COMPLETED,NA
A003792,I03153,U0205,U0022,GIVEAWAY,2025-12-31,2025-12-30,2025-12-31,COMPLETED,0,550,COMPLETED,NA
A003793,I03822,U0661,U0741,SWAP,2026-05-23,2026-05-19,2026-05-23,COMPLETED,0,700,COMPLETED,NA
A003794,I03954,U0760,U0268,SWAP,2025-12-30,2025-12-30,2025-12-30,COMPLETED,0,3700,COMPLETED,NA
A003795,I03543,U0784,U0858,BORROW,2025-10-14,2025-10-13,2025-10-17,COMPLETED,3,1900,RETURNED,ON_TIME
A003796,I00827,U0296,U0290,BORROW,2025-12-28,2025-12-25,2025-12-30,ACTIVE,2,1600,NOT_RETURNED,PENDING
A003797,I02429,U0350,U0361,GIVEAWAY,2026-01-04,2026-01-02,2026-01-04,COMPLETED,0,2250,COMPLETED,NA
A003798,I02046,U0234,U0819,SELL,2025-09-23,2025-09-22,2025-09-23,COMPLETED,0,2000,COMPLETED,NA
A003799,I01579,U0977,U0680,SELL,2026-02-04,2026-01-31,2026-02-04,COMPLETED,0,1200,COMPLETED,NA
A003800,I02133,U0457,U0650,SWAP,2026-05-26,2026-05-22,2026-05-26,CANCELLED,0,1750,CANCELLED,NA
A003801,I00577,U0768,U0046,SELL,2026-06-13,2026-06-12,2026-06-13,COMPLETED,0,850,COMPLETED,NA
A003802,I02858,U0621,U0982,BORROW,2025-11-22,2025-11-19,2025-12-02,COMPLETED,10,2600,RETURNED,ON_TIME
A003803,I04458,U0829,U0424,BORROW,2025-11-25,2025-11-23,2025-12-16,COMPLETED,21,600,RETURNED,ON_TIME
A003804,I03045,U0085,U0769,SWAP,2025-11-02,2025-11-02,2025-11-02,CANCELLED,0,750,CANCELLED,NA
A003805,I03797,U0738,U0608,BORROW,2025-11-12,2025-11-09,2025-11-14,CANCELLED,2,1750,CANCELLED,PENDING
A003806,I03963,U0110,U0927,BORROW,2025-10-04,2025-10-03,2025-10-14,COMPLETED,10,1600,RETURNED,LATE
A003807,I01773,U0762,U0318,GIVEAWAY,2025-12-27,2025-12-25,2025-12-27,COMPLETED,0,2200,COMPLETED,NA
A003808,I02239,U0865,U0053,BORROW,2026-05-12,2026-05-09,2026-05-22,COMPLETED,10,1350,RETURNED,ON_TIME
A003809,I02855,U0529,U0247,BORROW,2026-06-16,2026-06-14,2026-06-26,ACTIVE,10,1750,NOT_RETURNED,PENDING
A003810,I01529,U0631,U0392,BORROW,2026-06-20,2026-06-19,2026-06-30,COMPLETED,10,2000,RETURNED,ON_TIME
A003811,I00323,U0684,U0535,BORROW,2025-12-14,2025-12-13,2025-12-28,COMPLETED,14,500,RETURNED,ON_TIME
A003812,I02598,U0539,U0894,BORROW,2026-03-24,2026-03-24,2026-04-14,COMPLETED,21,250,RETURNED,ON_TIME
A003813,I02756,U0872,U0523,GIVEAWAY,2026-06-21,2026-06-18,2026-06-21,COMPLETED,0,2900,COMPLETED,NA
A003814,I00166,U0436,U0716,BORROW,2025-09-03,2025-08-31,2025-09-05,COMPLETED,2,200,RETURNED,ON_TIME
A003815,I04946,U0220,U0646,BORROW,2026-05-11,2026-05-08,2026-05-25,COMPLETED,14,2150,RETURNED,ON_TIME
A003816,I01819,U0016,U0255,BORROW,2026-07-01,2026-06-29,2026-07-11,CANCELLED,10,1550,CANCELLED,PENDING
A003817,I04759,U0556,U0593,BORROW,2026-05-06,2026-05-03,2026-05-11,OVERDUE,5,1000,NOT_RETURNED,LATE
A003818,I03071,U0123,U0620,BORROW,2026-06-10,2026-06-08,2026-07-01,COMPLETED,21,500,RETURNED,ON_TIME
A003819,I04566,U0918,U0602,SELL,2025-09-27,2025-09-27,2025-09-27,COMPLETED,0,1350,COMPLETED,NA
A003820,I02372,U0803,U0579,SELL,2025-12-09,2025-12-08,2025-12-09,COMPLETED,0,6650,COMPLETED,NA
A003821,I03926,U0883,U0920,SWAP,2025-11-15,2025-11-12,2025-11-15,CANCELLED,0,2900,CANCELLED,NA
A003822,I00498,U0871,U0326,GIVEAWAY,2026-06-25,2026-06-22,2026-06-25,COMPLETED,0,300,COMPLETED,NA
A003823,I01249,U0368,U0483,SWAP,2026-02-04,2026-02-02,2026-02-04,COMPLETED,0,500,COMPLETED,NA
A003824,I03096,U0767,U0996,BORROW,2025-12-25,2025-12-24,2026-01-15,COMPLETED,21,950,RETURNED,ON_TIME
A003825,I04597,U0676,U0522,BORROW,2026-05-12,2026-05-12,2026-06-02,COMPLETED,21,2950,RETURNED,ON_TIME
A003826,I03261,U0055,U0321,BORROW,2025-12-15,2025-12-11,2025-12-17,COMPLETED,2,700,RETURNED,ON_TIME
A003827,I04435,U0518,U0059,SWAP,2025-12-12,2025-12-08,2025-12-12,COMPLETED,0,100,COMPLETED,NA
A003828,I00163,U0991,U0480,SELL,2026-02-28,2026-02-27,2026-02-28,COMPLETED,0,2300,COMPLETED,NA
A003829,I02428,U0078,U0871,BORROW,2025-12-15,2025-12-14,2025-12-25,COMPLETED,10,1350,RETURNED,LATE
A003830,I00931,U0657,U0450,GIVEAWAY,2025-11-15,2025-11-15,2025-11-15,COMPLETED,0,3400,COMPLETED,NA
A003831,I03083,U0372,U0584,SELL,2026-03-19,2026-03-19,2026-03-19,COMPLETED,0,350,COMPLETED,NA
A003832,I01264,U0749,U0790,SWAP,2025-12-27,2025-12-26,2025-12-27,COMPLETED,0,750,COMPLETED,NA
A003833,I01573,U0395,U0791,SELL,2026-06-16,2026-06-12,2026-06-16,COMPLETED,0,1150,COMPLETED,NA
A003834,I00237,U0580,U0038,GIVEAWAY,2026-03-22,2026-03-18,2026-03-22,COMPLETED,0,750,COMPLETED,NA
A003835,I01330,U0052,U0513,SWAP,2026-06-15,2026-06-13,2026-06-15,COMPLETED,0,1800,COMPLETED,NA
A003836,I03527,U0335,U0570,BORROW,2026-02-26,2026-02-25,2026-03-05,COMPLETED,7,1450,RETURNED,ON_TIME
A003837,I00450,U0195,U0660,SWAP,2026-03-23,2026-03-20,2026-03-23,COMPLETED,0,1600,COMPLETED,NA
A003838,I04830,U0985,U0646,BORROW,2025-10-24,2025-10-23,2025-10-26,ACTIVE,2,900,NOT_RETURNED,PENDING
A003839,I03740,U0353,U0490,SELL,2026-03-10,2026-03-08,2026-03-10,COMPLETED,0,300,COMPLETED,NA
A003840,I01572,U0234,U0388,BORROW,2025-11-12,2025-11-10,2025-12-03,COMPLETED,21,1150,RETURNED,ON_TIME
A003841,I04851,U0828,U0008,BORROW,2025-09-25,2025-09-21,2025-10-09,COMPLETED,14,600,RETURNED,ON_TIME
A003842,I04133,U0109,U0476,GIVEAWAY,2025-12-06,2025-12-02,2025-12-06,COMPLETED,0,600,COMPLETED,NA
A003843,I03642,U0513,U0518,BORROW,2025-12-24,2025-12-21,2026-01-03,COMPLETED,10,750,RETURNED,ON_TIME
A003844,I02643,U0322,U0117,BORROW,2026-06-14,2026-06-12,2026-06-28,COMPLETED,14,1100,RETURNED,ON_TIME
A003845,I04053,U0498,U0262,BORROW,2025-09-30,2025-09-30,2025-10-10,COMPLETED,10,2400,RETURNED,ON_TIME
A003846,I01474,U0970,U0179,BORROW,2026-01-16,2026-01-14,2026-01-23,CANCELLED,7,1900,CANCELLED,PENDING
A003847,I04462,U0551,U0217,BORROW,2026-06-16,2026-06-14,2026-06-18,COMPLETED,2,750,RETURNED,ON_TIME
A003848,I01822,U0040,U0161,BORROW,2025-11-01,2025-10-28,2025-11-22,COMPLETED,21,2400,RETURNED,ON_TIME
A003849,I02501,U0881,U0172,BORROW,2025-10-21,2025-10-19,2025-10-24,COMPLETED,3,550,RETURNED,ON_TIME
A003850,I04321,U0467,U0273,SWAP,2026-05-02,2026-04-30,2026-05-02,COMPLETED,0,3050,COMPLETED,NA
A003851,I03226,U0242,U0485,BORROW,2026-03-22,2026-03-20,2026-04-12,OVERDUE,21,700,NOT_RETURNED,LATE
A003852,I04185,U0359,U0838,BORROW,2026-04-20,2026-04-18,2026-04-27,COMPLETED,7,1500,RETURNED,ON_TIME
A003853,I01324,U0695,U0906,BORROW,2025-10-20,2025-10-20,2025-10-23,COMPLETED,3,1250,RETURNED,ON_TIME
A003854,I01685,U0294,U0547,BORROW,2026-06-09,2026-06-08,2026-06-30,ACTIVE,21,2500,NOT_RETURNED,PENDING
A003855,I04833,U0758,U0606,BORROW,2025-09-05,2025-09-01,2025-09-12,OVERDUE,7,2450,NOT_RETURNED,LATE
A003856,I01321,U0584,U0833,BORROW,2026-04-25,2026-04-23,2026-04-28,COMPLETED,3,2400,RETURNED,ON_TIME
A003857,I02163,U0131,U0409,BORROW,2026-01-15,2026-01-12,2026-01-17,ACTIVE,2,1900,NOT_RETURNED,PENDING
A003858,I01939,U0988,U0389,SELL,2026-02-03,2026-01-31,2026-02-03,COMPLETED,0,1400,COMPLETED,NA
A003859,I02538,U0753,U0216,GIVEAWAY,2026-05-02,2026-05-02,2026-05-02,COMPLETED,0,100,COMPLETED,NA
A003860,I00254,U0504,U0527,BORROW,2026-03-13,2026-03-11,2026-03-23,COMPLETED,10,450,RETURNED,ON_TIME
A003861,I02149,U0323,U0459,BORROW,2026-07-03,2026-06-29,2026-07-10,COMPLETED,7,1200,RETURNED,ON_TIME
A003862,I02916,U0184,U0543,BORROW,2026-02-04,2026-02-04,2026-02-09,COMPLETED,5,1000,RETURNED,ON_TIME
A003863,I04589,U0862,U0042,SWAP,2026-03-16,2026-03-15,2026-03-16,CANCELLED,0,2050,CANCELLED,NA
A003864,I04958,U0693,U0463,GIVEAWAY,2025-10-01,2025-09-28,2025-10-01,COMPLETED,0,2650,COMPLETED,NA
A003865,I04843,U0402,U0470,GIVEAWAY,2026-07-21,2026-07-19,2026-07-21,COMPLETED,0,450,COMPLETED,NA
A003866,I03597,U0934,U0376,SWAP,2026-05-17,2026-05-17,2026-05-17,COMPLETED,0,1050,COMPLETED,NA
A003867,I04394,U0789,U0408,BORROW,2026-05-14,2026-05-12,2026-05-17,COMPLETED,3,400,RETURNED,ON_TIME
A003868,I00411,U0233,U0186,BORROW,2026-04-07,2026-04-06,2026-04-12,ACTIVE,5,950,NOT_RETURNED,PENDING
A003869,I01357,U0090,U0756,SWAP,2025-09-05,2025-09-05,2025-09-05,COMPLETED,0,900,COMPLETED,NA
A003870,I02834,U0901,U0404,BORROW,2026-07-16,2026-07-14,2026-07-30,COMPLETED,14,900,RETURNED,ON_TIME
A003871,I04297,U0123,U0967,BORROW,2026-02-27,2026-02-24,2026-03-13,COMPLETED,14,2900,RETURNED,ON_TIME
A003872,I04262,U0292,U0077,SWAP,2026-04-16,2026-04-13,2026-04-16,CANCELLED,0,5000,CANCELLED,NA
A003873,I01201,U0593,U0368,BORROW,2025-09-30,2025-09-26,2025-10-02,COMPLETED,2,2950,RETURNED,ON_TIME
A003874,I03530,U0341,U0982,GIVEAWAY,2026-07-11,2026-07-07,2026-07-11,COMPLETED,0,150,COMPLETED,NA
A003875,I03450,U0691,U0973,BORROW,2026-05-10,2026-05-10,2026-05-20,CANCELLED,10,1650,CANCELLED,PENDING
A003876,I01813,U0048,U0851,BORROW,2026-03-31,2026-03-28,2026-04-10,COMPLETED,10,1950,RETURNED,ON_TIME
A003877,I01437,U0784,U0363,BORROW,2026-05-26,2026-05-23,2026-06-05,COMPLETED,10,1100,RETURNED,ON_TIME
A003878,I02318,U0402,U0028,BORROW,2025-10-11,2025-10-08,2025-10-13,COMPLETED,2,2500,RETURNED,ON_TIME
A003879,I03639,U0284,U0595,BORROW,2026-02-28,2026-02-25,2026-03-21,ACTIVE,21,600,NOT_RETURNED,PENDING
A003880,I02851,U0083,U0126,BORROW,2025-10-21,2025-10-19,2025-11-04,COMPLETED,14,1550,RETURNED,LATE
A003881,I01796,U0554,U0753,BORROW,2026-04-06,2026-04-02,2026-04-16,COMPLETED,10,3350,RETURNED,ON_TIME
A003882,I00961,U0057,U0180,GIVEAWAY,2025-11-06,2025-11-02,2025-11-06,COMPLETED,0,850,COMPLETED,NA
A003883,I03026,U0127,U0696,SWAP,2026-03-04,2026-03-04,2026-03-04,COMPLETED,0,1600,COMPLETED,NA
A003884,I03493,U0491,U0648,BORROW,2026-05-11,2026-05-08,2026-05-14,COMPLETED,3,1950,RETURNED,ON_TIME
A003885,I03687,U0959,U0458,SWAP,2025-10-23,2025-10-21,2025-10-23,COMPLETED,0,1050,COMPLETED,NA
A003886,I02524,U0595,U0749,BORROW,2026-04-22,2026-04-22,2026-04-24,ACTIVE,2,2050,NOT_RETURNED,PENDING
A003887,I01997,U0114,U0219,BORROW,2026-05-15,2026-05-13,2026-06-05,COMPLETED,21,1550,RETURNED,ON_TIME
A003888,I01014,U0319,U0408,BORROW,2025-11-04,2025-11-03,2025-11-07,COMPLETED,3,1100,RETURNED,ON_TIME
A003889,I03348,U0835,U0581,SELL,2026-04-13,2026-04-12,2026-04-13,COMPLETED,0,450,COMPLETED,NA
A003890,I00202,U0083,U0713,SWAP,2026-06-08,2026-06-07,2026-06-08,COMPLETED,0,800,COMPLETED,NA
A003891,I03056,U0952,U0063,SWAP,2026-07-04,2026-07-03,2026-07-04,COMPLETED,0,2250,COMPLETED,NA
A003892,I00518,U0842,U0580,SWAP,2026-06-24,2026-06-21,2026-06-24,COMPLETED,0,3350,COMPLETED,NA
A003893,I00212,U0143,U0600,SELL,2026-01-14,2026-01-11,2026-01-14,COMPLETED,0,6400,COMPLETED,NA
A003894,I02697,U0067,U0919,SELL,2026-07-05,2026-07-04,2026-07-05,COMPLETED,0,1450,COMPLETED,NA
A003895,I04181,U0315,U0089,BORROW,2025-09-22,2025-09-21,2025-10-13,COMPLETED,21,400,RETURNED,ON_TIME
A003896,I03113,U0364,U0987,BORROW,2026-03-27,2026-03-26,2026-04-03,COMPLETED,7,300,RETURNED,ON_TIME
A003897,I03914,U0953,U0151,GIVEAWAY,2026-07-15,2026-07-14,2026-07-15,COMPLETED,0,750,COMPLETED,NA
A003898,I01341,U0390,U0978,BORROW,2026-02-10,2026-02-07,2026-02-13,CANCELLED,3,1600,CANCELLED,PENDING
A003899,I02685,U0693,U0081,BORROW,2026-02-05,2026-02-01,2026-02-15,COMPLETED,10,900,RETURNED,ON_TIME
A003900,I04548,U0396,U0502,SWAP,2025-10-01,2025-09-28,2025-10-01,COMPLETED,0,500,COMPLETED,NA
A003901,I04953,U0358,U0567,BORROW,2026-03-11,2026-03-10,2026-03-21,COMPLETED,10,1550,RETURNED,LATE
A003902,I00535,U0338,U0092,SWAP,2026-04-04,2026-03-31,2026-04-04,CANCELLED,0,100,CANCELLED,NA
A003903,I00065,U0670,U0238,BORROW,2025-12-21,2025-12-19,2025-12-28,COMPLETED,7,700,RETURNED,ON_TIME
A003904,I03486,U0145,U0654,BORROW,2026-06-05,2026-06-04,2026-06-10,COMPLETED,5,1250,RETURNED,LATE
A003905,I04442,U0193,U0123,GIVEAWAY,2025-11-22,2025-11-18,2025-11-22,COMPLETED,0,5050,COMPLETED,NA
A003906,I01616,U0079,U0048,SWAP,2026-06-12,2026-06-10,2026-06-12,COMPLETED,0,1400,COMPLETED,NA
A003907,I04005,U0129,U0849,BORROW,2025-12-01,2025-11-29,2025-12-04,COMPLETED,3,800,RETURNED,LATE
A003908,I03422,U0799,U0513,SELL,2026-02-14,2026-02-14,2026-02-14,COMPLETED,0,6200,COMPLETED,NA
A003909,I00044,U0694,U0540,SWAP,2026-04-30,2026-04-26,2026-04-30,COMPLETED,0,300,COMPLETED,NA
A003910,I04281,U0717,U0382,SWAP,2026-07-19,2026-07-15,2026-07-19,COMPLETED,0,950,COMPLETED,NA
A003911,I00572,U0261,U0276,BORROW,2025-12-14,2025-12-12,2026-01-04,COMPLETED,21,6800,RETURNED,ON_TIME
A003912,I02890,U0300,U0501,GIVEAWAY,2025-10-29,2025-10-28,2025-10-29,COMPLETED,0,400,COMPLETED,NA
A003913,I01565,U0884,U0068,BORROW,2026-02-03,2026-02-01,2026-02-08,COMPLETED,5,2100,RETURNED,ON_TIME
A003914,I04026,U0356,U0369,GIVEAWAY,2026-06-01,2026-05-31,2026-06-01,COMPLETED,0,1950,COMPLETED,NA
A003915,I02334,U0536,U0351,BORROW,2025-10-10,2025-10-06,2025-10-20,COMPLETED,10,3400,RETURNED,ON_TIME
A003916,I03907,U0206,U0559,BORROW,2025-10-26,2025-10-24,2025-11-09,COMPLETED,14,1700,RETURNED,ON_TIME
A003917,I01243,U0854,U0692,GIVEAWAY,2025-11-26,2025-11-23,2025-11-26,COMPLETED,0,1600,COMPLETED,NA
A003918,I00421,U0113,U0868,BORROW,2026-01-28,2026-01-28,2026-01-30,OVERDUE,2,2300,NOT_RETURNED,LATE
A003919,I03986,U0198,U0349,BORROW,2025-12-12,2025-12-08,2025-12-17,COMPLETED,5,2600,RETURNED,ON_TIME
A003920,I00838,U0885,U0130,GIVEAWAY,2026-03-10,2026-03-10,2026-03-10,COMPLETED,0,1000,COMPLETED,NA
A003921,I03534,U0865,U0543,SWAP,2025-10-13,2025-10-12,2025-10-13,COMPLETED,0,4000,COMPLETED,NA
A003922,I02578,U0417,U0430,SWAP,2026-01-20,2026-01-17,2026-01-20,CANCELLED,0,1550,CANCELLED,NA
A003923,I01386,U0244,U0859,BORROW,2025-09-01,2025-08-28,2025-09-15,COMPLETED,14,1200,RETURNED,ON_TIME
A003924,I03216,U0884,U0846,SWAP,2025-11-12,2025-11-11,2025-11-12,COMPLETED,0,750,COMPLETED,NA
A003925,I04067,U0741,U0448,SWAP,2026-07-03,2026-07-01,2026-07-03,COMPLETED,0,1400,COMPLETED,NA
A003926,I01727,U0065,U0640,SWAP,2026-05-21,2026-05-20,2026-05-21,COMPLETED,0,1100,COMPLETED,NA
A003927,I04569,U0065,U0989,SWAP,2025-10-27,2025-10-24,2025-10-27,COMPLETED,0,1750,COMPLETED,NA
A003928,I03747,U0905,U0313,GIVEAWAY,2025-12-04,2025-12-01,2025-12-04,COMPLETED,0,1000,COMPLETED,NA
A003929,I03956,U0502,U0515,BORROW,2025-10-25,2025-10-21,2025-11-01,COMPLETED,7,3250,RETURNED,ON_TIME
A003930,I02526,U0309,U0531,BORROW,2026-07-27,2026-07-23,2026-07-30,COMPLETED,3,1300,RETURNED,ON_TIME
A003931,I01668,U0076,U0067,SELL,2025-10-22,2025-10-21,2025-10-22,COMPLETED,0,550,COMPLETED,NA
A003932,I03044,U0680,U0150,SWAP,2026-06-26,2026-06-25,2026-06-26,COMPLETED,0,650,COMPLETED,NA
A003933,I00805,U0771,U0862,BORROW,2026-04-17,2026-04-16,2026-05-01,COMPLETED,14,50,RETURNED,ON_TIME
A003934,I01691,U0229,U0565,BORROW,2026-04-26,2026-04-25,2026-05-17,COMPLETED,21,550,RETURNED,ON_TIME
A003935,I04452,U0318,U0940,GIVEAWAY,2026-05-27,2026-05-23,2026-05-27,COMPLETED,0,300,COMPLETED,NA
A003936,I02377,U0143,U0230,GIVEAWAY,2025-09-05,2025-09-01,2025-09-05,COMPLETED,0,2450,COMPLETED,NA
A003937,I01944,U0106,U0604,BORROW,2025-12-28,2025-12-25,2026-01-18,ACTIVE,21,750,NOT_RETURNED,PENDING
A003938,I01546,U0673,U0454,SELL,2026-07-03,2026-07-02,2026-07-03,COMPLETED,0,250,COMPLETED,NA
A003939,I02372,U0254,U0579,SWAP,2025-12-30,2025-12-26,2025-12-30,COMPLETED,0,6650,COMPLETED,NA
A003940,I00704,U0764,U0716,SWAP,2025-12-05,2025-12-04,2025-12-05,COMPLETED,0,650,COMPLETED,NA
A003941,I01281,U0636,U0504,SWAP,2025-10-17,2025-10-15,2025-10-17,COMPLETED,0,1900,COMPLETED,NA
A003942,I00361,U0913,U0386,GIVEAWAY,2026-04-20,2026-04-19,2026-04-20,COMPLETED,0,2300,COMPLETED,NA
A003943,I04598,U0816,U0942,SWAP,2026-03-26,2026-03-25,2026-03-26,COMPLETED,0,3100,COMPLETED,NA
A003944,I00399,U0856,U0426,BORROW,2025-12-05,2025-12-05,2025-12-12,COMPLETED,7,1500,RETURNED,ON_TIME
A003945,I01669,U0439,U0069,BORROW,2026-05-15,2026-05-13,2026-05-18,ACTIVE,3,800,NOT_RETURNED,PENDING
A003946,I04663,U0008,U0602,BORROW,2025-09-17,2025-09-13,2025-09-24,OVERDUE,7,1350,NOT_RETURNED,LATE
A003947,I02341,U0482,U0776,SWAP,2026-01-17,2026-01-16,2026-01-17,COMPLETED,0,2950,COMPLETED,NA
A003948,I00303,U0334,U0002,BORROW,2026-07-24,2026-07-22,2026-08-07,COMPLETED,14,650,RETURNED,ON_TIME
A003949,I04369,U0981,U0982,BORROW,2025-10-03,2025-09-29,2025-10-13,COMPLETED,10,1500,RETURNED,ON_TIME
A003950,I00401,U0726,U0641,SELL,2025-11-05,2025-11-05,2025-11-05,COMPLETED,0,1050,COMPLETED,NA
A003951,I03695,U0613,U0876,GIVEAWAY,2026-07-24,2026-07-22,2026-07-24,COMPLETED,0,550,COMPLETED,NA
A003952,I03806,U0106,U0518,SWAP,2026-01-28,2026-01-26,2026-01-28,COMPLETED,0,3250,COMPLETED,NA
A003953,I04179,U0830,U0256,BORROW,2026-04-09,2026-04-07,2026-04-12,ACTIVE,3,2100,NOT_RETURNED,PENDING
A003954,I04934,U0098,U0583,SWAP,2026-06-11,2026-06-11,2026-06-11,COMPLETED,0,950,COMPLETED,NA
A003955,I02778,U0891,U0427,SELL,2026-05-08,2026-05-08,2026-05-08,COMPLETED,0,400,COMPLETED,NA
A003956,I04856,U0106,U0549,BORROW,2026-07-13,2026-07-10,2026-07-20,COMPLETED,7,2950,RETURNED,ON_TIME
A003957,I01420,U0139,U0603,SELL,2026-03-05,2026-03-04,2026-03-05,COMPLETED,0,1350,COMPLETED,NA
A003958,I02232,U0517,U0851,BORROW,2025-09-25,2025-09-24,2025-09-30,COMPLETED,5,350,RETURNED,ON_TIME
A003959,I01756,U0915,U0084,SWAP,2026-01-23,2026-01-21,2026-01-23,COMPLETED,0,250,COMPLETED,NA
A003960,I01803,U0835,U0666,SWAP,2026-02-22,2026-02-20,2026-02-22,COMPLETED,0,2150,COMPLETED,NA
A003961,I02183,U0944,U0125,BORROW,2025-11-26,2025-11-24,2025-12-03,COMPLETED,7,500,RETURNED,ON_TIME
A003962,I00922,U0963,U0645,SWAP,2026-05-11,2026-05-10,2026-05-11,COMPLETED,0,2550,COMPLETED,NA
A003963,I02039,U0736,U0225,GIVEAWAY,2025-10-06,2025-10-05,2025-10-06,COMPLETED,0,3700,COMPLETED,NA
A003964,I03596,U0282,U0368,GIVEAWAY,2026-01-03,2025-12-31,2026-01-03,COMPLETED,0,3100,COMPLETED,NA
A003965,I01405,U0675,U0482,SWAP,2026-01-14,2026-01-13,2026-01-14,COMPLETED,0,150,COMPLETED,NA
A003966,I02430,U0257,U0615,GIVEAWAY,2026-02-15,2026-02-11,2026-02-15,COMPLETED,0,1800,COMPLETED,NA
A003967,I00577,U0353,U0046,SELL,2025-10-05,2025-10-04,2025-10-05,COMPLETED,0,850,COMPLETED,NA
A003968,I00008,U0749,U0853,GIVEAWAY,2025-09-25,2025-09-22,2025-09-25,CANCELLED,0,2900,CANCELLED,NA
A003969,I03829,U0611,U0758,BORROW,2026-02-14,2026-02-11,2026-02-28,COMPLETED,14,1500,RETURNED,ON_TIME
A003970,I02144,U0060,U0566,BORROW,2026-01-22,2026-01-22,2026-01-25,COMPLETED,3,1000,RETURNED,ON_TIME
A003971,I03608,U0894,U0957,GIVEAWAY,2025-09-09,2025-09-07,2025-09-09,COMPLETED,0,1950,COMPLETED,NA
A003972,I02534,U0548,U0844,SWAP,2026-03-07,2026-03-04,2026-03-07,COMPLETED,0,800,COMPLETED,NA
A003973,I01433,U0086,U0989,SWAP,2026-05-24,2026-05-24,2026-05-24,COMPLETED,0,550,COMPLETED,NA
A003974,I00755,U0436,U0286,SELL,2025-12-23,2025-12-19,2025-12-23,COMPLETED,0,2300,COMPLETED,NA
A003975,I00192,U0772,U0702,BORROW,2025-12-04,2025-12-03,2025-12-18,COMPLETED,14,400,RETURNED,ON_TIME
A003976,I03036,U0590,U0862,GIVEAWAY,2025-10-28,2025-10-28,2025-10-28,COMPLETED,0,1250,COMPLETED,NA
A003977,I00392,U0512,U0145,BORROW,2026-05-25,2026-05-24,2026-05-27,COMPLETED,2,3250,RETURNED,ON_TIME
A003978,I04662,U0820,U0108,BORROW,2025-10-08,2025-10-08,2025-10-13,COMPLETED,5,1150,RETURNED,ON_TIME
A003979,I04372,U0182,U0127,GIVEAWAY,2026-02-12,2026-02-08,2026-02-12,COMPLETED,0,2150,COMPLETED,NA
A003980,I00784,U0745,U0078,SWAP,2026-02-23,2026-02-22,2026-02-23,COMPLETED,0,1450,COMPLETED,NA
A003981,I03873,U0899,U0676,SWAP,2025-10-14,2025-10-14,2025-10-14,COMPLETED,0,1550,COMPLETED,NA
A003982,I01025,U0912,U0031,SWAP,2026-04-27,2026-04-24,2026-04-27,COMPLETED,0,1100,COMPLETED,NA
A003983,I04896,U0285,U0380,SWAP,2026-01-27,2026-01-27,2026-01-27,COMPLETED,0,1400,COMPLETED,NA
A003984,I04590,U0565,U0257,GIVEAWAY,2026-04-24,2026-04-22,2026-04-24,COMPLETED,0,1650,COMPLETED,NA
A003985,I01076,U0871,U0511,BORROW,2025-12-11,2025-12-09,2025-12-25,CANCELLED,14,850,CANCELLED,PENDING
A003986,I02170,U0812,U0049,GIVEAWAY,2026-05-30,2026-05-26,2026-05-30,COMPLETED,0,850,COMPLETED,NA
A003987,I04059,U0111,U0638,BORROW,2025-12-25,2025-12-23,2025-12-30,COMPLETED,5,1250,RETURNED,ON_TIME
A003988,I01627,U0210,U0947,BORROW,2026-04-05,2026-04-01,2026-04-08,COMPLETED,3,1800,RETURNED,LATE
A003989,I02947,U0348,U0537,BORROW,2025-09-05,2025-09-03,2025-09-07,COMPLETED,2,2950,RETURNED,ON_TIME
A003990,I04369,U0933,U0982,SWAP,2026-07-24,2026-07-21,2026-07-24,COMPLETED,0,1500,COMPLETED,NA
A003991,I00281,U0874,U0944,SWAP,2026-07-03,2026-07-03,2026-07-03,COMPLETED,0,1050,COMPLETED,NA
A003992,I02882,U0890,U0264,GIVEAWAY,2026-07-08,2026-07-04,2026-07-08,COMPLETED,0,3950,COMPLETED,NA
A003993,I02586,U0838,U0775,SWAP,2025-10-18,2025-10-15,2025-10-18,COMPLETED,0,2050,COMPLETED,NA
A003994,I00687,U0497,U0015,SWAP,2026-07-01,2026-06-29,2026-07-01,COMPLETED,0,1300,COMPLETED,NA
A003995,I03868,U0361,U0076,BORROW,2026-06-13,2026-06-10,2026-07-04,COMPLETED,21,1250,RETURNED,LATE
A003996,I04721,U0650,U0506,BORROW,2025-11-06,2025-11-05,2025-11-27,COMPLETED,21,1100,RETURNED,ON_TIME
A003997,I02045,U0411,U0390,BORROW,2025-11-11,2025-11-11,2025-11-18,COMPLETED,7,1400,RETURNED,ON_TIME
A003998,I02849,U0504,U0753,BORROW,2026-04-14,2026-04-10,2026-05-05,COMPLETED,21,4200,RETURNED,ON_TIME
A003999,I00230,U0224,U0202,BORROW,2026-01-21,2026-01-21,2026-01-26,ACTIVE,5,350,NOT_RETURNED,PENDING
A004000,I01445,U0127,U0112,GIVEAWAY,2026-05-22,2026-05-20,2026-05-22,COMPLETED,0,1650,COMPLETED,NA
A004001,I04279,U0279,U0063,BORROW,2025-11-10,2025-11-07,2025-11-12,COMPLETED,2,600,RETURNED,LATE
A004002,I00371,U0199,U0066,SELL,2025-12-21,2025-12-19,2025-12-21,COMPLETED,0,400,COMPLETED,NA
A004003,I00108,U0560,U0475,SWAP,2026-03-15,2026-03-12,2026-03-15,COMPLETED,0,600,COMPLETED,NA
A004004,I03847,U0973,U0345,GIVEAWAY,2026-01-04,2026-01-03,2026-01-04,COMPLETED,0,1750,COMPLETED,NA
A004005,I02367,U0981,U0008,BORROW,2025-12-23,2025-12-21,2025-12-26,COMPLETED,3,950,RETURNED,ON_TIME
A004006,I01509,U0516,U0462,SWAP,2026-03-02,2026-03-02,2026-03-02,COMPLETED,0,1650,COMPLETED,NA
A004007,I00605,U0687,U0977,BORROW,2025-09-16,2025-09-16,2025-09-18,COMPLETED,2,1800,RETURNED,ON_TIME
A004008,I03362,U0560,U0793,SELL,2025-11-21,2025-11-17,2025-11-21,COMPLETED,0,5350,COMPLETED,NA
A004009,I02015,U0827,U0745,BORROW,2026-03-01,2026-02-28,2026-03-15,OVERDUE,14,2250,NOT_RETURNED,LATE
A004010,I00780,U0887,U0718,BORROW,2025-09-30,2025-09-29,2025-10-05,COMPLETED,5,1300,RETURNED,ON_TIME
A004011,I04935,U0767,U0211,BORROW,2025-11-18,2025-11-17,2025-11-28,ACTIVE,10,1000,NOT_RETURNED,PENDING
A004012,I04569,U0827,U0989,BORROW,2026-02-25,2026-02-23,2026-02-28,COMPLETED,3,1750,RETURNED,ON_TIME
A004013,I01644,U0577,U0770,GIVEAWAY,2026-04-02,2026-03-31,2026-04-02,COMPLETED,0,1850,COMPLETED,NA
A004014,I04363,U0104,U0713,SWAP,2026-01-20,2026-01-17,2026-01-20,COMPLETED,0,2500,COMPLETED,NA
A004015,I04401,U0100,U0556,GIVEAWAY,2025-10-13,2025-10-13,2025-10-13,COMPLETED,0,700,COMPLETED,NA
A004016,I04006,U0671,U0772,BORROW,2026-05-12,2026-05-08,2026-06-02,COMPLETED,21,250,RETURNED,ON_TIME
A004017,I04101,U0382,U0275,SELL,2026-02-02,2026-01-30,2026-02-02,COMPLETED,0,2100,COMPLETED,NA
A004018,I02993,U0435,U0218,BORROW,2026-02-18,2026-02-16,2026-02-20,COMPLETED,2,500,RETURNED,ON_TIME
A004019,I01178,U0142,U0583,BORROW,2026-06-02,2026-05-31,2026-06-07,COMPLETED,5,2700,RETURNED,ON_TIME
A004020,I04421,U0300,U0717,BORROW,2026-06-27,2026-06-26,2026-07-07,COMPLETED,10,1050,RETURNED,ON_TIME
A004021,I02371,U0138,U0936,BORROW,2026-07-02,2026-06-28,2026-07-16,COMPLETED,14,1650,RETURNED,ON_TIME
A004022,I03974,U0413,U0916,GIVEAWAY,2026-07-06,2026-07-04,2026-07-06,COMPLETED,0,950,COMPLETED,NA
A004023,I04225,U0212,U0806,GIVEAWAY,2025-09-01,2025-08-29,2025-09-01,COMPLETED,0,100,COMPLETED,NA
A004024,I03952,U0697,U0357,SELL,2026-02-05,2026-02-04,2026-02-05,COMPLETED,0,1600,COMPLETED,NA
A004025,I02117,U0970,U0135,BORROW,2025-11-17,2025-11-15,2025-11-19,COMPLETED,2,1000,RETURNED,LATE
A004026,I02670,U0406,U0127,BORROW,2025-09-23,2025-09-19,2025-09-25,ACTIVE,2,1150,NOT_RETURNED,PENDING
A004027,I01642,U0967,U0422,SWAP,2026-04-14,2026-04-10,2026-04-14,COMPLETED,0,3300,COMPLETED,NA
A004028,I00508,U0963,U0149,BORROW,2026-05-19,2026-05-17,2026-05-29,COMPLETED,10,1700,RETURNED,ON_TIME
A004029,I02624,U0303,U0279,SELL,2026-06-29,2026-06-25,2026-06-29,COMPLETED,0,350,COMPLETED,NA
A004030,I02765,U0198,U0631,BORROW,2026-04-17,2026-04-14,2026-05-01,COMPLETED,14,2100,RETURNED,ON_TIME
A004031,I01228,U0209,U0229,BORROW,2025-11-30,2025-11-28,2025-12-05,COMPLETED,5,1000,RETURNED,ON_TIME
A004032,I02393,U0348,U0253,BORROW,2025-12-11,2025-12-08,2025-12-14,COMPLETED,3,350,RETURNED,ON_TIME
A004033,I00218,U0798,U0595,BORROW,2026-07-24,2026-07-22,2026-07-27,COMPLETED,3,1900,RETURNED,ON_TIME
A004034,I03798,U0767,U0104,SWAP,2025-12-26,2025-12-25,2025-12-26,COMPLETED,0,100,COMPLETED,NA
A004035,I00714,U0278,U0013,BORROW,2026-02-24,2026-02-21,2026-03-03,COMPLETED,7,4250,RETURNED,LATE
A004036,I03185,U0079,U0186,BORROW,2026-05-08,2026-05-06,2026-05-18,OVERDUE,10,2000,NOT_RETURNED,LATE
A004037,I03413,U0798,U0635,BORROW,2026-05-29,2026-05-26,2026-06-05,COMPLETED,7,300,RETURNED,ON_TIME
A004038,I03358,U0217,U0762,SWAP,2026-06-18,2026-06-17,2026-06-18,COMPLETED,0,850,COMPLETED,NA
A004039,I03395,U0050,U0648,BORROW,2026-04-19,2026-04-19,2026-04-26,COMPLETED,7,2450,RETURNED,ON_TIME
A004040,I00662,U0174,U0740,SWAP,2025-12-25,2025-12-23,2025-12-25,COMPLETED,0,4650,COMPLETED,NA
A004041,I00432,U0884,U0374,BORROW,2026-07-21,2026-07-18,2026-07-31,COMPLETED,10,850,RETURNED,ON_TIME
A004042,I04279,U0954,U0063,GIVEAWAY,2026-04-26,2026-04-24,2026-04-26,COMPLETED,0,600,COMPLETED,NA
A004043,I02524,U0346,U0749,GIVEAWAY,2026-02-27,2026-02-27,2026-02-27,COMPLETED,0,2050,COMPLETED,NA
A004044,I01745,U0565,U0101,BORROW,2026-04-12,2026-04-11,2026-04-19,COMPLETED,7,700,RETURNED,ON_TIME
A004045,I03949,U0732,U0958,BORROW,2026-01-25,2026-01-23,2026-01-28,COMPLETED,3,450,RETURNED,LATE
A004046,I01343,U0871,U0830,BORROW,2026-03-02,2026-02-26,2026-03-16,COMPLETED,14,550,RETURNED,ON_TIME
A004047,I02448,U0968,U0065,SWAP,2025-09-04,2025-08-31,2025-09-04,COMPLETED,0,150,COMPLETED,NA
A004048,I02267,U0393,U0601,BORROW,2026-04-21,2026-04-18,2026-04-26,COMPLETED,5,600,RETURNED,ON_TIME
A004049,I04910,U0806,U0316,SELL,2025-10-20,2025-10-19,2025-10-20,COMPLETED,0,750,COMPLETED,NA
A004050,I04649,U0026,U0363,BORROW,2026-03-01,2026-03-01,2026-03-03,COMPLETED,2,4450,RETURNED,ON_TIME
A004051,I00618,U0668,U0405,BORROW,2026-02-26,2026-02-23,2026-03-12,COMPLETED,14,250,RETURNED,ON_TIME
A004052,I02080,U0519,U0341,SWAP,2025-12-10,2025-12-08,2025-12-10,COMPLETED,0,1100,COMPLETED,NA
A004053,I01270,U0384,U0256,BORROW,2025-12-28,2025-12-26,2026-01-04,COMPLETED,7,1600,RETURNED,ON_TIME
A004054,I00528,U0266,U0988,GIVEAWAY,2025-10-12,2025-10-09,2025-10-12,COMPLETED,0,400,COMPLETED,NA
A004055,I03599,U0306,U0894,BORROW,2025-11-25,2025-11-25,2025-11-28,ACTIVE,3,5150,NOT_RETURNED,PENDING
A004056,I03061,U0706,U0478,BORROW,2026-02-16,2026-02-14,2026-02-18,COMPLETED,2,2950,RETURNED,ON_TIME
A004057,I02478,U0654,U0113,SELL,2026-03-16,2026-03-15,2026-03-16,COMPLETED,0,200,COMPLETED,NA
A004058,I00211,U0420,U0739,SWAP,2026-06-16,2026-06-15,2026-06-16,COMPLETED,0,3300,COMPLETED,NA
A004059,I00609,U0996,U0440,SWAP,2026-02-19,2026-02-17,2026-02-19,COMPLETED,0,1200,COMPLETED,NA
A004060,I02371,U0470,U0936,SWAP,2026-06-29,2026-06-28,2026-06-29,COMPLETED,0,1650,COMPLETED,NA
A004061,I03280,U0122,U0634,SELL,2026-03-19,2026-03-18,2026-03-19,COMPLETED,0,500,COMPLETED,NA
A004062,I00702,U0158,U0749,SWAP,2025-10-13,2025-10-13,2025-10-13,COMPLETED,0,1150,COMPLETED,NA
A004063,I00496,U0613,U0939,BORROW,2026-02-20,2026-02-19,2026-02-25,COMPLETED,5,350,RETURNED,ON_TIME
A004064,I03314,U0473,U0797,BORROW,2025-12-11,2025-12-11,2025-12-25,COMPLETED,14,750,RETURNED,ON_TIME
A004065,I01223,U0499,U0498,GIVEAWAY,2026-06-10,2026-06-08,2026-06-10,COMPLETED,0,200,COMPLETED,NA
A004066,I02560,U0920,U0102,SWAP,2025-09-08,2025-09-08,2025-09-08,COMPLETED,0,850,COMPLETED,NA
A004067,I04187,U0931,U0530,BORROW,2025-11-08,2025-11-08,2025-11-18,COMPLETED,10,1450,RETURNED,ON_TIME
A004068,I04194,U0723,U0089,BORROW,2026-04-29,2026-04-26,2026-05-09,COMPLETED,10,4200,RETURNED,LATE
A004069,I00119,U0150,U0864,SELL,2025-09-28,2025-09-28,2025-09-28,COMPLETED,0,4250,COMPLETED,NA
A004070,I03509,U0380,U0838,GIVEAWAY,2026-03-23,2026-03-21,2026-03-23,COMPLETED,0,4750,COMPLETED,NA
A004071,I00369,U0118,U0983,SELL,2025-10-21,2025-10-18,2025-10-21,COMPLETED,0,950,COMPLETED,NA
A004072,I04376,U0636,U0779,BORROW,2025-12-12,2025-12-11,2025-12-26,COMPLETED,14,1600,RETURNED,ON_TIME
A004073,I01747,U0349,U0600,GIVEAWAY,2025-10-28,2025-10-27,2025-10-28,COMPLETED,0,1200,COMPLETED,NA
A004074,I01052,U0711,U0944,BORROW,2025-12-21,2025-12-18,2025-12-26,COMPLETED,5,4300,RETURNED,ON_TIME
A004075,I01582,U0311,U0928,SELL,2026-06-13,2026-06-10,2026-06-13,COMPLETED,0,3350,COMPLETED,NA
A004076,I00877,U0877,U0670,BORROW,2026-05-07,2026-05-06,2026-05-09,COMPLETED,2,2500,RETURNED,LATE
A004077,I00627,U0050,U0226,BORROW,2025-10-18,2025-10-18,2025-11-08,COMPLETED,21,300,RETURNED,ON_TIME
A004078,I02044,U0930,U0451,GIVEAWAY,2026-04-29,2026-04-28,2026-04-29,COMPLETED,0,1900,COMPLETED,NA
A004079,I02567,U0487,U0012,BORROW,2026-01-15,2026-01-11,2026-01-22,COMPLETED,7,650,RETURNED,ON_TIME
A004080,I02152,U0519,U0043,BORROW,2025-12-31,2025-12-27,2026-01-05,COMPLETED,5,1000,RETURNED,ON_TIME
A004081,I00747,U0979,U0275,SELL,2025-11-10,2025-11-08,2025-11-10,COMPLETED,0,1500,COMPLETED,NA
A004082,I01464,U0947,U0736,SWAP,2026-01-25,2026-01-25,2026-01-25,COMPLETED,0,3450,COMPLETED,NA
A004083,I00782,U0190,U0499,SWAP,2026-07-20,2026-07-17,2026-07-20,COMPLETED,0,5550,COMPLETED,NA
A004084,I00768,U0995,U0811,SWAP,2025-09-16,2025-09-16,2025-09-16,COMPLETED,0,300,COMPLETED,NA
A004085,I03801,U0664,U0451,SWAP,2025-11-30,2025-11-30,2025-11-30,COMPLETED,0,1700,COMPLETED,NA
A004086,I03729,U0307,U0097,SELL,2026-06-16,2026-06-13,2026-06-16,COMPLETED,0,650,COMPLETED,NA
A004087,I02350,U0334,U0431,BORROW,2026-07-19,2026-07-15,2026-07-22,COMPLETED,3,1750,RETURNED,ON_TIME
A004088,I01229,U0956,U0776,BORROW,2026-07-08,2026-07-04,2026-07-10,COMPLETED,2,2100,RETURNED,ON_TIME
A004089,I01465,U0509,U0732,GIVEAWAY,2026-02-22,2026-02-22,2026-02-22,COMPLETED,0,150,COMPLETED,NA
A004090,I04641,U0945,U0692,BORROW,2025-09-02,2025-08-31,2025-09-09,COMPLETED,7,1650,RETURNED,ON_TIME
A004091,I04961,U0442,U0309,BORROW,2025-11-07,2025-11-05,2025-11-09,COMPLETED,2,1200,RETURNED,LATE
A004092,I04524,U0837,U0530,GIVEAWAY,2026-05-15,2026-05-11,2026-05-15,COMPLETED,0,1500,COMPLETED,NA
A004093,I04489,U0747,U0663,SWAP,2026-01-07,2026-01-07,2026-01-07,COMPLETED,0,1450,COMPLETED,NA
A004094,I02437,U0370,U0366,BORROW,2025-11-12,2025-11-12,2025-11-14,OVERDUE,2,2050,NOT_RETURNED,LATE
A004095,I02246,U0175,U0394,BORROW,2026-03-22,2026-03-22,2026-04-05,COMPLETED,14,1500,RETURNED,ON_TIME
A004096,I04926,U0349,U0178,BORROW,2025-09-24,2025-09-24,2025-09-27,COMPLETED,3,1600,RETURNED,ON_TIME
A004097,I01267,U0298,U0473,GIVEAWAY,2025-11-25,2025-11-22,2025-11-25,COMPLETED,0,1100,COMPLETED,NA
A004098,I00918,U0584,U0433,BORROW,2026-01-07,2026-01-05,2026-01-09,ACTIVE,2,550,NOT_RETURNED,PENDING
A004099,I04951,U0626,U0100,BORROW,2025-11-01,2025-10-31,2025-11-11,OVERDUE,10,1750,NOT_RETURNED,LATE
A004100,I01289,U0846,U0450,BORROW,2026-03-20,2026-03-18,2026-03-27,COMPLETED,7,5800,RETURNED,ON_TIME
A004101,I00210,U0036,U0588,BORROW,2025-10-03,2025-10-02,2025-10-24,COMPLETED,21,700,RETURNED,ON_TIME
A004102,I04597,U0625,U0522,GIVEAWAY,2025-11-15,2025-11-15,2025-11-15,COMPLETED,0,2950,COMPLETED,NA
A004103,I04961,U0200,U0309,SWAP,2026-02-27,2026-02-27,2026-02-27,COMPLETED,0,1200,COMPLETED,NA
A004104,I01005,U0336,U0287,SWAP,2026-04-12,2026-04-11,2026-04-12,COMPLETED,0,1550,COMPLETED,NA
A004105,I01775,U0968,U0114,BORROW,2026-05-31,2026-05-27,2026-06-05,COMPLETED,5,950,RETURNED,ON_TIME
A004106,I00657,U0977,U0306,BORROW,2026-05-13,2026-05-11,2026-06-03,COMPLETED,21,700,RETURNED,ON_TIME
A004107,I04865,U0533,U0501,BORROW,2026-07-07,2026-07-04,2026-07-10,COMPLETED,3,2100,RETURNED,ON_TIME
A004108,I00214,U0874,U0517,BORROW,2026-03-09,2026-03-06,2026-03-11,COMPLETED,2,2300,RETURNED,ON_TIME
A004109,I02252,U0502,U0715,SWAP,2025-11-05,2025-11-05,2025-11-05,COMPLETED,0,4150,COMPLETED,NA
A004110,I03941,U0750,U0713,BORROW,2026-03-13,2026-03-13,2026-03-23,COMPLETED,10,550,RETURNED,LATE
A004111,I02615,U0477,U0656,SELL,2025-11-20,2025-11-18,2025-11-20,COMPLETED,0,1950,COMPLETED,NA
A004112,I03531,U0642,U0077,SELL,2026-02-04,2026-02-01,2026-02-04,COMPLETED,0,1950,COMPLETED,NA
A004113,I03413,U0616,U0635,BORROW,2026-05-23,2026-05-20,2026-05-25,COMPLETED,2,300,RETURNED,ON_TIME
A004114,I04534,U0628,U0257,SWAP,2025-11-09,2025-11-05,2025-11-09,COMPLETED,0,1500,COMPLETED,NA
A004115,I04831,U0828,U0223,SWAP,2026-06-12,2026-06-09,2026-06-12,COMPLETED,0,1500,COMPLETED,NA
A004116,I00880,U0927,U0687,BORROW,2026-05-07,2026-05-06,2026-05-12,COMPLETED,5,800,RETURNED,ON_TIME
A004117,I00101,U0017,U0583,SWAP,2026-06-10,2026-06-07,2026-06-10,COMPLETED,0,650,COMPLETED,NA
A004118,I04986,U0360,U0786,BORROW,2025-12-12,2025-12-08,2025-12-15,COMPLETED,3,1900,RETURNED,LATE
A004119,I02551,U0082,U0954,BORROW,2026-02-21,2026-02-21,2026-02-23,ACTIVE,2,900,NOT_RETURNED,PENDING
A004120,I02415,U0869,U0704,SELL,2026-07-20,2026-07-17,2026-07-20,COMPLETED,0,650,COMPLETED,NA
A004121,I01397,U0484,U0339,SWAP,2026-04-02,2026-03-30,2026-04-02,COMPLETED,0,1450,COMPLETED,NA
A004122,I03950,U0788,U0968,BORROW,2025-12-12,2025-12-08,2025-12-17,COMPLETED,5,550,RETURNED,ON_TIME
A004123,I01267,U0332,U0473,BORROW,2025-11-10,2025-11-09,2025-12-01,COMPLETED,21,1100,RETURNED,ON_TIME
A004124,I00169,U0182,U0644,BORROW,2026-05-23,2026-05-22,2026-05-30,COMPLETED,7,800,RETURNED,ON_TIME
A004125,I03960,U0655,U0473,BORROW,2025-09-03,2025-09-02,2025-09-10,COMPLETED,7,450,RETURNED,ON_TIME
A004126,I00184,U0247,U0291,SELL,2026-07-04,2026-07-03,2026-07-04,COMPLETED,0,500,COMPLETED,NA
A004127,I03181,U0178,U0103,SELL,2025-09-10,2025-09-06,2025-09-10,COMPLETED,0,2400,COMPLETED,NA
A004128,I01196,U0672,U0927,SWAP,2026-05-06,2026-05-05,2026-05-06,COMPLETED,0,2200,COMPLETED,NA
A004129,I01402,U0273,U0701,BORROW,2025-11-17,2025-11-17,2025-12-01,COMPLETED,14,3400,RETURNED,LATE
A004130,I01364,U0961,U0316,BORROW,2026-04-30,2026-04-30,2026-05-07,ACTIVE,7,450,NOT_RETURNED,PENDING
A004131,I03145,U0561,U0702,BORROW,2026-04-05,2026-04-02,2026-04-19,COMPLETED,14,100,RETURNED,ON_TIME
A004132,I03672,U0253,U0547,SELL,2025-12-19,2025-12-16,2025-12-19,COMPLETED,0,950,COMPLETED,NA
A004133,I02928,U0788,U0102,GIVEAWAY,2026-03-04,2026-03-03,2026-03-04,COMPLETED,0,600,COMPLETED,NA
A004134,I04216,U0578,U0133,BORROW,2025-12-24,2025-12-20,2026-01-07,COMPLETED,14,200,RETURNED,ON_TIME
A004135,I04769,U0049,U0230,BORROW,2026-04-09,2026-04-08,2026-04-19,CANCELLED,10,4300,CANCELLED,PENDING
A004136,I02834,U0547,U0404,SWAP,2026-01-16,2026-01-15,2026-01-16,COMPLETED,0,900,COMPLETED,NA
A004137,I02059,U0329,U0992,BORROW,2026-06-06,2026-06-05,2026-06-08,OVERDUE,2,550,NOT_RETURNED,LATE
A004138,I00110,U0552,U0148,SWAP,2026-01-11,2026-01-11,2026-01-11,COMPLETED,0,150,COMPLETED,NA
A004139,I01095,U0124,U0986,BORROW,2025-12-20,2025-12-20,2025-12-27,COMPLETED,7,1500,RETURNED,ON_TIME
A004140,I04527,U0956,U0189,GIVEAWAY,2025-11-21,2025-11-20,2025-11-21,COMPLETED,0,900,COMPLETED,NA
A004141,I02108,U0304,U0185,BORROW,2025-12-10,2025-12-08,2025-12-13,COMPLETED,3,2450,RETURNED,ON_TIME
A004142,I05000,U0331,U0143,BORROW,2026-05-08,2026-05-07,2026-05-22,CANCELLED,14,350,CANCELLED,PENDING
A004143,I03019,U0900,U0443,BORROW,2026-06-29,2026-06-25,2026-07-20,CANCELLED,21,1500,CANCELLED,PENDING
A004144,I04542,U0725,U0251,SWAP,2026-06-28,2026-06-24,2026-06-28,COMPLETED,0,1100,COMPLETED,NA
A004145,I01085,U0133,U0478,BORROW,2026-01-13,2026-01-12,2026-01-15,COMPLETED,2,1050,RETURNED,ON_TIME
A004146,I04790,U0170,U0651,SWAP,2025-09-01,2025-09-01,2025-09-01,COMPLETED,0,500,COMPLETED,NA
A004147,I04269,U0850,U0566,SELL,2025-10-18,2025-10-16,2025-10-18,COMPLETED,0,1450,COMPLETED,NA
A004148,I04400,U0495,U0227,SWAP,2025-10-08,2025-10-04,2025-10-08,COMPLETED,0,800,COMPLETED,NA
A004149,I01376,U0922,U0577,SWAP,2025-09-06,2025-09-03,2025-09-06,COMPLETED,0,2550,COMPLETED,NA
A004150,I00392,U0563,U0145,BORROW,2026-07-09,2026-07-06,2026-07-11,COMPLETED,2,3250,RETURNED,ON_TIME
A004151,I01132,U0885,U0706,BORROW,2025-09-25,2025-09-23,2025-10-05,ACTIVE,10,950,NOT_RETURNED,PENDING
A004152,I03944,U0952,U0135,BORROW,2026-06-23,2026-06-23,2026-07-14,COMPLETED,21,400,RETURNED,LATE
A004153,I03452,U0733,U0032,BORROW,2025-12-30,2025-12-29,2026-01-09,CANCELLED,10,4200,CANCELLED,PENDING
A004154,I02295,U0350,U0746,BORROW,2026-07-25,2026-07-25,2026-08-04,COMPLETED,10,1500,RETURNED,ON_TIME
A004155,I02107,U0865,U0231,BORROW,2025-12-29,2025-12-29,2026-01-08,COMPLETED,10,1300,RETURNED,LATE
A004156,I02337,U0317,U0451,SELL,2026-02-02,2026-02-02,2026-02-02,COMPLETED,0,1200,COMPLETED,NA
A004157,I02124,U0208,U0730,BORROW,2026-03-23,2026-03-23,2026-04-13,COMPLETED,21,1300,RETURNED,ON_TIME
A004158,I04401,U0672,U0556,BORROW,2026-07-14,2026-07-10,2026-07-16,OVERDUE,2,700,NOT_RETURNED,LATE
A004159,I02778,U0516,U0427,BORROW,2025-11-23,2025-11-21,2025-12-14,OVERDUE,21,400,NOT_RETURNED,LATE
A004160,I02584,U0425,U0989,SWAP,2026-02-01,2026-01-29,2026-02-01,COMPLETED,0,2350,COMPLETED,NA
A004161,I04663,U0843,U0602,SWAP,2026-02-10,2026-02-09,2026-02-10,COMPLETED,0,1350,COMPLETED,NA
A004162,I04949,U0550,U0074,GIVEAWAY,2025-09-19,2025-09-18,2025-09-19,COMPLETED,0,3300,COMPLETED,NA
A004163,I04052,U0252,U0583,SWAP,2025-11-13,2025-11-09,2025-11-13,COMPLETED,0,5500,COMPLETED,NA
A004164,I03022,U0905,U0058,SWAP,2026-04-27,2026-04-26,2026-04-27,COMPLETED,0,2500,COMPLETED,NA
A004165,I00330,U0476,U0744,BORROW,2025-10-15,2025-10-12,2025-10-17,ACTIVE,2,950,NOT_RETURNED,PENDING
A004166,I00923,U0754,U0503,GIVEAWAY,2025-12-17,2025-12-15,2025-12-17,COMPLETED,0,450,COMPLETED,NA
A004167,I01275,U0495,U0141,GIVEAWAY,2026-06-11,2026-06-11,2026-06-11,COMPLETED,0,1850,COMPLETED,NA
A004168,I04227,U0292,U0425,SWAP,2026-04-15,2026-04-13,2026-04-15,COMPLETED,0,1600,COMPLETED,NA
A004169,I00440,U0188,U0591,BORROW,2026-06-06,2026-06-03,2026-06-08,COMPLETED,2,500,RETURNED,ON_TIME
A004170,I04160,U0856,U0134,BORROW,2026-07-06,2026-07-02,2026-07-27,COMPLETED,21,300,RETURNED,ON_TIME
A004171,I00721,U0153,U0518,SWAP,2025-12-09,2025-12-06,2025-12-09,COMPLETED,0,1000,COMPLETED,NA
A004172,I02922,U0140,U0040,BORROW,2026-07-07,2026-07-06,2026-07-12,COMPLETED,5,750,RETURNED,ON_TIME
A004173,I03216,U0856,U0846,GIVEAWAY,2026-01-24,2026-01-22,2026-01-24,COMPLETED,0,750,COMPLETED,NA
A004174,I01596,U0966,U0628,SELL,2026-01-20,2026-01-16,2026-01-20,COMPLETED,0,500,COMPLETED,NA
A004175,I04600,U0695,U0509,BORROW,2026-06-24,2026-06-24,2026-06-26,COMPLETED,2,1100,RETURNED,ON_TIME
A004176,I01948,U0350,U0666,SWAP,2026-01-26,2026-01-23,2026-01-26,COMPLETED,0,1450,COMPLETED,NA
A004177,I00393,U0536,U0341,SELL,2026-07-27,2026-07-27,2026-07-27,COMPLETED,0,1450,COMPLETED,NA
A004178,I02035,U0335,U0220,SWAP,2026-07-13,2026-07-09,2026-07-13,COMPLETED,0,200,COMPLETED,NA
A004179,I02740,U0979,U0269,SELL,2026-06-24,2026-06-22,2026-06-24,CANCELLED,0,550,CANCELLED,NA
A004180,I02654,U0091,U0629,BORROW,2025-11-10,2025-11-06,2025-11-24,OVERDUE,14,950,NOT_RETURNED,LATE
A004181,I00725,U0113,U0276,GIVEAWAY,2026-04-04,2026-04-04,2026-04-04,COMPLETED,0,800,COMPLETED,NA
A004182,I02543,U0054,U0485,SWAP,2026-04-11,2026-04-10,2026-04-11,COMPLETED,0,350,COMPLETED,NA
A004183,I02819,U0755,U0726,SELL,2025-12-22,2025-12-22,2025-12-22,CANCELLED,0,3300,CANCELLED,NA
A004184,I02679,U0270,U0883,SWAP,2025-09-29,2025-09-29,2025-09-29,COMPLETED,0,1200,COMPLETED,NA
A004185,I00213,U0474,U0290,GIVEAWAY,2026-06-14,2026-06-11,2026-06-14,COMPLETED,0,900,COMPLETED,NA
A004186,I00889,U0300,U0771,BORROW,2025-09-22,2025-09-18,2025-10-06,COMPLETED,14,950,RETURNED,LATE
A004187,I03671,U0576,U0231,BORROW,2026-04-28,2026-04-25,2026-05-03,COMPLETED,5,450,RETURNED,ON_TIME
A004188,I01960,U0133,U0490,SELL,2026-06-11,2026-06-10,2026-06-11,COMPLETED,0,1550,COMPLETED,NA
A004189,I04035,U0768,U0772,SELL,2026-02-23,2026-02-22,2026-02-23,COMPLETED,0,2200,COMPLETED,NA
A004190,I03476,U0217,U0408,SWAP,2025-11-02,2025-10-30,2025-11-02,COMPLETED,0,1350,COMPLETED,NA
A004191,I04917,U0640,U0928,BORROW,2025-10-17,2025-10-17,2025-10-24,COMPLETED,7,1650,RETURNED,ON_TIME
A004192,I01364,U0401,U0316,GIVEAWAY,2025-10-23,2025-10-19,2025-10-23,COMPLETED,0,450,COMPLETED,NA
A004193,I00458,U0826,U0163,SWAP,2026-03-21,2026-03-18,2026-03-21,COMPLETED,0,1850,COMPLETED,NA
A004194,I01035,U0246,U0101,BORROW,2025-10-03,2025-10-02,2025-10-06,CANCELLED,3,1150,CANCELLED,PENDING
A004195,I01693,U0505,U0468,SWAP,2026-04-12,2026-04-11,2026-04-12,COMPLETED,0,2000,COMPLETED,NA
A004196,I01087,U0367,U0818,SELL,2026-03-04,2026-02-28,2026-03-04,COMPLETED,0,2300,COMPLETED,NA
A004197,I02504,U0678,U0455,SWAP,2026-07-02,2026-07-01,2026-07-02,CANCELLED,0,950,CANCELLED,NA
A004198,I02734,U0180,U0087,GIVEAWAY,2026-05-26,2026-05-26,2026-05-26,COMPLETED,0,1450,COMPLETED,NA
A004199,I02031,U0972,U0967,BORROW,2026-07-07,2026-07-03,2026-07-17,COMPLETED,10,850,RETURNED,ON_TIME
A004200,I04549,U0334,U0609,BORROW,2025-11-09,2025-11-09,2025-11-12,COMPLETED,3,600,RETURNED,ON_TIME
A004201,I01354,U0098,U0594,BORROW,2026-01-16,2026-01-15,2026-01-19,CANCELLED,3,1500,CANCELLED,PENDING
A004202,I04637,U0022,U0177,BORROW,2025-09-09,2025-09-06,2025-09-12,COMPLETED,3,900,RETURNED,ON_TIME
A004203,I02194,U0566,U0230,BORROW,2026-06-16,2026-06-13,2026-06-21,COMPLETED,5,1150,RETURNED,ON_TIME
A004204,I01380,U0972,U0617,GIVEAWAY,2025-12-23,2025-12-22,2025-12-23,COMPLETED,0,1600,COMPLETED,NA
A004205,I03384,U0240,U0320,GIVEAWAY,2025-11-17,2025-11-16,2025-11-17,COMPLETED,0,3550,COMPLETED,NA
A004206,I00263,U0354,U0210,BORROW,2025-09-28,2025-09-28,2025-10-19,COMPLETED,21,400,RETURNED,ON_TIME
A004207,I04325,U0036,U0299,BORROW,2025-09-01,2025-08-31,2025-09-03,COMPLETED,2,1300,RETURNED,ON_TIME
A004208,I00020,U0128,U0075,BORROW,2026-05-26,2026-05-24,2026-06-02,ACTIVE,7,700,NOT_RETURNED,PENDING
A004209,I04247,U0954,U0489,BORROW,2026-04-30,2026-04-28,2026-05-02,COMPLETED,2,1100,RETURNED,ON_TIME
A004210,I00090,U0981,U0784,BORROW,2025-10-26,2025-10-22,2025-10-28,COMPLETED,2,450,RETURNED,ON_TIME
A004211,I03329,U0958,U0878,BORROW,2026-05-29,2026-05-27,2026-06-05,COMPLETED,7,3000,RETURNED,LATE
A004212,I03180,U0738,U0901,GIVEAWAY,2025-11-08,2025-11-05,2025-11-08,CANCELLED,0,1600,CANCELLED,NA
A004213,I04230,U0518,U0916,SELL,2026-03-17,2026-03-16,2026-03-17,COMPLETED,0,800,COMPLETED,NA
A004214,I02771,U0629,U0447,BORROW,2025-12-28,2025-12-24,2026-01-04,COMPLETED,7,550,RETURNED,ON_TIME
A004215,I02338,U0785,U0705,BORROW,2026-04-02,2026-04-01,2026-04-12,COMPLETED,10,850,RETURNED,ON_TIME
A004216,I03019,U0023,U0443,BORROW,2025-10-10,2025-10-09,2025-10-20,COMPLETED,10,1500,RETURNED,ON_TIME
A004217,I01981,U0553,U0671,BORROW,2026-02-03,2026-02-03,2026-02-24,COMPLETED,21,2800,RETURNED,ON_TIME
A004218,I03207,U0778,U0975,SELL,2026-05-18,2026-05-14,2026-05-18,COMPLETED,0,1450,COMPLETED,NA
A004219,I04619,U0847,U0025,BORROW,2025-09-27,2025-09-25,2025-09-30,COMPLETED,3,4000,RETURNED,ON_TIME
A004220,I01318,U0833,U0422,SWAP,2026-06-27,2026-06-24,2026-06-27,COMPLETED,0,1450,COMPLETED,NA
A004221,I03780,U0528,U0114,GIVEAWAY,2026-05-24,2026-05-20,2026-05-24,COMPLETED,0,950,COMPLETED,NA
A004222,I01319,U0435,U0247,GIVEAWAY,2026-06-24,2026-06-23,2026-06-24,COMPLETED,0,1800,COMPLETED,NA
A004223,I02494,U0219,U0790,SWAP,2026-05-10,2026-05-06,2026-05-10,COMPLETED,0,1150,COMPLETED,NA
A004224,I00854,U0006,U0817,SELL,2025-10-05,2025-10-02,2025-10-05,COMPLETED,0,900,COMPLETED,NA
A004225,I00408,U0727,U0742,GIVEAWAY,2025-09-10,2025-09-09,2025-09-10,COMPLETED,0,300,COMPLETED,NA
A004226,I02550,U0124,U0788,BORROW,2026-01-28,2026-01-24,2026-02-04,CANCELLED,7,1300,CANCELLED,PENDING
A004227,I02005,U0145,U0770,GIVEAWAY,2026-04-28,2026-04-28,2026-04-28,COMPLETED,0,100,COMPLETED,NA
A004228,I00736,U0094,U0512,SELL,2025-09-18,2025-09-17,2025-09-18,CANCELLED,0,700,CANCELLED,NA
A004229,I00215,U0691,U0358,GIVEAWAY,2025-11-03,2025-11-03,2025-11-03,COMPLETED,0,1750,COMPLETED,NA
A004230,I01530,U0653,U0892,SELL,2025-09-19,2025-09-19,2025-09-19,COMPLETED,0,350,COMPLETED,NA
A004231,I03192,U0460,U0221,BORROW,2026-03-09,2026-03-08,2026-03-30,ACTIVE,21,400,NOT_RETURNED,PENDING
A004232,I04286,U0973,U0251,BORROW,2025-10-26,2025-10-26,2025-11-02,OVERDUE,7,2850,NOT_RETURNED,LATE
A004233,I00668,U0880,U0958,BORROW,2026-07-20,2026-07-18,2026-07-27,ACTIVE,7,3450,NOT_RETURNED,PENDING
A004234,I03329,U0068,U0878,BORROW,2025-10-29,2025-10-25,2025-11-01,CANCELLED,3,3000,CANCELLED,PENDING
A004235,I03196,U0558,U0848,GIVEAWAY,2025-09-30,2025-09-28,2025-09-30,CANCELLED,0,700,CANCELLED,NA
A004236,I00397,U0687,U0758,GIVEAWAY,2025-12-20,2025-12-20,2025-12-20,COMPLETED,0,2900,COMPLETED,NA
A004237,I04758,U0548,U1000,GIVEAWAY,2026-07-27,2026-07-24,2026-07-27,COMPLETED,0,450,COMPLETED,NA
A004238,I00293,U0191,U0916,BORROW,2026-05-18,2026-05-14,2026-05-28,COMPLETED,10,350,RETURNED,ON_TIME
A004239,I04663,U0616,U0602,GIVEAWAY,2026-01-30,2026-01-28,2026-01-30,COMPLETED,0,1350,COMPLETED,NA
A004240,I03410,U0380,U0683,SWAP,2026-04-23,2026-04-20,2026-04-23,COMPLETED,0,350,COMPLETED,NA
A004241,I01948,U0950,U0666,SWAP,2026-01-27,2026-01-25,2026-01-27,COMPLETED,0,1450,COMPLETED,NA
A004242,I01976,U0906,U0537,GIVEAWAY,2026-01-30,2026-01-26,2026-01-30,COMPLETED,0,3150,COMPLETED,NA
A004243,I00846,U0637,U0629,GIVEAWAY,2026-01-07,2026-01-06,2026-01-07,COMPLETED,0,1850,COMPLETED,NA
A004244,I02626,U0804,U0341,SWAP,2026-03-21,2026-03-20,2026-03-21,COMPLETED,0,500,COMPLETED,NA
A004245,I03939,U0635,U0413,SWAP,2025-11-18,2025-11-16,2025-11-18,COMPLETED,0,1450,COMPLETED,NA
A004246,I03229,U0734,U0706,BORROW,2025-10-10,2025-10-07,2025-10-17,COMPLETED,7,1000,RETURNED,ON_TIME
A004247,I02391,U0576,U0538,SWAP,2025-12-07,2025-12-07,2025-12-07,COMPLETED,0,1450,COMPLETED,NA
A004248,I02521,U0303,U0938,BORROW,2026-03-19,2026-03-15,2026-03-29,COMPLETED,10,2450,RETURNED,ON_TIME
A004249,I02583,U0226,U0725,SELL,2026-04-03,2026-04-03,2026-04-03,COMPLETED,0,1700,COMPLETED,NA
A004250,I02562,U0009,U0309,BORROW,2026-06-28,2026-06-27,2026-07-03,COMPLETED,5,800,RETURNED,ON_TIME
A004251,I02521,U0644,U0938,BORROW,2025-11-30,2025-11-30,2025-12-05,OVERDUE,5,2450,NOT_RETURNED,LATE
A004252,I03948,U0698,U0208,GIVEAWAY,2026-02-17,2026-02-14,2026-02-17,CANCELLED,0,200,CANCELLED,NA
A004253,I01399,U0797,U0878,BORROW,2026-01-09,2026-01-05,2026-01-16,COMPLETED,7,1100,RETURNED,ON_TIME
A004254,I04569,U0819,U0989,BORROW,2026-04-13,2026-04-10,2026-04-23,COMPLETED,10,1750,RETURNED,ON_TIME
A004255,I04520,U0763,U0450,BORROW,2025-10-03,2025-10-02,2025-10-08,COMPLETED,5,700,RETURNED,LATE
A004256,I01844,U0562,U0468,SWAP,2025-10-31,2025-10-31,2025-10-31,COMPLETED,0,750,COMPLETED,NA
A004257,I03697,U0783,U0976,BORROW,2026-03-01,2026-02-28,2026-03-03,COMPLETED,2,2900,RETURNED,LATE
A004258,I02271,U0122,U0595,BORROW,2026-03-10,2026-03-10,2026-03-13,COMPLETED,3,2100,RETURNED,ON_TIME
A004259,I04423,U0873,U0694,SWAP,2026-06-15,2026-06-12,2026-06-15,COMPLETED,0,1050,COMPLETED,NA
A004260,I01787,U0978,U0055,BORROW,2025-09-15,2025-09-11,2025-09-17,ACTIVE,2,650,NOT_RETURNED,PENDING
A004261,I04936,U0047,U0925,SWAP,2025-10-09,2025-10-08,2025-10-09,COMPLETED,0,750,COMPLETED,NA
A004262,I00539,U0747,U0664,BORROW,2025-10-17,2025-10-14,2025-10-24,COMPLETED,7,1800,RETURNED,ON_TIME
A004263,I03012,U0893,U0240,SWAP,2026-04-11,2026-04-10,2026-04-11,COMPLETED,0,1050,COMPLETED,NA
A004264,I01998,U0080,U0720,SWAP,2026-03-03,2026-02-28,2026-03-03,COMPLETED,0,400,COMPLETED,NA
A004265,I03790,U0942,U0729,GIVEAWAY,2026-03-14,2026-03-10,2026-03-14,COMPLETED,0,500,COMPLETED,NA
A004266,I03673,U0544,U0345,SWAP,2026-05-10,2026-05-06,2026-05-10,COMPLETED,0,950,COMPLETED,NA
A004267,I04837,U0911,U0649,GIVEAWAY,2026-05-02,2026-05-02,2026-05-02,COMPLETED,0,1400,COMPLETED,NA
A004268,I00903,U0795,U0629,SWAP,2025-09-04,2025-09-03,2025-09-04,COMPLETED,0,2050,COMPLETED,NA
A004269,I01017,U0450,U0364,GIVEAWAY,2026-05-17,2026-05-14,2026-05-17,COMPLETED,0,400,COMPLETED,NA
A004270,I01815,U0115,U0839,SELL,2025-11-22,2025-11-20,2025-11-22,COMPLETED,0,2100,COMPLETED,NA
A004271,I02386,U0473,U0937,BORROW,2025-12-08,2025-12-06,2025-12-10,COMPLETED,2,350,RETURNED,ON_TIME
A004272,I00422,U0812,U0820,SWAP,2026-01-24,2026-01-21,2026-01-24,COMPLETED,0,3450,COMPLETED,NA
A004273,I00333,U0233,U0244,GIVEAWAY,2026-01-15,2026-01-15,2026-01-15,COMPLETED,0,1600,COMPLETED,NA
A004274,I03877,U0805,U0745,GIVEAWAY,2025-12-31,2025-12-28,2025-12-31,COMPLETED,0,500,COMPLETED,NA
A004275,I01609,U0568,U0404,SWAP,2026-02-13,2026-02-13,2026-02-13,COMPLETED,0,800,COMPLETED,NA
A004276,I00669,U0636,U0814,BORROW,2026-05-30,2026-05-28,2026-06-01,COMPLETED,2,2050,RETURNED,ON_TIME
A004277,I00079,U0771,U0998,BORROW,2025-11-10,2025-11-08,2025-11-20,COMPLETED,10,1200,RETURNED,ON_TIME
A004278,I02287,U0152,U0549,SELL,2026-01-31,2026-01-30,2026-01-31,COMPLETED,0,750,COMPLETED,NA
A004279,I02880,U0179,U0992,GIVEAWAY,2026-04-24,2026-04-23,2026-04-24,COMPLETED,0,450,COMPLETED,NA
A004280,I00022,U0447,U0108,BORROW,2026-01-13,2026-01-10,2026-01-16,COMPLETED,3,1750,RETURNED,ON_TIME
A004281,I01091,U0899,U0773,BORROW,2026-07-22,2026-07-20,2026-08-01,COMPLETED,10,350,RETURNED,ON_TIME
A004282,I00499,U0830,U0983,BORROW,2026-07-24,2026-07-21,2026-08-14,OVERDUE,21,850,NOT_RETURNED,LATE
A004283,I00568,U0102,U0419,SELL,2026-07-17,2026-07-16,2026-07-17,CANCELLED,0,450,CANCELLED,NA
A004284,I01999,U0968,U0341,SELL,2026-07-18,2026-07-15,2026-07-18,COMPLETED,0,950,COMPLETED,NA
A004285,I03001,U0613,U0330,SWAP,2025-12-10,2025-12-08,2025-12-10,COMPLETED,0,1300,COMPLETED,NA
A004286,I04414,U0090,U0730,SWAP,2026-06-20,2026-06-16,2026-06-20,COMPLETED,0,1600,COMPLETED,NA
A004287,I02972,U0531,U0500,SWAP,2026-02-07,2026-02-07,2026-02-07,COMPLETED,0,6150,COMPLETED,NA
A004288,I01976,U0514,U0537,BORROW,2026-07-06,2026-07-02,2026-07-16,COMPLETED,10,3150,RETURNED,ON_TIME
A004289,I02650,U0263,U0016,BORROW,2026-02-06,2026-02-05,2026-02-27,COMPLETED,21,1550,RETURNED,ON_TIME
A004290,I01211,U0408,U0027,BORROW,2025-12-28,2025-12-25,2025-12-31,COMPLETED,3,300,RETURNED,ON_TIME
A004291,I01520,U0508,U0434,BORROW,2026-07-08,2026-07-07,2026-07-10,COMPLETED,2,700,RETURNED,ON_TIME
A004292,I03952,U0726,U0357,SELL,2026-05-07,2026-05-04,2026-05-07,COMPLETED,0,1600,COMPLETED,NA
A004293,I04761,U0427,U0756,BORROW,2026-05-20,2026-05-20,2026-06-10,COMPLETED,21,1200,RETURNED,LATE
A004294,I00504,U0449,U0797,BORROW,2026-07-16,2026-07-14,2026-07-23,COMPLETED,7,3750,RETURNED,LATE
A004295,I02548,U0290,U0505,BORROW,2026-01-26,2026-01-22,2026-02-02,COMPLETED,7,800,RETURNED,ON_TIME
A004296,I00490,U0736,U0295,BORROW,2026-04-12,2026-04-12,2026-04-26,ACTIVE,14,350,NOT_RETURNED,PENDING
A004297,I03414,U0686,U0497,SELL,2026-03-10,2026-03-09,2026-03-10,COMPLETED,0,2550,COMPLETED,NA
A004298,I03561,U0650,U0398,BORROW,2026-02-17,2026-02-14,2026-02-20,CANCELLED,3,850,CANCELLED,PENDING
A004299,I02306,U0941,U0373,SWAP,2026-07-12,2026-07-11,2026-07-12,CANCELLED,0,950,CANCELLED,NA
A004300,I01129,U0243,U0658,GIVEAWAY,2025-09-13,2025-09-13,2025-09-13,COMPLETED,0,600,COMPLETED,NA
A004301,I04739,U0434,U0224,BORROW,2025-10-06,2025-10-06,2025-10-08,OVERDUE,2,2900,NOT_RETURNED,LATE
A004302,I00803,U0625,U0522,BORROW,2026-02-14,2026-02-11,2026-02-28,COMPLETED,14,700,RETURNED,ON_TIME
A004303,I02710,U0604,U0138,SWAP,2025-10-31,2025-10-31,2025-10-31,COMPLETED,0,1450,COMPLETED,NA
A004304,I02019,U0462,U0580,BORROW,2026-01-14,2026-01-12,2026-01-19,COMPLETED,5,2150,RETURNED,ON_TIME
A004305,I02880,U0779,U0992,SWAP,2025-10-31,2025-10-28,2025-10-31,COMPLETED,0,450,COMPLETED,NA
A004306,I02296,U0024,U0229,GIVEAWAY,2026-06-28,2026-06-28,2026-06-28,COMPLETED,0,800,COMPLETED,NA
A004307,I02531,U0016,U0022,SWAP,2026-01-10,2026-01-10,2026-01-10,COMPLETED,0,300,COMPLETED,NA
A004308,I02902,U0967,U0011,BORROW,2025-09-23,2025-09-21,2025-09-25,ACTIVE,2,2400,NOT_RETURNED,PENDING
A004309,I03643,U0654,U0773,SWAP,2026-02-05,2026-02-02,2026-02-05,COMPLETED,0,2300,COMPLETED,NA
A004310,I01248,U0991,U0135,BORROW,2026-05-17,2026-05-16,2026-05-20,COMPLETED,3,200,RETURNED,ON_TIME
A004311,I00143,U0260,U0726,SWAP,2026-03-20,2026-03-17,2026-03-20,COMPLETED,0,600,COMPLETED,NA
A004312,I04115,U0902,U0985,BORROW,2026-07-02,2026-06-30,2026-07-16,COMPLETED,14,1450,RETURNED,ON_TIME
A004313,I02032,U0958,U0585,BORROW,2026-02-17,2026-02-16,2026-02-20,ACTIVE,3,1350,NOT_RETURNED,PENDING
A004314,I01128,U0673,U0109,BORROW,2026-03-11,2026-03-09,2026-03-14,COMPLETED,3,400,RETURNED,ON_TIME
A004315,I00112,U0257,U0878,BORROW,2025-10-11,2025-10-11,2025-10-13,OVERDUE,2,1150,NOT_RETURNED,LATE
A004316,I00120,U0633,U0330,SELL,2025-12-11,2025-12-10,2025-12-11,COMPLETED,0,1350,COMPLETED,NA
A004317,I02328,U0510,U0889,SWAP,2026-02-21,2026-02-19,2026-02-21,COMPLETED,0,500,COMPLETED,NA
A004318,I00919,U0592,U0204,BORROW,2026-07-04,2026-07-02,2026-07-18,COMPLETED,14,850,RETURNED,ON_TIME
A004319,I04644,U0244,U0096,BORROW,2026-04-29,2026-04-29,2026-05-13,COMPLETED,14,4000,RETURNED,ON_TIME
A004320,I04167,U0137,U0371,GIVEAWAY,2026-07-09,2026-07-06,2026-07-09,COMPLETED,0,700,COMPLETED,NA
A004321,I03514,U0852,U0303,SELL,2026-01-11,2026-01-09,2026-01-11,COMPLETED,0,1200,COMPLETED,NA
A004322,I03451,U0185,U0017,BORROW,2026-02-19,2026-02-15,2026-02-24,COMPLETED,5,3200,RETURNED,ON_TIME
A004323,I03164,U0773,U0982,GIVEAWAY,2026-01-03,2025-12-31,2026-01-03,COMPLETED,0,600,COMPLETED,NA
A004324,I00648,U0895,U0434,BORROW,2026-06-04,2026-06-04,2026-06-09,OVERDUE,5,150,NOT_RETURNED,LATE
A004325,I00074,U0029,U0166,BORROW,2025-10-07,2025-10-05,2025-10-09,ACTIVE,2,1000,NOT_RETURNED,PENDING
A004326,I01561,U0614,U0465,BORROW,2025-12-22,2025-12-22,2026-01-12,COMPLETED,21,1450,RETURNED,ON_TIME
A004327,I04082,U0443,U0528,BORROW,2026-03-24,2026-03-20,2026-03-27,COMPLETED,3,5500,RETURNED,ON_TIME
A004328,I01181,U0743,U0026,BORROW,2025-09-08,2025-09-05,2025-09-22,COMPLETED,14,700,RETURNED,ON_TIME
A004329,I01931,U0752,U0061,BORROW,2025-12-10,2025-12-10,2025-12-17,ACTIVE,7,850,NOT_RETURNED,PENDING
A004330,I04003,U0560,U0299,BORROW,2026-06-11,2026-06-08,2026-06-16,COMPLETED,5,2450,RETURNED,LATE
A004331,I01089,U0489,U0474,BORROW,2026-05-19,2026-05-19,2026-05-21,COMPLETED,2,700,RETURNED,ON_TIME
A004332,I04276,U0814,U0291,BORROW,2025-09-04,2025-09-03,2025-09-07,COMPLETED,3,250,RETURNED,ON_TIME
A004333,I03204,U0039,U0609,GIVEAWAY,2026-05-04,2026-05-04,2026-05-04,COMPLETED,0,2500,COMPLETED,NA
A004334,I00444,U0469,U0160,BORROW,2026-06-05,2026-06-04,2026-06-19,OVERDUE,14,2250,NOT_RETURNED,LATE
A004335,I04276,U0368,U0291,BORROW,2026-04-29,2026-04-25,2026-05-04,COMPLETED,5,250,RETURNED,ON_TIME
A004336,I04286,U0486,U0251,BORROW,2026-07-23,2026-07-19,2026-08-13,ACTIVE,21,2850,NOT_RETURNED,PENDING
A004337,I01591,U0219,U0619,BORROW,2025-11-14,2025-11-10,2025-11-17,COMPLETED,3,3000,RETURNED,ON_TIME
A004338,I00815,U0307,U0235,BORROW,2026-01-07,2026-01-07,2026-01-21,COMPLETED,14,650,RETURNED,ON_TIME
A004339,I04885,U0748,U0777,BORROW,2025-10-18,2025-10-15,2025-10-23,ACTIVE,5,200,NOT_RETURNED,PENDING
A004340,I04029,U0174,U0235,SELL,2026-05-27,2026-05-25,2026-05-27,COMPLETED,0,1850,COMPLETED,NA
A004341,I00131,U0908,U0252,SELL,2026-05-03,2026-05-01,2026-05-03,COMPLETED,0,1200,COMPLETED,NA
A004342,I01397,U0295,U0339,BORROW,2026-04-14,2026-04-10,2026-04-28,COMPLETED,14,1450,RETURNED,ON_TIME
A004343,I01105,U0061,U0234,GIVEAWAY,2025-11-08,2025-11-07,2025-11-08,COMPLETED,0,100,COMPLETED,NA
A004344,I02529,U0642,U0983,BORROW,2025-11-10,2025-11-07,2025-11-13,COMPLETED,3,2050,RETURNED,ON_TIME
A004345,I02815,U0517,U0945,SWAP,2025-09-10,2025-09-10,2025-09-10,COMPLETED,0,100,COMPLETED,NA
A004346,I04060,U0983,U0785,SWAP,2026-05-16,2026-05-12,2026-05-16,COMPLETED,0,1250,COMPLETED,NA
A004347,I03187,U0101,U0268,GIVEAWAY,2025-12-11,2025-12-09,2025-12-11,COMPLETED,0,1950,COMPLETED,NA
A004348,I00095,U0611,U0809,BORROW,2026-04-02,2026-03-31,2026-04-16,COMPLETED,14,1750,RETURNED,ON_TIME
A004349,I02021,U0803,U0432,BORROW,2025-10-19,2025-10-18,2025-10-21,COMPLETED,2,1000,RETURNED,ON_TIME
A004350,I01619,U0834,U0045,SWAP,2025-12-15,2025-12-14,2025-12-15,COMPLETED,0,2500,COMPLETED,NA
A004351,I02599,U0676,U0398,BORROW,2026-06-25,2026-06-22,2026-06-30,COMPLETED,5,550,RETURNED,ON_TIME
A004352,I02944,U0544,U0044,BORROW,2025-10-21,2025-10-17,2025-11-11,CANCELLED,21,2350,CANCELLED,PENDING
A004353,I01786,U0148,U0025,SWAP,2025-10-20,2025-10-19,2025-10-20,COMPLETED,0,200,COMPLETED,NA
A004354,I03374,U0543,U0594,GIVEAWAY,2026-02-15,2026-02-15,2026-02-15,COMPLETED,0,1150,COMPLETED,NA
A004355,I02347,U0532,U0865,BORROW,2026-07-12,2026-07-10,2026-07-14,ACTIVE,2,600,NOT_RETURNED,PENDING
A004356,I01433,U0359,U0989,GIVEAWAY,2025-12-20,2025-12-16,2025-12-20,COMPLETED,0,550,COMPLETED,NA
A004357,I01717,U0177,U0937,SELL,2026-01-28,2026-01-24,2026-01-28,COMPLETED,0,2850,COMPLETED,NA
A004358,I03152,U0384,U0916,BORROW,2026-06-10,2026-06-06,2026-06-24,COMPLETED,14,2750,RETURNED,ON_TIME
A004359,I00635,U0151,U0900,GIVEAWAY,2026-01-02,2025-12-30,2026-01-02,COMPLETED,0,1950,COMPLETED,NA
A004360,I02910,U0481,U0993,SWAP,2026-06-02,2026-05-31,2026-06-02,COMPLETED,0,1250,COMPLETED,NA
A004361,I00131,U0390,U0252,BORROW,2026-01-11,2026-01-09,2026-01-13,COMPLETED,2,1200,RETURNED,ON_TIME
A004362,I04382,U0529,U0053,SWAP,2026-01-19,2026-01-16,2026-01-19,COMPLETED,0,3400,COMPLETED,NA
A004363,I00604,U0414,U0715,BORROW,2025-10-15,2025-10-14,2025-10-22,COMPLETED,7,800,RETURNED,ON_TIME
A004364,I02383,U0014,U0526,BORROW,2025-10-06,2025-10-05,2025-10-13,COMPLETED,7,1000,RETURNED,ON_TIME
A004365,I04225,U0751,U0806,GIVEAWAY,2026-02-03,2026-02-03,2026-02-03,COMPLETED,0,100,COMPLETED,NA
A004366,I02756,U0611,U0523,SELL,2026-04-12,2026-04-11,2026-04-12,COMPLETED,0,2900,COMPLETED,NA
A004367,I04144,U0213,U0194,BORROW,2026-06-16,2026-06-16,2026-06-30,ACTIVE,14,1200,NOT_RETURNED,PENDING
A004368,I01228,U0691,U0229,GIVEAWAY,2026-07-06,2026-07-02,2026-07-06,COMPLETED,0,1000,COMPLETED,NA
A004369,I00309,U0036,U0652,SWAP,2026-04-05,2026-04-05,2026-04-05,COMPLETED,0,1700,COMPLETED,NA
A004370,I01551,U0019,U0562,SELL,2026-05-18,2026-05-17,2026-05-18,COMPLETED,0,1150,COMPLETED,NA
A004371,I04058,U0980,U0021,BORROW,2025-11-05,2025-11-02,2025-11-07,ACTIVE,2,2450,NOT_RETURNED,PENDING
A004372,I02333,U0063,U0525,BORROW,2025-10-19,2025-10-17,2025-11-09,COMPLETED,21,500,RETURNED,ON_TIME
A004373,I02126,U0925,U0529,BORROW,2025-10-30,2025-10-26,2025-11-20,COMPLETED,21,2600,RETURNED,ON_TIME
A004374,I01889,U0434,U0816,BORROW,2025-09-27,2025-09-24,2025-10-07,COMPLETED,10,4850,RETURNED,ON_TIME
A004375,I03574,U0887,U0462,GIVEAWAY,2026-02-04,2026-02-01,2026-02-04,CANCELLED,0,2350,CANCELLED,NA
A004376,I02652,U0975,U0713,BORROW,2026-05-17,2026-05-14,2026-06-07,ACTIVE,21,350,NOT_RETURNED,PENDING
A004377,I02207,U0915,U0965,BORROW,2026-07-02,2026-06-28,2026-07-16,COMPLETED,14,1550,RETURNED,ON_TIME
A004378,I04227,U0715,U0425,BORROW,2025-09-23,2025-09-20,2025-10-14,COMPLETED,21,1600,RETURNED,ON_TIME
A004379,I04826,U0743,U0483,BORROW,2025-10-16,2025-10-14,2025-10-18,CANCELLED,2,1450,CANCELLED,PENDING
A004380,I03938,U0605,U0627,GIVEAWAY,2025-12-08,2025-12-08,2025-12-08,COMPLETED,0,1000,COMPLETED,NA
A004381,I00845,U0612,U0003,GIVEAWAY,2025-12-04,2025-12-02,2025-12-04,COMPLETED,0,900,COMPLETED,NA
A004382,I02817,U0434,U0056,SELL,2026-04-21,2026-04-17,2026-04-21,COMPLETED,0,1650,COMPLETED,NA
A004383,I01042,U0350,U0946,SELL,2026-03-25,2026-03-22,2026-03-25,COMPLETED,0,2700,COMPLETED,NA
A004384,I02264,U0642,U0648,BORROW,2026-03-08,2026-03-08,2026-03-13,COMPLETED,5,400,RETURNED,ON_TIME
A004385,I00993,U0149,U0890,BORROW,2026-01-06,2026-01-05,2026-01-16,COMPLETED,10,2100,RETURNED,ON_TIME
A004386,I02341,U0311,U0776,GIVEAWAY,2026-05-17,2026-05-15,2026-05-17,COMPLETED,0,2950,COMPLETED,NA
A004387,I00748,U0219,U0956,BORROW,2025-11-10,2025-11-08,2025-12-01,COMPLETED,21,650,RETURNED,ON_TIME
A004388,I00253,U0685,U0076,SWAP,2026-01-07,2026-01-07,2026-01-07,COMPLETED,0,1700,COMPLETED,NA
A004389,I01619,U0323,U0045,SELL,2026-05-05,2026-05-01,2026-05-05,COMPLETED,0,2500,COMPLETED,NA
A004390,I03962,U0595,U0004,GIVEAWAY,2025-10-17,2025-10-17,2025-10-17,COMPLETED,0,4200,COMPLETED,NA
A004391,I01215,U0878,U0640,BORROW,2025-11-05,2025-11-01,2025-11-07,COMPLETED,2,1550,RETURNED,ON_TIME
A004392,I01608,U0599,U0463,GIVEAWAY,2025-09-14,2025-09-11,2025-09-14,COMPLETED,0,250,COMPLETED,NA
A004393,I00052,U0271,U0429,SELL,2026-03-20,2026-03-18,2026-03-20,CANCELLED,0,3150,CANCELLED,NA
A004394,I02723,U0674,U0015,BORROW,2026-05-17,2026-05-14,2026-05-27,COMPLETED,10,400,RETURNED,ON_TIME
A004395,I00030,U0701,U0207,SWAP,2026-03-08,2026-03-08,2026-03-08,COMPLETED,0,1750,COMPLETED,NA
A004396,I02769,U0186,U0035,GIVEAWAY,2026-05-28,2026-05-24,2026-05-28,COMPLETED,0,1900,COMPLETED,NA
A004397,I00120,U0062,U0330,BORROW,2026-03-09,2026-03-08,2026-03-14,COMPLETED,5,1350,RETURNED,ON_TIME
A004398,I02537,U0018,U0652,SELL,2025-12-16,2025-12-13,2025-12-16,COMPLETED,0,1500,COMPLETED,NA
A004399,I01183,U0243,U0906,GIVEAWAY,2026-03-13,2026-03-09,2026-03-13,COMPLETED,0,1800,COMPLETED,NA
A004400,I01056,U0345,U0676,GIVEAWAY,2026-05-11,2026-05-07,2026-05-11,COMPLETED,0,1850,COMPLETED,NA
A004401,I00115,U0534,U0300,BORROW,2026-06-23,2026-06-22,2026-06-26,ACTIVE,3,100,NOT_RETURNED,PENDING
A004402,I03385,U0090,U0219,SWAP,2026-07-16,2026-07-12,2026-07-16,COMPLETED,0,150,COMPLETED,NA
A004403,I03895,U0117,U0947,BORROW,2026-01-25,2026-01-22,2026-02-04,COMPLETED,10,100,RETURNED,ON_TIME
A004404,I01002,U0494,U0184,GIVEAWAY,2026-05-17,2026-05-13,2026-05-17,COMPLETED,0,850,COMPLETED,NA
A004405,I01962,U0013,U0912,SELL,2026-07-06,2026-07-02,2026-07-06,COMPLETED,0,800,COMPLETED,NA
A004406,I02803,U0958,U0765,SWAP,2026-04-28,2026-04-24,2026-04-28,COMPLETED,0,1100,COMPLETED,NA
A004407,I02607,U0919,U0136,GIVEAWAY,2026-06-01,2026-05-29,2026-06-01,COMPLETED,0,1400,COMPLETED,NA
A004408,I02372,U0391,U0579,BORROW,2025-09-11,2025-09-10,2025-09-16,COMPLETED,5,6650,RETURNED,ON_TIME
A004409,I03706,U0722,U0054,GIVEAWAY,2026-01-06,2026-01-03,2026-01-06,COMPLETED,0,650,COMPLETED,NA
A004410,I00004,U0326,U0501,SWAP,2025-11-07,2025-11-07,2025-11-07,COMPLETED,0,2000,COMPLETED,NA
A004411,I04225,U0060,U0806,BORROW,2025-12-23,2025-12-20,2026-01-02,COMPLETED,10,100,RETURNED,ON_TIME
A004412,I01155,U0729,U0197,SWAP,2026-04-19,2026-04-18,2026-04-19,COMPLETED,0,800,COMPLETED,NA
A004413,I01698,U0157,U0955,SWAP,2025-11-17,2025-11-15,2025-11-17,CANCELLED,0,200,CANCELLED,NA
A004414,I01056,U0628,U0676,BORROW,2025-11-09,2025-11-09,2025-11-30,COMPLETED,21,1850,RETURNED,LATE
A004415,I01229,U0652,U0776,BORROW,2025-10-11,2025-10-07,2025-10-13,COMPLETED,2,2100,RETURNED,ON_TIME
A004416,I03906,U0330,U0187,BORROW,2025-11-20,2025-11-18,2025-11-22,COMPLETED,2,1100,RETURNED,ON_TIME
A004417,I02577,U0473,U0292,BORROW,2026-05-30,2026-05-26,2026-06-09,ACTIVE,10,450,NOT_RETURNED,PENDING
A004418,I02061,U0904,U0833,BORROW,2026-06-30,2026-06-27,2026-07-10,COMPLETED,10,1200,RETURNED,ON_TIME
A004419,I01706,U0549,U0707,BORROW,2026-07-17,2026-07-17,2026-07-24,ACTIVE,7,700,NOT_RETURNED,PENDING
A004420,I03845,U0351,U0182,BORROW,2026-01-08,2026-01-06,2026-01-29,ACTIVE,21,1050,NOT_RETURNED,PENDING
A004421,I03821,U0535,U0197,BORROW,2025-11-27,2025-11-24,2025-11-29,COMPLETED,2,1050,RETURNED,ON_TIME
A004422,I00362,U0148,U0811,BORROW,2025-10-22,2025-10-18,2025-10-29,COMPLETED,7,5200,RETURNED,ON_TIME
A004423,I01920,U0338,U0175,BORROW,2025-09-10,2025-09-07,2025-10-01,ACTIVE,21,900,NOT_RETURNED,PENDING
A004424,I01751,U0025,U0465,SWAP,2026-06-22,2026-06-18,2026-06-22,COMPLETED,0,700,COMPLETED,NA
A004425,I02900,U0054,U0581,SWAP,2026-06-01,2026-06-01,2026-06-01,COMPLETED,0,400,COMPLETED,NA
A004426,I01827,U0853,U0916,BORROW,2025-11-19,2025-11-16,2025-11-26,COMPLETED,7,750,RETURNED,ON_TIME
A004427,I02730,U0934,U0560,BORROW,2026-07-28,2026-07-28,2026-07-30,COMPLETED,2,1750,RETURNED,ON_TIME
A004428,I02962,U0155,U0805,SWAP,2026-02-11,2026-02-11,2026-02-11,COMPLETED,0,2550,COMPLETED,NA
A004429,I00592,U0859,U0417,GIVEAWAY,2025-11-07,2025-11-03,2025-11-07,COMPLETED,0,2050,COMPLETED,NA
A004430,I01857,U0868,U0165,GIVEAWAY,2026-01-28,2026-01-27,2026-01-28,COMPLETED,0,1800,COMPLETED,NA
A004431,I01465,U0391,U0732,BORROW,2026-04-23,2026-04-21,2026-05-07,COMPLETED,14,150,RETURNED,ON_TIME
A004432,I01438,U0956,U0536,BORROW,2025-12-22,2025-12-19,2025-12-29,COMPLETED,7,1700,RETURNED,ON_TIME
A004433,I00813,U0038,U0361,SWAP,2025-09-17,2025-09-17,2025-09-17,COMPLETED,0,1100,COMPLETED,NA
A004434,I02929,U0168,U0284,BORROW,2026-04-22,2026-04-22,2026-04-27,COMPLETED,5,950,RETURNED,ON_TIME
A004435,I03316,U0438,U0101,BORROW,2026-02-27,2026-02-24,2026-03-04,COMPLETED,5,750,RETURNED,ON_TIME
A004436,I04211,U0609,U0785,SWAP,2026-06-06,2026-06-04,2026-06-06,COMPLETED,0,650,COMPLETED,NA
A004437,I03478,U0996,U0774,BORROW,2025-09-17,2025-09-16,2025-09-19,COMPLETED,2,950,RETURNED,LATE
A004438,I01645,U0581,U0669,BORROW,2026-01-29,2026-01-28,2026-02-03,COMPLETED,5,150,RETURNED,ON_TIME
A004439,I00822,U0808,U0058,BORROW,2026-01-21,2026-01-19,2026-01-31,COMPLETED,10,900,RETURNED,ON_TIME
A004440,I00602,U0068,U0457,BORROW,2025-12-25,2025-12-25,2026-01-08,COMPLETED,14,6400,RETURNED,ON_TIME
A004441,I01918,U0520,U0861,BORROW,2025-10-21,2025-10-17,2025-10-26,OVERDUE,5,1400,NOT_RETURNED,LATE
A004442,I02312,U0651,U0256,BORROW,2026-01-22,2026-01-18,2026-01-27,COMPLETED,5,5150,RETURNED,ON_TIME
A004443,I04647,U0895,U0914,GIVEAWAY,2026-05-11,2026-05-09,2026-05-11,COMPLETED,0,1050,COMPLETED,NA
A004444,I02788,U0339,U0754,GIVEAWAY,2025-12-18,2025-12-14,2025-12-18,COMPLETED,0,800,COMPLETED,NA
A004445,I04316,U0672,U0251,BORROW,2025-09-21,2025-09-18,2025-09-23,COMPLETED,2,1300,RETURNED,ON_TIME
A004446,I00422,U0896,U0820,GIVEAWAY,2026-01-04,2026-01-01,2026-01-04,COMPLETED,0,3450,COMPLETED,NA
A004447,I02554,U0590,U0421,SWAP,2026-04-11,2026-04-11,2026-04-11,COMPLETED,0,2250,COMPLETED,NA
A004448,I04473,U0152,U0298,GIVEAWAY,2025-09-04,2025-09-02,2025-09-04,COMPLETED,0,1050,COMPLETED,NA
A004449,I01266,U0008,U0041,BORROW,2025-10-16,2025-10-13,2025-10-21,COMPLETED,5,1650,RETURNED,ON_TIME
A004450,I01211,U0903,U0027,GIVEAWAY,2026-01-26,2026-01-26,2026-01-26,COMPLETED,0,300,COMPLETED,NA
A004451,I00327,U0163,U0673,SWAP,2026-02-06,2026-02-06,2026-02-06,COMPLETED,0,1400,COMPLETED,NA
A004452,I04649,U0915,U0363,BORROW,2025-12-24,2025-12-23,2025-12-26,COMPLETED,2,4450,RETURNED,ON_TIME
A004453,I02646,U0389,U0185,GIVEAWAY,2026-05-28,2026-05-27,2026-05-28,COMPLETED,0,1450,COMPLETED,NA
A004454,I04163,U0623,U0342,SWAP,2026-02-05,2026-02-04,2026-02-05,COMPLETED,0,300,COMPLETED,NA
A004455,I03749,U0330,U0139,GIVEAWAY,2025-10-28,2025-10-26,2025-10-28,COMPLETED,0,4500,COMPLETED,NA
A004456,I01494,U0716,U0857,GIVEAWAY,2026-06-03,2026-06-01,2026-06-03,COMPLETED,0,1950,COMPLETED,NA
A004457,I01279,U0119,U0499,BORROW,2025-12-07,2025-12-03,2025-12-17,COMPLETED,10,1400,RETURNED,ON_TIME
A004458,I03927,U0460,U0811,BORROW,2026-04-29,2026-04-29,2026-05-01,COMPLETED,2,350,RETURNED,ON_TIME
A004459,I03323,U0437,U0728,BORROW,2026-02-25,2026-02-22,2026-03-02,COMPLETED,5,250,RETURNED,ON_TIME
A004460,I02947,U0705,U0537,GIVEAWAY,2026-06-11,2026-06-10,2026-06-11,COMPLETED,0,2950,COMPLETED,NA
A004461,I00261,U0521,U0168,BORROW,2025-10-07,2025-10-07,2025-10-17,COMPLETED,10,500,RETURNED,LATE
A004462,I03818,U0453,U0046,SELL,2026-02-12,2026-02-12,2026-02-12,COMPLETED,0,1200,COMPLETED,NA
A004463,I02818,U0185,U0335,GIVEAWAY,2026-02-21,2026-02-20,2026-02-21,COMPLETED,0,1550,COMPLETED,NA
A004464,I01411,U0519,U0726,SELL,2025-12-08,2025-12-08,2025-12-08,COMPLETED,0,1400,COMPLETED,NA
A004465,I01425,U0678,U0660,SWAP,2026-05-23,2026-05-19,2026-05-23,CANCELLED,0,600,CANCELLED,NA
A004466,I00163,U0910,U0480,SWAP,2026-02-13,2026-02-13,2026-02-13,COMPLETED,0,2300,COMPLETED,NA
A004467,I00324,U0970,U0825,BORROW,2025-10-13,2025-10-10,2025-10-18,CANCELLED,5,4050,CANCELLED,PENDING
A004468,I04048,U0322,U0374,BORROW,2026-04-22,2026-04-21,2026-04-24,COMPLETED,2,500,RETURNED,ON_TIME
A004469,I00564,U0198,U0349,SELL,2026-05-12,2026-05-12,2026-05-12,CANCELLED,0,1050,CANCELLED,NA
A004470,I02174,U0459,U0406,BORROW,2026-02-26,2026-02-24,2026-03-12,COMPLETED,14,750,RETURNED,ON_TIME
A004471,I04491,U0005,U0109,SELL,2026-05-31,2026-05-31,2026-05-31,COMPLETED,0,750,COMPLETED,NA
A004472,I03552,U0296,U0125,BORROW,2026-04-29,2026-04-29,2026-05-20,COMPLETED,21,900,RETURNED,ON_TIME
A004473,I02691,U0834,U0087,BORROW,2025-11-28,2025-11-24,2025-12-03,COMPLETED,5,1250,RETURNED,ON_TIME
A004474,I01798,U0721,U0883,BORROW,2026-05-27,2026-05-27,2026-06-03,COMPLETED,7,1550,RETURNED,ON_TIME
A004475,I01572,U0648,U0388,BORROW,2025-10-17,2025-10-16,2025-10-31,CANCELLED,14,1150,CANCELLED,PENDING
A004476,I00042,U0827,U0587,BORROW,2025-09-23,2025-09-23,2025-09-26,ACTIVE,3,700,NOT_RETURNED,PENDING
A004477,I02043,U0957,U0530,SWAP,2026-04-16,2026-04-12,2026-04-16,CANCELLED,0,2050,CANCELLED,NA
A004478,I04190,U0370,U0316,SWAP,2026-03-15,2026-03-12,2026-03-15,COMPLETED,0,200,COMPLETED,NA
A004479,I02391,U0950,U0538,SELL,2025-12-18,2025-12-14,2025-12-18,COMPLETED,0,1450,COMPLETED,NA
A004480,I03969,U0915,U0444,SELL,2026-05-18,2026-05-16,2026-05-18,COMPLETED,0,950,COMPLETED,NA
A004481,I02580,U0880,U0558,GIVEAWAY,2026-04-22,2026-04-18,2026-04-22,COMPLETED,0,1550,COMPLETED,NA
A004482,I01085,U0681,U0478,SELL,2025-10-24,2025-10-23,2025-10-24,COMPLETED,0,1050,COMPLETED,NA
A004483,I01833,U0621,U0188,SELL,2026-01-22,2026-01-19,2026-01-22,COMPLETED,0,1400,COMPLETED,NA
A004484,I02785,U0107,U0805,SELL,2026-03-23,2026-03-23,2026-03-23,COMPLETED,0,50,COMPLETED,NA
A004485,I01677,U0067,U0949,GIVEAWAY,2026-07-19,2026-07-16,2026-07-19,COMPLETED,0,700,COMPLETED,NA
A004486,I03533,U0065,U0182,BORROW,2025-10-04,2025-10-04,2025-10-18,COMPLETED,14,650,RETURNED,ON_TIME
A004487,I01761,U0532,U0903,GIVEAWAY,2026-05-09,2026-05-06,2026-05-09,COMPLETED,0,1750,COMPLETED,NA
A004488,I02869,U0986,U0210,BORROW,2026-03-09,2026-03-06,2026-03-12,ACTIVE,3,1100,NOT_RETURNED,PENDING
A004489,I01467,U0758,U0438,BORROW,2026-04-07,2026-04-04,2026-04-17,COMPLETED,10,1700,RETURNED,ON_TIME
A004490,I04962,U0303,U0891,BORROW,2026-07-08,2026-07-06,2026-07-29,OVERDUE,21,250,NOT_RETURNED,LATE
A004491,I04417,U0176,U0995,BORROW,2026-05-02,2026-04-30,2026-05-23,COMPLETED,21,600,RETURNED,LATE
A004492,I00628,U0925,U0512,SWAP,2026-06-19,2026-06-18,2026-06-19,COMPLETED,0,1250,COMPLETED,NA
A004493,I04223,U0345,U0956,BORROW,2026-01-14,2026-01-12,2026-01-19,COMPLETED,5,500,RETURNED,ON_TIME
A004494,I00955,U0137,U0365,SELL,2026-05-10,2026-05-10,2026-05-10,COMPLETED,0,100,COMPLETED,NA
A004495,I04987,U0152,U0329,BORROW,2026-05-14,2026-05-10,2026-05-21,COMPLETED,7,2700,RETURNED,ON_TIME
A004496,I01740,U0460,U0242,SWAP,2026-07-07,2026-07-07,2026-07-07,COMPLETED,0,1450,COMPLETED,NA
A004497,I02859,U0195,U0333,BORROW,2026-01-16,2026-01-15,2026-01-19,ACTIVE,3,1100,NOT_RETURNED,PENDING
A004498,I01961,U0616,U0991,SELL,2025-11-25,2025-11-24,2025-11-25,COMPLETED,0,1150,COMPLETED,NA
A004499,I00860,U0880,U0939,SWAP,2025-09-24,2025-09-22,2025-09-24,COMPLETED,0,500,COMPLETED,NA
A004500,I03330,U0198,U0336,GIVEAWAY,2025-11-04,2025-11-03,2025-11-04,COMPLETED,0,1050,COMPLETED,NA
A004501,I00709,U0884,U0216,SELL,2026-04-26,2026-04-24,2026-04-26,COMPLETED,0,500,COMPLETED,NA
A004502,I04381,U0909,U0073,BORROW,2025-11-28,2025-11-27,2025-12-01,COMPLETED,3,1450,RETURNED,ON_TIME
A004503,I03122,U0400,U0708,SWAP,2025-09-05,2025-09-02,2025-09-05,COMPLETED,0,6400,COMPLETED,NA
A004504,I02920,U0196,U0756,GIVEAWAY,2025-12-22,2025-12-21,2025-12-22,COMPLETED,0,700,COMPLETED,NA
A004505,I01280,U0687,U0130,BORROW,2026-04-26,2026-04-25,2026-05-03,CANCELLED,7,250,CANCELLED,PENDING
A004506,I03441,U0804,U0025,GIVEAWAY,2026-01-21,2026-01-19,2026-01-21,COMPLETED,0,2100,COMPLETED,NA
A004507,I00926,U0038,U0572,BORROW,2026-03-11,2026-03-10,2026-03-13,COMPLETED,2,1250,RETURNED,ON_TIME
A004508,I02874,U0795,U0992,BORROW,2026-05-28,2026-05-26,2026-06-18,COMPLETED,21,1550,RETURNED,ON_TIME
A004509,I00437,U0473,U0916,BORROW,2026-03-08,2026-03-08,2026-03-22,ACTIVE,14,600,NOT_RETURNED,PENDING
A004510,I01986,U0091,U0432,SELL,2025-09-07,2025-09-04,2025-09-07,COMPLETED,0,1800,COMPLETED,NA
A004511,I04863,U0506,U0371,BORROW,2026-03-14,2026-03-10,2026-04-04,OVERDUE,21,550,NOT_RETURNED,LATE
A004512,I03421,U0623,U0412,BORROW,2026-06-12,2026-06-12,2026-06-17,COMPLETED,5,2200,RETURNED,ON_TIME
A004513,I02773,U0329,U0651,BORROW,2025-12-23,2025-12-23,2025-12-30,COMPLETED,7,850,RETURNED,ON_TIME
A004514,I01160,U0226,U0227,GIVEAWAY,2025-09-08,2025-09-04,2025-09-08,COMPLETED,0,700,COMPLETED,NA
A004515,I02275,U0402,U0658,GIVEAWAY,2026-04-23,2026-04-22,2026-04-23,COMPLETED,0,50,COMPLETED,NA
A004516,I03744,U0350,U0368,SWAP,2025-09-06,2025-09-06,2025-09-06,COMPLETED,0,3700,COMPLETED,NA
A004517,I04856,U0999,U0549,SELL,2025-09-26,2025-09-24,2025-09-26,COMPLETED,0,2950,COMPLETED,NA
A004518,I04345,U0053,U0685,BORROW,2025-09-01,2025-08-31,2025-09-04,COMPLETED,3,100,RETURNED,ON_TIME
A004519,I02369,U0358,U0662,BORROW,2025-09-06,2025-09-03,2025-09-13,ACTIVE,7,1350,NOT_RETURNED,PENDING
A004520,I01060,U0428,U0748,BORROW,2025-12-05,2025-12-01,2025-12-26,CANCELLED,21,1550,CANCELLED,PENDING
A004521,I04421,U0410,U0717,BORROW,2026-02-14,2026-02-12,2026-02-16,COMPLETED,2,1050,RETURNED,ON_TIME
A004522,I00566,U0766,U0616,SWAP,2025-12-30,2025-12-30,2025-12-30,CANCELLED,0,3250,CANCELLED,NA
A004523,I02123,U0232,U0806,BORROW,2026-07-05,2026-07-03,2026-07-15,COMPLETED,10,650,RETURNED,LATE
A004524,I00228,U0203,U0158,SWAP,2026-02-13,2026-02-12,2026-02-13,COMPLETED,0,450,COMPLETED,NA
A004525,I04561,U0472,U0149,SWAP,2026-05-18,2026-05-18,2026-05-18,COMPLETED,0,2100,COMPLETED,NA
A004526,I01667,U0918,U0183,BORROW,2025-09-19,2025-09-18,2025-09-22,ACTIVE,3,1250,NOT_RETURNED,PENDING
A004527,I04138,U0038,U0687,SWAP,2026-01-12,2026-01-09,2026-01-12,COMPLETED,0,1400,COMPLETED,NA
A004528,I01280,U0215,U0130,GIVEAWAY,2026-02-20,2026-02-19,2026-02-20,CANCELLED,0,250,CANCELLED,NA
A004529,I00361,U0713,U0386,BORROW,2026-05-31,2026-05-28,2026-06-07,COMPLETED,7,2300,RETURNED,ON_TIME
A004530,I04759,U0285,U0593,BORROW,2025-10-05,2025-10-03,2025-10-10,COMPLETED,5,1000,RETURNED,ON_TIME
A004531,I01775,U0992,U0114,SELL,2025-12-23,2025-12-22,2025-12-23,COMPLETED,0,950,COMPLETED,NA
A004532,I03719,U0807,U0461,SELL,2025-12-03,2025-12-01,2025-12-03,COMPLETED,0,2200,COMPLETED,NA
A004533,I02327,U0185,U0877,SELL,2026-01-23,2026-01-22,2026-01-23,COMPLETED,0,800,COMPLETED,NA
A004534,I04890,U0343,U0163,BORROW,2025-10-16,2025-10-12,2025-10-23,ACTIVE,7,450,NOT_RETURNED,PENDING
A004535,I00071,U0878,U0208,SWAP,2026-03-25,2026-03-25,2026-03-25,COMPLETED,0,500,COMPLETED,NA
A004536,I00838,U0843,U0130,GIVEAWAY,2026-01-14,2026-01-14,2026-01-14,COMPLETED,0,1000,COMPLETED,NA
A004537,I04702,U0428,U0108,BORROW,2026-06-08,2026-06-07,2026-06-29,COMPLETED,21,1500,RETURNED,ON_TIME
A004538,I00196,U0821,U0012,BORROW,2026-06-01,2026-06-01,2026-06-04,CANCELLED,3,600,CANCELLED,PENDING
A004539,I01449,U0809,U0457,BORROW,2025-09-16,2025-09-12,2025-09-18,COMPLETED,2,1800,RETURNED,ON_TIME
A004540,I03027,U0162,U0244,BORROW,2026-04-02,2026-04-01,2026-04-07,COMPLETED,5,450,RETURNED,ON_TIME
A004541,I01966,U0798,U0991,SELL,2026-01-28,2026-01-26,2026-01-28,COMPLETED,0,600,COMPLETED,NA
A004542,I02522,U0470,U0041,SWAP,2025-12-02,2025-11-30,2025-12-02,COMPLETED,0,3500,COMPLETED,NA
A004543,I04057,U0332,U0931,BORROW,2026-03-26,2026-03-25,2026-04-05,ACTIVE,10,2550,NOT_RETURNED,PENDING
A004544,I03308,U0989,U0039,SWAP,2025-12-29,2025-12-29,2025-12-29,COMPLETED,0,1850,COMPLETED,NA
A004545,I03464,U0172,U0493,BORROW,2026-05-12,2026-05-11,2026-05-14,ACTIVE,2,1050,NOT_RETURNED,PENDING
A004546,I00201,U0577,U0894,BORROW,2026-02-14,2026-02-10,2026-02-24,COMPLETED,10,1300,RETURNED,LATE
A004547,I02409,U0330,U0061,SWAP,2025-11-25,2025-11-23,2025-11-25,CANCELLED,0,1000,CANCELLED,NA
A004548,I02499,U0889,U0902,GIVEAWAY,2026-02-18,2026-02-16,2026-02-18,COMPLETED,0,1300,COMPLETED,NA
A004549,I02725,U0624,U0092,SELL,2025-09-01,2025-08-29,2025-09-01,COMPLETED,0,150,COMPLETED,NA
A004550,I01479,U0490,U0694,BORROW,2025-12-29,2025-12-29,2026-01-12,CANCELLED,14,1600,CANCELLED,PENDING
A004551,I02119,U0842,U0908,SELL,2026-05-18,2026-05-18,2026-05-18,COMPLETED,0,950,COMPLETED,NA
A004552,I02291,U0811,U0098,BORROW,2026-06-09,2026-06-08,2026-06-19,COMPLETED,10,400,RETURNED,ON_TIME
A004553,I02687,U0162,U0188,BORROW,2026-06-09,2026-06-09,2026-06-11,COMPLETED,2,600,RETURNED,ON_TIME
A004554,I04886,U0465,U0804,BORROW,2026-03-21,2026-03-19,2026-03-28,ACTIVE,7,2950,NOT_RETURNED,PENDING
A004555,I02671,U0992,U0146,SWAP,2026-03-30,2026-03-28,2026-03-30,COMPLETED,0,1500,COMPLETED,NA
A004556,I03046,U0701,U0069,SWAP,2025-12-02,2025-12-02,2025-12-02,CANCELLED,0,650,CANCELLED,NA
A004557,I01017,U0564,U0364,SELL,2026-01-18,2026-01-18,2026-01-18,COMPLETED,0,400,COMPLETED,NA
A004558,I00400,U0233,U0931,BORROW,2026-07-08,2026-07-06,2026-07-22,OVERDUE,14,1000,NOT_RETURNED,LATE
A004559,I01088,U0895,U0430,BORROW,2025-10-24,2025-10-20,2025-10-27,COMPLETED,3,2200,RETURNED,ON_TIME
A004560,I00100,U0375,U0652,BORROW,2026-06-16,2026-06-13,2026-06-23,COMPLETED,7,1150,RETURNED,ON_TIME
A004561,I04124,U0588,U0500,BORROW,2026-02-02,2026-01-29,2026-02-12,COMPLETED,10,650,RETURNED,LATE
A004562,I04666,U0348,U0898,BORROW,2025-12-20,2025-12-19,2025-12-27,COMPLETED,7,350,RETURNED,ON_TIME
A004563,I03386,U0813,U0927,SELL,2026-07-27,2026-07-24,2026-07-27,COMPLETED,0,950,COMPLETED,NA
A004564,I02536,U0556,U0022,GIVEAWAY,2025-11-06,2025-11-03,2025-11-06,COMPLETED,0,500,COMPLETED,NA
A004565,I03875,U0752,U0527,GIVEAWAY,2026-04-14,2026-04-13,2026-04-14,COMPLETED,0,1400,COMPLETED,NA
A004566,I00630,U0733,U0654,BORROW,2025-09-14,2025-09-11,2025-10-05,COMPLETED,21,450,RETURNED,ON_TIME
A004567,I00589,U0507,U0841,BORROW,2026-07-14,2026-07-14,2026-07-17,COMPLETED,3,1150,RETURNED,ON_TIME
A004568,I02672,U0217,U0760,SWAP,2026-05-01,2026-04-30,2026-05-01,COMPLETED,0,3800,COMPLETED,NA
A004569,I00471,U0448,U0275,BORROW,2026-07-23,2026-07-21,2026-08-13,COMPLETED,21,1100,RETURNED,ON_TIME
A004570,I04070,U0782,U0739,BORROW,2026-02-02,2026-01-30,2026-02-09,COMPLETED,7,650,RETURNED,ON_TIME
A004571,I04916,U0707,U0491,GIVEAWAY,2026-07-09,2026-07-09,2026-07-09,COMPLETED,0,1600,COMPLETED,NA
A004572,I02810,U0168,U0235,SELL,2025-09-05,2025-09-05,2025-09-05,CANCELLED,0,700,CANCELLED,NA
A004573,I04510,U0008,U0600,BORROW,2026-03-16,2026-03-12,2026-03-26,COMPLETED,10,1250,RETURNED,ON_TIME
A004574,I03760,U0787,U0549,BORROW,2025-10-22,2025-10-22,2025-10-24,COMPLETED,2,1150,RETURNED,LATE
A004575,I04034,U0673,U0013,BORROW,2026-01-11,2026-01-07,2026-01-25,COMPLETED,14,750,RETURNED,ON_TIME
A004576,I01934,U0326,U0808,GIVEAWAY,2026-07-06,2026-07-04,2026-07-06,COMPLETED,0,550,COMPLETED,NA
A004577,I03344,U0677,U0951,BORROW,2026-04-25,2026-04-24,2026-05-02,COMPLETED,7,350,RETURNED,LATE
A004578,I00828,U0798,U0395,SWAP,2025-10-05,2025-10-01,2025-10-05,COMPLETED,0,450,COMPLETED,NA
A004579,I02765,U0683,U0631,BORROW,2026-06-02,2026-05-29,2026-06-04,COMPLETED,2,2100,RETURNED,ON_TIME
A004580,I03380,U0161,U0649,BORROW,2026-06-10,2026-06-08,2026-06-17,COMPLETED,7,700,RETURNED,ON_TIME
A004581,I00198,U0140,U0214,SWAP,2026-02-05,2026-02-01,2026-02-05,COMPLETED,0,550,COMPLETED,NA
A004582,I03626,U0199,U0171,BORROW,2026-01-22,2026-01-20,2026-01-27,COMPLETED,5,2950,RETURNED,LATE
A004583,I04859,U0549,U0146,SWAP,2026-05-08,2026-05-07,2026-05-08,COMPLETED,0,3050,COMPLETED,NA
A004584,I03125,U0638,U0915,SWAP,2025-10-29,2025-10-25,2025-10-29,COMPLETED,0,1750,COMPLETED,NA
A004585,I03177,U0648,U0643,SELL,2026-03-10,2026-03-10,2026-03-10,COMPLETED,0,1750,COMPLETED,NA
A004586,I03741,U0598,U0589,SWAP,2026-02-10,2026-02-09,2026-02-10,COMPLETED,0,700,COMPLETED,NA
A004587,I02084,U0497,U0348,BORROW,2025-12-19,2025-12-18,2025-12-21,CANCELLED,2,700,CANCELLED,PENDING
A004588,I03521,U0426,U0537,BORROW,2026-01-06,2026-01-02,2026-01-08,COMPLETED,2,1050,RETURNED,ON_TIME
A004589,I01276,U0436,U0605,BORROW,2026-03-28,2026-03-26,2026-04-04,COMPLETED,7,600,RETURNED,ON_TIME
A004590,I00647,U0953,U0585,SELL,2026-07-12,2026-07-09,2026-07-12,COMPLETED,0,1300,COMPLETED,NA
A004591,I00330,U0389,U0744,BORROW,2026-01-11,2026-01-09,2026-01-25,COMPLETED,14,950,RETURNED,ON_TIME
A004592,I01516,U0581,U0254,SELL,2026-03-26,2026-03-22,2026-03-26,COMPLETED,0,300,COMPLETED,NA
A004593,I02966,U0214,U0890,BORROW,2026-02-19,2026-02-19,2026-03-05,COMPLETED,14,1550,RETURNED,ON_TIME
A004594,I01526,U0969,U0639,SELL,2026-03-27,2026-03-24,2026-03-27,COMPLETED,0,3350,COMPLETED,NA
A004595,I03436,U0056,U0159,SWAP,2026-04-18,2026-04-15,2026-04-18,COMPLETED,0,200,COMPLETED,NA
A004596,I01119,U0396,U0721,SWAP,2026-05-20,2026-05-17,2026-05-20,COMPLETED,0,1150,COMPLETED,NA
A004597,I02292,U0162,U0464,SWAP,2026-01-04,2025-12-31,2026-01-04,COMPLETED,0,350,COMPLETED,NA
A004598,I01980,U0354,U0017,BORROW,2025-11-07,2025-11-04,2025-11-17,COMPLETED,10,1300,RETURNED,ON_TIME
A004599,I01680,U0849,U0702,SWAP,2026-06-17,2026-06-13,2026-06-17,COMPLETED,0,350,COMPLETED,NA
A004600,I03314,U0466,U0797,BORROW,2025-09-28,2025-09-24,2025-10-12,COMPLETED,14,750,RETURNED,ON_TIME
A004601,I03568,U0585,U0002,GIVEAWAY,2025-12-10,2025-12-09,2025-12-10,COMPLETED,0,950,COMPLETED,NA
A004602,I02064,U0351,U0026,BORROW,2026-06-26,2026-06-26,2026-07-10,COMPLETED,14,1950,RETURNED,ON_TIME
A004603,I01057,U0517,U0058,SWAP,2025-10-19,2025-10-18,2025-10-19,COMPLETED,0,1300,COMPLETED,NA
A004604,I03689,U0219,U0359,SWAP,2026-03-07,2026-03-05,2026-03-07,COMPLETED,0,5900,COMPLETED,NA
A004605,I01776,U0486,U0655,BORROW,2026-07-19,2026-07-16,2026-07-21,COMPLETED,2,700,RETURNED,ON_TIME
A004606,I02187,U0468,U0471,SELL,2026-05-02,2026-05-02,2026-05-02,COMPLETED,0,1650,COMPLETED,NA
A004607,I03012,U0695,U0240,SWAP,2026-03-05,2026-03-04,2026-03-05,COMPLETED,0,1050,COMPLETED,NA
A004608,I02283,U0283,U0846,SWAP,2025-10-04,2025-10-01,2025-10-04,CANCELLED,0,1700,CANCELLED,NA
A004609,I01788,U0640,U0939,SWAP,2026-01-10,2026-01-08,2026-01-10,COMPLETED,0,550,COMPLETED,NA
A004610,I04425,U0301,U0172,BORROW,2026-05-20,2026-05-16,2026-05-23,COMPLETED,3,1800,RETURNED,ON_TIME
A004611,I03121,U0139,U0338,SELL,2026-05-23,2026-05-22,2026-05-23,COMPLETED,0,2550,COMPLETED,NA
A004612,I03109,U0206,U0194,SELL,2025-09-21,2025-09-17,2025-09-21,COMPLETED,0,1300,COMPLETED,NA
A004613,I00068,U0077,U0440,BORROW,2026-05-28,2026-05-24,2026-06-04,CANCELLED,7,2600,CANCELLED,PENDING
A004614,I03838,U0977,U0751,BORROW,2026-05-13,2026-05-10,2026-05-20,COMPLETED,7,750,RETURNED,ON_TIME
A004615,I03900,U0981,U0283,SELL,2025-11-13,2025-11-13,2025-11-13,COMPLETED,0,950,COMPLETED,NA
A004616,I01211,U0721,U0027,BORROW,2026-06-25,2026-06-23,2026-07-16,COMPLETED,21,300,RETURNED,ON_TIME
A004617,I04508,U0757,U0137,GIVEAWAY,2025-11-25,2025-11-25,2025-11-25,COMPLETED,0,1250,COMPLETED,NA
A004618,I04863,U0068,U0371,BORROW,2025-12-27,2025-12-23,2025-12-30,COMPLETED,3,550,RETURNED,ON_TIME
A004619,I04455,U0085,U0398,BORROW,2026-02-15,2026-02-11,2026-03-08,ACTIVE,21,1500,NOT_RETURNED,PENDING
A004620,I00288,U0175,U0856,SWAP,2025-09-21,2025-09-18,2025-09-21,COMPLETED,0,450,COMPLETED,NA
A004621,I02142,U0953,U0657,SELL,2026-07-24,2026-07-22,2026-07-24,COMPLETED,0,1100,COMPLETED,NA
A004622,I04821,U0438,U0685,SELL,2026-06-26,2026-06-26,2026-06-26,COMPLETED,0,600,COMPLETED,NA
A004623,I04981,U0396,U0787,SWAP,2026-04-03,2026-04-02,2026-04-03,COMPLETED,0,900,COMPLETED,NA
A004624,I01823,U0226,U0526,BORROW,2026-03-24,2026-03-22,2026-04-07,ACTIVE,14,150,NOT_RETURNED,PENDING
A004625,I00343,U0531,U0255,SELL,2026-06-10,2026-06-10,2026-06-10,COMPLETED,0,400,COMPLETED,NA
A004626,I03270,U0674,U0179,BORROW,2026-05-13,2026-05-13,2026-05-27,COMPLETED,14,1300,RETURNED,ON_TIME
A004627,I00829,U0513,U0322,BORROW,2026-05-05,2026-05-03,2026-05-10,COMPLETED,5,1050,RETURNED,ON_TIME
A004628,I02717,U0010,U0250,BORROW,2025-11-07,2025-11-05,2025-11-14,COMPLETED,7,850,RETURNED,ON_TIME
A004629,I00684,U0296,U0115,BORROW,2025-12-25,2025-12-23,2026-01-04,ACTIVE,10,3700,NOT_RETURNED,PENDING
A004630,I02491,U0105,U0333,SWAP,2026-06-25,2026-06-22,2026-06-25,COMPLETED,0,1500,COMPLETED,NA
A004631,I03649,U0609,U0333,BORROW,2025-09-22,2025-09-20,2025-10-02,COMPLETED,10,750,RETURNED,ON_TIME
A004632,I01838,U0289,U0526,BORROW,2025-10-02,2025-09-29,2025-10-09,COMPLETED,7,2900,RETURNED,LATE
A004633,I04435,U0551,U0059,BORROW,2026-01-27,2026-01-24,2026-02-17,COMPLETED,21,100,RETURNED,ON_TIME
A004634,I01185,U0572,U0870,BORROW,2025-11-08,2025-11-08,2025-11-18,COMPLETED,10,1500,RETURNED,ON_TIME
A004635,I04176,U0081,U0192,BORROW,2025-09-22,2025-09-20,2025-10-02,ACTIVE,10,800,NOT_RETURNED,PENDING
A004636,I04539,U0332,U0480,BORROW,2026-06-17,2026-06-13,2026-07-08,COMPLETED,21,1950,RETURNED,ON_TIME
A004637,I04972,U0246,U0688,GIVEAWAY,2026-04-25,2026-04-25,2026-04-25,COMPLETED,0,1900,COMPLETED,NA
A004638,I01605,U0619,U0251,BORROW,2026-04-12,2026-04-10,2026-04-22,COMPLETED,10,1950,RETURNED,ON_TIME
A004639,I02022,U0574,U0169,SELL,2026-03-11,2026-03-11,2026-03-11,COMPLETED,0,300,COMPLETED,NA
A004640,I00528,U0863,U0988,BORROW,2026-02-08,2026-02-07,2026-03-01,COMPLETED,21,400,RETURNED,ON_TIME
A004641,I00757,U0079,U0626,GIVEAWAY,2026-04-25,2026-04-24,2026-04-25,COMPLETED,0,1600,COMPLETED,NA
A004642,I04576,U0401,U0284,BORROW,2026-05-11,2026-05-09,2026-05-13,COMPLETED,2,150,RETURNED,ON_TIME
A004643,I00666,U0031,U0649,SELL,2026-02-17,2026-02-16,2026-02-17,CANCELLED,0,1600,CANCELLED,NA
A004644,I00668,U0757,U0958,BORROW,2025-09-03,2025-09-02,2025-09-10,COMPLETED,7,3450,RETURNED,ON_TIME
A004645,I04505,U0204,U0219,BORROW,2026-01-05,2026-01-05,2026-01-15,COMPLETED,10,850,RETURNED,ON_TIME
A004646,I03671,U0500,U0231,BORROW,2025-10-30,2025-10-27,2025-11-04,COMPLETED,5,450,RETURNED,ON_TIME
A004647,I01383,U0795,U0468,BORROW,2026-03-10,2026-03-07,2026-03-20,COMPLETED,10,1350,RETURNED,ON_TIME
A004648,I03514,U0090,U0303,GIVEAWAY,2026-02-02,2026-02-02,2026-02-02,COMPLETED,0,1200,COMPLETED,NA
A004649,I00240,U0190,U0747,BORROW,2026-07-16,2026-07-14,2026-07-21,ACTIVE,5,400,NOT_RETURNED,PENDING
A004650,I01081,U0300,U0947,BORROW,2026-05-03,2026-05-01,2026-05-10,COMPLETED,7,1700,RETURNED,ON_TIME
A004651,I04411,U0969,U0543,SWAP,2026-07-12,2026-07-11,2026-07-12,COMPLETED,0,1450,COMPLETED,NA
A004652,I02810,U0863,U0235,SWAP,2025-11-03,2025-11-02,2025-11-03,COMPLETED,0,700,COMPLETED,NA
A004653,I02447,U0058,U0107,SWAP,2026-04-05,2026-04-01,2026-04-05,COMPLETED,0,600,COMPLETED,NA
A004654,I04629,U0836,U0343,SWAP,2025-09-11,2025-09-09,2025-09-11,COMPLETED,0,2050,COMPLETED,NA
A004655,I04271,U0603,U0362,SWAP,2026-06-17,2026-06-17,2026-06-17,COMPLETED,0,1000,COMPLETED,NA
A004656,I03281,U0974,U0431,SELL,2026-07-23,2026-07-22,2026-07-23,COMPLETED,0,450,COMPLETED,NA
A004657,I02054,U0409,U0345,BORROW,2025-11-05,2025-11-03,2025-11-10,ACTIVE,5,1200,NOT_RETURNED,PENDING
A004658,I00473,U0205,U0630,GIVEAWAY,2026-06-12,2026-06-11,2026-06-12,COMPLETED,0,500,COMPLETED,NA
A004659,I00639,U0117,U0741,BORROW,2026-04-24,2026-04-22,2026-05-08,OVERDUE,14,650,NOT_RETURNED,LATE
A004660,I04284,U0170,U0426,BORROW,2026-02-04,2026-02-02,2026-02-25,COMPLETED,21,1900,RETURNED,ON_TIME
A004661,I03680,U0240,U0893,SELL,2026-06-09,2026-06-08,2026-06-09,COMPLETED,0,600,COMPLETED,NA
A004662,I03149,U0566,U0985,BORROW,2026-06-03,2026-06-01,2026-06-05,COMPLETED,2,5400,RETURNED,ON_TIME
A004663,I04108,U0062,U0154,SELL,2025-09-10,2025-09-07,2025-09-10,COMPLETED,0,800,COMPLETED,NA
A004664,I00622,U0172,U0610,SWAP,2025-10-08,2025-10-07,2025-10-08,CANCELLED,0,2450,CANCELLED,NA
A004665,I02973,U0516,U0128,GIVEAWAY,2026-04-19,2026-04-17,2026-04-19,COMPLETED,0,1300,COMPLETED,NA
A004666,I03034,U0634,U0355,SELL,2025-10-12,2025-10-10,2025-10-12,CANCELLED,0,2200,CANCELLED,NA
A004667,I02717,U0144,U0250,SELL,2026-05-08,2026-05-06,2026-05-08,COMPLETED,0,850,COMPLETED,NA
A004668,I03345,U0157,U0854,SWAP,2026-03-18,2026-03-15,2026-03-18,COMPLETED,0,1550,COMPLETED,NA
A004669,I04498,U0771,U0653,SWAP,2025-10-27,2025-10-24,2025-10-27,COMPLETED,0,1100,COMPLETED,NA
A004670,I04356,U0871,U0478,GIVEAWAY,2026-06-19,2026-06-17,2026-06-19,COMPLETED,0,1300,COMPLETED,NA
A004671,I01499,U0622,U0989,BORROW,2025-11-29,2025-11-29,2025-12-13,COMPLETED,14,2450,RETURNED,ON_TIME
A004672,I04322,U0765,U0723,BORROW,2026-02-15,2026-02-14,2026-03-01,COMPLETED,14,6650,RETURNED,ON_TIME
A004673,I04441,U0139,U0285,SWAP,2026-06-02,2026-06-02,2026-06-02,COMPLETED,0,1250,COMPLETED,NA
A004674,I00486,U0089,U0695,SELL,2025-11-27,2025-11-27,2025-11-27,COMPLETED,0,1800,COMPLETED,NA
A004675,I00650,U0313,U0691,SWAP,2026-02-06,2026-02-03,2026-02-06,COMPLETED,0,650,COMPLETED,NA
A004676,I01311,U0554,U0862,BORROW,2026-06-06,2026-06-04,2026-06-09,COMPLETED,3,1300,RETURNED,ON_TIME
A004677,I04092,U0986,U0588,SELL,2026-04-16,2026-04-16,2026-04-16,COMPLETED,0,600,COMPLETED,NA
A004678,I04308,U0213,U0434,SWAP,2025-12-09,2025-12-06,2025-12-09,COMPLETED,0,300,COMPLETED,NA
A004679,I04099,U0936,U0318,SWAP,2025-11-19,2025-11-17,2025-11-19,CANCELLED,0,550,CANCELLED,NA
A004680,I03277,U0022,U0837,SWAP,2026-01-18,2026-01-17,2026-01-18,COMPLETED,0,2900,COMPLETED,NA
A004681,I04549,U0784,U0609,SELL,2025-09-14,2025-09-11,2025-09-14,COMPLETED,0,600,COMPLETED,NA
A004682,I04607,U0914,U0588,BORROW,2026-03-22,2026-03-22,2026-04-01,COMPLETED,10,900,RETURNED,ON_TIME
A004683,I03043,U0427,U0150,GIVEAWAY,2026-02-06,2026-02-04,2026-02-06,COMPLETED,0,1200,COMPLETED,NA
A004684,I01603,U0427,U0588,SELL,2025-11-02,2025-10-30,2025-11-02,COMPLETED,0,950,COMPLETED,NA
A004685,I01772,U0040,U0386,BORROW,2026-02-28,2026-02-24,2026-03-10,COMPLETED,10,6450,RETURNED,LATE
A004686,I02792,U0345,U0696,BORROW,2026-04-13,2026-04-13,2026-04-27,COMPLETED,14,4500,RETURNED,ON_TIME
A004687,I02964,U0244,U0526,BORROW,2025-11-18,2025-11-15,2025-12-02,COMPLETED,14,3800,RETURNED,ON_TIME
A004688,I02631,U0359,U0400,GIVEAWAY,2025-10-20,2025-10-17,2025-10-20,COMPLETED,0,1000,COMPLETED,NA
A004689,I03284,U0066,U0350,GIVEAWAY,2025-09-14,2025-09-10,2025-09-14,COMPLETED,0,850,COMPLETED,NA
A004690,I00104,U0076,U0243,SWAP,2026-07-02,2026-06-30,2026-07-02,COMPLETED,0,850,COMPLETED,NA
A004691,I02950,U0364,U0380,GIVEAWAY,2026-04-05,2026-04-05,2026-04-05,COMPLETED,0,1050,COMPLETED,NA
A004692,I02592,U0234,U0309,SWAP,2026-04-04,2026-04-03,2026-04-04,COMPLETED,0,1100,COMPLETED,NA
A004693,I03707,U0931,U0662,SWAP,2026-01-07,2026-01-04,2026-01-07,COMPLETED,0,800,COMPLETED,NA
A004694,I01642,U0694,U0422,SELL,2026-04-20,2026-04-16,2026-04-20,COMPLETED,0,3300,COMPLETED,NA
A004695,I03049,U0944,U0483,SELL,2026-01-17,2026-01-13,2026-01-17,COMPLETED,0,1400,COMPLETED,NA
A004696,I00836,U0908,U0822,BORROW,2025-11-13,2025-11-11,2025-11-27,COMPLETED,14,1300,RETURNED,ON_TIME
A004697,I00151,U0894,U0101,SWAP,2026-05-09,2026-05-07,2026-05-09,COMPLETED,0,1600,COMPLETED,NA
A004698,I04932,U0267,U0155,SWAP,2025-12-19,2025-12-17,2025-12-19,COMPLETED,0,1200,COMPLETED,NA
A004699,I04987,U0202,U0329,BORROW,2026-01-18,2026-01-17,2026-01-20,ACTIVE,2,2700,NOT_RETURNED,PENDING
A004700,I03044,U0276,U0150,BORROW,2025-11-08,2025-11-07,2025-11-15,COMPLETED,7,650,RETURNED,ON_TIME
A004701,I00054,U0277,U0642,BORROW,2025-10-30,2025-10-26,2025-11-13,OVERDUE,14,3600,NOT_RETURNED,LATE
A004702,I02081,U0783,U0122,SELL,2025-11-06,2025-11-03,2025-11-06,COMPLETED,0,850,COMPLETED,NA
A004703,I02571,U0539,U0047,BORROW,2026-03-06,2026-03-06,2026-03-20,COMPLETED,14,1650,RETURNED,ON_TIME
A004704,I03168,U0538,U0419,GIVEAWAY,2026-02-22,2026-02-18,2026-02-22,COMPLETED,0,150,COMPLETED,NA
A004705,I01917,U0352,U0755,SELL,2026-06-12,2026-06-12,2026-06-12,COMPLETED,0,700,COMPLETED,NA
A004706,I02138,U0791,U0730,BORROW,2026-06-24,2026-06-24,2026-07-15,COMPLETED,21,1800,RETURNED,ON_TIME
A004707,I04385,U0131,U0285,BORROW,2026-05-22,2026-05-22,2026-06-05,ACTIVE,14,1400,NOT_RETURNED,PENDING
A004708,I04533,U0746,U0702,SWAP,2026-04-28,2026-04-28,2026-04-28,COMPLETED,0,1750,COMPLETED,NA
A004709,I01721,U0278,U0275,BORROW,2025-11-25,2025-11-25,2025-11-28,COMPLETED,3,800,RETURNED,ON_TIME
A004710,I02827,U0932,U0998,GIVEAWAY,2026-07-18,2026-07-15,2026-07-18,COMPLETED,0,1800,COMPLETED,NA
A004711,I00087,U0182,U0951,BORROW,2026-05-18,2026-05-17,2026-05-25,CANCELLED,7,1550,CANCELLED,PENDING
A004712,I03858,U0094,U0892,BORROW,2025-11-19,2025-11-17,2025-12-10,COMPLETED,21,500,RETURNED,ON_TIME
A004713,I02545,U0390,U0133,GIVEAWAY,2025-12-06,2025-12-05,2025-12-06,COMPLETED,0,150,COMPLETED,NA
A004714,I04923,U0039,U0407,BORROW,2025-12-04,2025-12-03,2025-12-07,COMPLETED,3,1650,RETURNED,ON_TIME
A004715,I02756,U0053,U0523,BORROW,2025-09-12,2025-09-10,2025-09-22,ACTIVE,10,2900,NOT_RETURNED,PENDING
A004716,I02040,U0507,U0414,BORROW,2026-06-02,2026-05-30,2026-06-16,COMPLETED,14,1500,RETURNED,ON_TIME
A004717,I04942,U0310,U0705,SWAP,2026-06-06,2026-06-02,2026-06-06,COMPLETED,0,1900,COMPLETED,NA
A004718,I04868,U0017,U0872,BORROW,2025-11-20,2025-11-17,2025-11-30,COMPLETED,10,2600,RETURNED,ON_TIME
A004719,I00548,U0106,U0119,SELL,2026-07-07,2026-07-03,2026-07-07,COMPLETED,0,1300,COMPLETED,NA
A004720,I04091,U0447,U0828,SELL,2026-03-19,2026-03-17,2026-03-19,COMPLETED,0,1100,COMPLETED,NA
A004721,I00846,U0837,U0629,SELL,2025-12-13,2025-12-11,2025-12-13,COMPLETED,0,1850,COMPLETED,NA
A004722,I01214,U0206,U0493,SWAP,2026-01-07,2026-01-07,2026-01-07,COMPLETED,0,900,COMPLETED,NA
A004723,I02067,U0177,U0117,SWAP,2025-11-17,2025-11-17,2025-11-17,COMPLETED,0,1250,COMPLETED,NA
A004724,I02434,U0221,U0449,BORROW,2026-07-05,2026-07-02,2026-07-07,COMPLETED,2,1850,RETURNED,ON_TIME
A004725,I01498,U0230,U0925,BORROW,2025-10-31,2025-10-31,2025-11-05,COMPLETED,5,850,RETURNED,ON_TIME
A004726,I03161,U0686,U0935,BORROW,2025-12-09,2025-12-08,2025-12-12,ACTIVE,3,400,NOT_RETURNED,PENDING
A004727,I01939,U0037,U0389,SELL,2026-07-02,2026-07-02,2026-07-02,CANCELLED,0,1400,CANCELLED,NA
A004728,I00275,U0269,U0777,BORROW,2026-05-19,2026-05-18,2026-06-02,OVERDUE,14,2500,NOT_RETURNED,LATE
A004729,I03850,U0520,U0622,BORROW,2026-02-14,2026-02-13,2026-02-24,OVERDUE,10,1150,NOT_RETURNED,LATE
A004730,I03417,U0826,U0057,SWAP,2026-03-13,2026-03-12,2026-03-13,COMPLETED,0,1450,COMPLETED,NA
A004731,I00484,U0613,U0417,BORROW,2026-01-23,2026-01-21,2026-02-13,COMPLETED,21,1100,RETURNED,ON_TIME
A004732,I04424,U0074,U0482,SWAP,2026-01-17,2026-01-15,2026-01-17,COMPLETED,0,400,COMPLETED,NA
A004733,I02287,U0467,U0549,SELL,2025-12-04,2025-12-01,2025-12-04,COMPLETED,0,750,COMPLETED,NA
A004734,I02918,U0212,U0196,SELL,2026-03-31,2026-03-31,2026-03-31,COMPLETED,0,2450,COMPLETED,NA
A004735,I04910,U0792,U0316,BORROW,2026-04-14,2026-04-12,2026-04-21,ACTIVE,7,750,NOT_RETURNED,PENDING
A004736,I00018,U0660,U0868,GIVEAWAY,2025-12-22,2025-12-21,2025-12-22,COMPLETED,0,550,COMPLETED,NA
A004737,I01708,U0230,U0364,SWAP,2026-06-26,2026-06-26,2026-06-26,COMPLETED,0,1600,COMPLETED,NA
A004738,I03530,U0793,U0982,GIVEAWAY,2026-03-18,2026-03-16,2026-03-18,COMPLETED,0,150,COMPLETED,NA
A004739,I01645,U0026,U0669,BORROW,2025-12-25,2025-12-23,2025-12-27,COMPLETED,2,150,RETURNED,LATE
A004740,I02900,U0443,U0581,SWAP,2026-07-22,2026-07-21,2026-07-22,COMPLETED,0,400,COMPLETED,NA
A004741,I00854,U0577,U0817,SELL,2026-05-12,2026-05-11,2026-05-12,COMPLETED,0,900,COMPLETED,NA
A004742,I03866,U0058,U0200,SWAP,2025-12-10,2025-12-07,2025-12-10,COMPLETED,0,2300,COMPLETED,NA
A004743,I02060,U0596,U0734,BORROW,2026-06-12,2026-06-09,2026-06-15,COMPLETED,3,400,RETURNED,ON_TIME
A004744,I02360,U0186,U0901,GIVEAWAY,2026-04-13,2026-04-12,2026-04-13,COMPLETED,0,650,COMPLETED,NA
A004745,I04823,U0159,U0809,BORROW,2026-07-18,2026-07-18,2026-08-01,COMPLETED,14,500,RETURNED,ON_TIME
A004746,I04071,U0089,U0074,GIVEAWAY,2025-11-26,2025-11-22,2025-11-26,COMPLETED,0,1900,COMPLETED,NA
A004747,I02056,U0905,U0261,GIVEAWAY,2026-03-08,2026-03-05,2026-03-08,COMPLETED,0,250,COMPLETED,NA
A004748,I00080,U0314,U0685,BORROW,2026-01-06,2026-01-03,2026-01-20,COMPLETED,14,750,RETURNED,ON_TIME
A004749,I02327,U0349,U0877,BORROW,2025-12-05,2025-12-03,2025-12-08,OVERDUE,3,800,NOT_RETURNED,LATE
A004750,I03438,U0631,U0046,SWAP,2025-12-01,2025-11-30,2025-12-01,COMPLETED,0,500,COMPLETED,NA
A004751,I02109,U0304,U0428,BORROW,2025-11-18,2025-11-14,2025-11-20,COMPLETED,2,700,RETURNED,ON_TIME
A004752,I01225,U0520,U0943,BORROW,2025-12-13,2025-12-12,2025-12-18,ACTIVE,5,150,NOT_RETURNED,PENDING
A004753,I03210,U0512,U0362,BORROW,2026-05-11,2026-05-11,2026-05-18,OVERDUE,7,1650,NOT_RETURNED,LATE
A004754,I03941,U0249,U0713,BORROW,2026-06-01,2026-05-29,2026-06-22,ACTIVE,21,550,NOT_RETURNED,PENDING
A004755,I04917,U0172,U0928,SELL,2026-06-08,2026-06-04,2026-06-08,COMPLETED,0,1650,COMPLETED,NA
A004756,I02426,U0772,U0506,BORROW,2025-11-16,2025-11-13,2025-11-30,CANCELLED,14,1600,CANCELLED,PENDING
A004757,I03034,U0284,U0355,BORROW,2026-01-31,2026-01-29,2026-02-10,OVERDUE,10,2200,NOT_RETURNED,LATE
A004758,I00504,U0140,U0797,GIVEAWAY,2025-09-18,2025-09-15,2025-09-18,COMPLETED,0,3750,COMPLETED,NA
A004759,I04128,U0769,U0212,BORROW,2026-04-14,2026-04-14,2026-04-19,COMPLETED,5,350,RETURNED,ON_TIME
A004760,I03490,U0995,U0482,SELL,2025-11-02,2025-11-01,2025-11-02,CANCELLED,0,850,CANCELLED,NA
A004761,I01121,U0419,U0545,SELL,2025-10-13,2025-10-13,2025-10-13,COMPLETED,0,950,COMPLETED,NA
A004762,I00171,U0794,U0174,BORROW,2026-01-22,2026-01-18,2026-02-05,ACTIVE,14,850,NOT_RETURNED,PENDING
A004763,I01705,U0020,U0307,GIVEAWAY,2025-11-06,2025-11-06,2025-11-06,COMPLETED,0,50,COMPLETED,NA
A004764,I03229,U0661,U0706,BORROW,2026-03-26,2026-03-22,2026-04-09,CANCELLED,14,1000,CANCELLED,PENDING
A004765,I01621,U0498,U0444,BORROW,2025-11-17,2025-11-16,2025-11-19,ACTIVE,2,1050,NOT_RETURNED,PENDING
A004766,I01821,U0306,U0159,SWAP,2026-03-17,2026-03-13,2026-03-17,COMPLETED,0,1400,COMPLETED,NA
A004767,I00549,U0786,U0723,BORROW,2026-05-22,2026-05-21,2026-05-29,COMPLETED,7,1800,RETURNED,ON_TIME
A004768,I04769,U0784,U0230,BORROW,2026-02-07,2026-02-03,2026-02-17,COMPLETED,10,4300,RETURNED,ON_TIME
A004769,I04265,U0733,U0889,GIVEAWAY,2026-03-31,2026-03-27,2026-03-31,CANCELLED,0,1850,CANCELLED,NA
A004770,I01299,U0842,U0565,GIVEAWAY,2026-04-28,2026-04-24,2026-04-28,COMPLETED,0,1500,COMPLETED,NA
A004771,I02899,U0497,U0721,BORROW,2025-11-11,2025-11-09,2025-11-16,COMPLETED,5,650,RETURNED,ON_TIME
A004772,I00564,U0527,U0349,GIVEAWAY,2025-12-30,2025-12-28,2025-12-30,COMPLETED,0,1050,COMPLETED,NA
A004773,I04753,U0409,U0526,BORROW,2026-05-28,2026-05-28,2026-06-07,COMPLETED,10,1700,RETURNED,LATE
A004774,I02594,U0686,U0504,BORROW,2025-09-13,2025-09-11,2025-09-16,ACTIVE,3,650,NOT_RETURNED,PENDING
A004775,I04059,U0387,U0638,BORROW,2026-05-04,2026-05-02,2026-05-11,CANCELLED,7,1250,CANCELLED,PENDING
A004776,I04340,U0682,U0392,BORROW,2025-09-26,2025-09-22,2025-10-01,COMPLETED,5,700,RETURNED,ON_TIME
A004777,I00174,U0626,U0760,BORROW,2026-04-18,2026-04-15,2026-04-23,COMPLETED,5,3000,RETURNED,ON_TIME
A004778,I01609,U0239,U0404,BORROW,2026-03-31,2026-03-28,2026-04-21,COMPLETED,21,800,RETURNED,ON_TIME
A004779,I02149,U0321,U0459,BORROW,2026-04-05,2026-04-01,2026-04-12,COMPLETED,7,1200,RETURNED,LATE
A004780,I04659,U0571,U0338,SELL,2026-02-10,2026-02-07,2026-02-10,COMPLETED,0,2100,COMPLETED,NA
A004781,I03739,U0323,U0349,BORROW,2026-01-26,2026-01-26,2026-01-31,ACTIVE,5,800,NOT_RETURNED,PENDING
A004782,I01072,U0097,U0177,BORROW,2025-10-04,2025-10-03,2025-10-25,COMPLETED,21,1150,RETURNED,ON_TIME
A004783,I00906,U0609,U0795,GIVEAWAY,2026-03-16,2026-03-12,2026-03-16,COMPLETED,0,1600,COMPLETED,NA
A004784,I01105,U0625,U0234,GIVEAWAY,2025-12-04,2025-12-04,2025-12-04,COMPLETED,0,100,COMPLETED,NA
A004785,I03610,U0562,U0934,BORROW,2025-10-20,2025-10-16,2025-10-23,COMPLETED,3,950,RETURNED,ON_TIME
A004786,I03142,U0316,U0875,BORROW,2026-04-06,2026-04-06,2026-04-08,OVERDUE,2,1900,NOT_RETURNED,LATE
A004787,I01211,U0708,U0027,BORROW,2026-02-07,2026-02-04,2026-02-14,COMPLETED,7,300,RETURNED,LATE
A004788,I03337,U0934,U0342,BORROW,2025-09-12,2025-09-09,2025-09-15,COMPLETED,3,1300,RETURNED,ON_TIME
A004789,I02529,U0161,U0983,GIVEAWAY,2026-03-06,2026-03-06,2026-03-06,COMPLETED,0,2050,COMPLETED,NA
A004790,I01309,U0600,U0467,GIVEAWAY,2026-06-30,2026-06-26,2026-06-30,COMPLETED,0,400,COMPLETED,NA
A004791,I04145,U0368,U0384,BORROW,2026-03-21,2026-03-17,2026-04-04,COMPLETED,14,1500,RETURNED,ON_TIME
A004792,I00699,U0774,U0345,BORROW,2026-01-14,2026-01-10,2026-01-16,COMPLETED,2,1450,RETURNED,LATE
A004793,I01247,U0667,U0215,BORROW,2026-06-28,2026-06-27,2026-07-05,CANCELLED,7,1150,CANCELLED,PENDING
A004794,I00633,U0174,U0767,GIVEAWAY,2026-03-20,2026-03-19,2026-03-20,COMPLETED,0,1950,COMPLETED,NA
A004795,I01423,U0326,U0890,SWAP,2025-10-25,2025-10-22,2025-10-25,COMPLETED,0,1450,COMPLETED,NA
A004796,I01239,U0266,U0709,GIVEAWAY,2026-05-16,2026-05-14,2026-05-16,COMPLETED,0,700,COMPLETED,NA
A004797,I01522,U0748,U0761,BORROW,2026-04-25,2026-04-21,2026-04-27,COMPLETED,2,2850,RETURNED,ON_TIME
A004798,I01199,U0588,U0918,SWAP,2026-05-04,2026-04-30,2026-05-04,COMPLETED,0,4350,COMPLETED,NA
A004799,I01371,U0815,U0571,SWAP,2025-11-24,2025-11-22,2025-11-24,COMPLETED,0,1300,COMPLETED,NA
A004800,I01354,U0460,U0594,GIVEAWAY,2026-03-14,2026-03-12,2026-03-14,COMPLETED,0,1500,COMPLETED,NA
A004801,I00576,U0159,U0274,BORROW,2025-12-10,2025-12-06,2025-12-31,COMPLETED,21,2050,RETURNED,ON_TIME
A004802,I01863,U0659,U0565,SWAP,2025-12-26,2025-12-25,2025-12-26,CANCELLED,0,1900,CANCELLED,NA
A004803,I01722,U0984,U0961,BORROW,2026-02-24,2026-02-20,2026-03-03,COMPLETED,7,300,RETURNED,ON_TIME
A004804,I02550,U0256,U0788,SELL,2026-06-06,2026-06-05,2026-06-06,COMPLETED,0,1300,COMPLETED,NA
A004805,I04046,U0360,U0505,BORROW,2025-11-07,2025-11-06,2025-11-14,CANCELLED,7,1900,CANCELLED,PENDING
A004806,I00199,U0798,U0272,BORROW,2025-09-29,2025-09-28,2025-10-04,COMPLETED,5,1100,RETURNED,LATE
A004807,I02185,U0023,U0701,BORROW,2026-03-24,2026-03-21,2026-04-03,COMPLETED,10,100,RETURNED,ON_TIME
A004808,I02904,U0172,U0455,SWAP,2026-01-30,2026-01-29,2026-01-30,COMPLETED,0,4400,COMPLETED,NA
A004809,I01931,U0323,U0061,BORROW,2025-12-23,2025-12-22,2025-12-30,COMPLETED,7,850,RETURNED,ON_TIME
A004810,I03988,U0315,U0099,BORROW,2026-01-22,2026-01-18,2026-01-29,COMPLETED,7,1300,RETURNED,ON_TIME
A004811,I03187,U0785,U0268,SWAP,2026-04-13,2026-04-12,2026-04-13,COMPLETED,0,1950,COMPLETED,NA
A004812,I01819,U0136,U0255,GIVEAWAY,2026-07-15,2026-07-13,2026-07-15,COMPLETED,0,1550,COMPLETED,NA
A004813,I03978,U0031,U0138,GIVEAWAY,2026-05-08,2026-05-04,2026-05-08,COMPLETED,0,400,COMPLETED,NA
A004814,I01884,U0991,U0827,BORROW,2025-10-30,2025-10-26,2025-11-01,COMPLETED,2,4250,RETURNED,ON_TIME
A004815,I00787,U0815,U0278,GIVEAWAY,2026-01-16,2026-01-15,2026-01-16,COMPLETED,0,600,COMPLETED,NA
A004816,I01848,U0214,U0078,SWAP,2025-11-14,2025-11-10,2025-11-14,COMPLETED,0,200,COMPLETED,NA
A004817,I00696,U0456,U0902,SWAP,2025-11-05,2025-11-02,2025-11-05,COMPLETED,0,2150,COMPLETED,NA
A004818,I02795,U0693,U0052,GIVEAWAY,2026-02-07,2026-02-05,2026-02-07,COMPLETED,0,1200,COMPLETED,NA
A004819,I00316,U0402,U0450,BORROW,2026-05-05,2026-05-04,2026-05-07,ACTIVE,2,600,NOT_RETURNED,PENDING
A004820,I02157,U0540,U0347,BORROW,2025-11-04,2025-11-02,2025-11-25,COMPLETED,21,550,RETURNED,ON_TIME
A004821,I02157,U0292,U0347,BORROW,2025-10-21,2025-10-19,2025-11-11,COMPLETED,21,550,RETURNED,ON_TIME
A004822,I01957,U0002,U0486,GIVEAWAY,2025-11-26,2025-11-23,2025-11-26,COMPLETED,0,1500,COMPLETED,NA
A004823,I02281,U0556,U0553,SWAP,2025-11-26,2025-11-26,2025-11-26,COMPLETED,0,3350,COMPLETED,NA
A004824,I00955,U0425,U0365,GIVEAWAY,2025-09-14,2025-09-13,2025-09-14,COMPLETED,0,100,COMPLETED,NA
A004825,I00562,U0804,U0475,BORROW,2025-10-29,2025-10-26,2025-11-01,COMPLETED,3,1400,RETURNED,ON_TIME
A004826,I04270,U0775,U0439,SELL,2026-05-26,2026-05-24,2026-05-26,COMPLETED,0,1700,COMPLETED,NA
A004827,I03509,U0423,U0838,SWAP,2026-01-25,2026-01-24,2026-01-25,COMPLETED,0,4750,COMPLETED,NA
A004828,I03957,U0325,U0490,SWAP,2026-02-17,2026-02-17,2026-02-17,COMPLETED,0,1100,COMPLETED,NA
A004829,I01338,U0157,U0714,BORROW,2025-10-04,2025-10-02,2025-10-11,COMPLETED,7,250,RETURNED,ON_TIME
A004830,I03909,U0544,U0355,BORROW,2026-03-25,2026-03-24,2026-03-28,COMPLETED,3,2050,RETURNED,ON_TIME
A004831,I00684,U0804,U0115,SELL,2025-10-31,2025-10-29,2025-10-31,COMPLETED,0,3700,COMPLETED,NA
A004832,I01057,U0601,U0058,GIVEAWAY,2025-10-03,2025-10-03,2025-10-03,COMPLETED,0,1300,COMPLETED,NA
A004833,I01425,U0130,U0660,SWAP,2025-11-21,2025-11-19,2025-11-21,COMPLETED,0,600,COMPLETED,NA
A004834,I04311,U0071,U0618,BORROW,2025-10-17,2025-10-17,2025-10-27,COMPLETED,10,2150,RETURNED,ON_TIME
A004835,I00157,U0290,U0149,SELL,2026-01-06,2026-01-05,2026-01-06,COMPLETED,0,650,COMPLETED,NA
A004836,I03529,U0894,U0732,BORROW,2025-11-27,2025-11-26,2025-11-30,COMPLETED,3,1500,RETURNED,ON_TIME
A004837,I02672,U0702,U0760,BORROW,2025-11-23,2025-11-20,2025-11-30,ACTIVE,7,3800,NOT_RETURNED,PENDING
A004838,I00289,U0236,U0648,SWAP,2025-12-31,2025-12-31,2025-12-31,COMPLETED,0,300,COMPLETED,NA
A004839,I00699,U0362,U0345,BORROW,2026-06-23,2026-06-23,2026-06-26,COMPLETED,3,1450,RETURNED,ON_TIME
A004840,I03084,U0369,U0424,BORROW,2025-12-10,2025-12-08,2025-12-17,CANCELLED,7,2100,CANCELLED,PENDING
A004841,I03504,U0428,U0376,BORROW,2026-02-06,2026-02-05,2026-02-27,COMPLETED,21,1450,RETURNED,ON_TIME
A004842,I01350,U0148,U0594,BORROW,2026-01-04,2026-01-02,2026-01-09,COMPLETED,5,1000,RETURNED,ON_TIME
A004843,I02722,U0867,U0465,BORROW,2025-10-18,2025-10-18,2025-11-01,COMPLETED,14,1900,RETURNED,ON_TIME
A004844,I03892,U0278,U0511,SELL,2025-09-21,2025-09-19,2025-09-21,COMPLETED,0,3350,COMPLETED,NA
A004845,I01925,U0648,U0229,SWAP,2026-05-29,2026-05-26,2026-05-29,CANCELLED,0,1700,CANCELLED,NA
A004846,I03673,U0084,U0345,BORROW,2025-11-16,2025-11-16,2025-11-23,OVERDUE,7,950,NOT_RETURNED,LATE
A004847,I04989,U0314,U0093,BORROW,2026-06-26,2026-06-23,2026-07-03,COMPLETED,7,2150,RETURNED,ON_TIME
A004848,I04688,U0796,U0373,SELL,2026-07-07,2026-07-03,2026-07-07,COMPLETED,0,1500,COMPLETED,NA
A004849,I03256,U0515,U0813,GIVEAWAY,2026-05-02,2026-04-28,2026-05-02,COMPLETED,0,450,COMPLETED,NA
A004850,I03592,U0995,U0016,BORROW,2025-12-01,2025-11-27,2025-12-15,COMPLETED,14,2300,RETURNED,ON_TIME
A004851,I04403,U0382,U0262,GIVEAWAY,2025-10-01,2025-09-27,2025-10-01,COMPLETED,0,450,COMPLETED,NA
A004852,I04152,U0750,U0644,SELL,2025-10-17,2025-10-14,2025-10-17,COMPLETED,0,1000,COMPLETED,NA
A004853,I01946,U0249,U0892,BORROW,2025-10-30,2025-10-30,2025-11-04,ACTIVE,5,2150,NOT_RETURNED,PENDING
A004854,I00594,U0562,U0682,SELL,2026-01-12,2026-01-08,2026-01-12,COMPLETED,0,2400,COMPLETED,NA
A004855,I00822,U0178,U0058,GIVEAWAY,2026-05-03,2026-05-03,2026-05-03,COMPLETED,0,900,COMPLETED,NA
A004856,I01476,U0688,U0174,GIVEAWAY,2026-06-18,2026-06-18,2026-06-18,COMPLETED,0,2100,COMPLETED,NA
A004857,I01101,U0777,U0704,SELL,2025-09-11,2025-09-08,2025-09-11,COMPLETED,0,1650,COMPLETED,NA
A004858,I04638,U0059,U0212,SWAP,2026-04-11,2026-04-09,2026-04-11,COMPLETED,0,400,COMPLETED,NA
A004859,I04599,U0024,U0545,BORROW,2025-11-17,2025-11-13,2025-11-20,OVERDUE,3,550,NOT_RETURNED,LATE
A004860,I04045,U0731,U0974,BORROW,2026-02-27,2026-02-25,2026-03-20,COMPLETED,21,150,RETURNED,ON_TIME
A004861,I02182,U0057,U0725,SWAP,2026-02-08,2026-02-07,2026-02-08,CANCELLED,0,1850,CANCELLED,NA
A004862,I04058,U0779,U0021,BORROW,2026-03-27,2026-03-25,2026-03-29,COMPLETED,2,2450,RETURNED,ON_TIME
A004863,I00297,U0429,U0755,SWAP,2025-09-15,2025-09-13,2025-09-15,COMPLETED,0,350,COMPLETED,NA
A004864,I04287,U0232,U0894,SELL,2026-05-21,2026-05-21,2026-05-21,COMPLETED,0,850,COMPLETED,NA
A004865,I00050,U0864,U0975,GIVEAWAY,2026-04-17,2026-04-17,2026-04-17,COMPLETED,0,500,COMPLETED,NA
A004866,I00803,U0620,U0522,BORROW,2025-11-21,2025-11-20,2025-11-28,COMPLETED,7,700,RETURNED,ON_TIME
A004867,I03292,U1000,U0970,SWAP,2026-04-29,2026-04-29,2026-04-29,COMPLETED,0,2250,COMPLETED,NA
A004868,I04330,U0097,U0152,BORROW,2026-07-10,2026-07-10,2026-07-24,COMPLETED,14,700,RETURNED,ON_TIME
A004869,I01604,U0698,U0165,GIVEAWAY,2025-09-11,2025-09-09,2025-09-11,COMPLETED,0,600,COMPLETED,NA
A004870,I00667,U0797,U0540,BORROW,2025-11-10,2025-11-08,2025-11-12,COMPLETED,2,2100,RETURNED,ON_TIME
A004871,I01171,U0083,U0198,GIVEAWAY,2026-01-03,2026-01-03,2026-01-03,COMPLETED,0,1550,COMPLETED,NA
A004872,I01776,U0721,U0655,SWAP,2026-06-19,2026-06-18,2026-06-19,COMPLETED,0,700,COMPLETED,NA
A004873,I01418,U0200,U0493,BORROW,2025-11-25,2025-11-24,2025-11-30,COMPLETED,5,1300,RETURNED,ON_TIME
A004874,I02497,U0453,U0917,SWAP,2026-02-20,2026-02-16,2026-02-20,COMPLETED,0,1300,COMPLETED,NA
A004875,I03766,U0042,U0104,BORROW,2026-06-27,2026-06-25,2026-07-02,COMPLETED,5,700,RETURNED,ON_TIME
A004876,I01483,U0578,U0020,SWAP,2025-11-02,2025-10-30,2025-11-02,COMPLETED,0,900,COMPLETED,NA
A004877,I03493,U0420,U0648,BORROW,2025-09-19,2025-09-17,2025-09-21,COMPLETED,2,1950,RETURNED,ON_TIME
A004878,I00436,U0529,U0151,GIVEAWAY,2026-04-06,2026-04-02,2026-04-06,COMPLETED,0,450,COMPLETED,NA
A004879,I02588,U0621,U0577,GIVEAWAY,2026-04-15,2026-04-14,2026-04-15,COMPLETED,0,2500,COMPLETED,NA
A004880,I01423,U0792,U0890,BORROW,2025-11-08,2025-11-08,2025-11-29,ACTIVE,21,1450,NOT_RETURNED,PENDING
A004881,I00347,U0744,U0624,GIVEAWAY,2026-07-05,2026-07-03,2026-07-05,COMPLETED,0,1400,COMPLETED,NA
A004882,I01152,U0347,U0466,BORROW,2025-09-18,2025-09-15,2025-09-20,COMPLETED,2,1200,RETURNED,ON_TIME
A004883,I04121,U0194,U0421,GIVEAWAY,2026-07-25,2026-07-22,2026-07-25,COMPLETED,0,1100,COMPLETED,NA
A004884,I04962,U0645,U0891,SWAP,2026-02-08,2026-02-05,2026-02-08,COMPLETED,0,250,COMPLETED,NA
A004885,I03893,U0230,U0562,SWAP,2026-02-25,2026-02-21,2026-02-25,COMPLETED,0,150,COMPLETED,NA
A004886,I02751,U0883,U0635,GIVEAWAY,2026-05-27,2026-05-26,2026-05-27,COMPLETED,0,1850,COMPLETED,NA
A004887,I03110,U0632,U0661,SWAP,2026-07-24,2026-07-22,2026-07-24,COMPLETED,0,200,COMPLETED,NA
A004888,I03751,U0229,U0588,SELL,2025-11-26,2025-11-23,2025-11-26,COMPLETED,0,2550,COMPLETED,NA
A004889,I00218,U0441,U0595,BORROW,2026-07-18,2026-07-18,2026-07-23,OVERDUE,5,1900,NOT_RETURNED,LATE
A004890,I04594,U0645,U0925,GIVEAWAY,2026-04-28,2026-04-26,2026-04-28,COMPLETED,0,1150,COMPLETED,NA
A004891,I01709,U0349,U0990,GIVEAWAY,2025-12-24,2025-12-20,2025-12-24,COMPLETED,0,3900,COMPLETED,NA
A004892,I02816,U0501,U0141,SWAP,2026-01-24,2026-01-23,2026-01-24,COMPLETED,0,3100,COMPLETED,NA
A004893,I04031,U0994,U0523,BORROW,2026-05-23,2026-05-20,2026-06-06,CANCELLED,14,350,CANCELLED,PENDING
A004894,I02663,U0138,U0702,BORROW,2026-03-28,2026-03-27,2026-04-07,COMPLETED,10,700,RETURNED,LATE
A004895,I03274,U0925,U0415,BORROW,2026-04-26,2026-04-25,2026-05-10,COMPLETED,14,2350,RETURNED,LATE
A004896,I01382,U0485,U0492,BORROW,2026-07-10,2026-07-08,2026-07-17,ACTIVE,7,6400,NOT_RETURNED,PENDING
A004897,I04363,U0018,U0713,BORROW,2026-02-18,2026-02-17,2026-02-21,CANCELLED,3,2500,CANCELLED,PENDING
A004898,I00353,U0076,U0224,BORROW,2026-02-08,2026-02-07,2026-02-10,COMPLETED,2,200,RETURNED,ON_TIME
A004899,I03226,U0789,U0485,GIVEAWAY,2026-06-29,2026-06-25,2026-06-29,COMPLETED,0,700,COMPLETED,NA
A004900,I04123,U0557,U0491,GIVEAWAY,2025-12-01,2025-11-27,2025-12-01,COMPLETED,0,750,COMPLETED,NA
A004901,I04465,U0762,U0549,GIVEAWAY,2026-02-17,2026-02-14,2026-02-17,COMPLETED,0,50,COMPLETED,NA
A004902,I03721,U0512,U0357,BORROW,2026-07-02,2026-06-30,2026-07-04,CANCELLED,2,1250,CANCELLED,PENDING
A004903,I04516,U0182,U0799,SWAP,2026-02-21,2026-02-19,2026-02-21,COMPLETED,0,300,COMPLETED,NA
A004904,I03642,U0427,U0518,BORROW,2026-01-16,2026-01-13,2026-02-06,COMPLETED,21,750,RETURNED,ON_TIME
A004905,I00696,U0698,U0902,SWAP,2026-02-21,2026-02-17,2026-02-21,COMPLETED,0,2150,COMPLETED,NA
A004906,I04660,U0940,U0746,BORROW,2026-06-21,2026-06-21,2026-06-28,COMPLETED,7,1200,RETURNED,ON_TIME
A004907,I00916,U0921,U0791,GIVEAWAY,2025-12-22,2025-12-22,2025-12-22,COMPLETED,0,400,COMPLETED,NA
A004908,I04103,U0006,U0368,SELL,2025-12-17,2025-12-17,2025-12-17,COMPLETED,0,300,COMPLETED,NA
A004909,I01305,U0780,U0922,GIVEAWAY,2026-06-02,2026-05-29,2026-06-02,COMPLETED,0,1050,COMPLETED,NA
A004910,I04816,U0971,U0849,SWAP,2025-11-14,2025-11-14,2025-11-14,COMPLETED,0,250,COMPLETED,NA
A004911,I04354,U0240,U0970,BORROW,2025-12-15,2025-12-13,2025-12-29,COMPLETED,14,2250,RETURNED,ON_TIME
A004912,I03375,U0520,U0991,GIVEAWAY,2026-01-08,2026-01-04,2026-01-08,COMPLETED,0,1850,COMPLETED,NA
A004913,I00653,U0373,U0526,GIVEAWAY,2025-11-25,2025-11-21,2025-11-25,COMPLETED,0,450,COMPLETED,NA
A004914,I03623,U0356,U0998,SELL,2026-01-07,2026-01-06,2026-01-07,COMPLETED,0,650,COMPLETED,NA
A004915,I02901,U0047,U0822,SELL,2026-06-18,2026-06-18,2026-06-18,COMPLETED,0,500,COMPLETED,NA
A004916,I03566,U0590,U0477,BORROW,2025-09-14,2025-09-13,2025-09-24,COMPLETED,10,1450,RETURNED,ON_TIME
A004917,I00998,U0390,U0284,SELL,2025-11-21,2025-11-20,2025-11-21,COMPLETED,0,1950,COMPLETED,NA
A004918,I01819,U0543,U0255,BORROW,2026-02-24,2026-02-22,2026-03-06,COMPLETED,10,1550,RETURNED,ON_TIME
A004919,I04753,U0773,U0526,SWAP,2026-06-07,2026-06-03,2026-06-07,COMPLETED,0,1700,COMPLETED,NA
A004920,I01024,U0181,U0980,GIVEAWAY,2026-05-11,2026-05-08,2026-05-11,CANCELLED,0,1950,CANCELLED,NA
A004921,I01711,U0871,U0829,BORROW,2026-05-29,2026-05-26,2026-06-05,COMPLETED,7,3400,RETURNED,ON_TIME
A004922,I03150,U0445,U0104,BORROW,2025-09-22,2025-09-20,2025-10-02,COMPLETED,10,800,RETURNED,ON_TIME
A004923,I01759,U0277,U0405,BORROW,2026-02-07,2026-02-04,2026-02-10,COMPLETED,3,1500,RETURNED,ON_TIME
A004924,I03619,U0209,U0764,SWAP,2026-01-13,2026-01-09,2026-01-13,COMPLETED,0,800,COMPLETED,NA
A004925,I02824,U0008,U0688,GIVEAWAY,2026-01-30,2026-01-27,2026-01-30,CANCELLED,0,550,CANCELLED,NA
A004926,I01276,U0426,U0605,BORROW,2026-02-24,2026-02-23,2026-02-27,ACTIVE,3,600,NOT_RETURNED,PENDING
A004927,I03970,U0166,U0503,SWAP,2025-12-27,2025-12-23,2025-12-27,COMPLETED,0,1150,COMPLETED,NA
A004928,I04369,U0372,U0982,SWAP,2025-09-23,2025-09-23,2025-09-23,COMPLETED,0,1500,COMPLETED,NA
A004929,I04570,U0534,U0368,GIVEAWAY,2025-11-16,2025-11-12,2025-11-16,COMPLETED,0,1750,COMPLETED,NA
A004930,I02533,U0292,U0476,BORROW,2026-06-14,2026-06-14,2026-06-19,COMPLETED,5,1350,RETURNED,ON_TIME
A004931,I02037,U0470,U0190,BORROW,2026-06-26,2026-06-22,2026-07-06,COMPLETED,10,1650,RETURNED,ON_TIME
A004932,I02849,U0847,U0753,SWAP,2026-03-28,2026-03-28,2026-03-28,COMPLETED,0,4200,COMPLETED,NA
A004933,I04968,U0374,U0536,SWAP,2025-09-04,2025-09-02,2025-09-04,COMPLETED,0,550,COMPLETED,NA
A004934,I04354,U0734,U0970,SWAP,2025-11-02,2025-10-30,2025-11-02,COMPLETED,0,2250,COMPLETED,NA
A004935,I01643,U0836,U0689,SWAP,2025-10-31,2025-10-29,2025-10-31,COMPLETED,0,450,COMPLETED,NA
A004936,I03478,U0733,U0774,SWAP,2026-05-19,2026-05-17,2026-05-19,COMPLETED,0,950,COMPLETED,NA
A004937,I01426,U0622,U0215,SWAP,2025-10-22,2025-10-21,2025-10-22,COMPLETED,0,800,COMPLETED,NA
A004938,I04905,U0218,U0362,SELL,2025-11-13,2025-11-11,2025-11-13,COMPLETED,0,1200,COMPLETED,NA
A004939,I01339,U0377,U0326,BORROW,2026-02-07,2026-02-03,2026-02-09,COMPLETED,2,1500,RETURNED,ON_TIME
A004940,I04367,U0793,U0731,GIVEAWAY,2026-02-10,2026-02-06,2026-02-10,COMPLETED,0,1150,COMPLETED,NA
A004941,I03532,U0952,U0226,BORROW,2026-07-01,2026-06-28,2026-07-15,COMPLETED,14,1550,RETURNED,LATE
A004942,I03095,U0833,U0990,GIVEAWAY,2025-09-29,2025-09-27,2025-09-29,COMPLETED,0,2200,COMPLETED,NA
A004943,I00588,U0366,U0461,BORROW,2025-10-06,2025-10-02,2025-10-09,COMPLETED,3,300,RETURNED,ON_TIME
A004944,I00738,U0585,U0215,GIVEAWAY,2026-03-01,2026-02-25,2026-03-01,COMPLETED,0,200,COMPLETED,NA
A004945,I02115,U0425,U0184,SWAP,2026-06-26,2026-06-25,2026-06-26,COMPLETED,0,1450,COMPLETED,NA
A004946,I01385,U0453,U0350,BORROW,2026-01-10,2026-01-07,2026-01-12,CANCELLED,2,650,CANCELLED,PENDING
A004947,I00057,U0870,U0393,SELL,2026-06-20,2026-06-18,2026-06-20,CANCELLED,0,950,CANCELLED,NA
A004948,I03134,U0472,U0142,BORROW,2026-04-21,2026-04-20,2026-04-23,ACTIVE,2,800,NOT_RETURNED,PENDING
A004949,I01667,U0440,U0183,BORROW,2025-10-25,2025-10-23,2025-11-04,COMPLETED,10,1250,RETURNED,ON_TIME
A004950,I03237,U0567,U0124,BORROW,2026-05-14,2026-05-13,2026-05-19,ACTIVE,5,1300,NOT_RETURNED,PENDING
A004951,I03083,U0509,U0584,BORROW,2026-07-05,2026-07-03,2026-07-15,COMPLETED,10,350,RETURNED,ON_TIME
A004952,I04436,U0080,U0512,BORROW,2025-10-28,2025-10-28,2025-10-31,COMPLETED,3,750,RETURNED,ON_TIME
A004953,I01546,U0760,U0454,GIVEAWAY,2026-01-01,2025-12-29,2026-01-01,CANCELLED,0,250,CANCELLED,NA
A004954,I03077,U0416,U0777,BORROW,2026-04-28,2026-04-24,2026-05-12,COMPLETED,14,750,RETURNED,LATE
A004955,I02530,U0408,U0596,BORROW,2026-07-18,2026-07-14,2026-08-08,CANCELLED,21,1100,CANCELLED,PENDING
A004956,I04089,U0608,U0105,GIVEAWAY,2025-10-27,2025-10-27,2025-10-27,COMPLETED,0,1900,COMPLETED,NA
A004957,I01243,U0995,U0692,SWAP,2026-05-23,2026-05-20,2026-05-23,COMPLETED,0,1600,COMPLETED,NA
A004958,I01872,U0427,U0050,SWAP,2026-01-25,2026-01-21,2026-01-25,COMPLETED,0,450,COMPLETED,NA
A004959,I04284,U0290,U0426,BORROW,2026-04-28,2026-04-28,2026-05-19,COMPLETED,21,1900,RETURNED,LATE
A004960,I01917,U0737,U0755,BORROW,2026-05-26,2026-05-22,2026-05-29,COMPLETED,3,700,RETURNED,ON_TIME
A004961,I00205,U0107,U0290,BORROW,2026-02-07,2026-02-07,2026-02-10,COMPLETED,3,100,RETURNED,ON_TIME
A004962,I02112,U0433,U0614,BORROW,2026-05-16,2026-05-15,2026-05-26,COMPLETED,10,950,RETURNED,ON_TIME
A004963,I02243,U0888,U0875,SWAP,2026-05-28,2026-05-26,2026-05-28,COMPLETED,0,350,COMPLETED,NA
A004964,I01514,U0732,U0620,BORROW,2025-11-07,2025-11-06,2025-11-21,COMPLETED,14,500,RETURNED,LATE
A004965,I01953,U0836,U0363,GIVEAWAY,2026-05-09,2026-05-09,2026-05-09,COMPLETED,0,1800,COMPLETED,NA
A004966,I01283,U0632,U0606,GIVEAWAY,2026-03-02,2026-02-26,2026-03-02,COMPLETED,0,250,COMPLETED,NA
A004967,I01532,U0720,U0767,BORROW,2026-07-07,2026-07-07,2026-07-14,OVERDUE,7,6400,NOT_RETURNED,LATE
A004968,I02747,U0331,U0021,GIVEAWAY,2026-03-08,2026-03-04,2026-03-08,COMPLETED,0,1750,COMPLETED,NA
A004969,I03308,U0723,U0039,BORROW,2025-12-09,2025-12-07,2025-12-12,COMPLETED,3,1850,RETURNED,ON_TIME
A004970,I01754,U0168,U0157,GIVEAWAY,2025-10-18,2025-10-16,2025-10-18,COMPLETED,0,350,COMPLETED,NA
A004971,I01789,U0634,U0834,GIVEAWAY,2025-10-25,2025-10-22,2025-10-25,COMPLETED,0,700,COMPLETED,NA
A004972,I00603,U0338,U0396,BORROW,2025-10-04,2025-09-30,2025-10-18,ACTIVE,14,1200,NOT_RETURNED,PENDING
A004973,I04196,U0728,U0787,GIVEAWAY,2025-10-11,2025-10-07,2025-10-11,COMPLETED,0,3400,COMPLETED,NA
A004974,I03920,U0354,U0830,SELL,2026-03-12,2026-03-08,2026-03-12,COMPLETED,0,450,COMPLETED,NA
A004975,I04324,U0717,U0685,BORROW,2026-06-08,2026-06-04,2026-06-29,COMPLETED,21,800,RETURNED,ON_TIME
A004976,I00532,U0299,U0829,BORROW,2026-03-03,2026-03-01,2026-03-17,COMPLETED,14,900,RETURNED,LATE
A004977,I01756,U0737,U0084,SWAP,2026-03-03,2026-02-28,2026-03-03,COMPLETED,0,250,COMPLETED,NA
A004978,I02080,U0006,U0341,BORROW,2025-10-12,2025-10-08,2025-11-02,OVERDUE,21,1100,NOT_RETURNED,LATE
A004979,I00757,U0349,U0626,GIVEAWAY,2026-07-25,2026-07-25,2026-07-25,COMPLETED,0,1600,COMPLETED,NA
A004980,I03595,U0050,U0634,SWAP,2025-09-17,2025-09-13,2025-09-17,COMPLETED,0,100,COMPLETED,NA
A004981,I03915,U0693,U0156,SWAP,2026-07-28,2026-07-28,2026-07-28,COMPLETED,0,2050,COMPLETED,NA
A004982,I04052,U0635,U0583,SWAP,2026-03-29,2026-03-25,2026-03-29,COMPLETED,0,5500,COMPLETED,NA
A004983,I02086,U0775,U0517,GIVEAWAY,2026-04-30,2026-04-26,2026-04-30,COMPLETED,0,250,COMPLETED,NA
A004984,I04189,U0971,U0860,GIVEAWAY,2025-10-02,2025-09-28,2025-10-02,COMPLETED,0,850,COMPLETED,NA
A004985,I04198,U0508,U0198,SWAP,2025-11-25,2025-11-25,2025-11-25,COMPLETED,0,600,COMPLETED,NA
A004986,I01319,U0947,U0247,SWAP,2026-04-27,2026-04-26,2026-04-27,COMPLETED,0,1800,COMPLETED,NA
A004987,I02774,U0444,U0531,SELL,2026-07-18,2026-07-14,2026-07-18,COMPLETED,0,300,COMPLETED,NA
A004988,I02672,U0369,U0760,SELL,2025-10-04,2025-10-01,2025-10-04,COMPLETED,0,3800,COMPLETED,NA
A004989,I03230,U0300,U0420,BORROW,2025-09-19,2025-09-19,2025-09-21,ACTIVE,2,150,NOT_RETURNED,PENDING
A004990,I01111,U0092,U0652,BORROW,2026-05-22,2026-05-19,2026-05-29,COMPLETED,7,1800,RETURNED,ON_TIME
A004991,I00486,U0462,U0695,SELL,2025-10-22,2025-10-22,2025-10-22,COMPLETED,0,1800,COMPLETED,NA
A004992,I03101,U0534,U0355,BORROW,2025-11-03,2025-10-31,2025-11-06,CANCELLED,3,500,CANCELLED,PENDING
A004993,I00883,U0738,U0966,BORROW,2025-12-19,2025-12-16,2025-12-29,ACTIVE,10,1950,NOT_RETURNED,PENDING
A004994,I03329,U0709,U0878,SWAP,2026-01-03,2026-01-02,2026-01-03,COMPLETED,0,3000,COMPLETED,NA
A004995,I04728,U0706,U0298,SELL,2026-07-02,2026-06-30,2026-07-02,COMPLETED,0,200,COMPLETED,NA
A004996,I01849,U0417,U0554,GIVEAWAY,2026-06-07,2026-06-05,2026-06-07,COMPLETED,0,600,COMPLETED,NA
A004997,I00162,U0025,U0009,BORROW,2025-12-01,2025-11-29,2025-12-08,COMPLETED,7,450,RETURNED,ON_TIME
A004998,I03555,U0794,U0579,BORROW,2026-02-23,2026-02-19,2026-02-28,COMPLETED,5,800,RETURNED,LATE
A004999,I03291,U0495,U0467,BORROW,2026-07-01,2026-06-28,2026-07-03,ACTIVE,2,1950,NOT_RETURNED,PENDING
A005000,I01637,U0877,U0632,BORROW,2026-01-21,2026-01-20,2026-01-24,COMPLETED,3,800,RETURNED,ON_TIME
A005001,I04030,U0970,U0280,BORROW,2025-12-15,2025-12-13,2025-12-18,COMPLETED,3,400,RETURNED,ON_TIME
A005002,I02028,U0302,U0869,SELL,2026-03-18,2026-03-16,2026-03-18,COMPLETED,0,200,COMPLETED,NA
A005003,I03459,U0872,U0436,BORROW,2025-12-28,2025-12-26,2026-01-04,COMPLETED,7,550,RETURNED,ON_TIME
A005004,I01373,U0447,U0083,BORROW,2026-06-23,2026-06-20,2026-07-03,COMPLETED,10,500,RETURNED,LATE
A005005,I01912,U0798,U0347,SELL,2026-04-22,2026-04-18,2026-04-22,COMPLETED,0,1050,COMPLETED,NA
A005006,I00663,U0112,U0756,GIVEAWAY,2026-01-09,2026-01-09,2026-01-09,COMPLETED,0,1850,COMPLETED,NA
A005007,I00572,U0111,U0276,SWAP,2025-10-17,2025-10-16,2025-10-17,COMPLETED,0,6800,COMPLETED,NA
A005008,I02743,U0740,U0439,SWAP,2026-01-07,2026-01-04,2026-01-07,COMPLETED,0,2450,COMPLETED,NA
A005009,I03675,U0301,U0029,GIVEAWAY,2026-01-16,2026-01-12,2026-01-16,COMPLETED,0,1850,COMPLETED,NA
A005010,I00948,U0887,U0940,BORROW,2026-06-10,2026-06-06,2026-06-15,COMPLETED,5,400,RETURNED,LATE
A005011,I00039,U0850,U0159,GIVEAWAY,2026-06-03,2026-05-31,2026-06-03,COMPLETED,0,1250,COMPLETED,NA
A005012,I03044,U0639,U0150,GIVEAWAY,2026-03-22,2026-03-22,2026-03-22,COMPLETED,0,650,COMPLETED,NA
A005013,I04799,U0415,U0896,SWAP,2026-02-12,2026-02-09,2026-02-12,COMPLETED,0,2450,COMPLETED,NA
A005014,I02703,U0468,U0316,BORROW,2026-04-11,2026-04-11,2026-04-18,COMPLETED,7,1700,RETURNED,ON_TIME
A005015,I03830,U0563,U0710,BORROW,2026-05-20,2026-05-17,2026-05-23,COMPLETED,3,400,RETURNED,ON_TIME
A005016,I00282,U0883,U0314,BORROW,2025-11-22,2025-11-18,2025-11-25,OVERDUE,3,650,NOT_RETURNED,LATE
A005017,I02398,U0867,U0098,BORROW,2026-01-21,2026-01-17,2026-02-11,COMPLETED,21,1500,RETURNED,ON_TIME
A005018,I02389,U0871,U0809,BORROW,2026-03-30,2026-03-29,2026-04-01,CANCELLED,2,1300,CANCELLED,PENDING
A005019,I00339,U0884,U0306,BORROW,2026-03-19,2026-03-16,2026-03-29,COMPLETED,10,1500,RETURNED,ON_TIME
A005020,I03725,U0321,U0738,SELL,2026-04-05,2026-04-03,2026-04-05,COMPLETED,0,2400,COMPLETED,NA
A005021,I02449,U0185,U0332,GIVEAWAY,2026-04-05,2026-04-05,2026-04-05,COMPLETED,0,950,COMPLETED,NA
A005022,I00976,U0435,U0552,BORROW,2026-03-31,2026-03-29,2026-04-21,OVERDUE,21,700,NOT_RETURNED,LATE
A005023,I01651,U0668,U0458,BORROW,2026-05-04,2026-05-04,2026-05-14,ACTIVE,10,1250,NOT_RETURNED,PENDING
A005024,I01455,U0817,U0857,BORROW,2025-10-22,2025-10-22,2025-11-12,COMPLETED,21,1500,RETURNED,ON_TIME
A005025,I00391,U0244,U0134,SELL,2026-04-15,2026-04-11,2026-04-15,COMPLETED,0,3000,COMPLETED,NA
A005026,I04972,U0450,U0688,BORROW,2025-10-11,2025-10-11,2025-10-18,ACTIVE,7,1900,NOT_RETURNED,PENDING
A005027,I04683,U0857,U0163,SWAP,2026-02-04,2026-02-03,2026-02-04,COMPLETED,0,2200,COMPLETED,NA
A005028,I00034,U0873,U0516,BORROW,2025-12-16,2025-12-13,2025-12-26,COMPLETED,10,750,RETURNED,ON_TIME
A005029,I03109,U0521,U0194,BORROW,2026-04-13,2026-04-12,2026-05-04,ACTIVE,21,1300,NOT_RETURNED,PENDING
A005030,I02352,U0615,U0248,GIVEAWAY,2025-10-13,2025-10-10,2025-10-13,COMPLETED,0,650,COMPLETED,NA
A005031,I03625,U0131,U0066,SELL,2026-02-17,2026-02-17,2026-02-17,COMPLETED,0,150,COMPLETED,NA
A005032,I04460,U0570,U0069,GIVEAWAY,2026-06-03,2026-05-30,2026-06-03,COMPLETED,0,200,COMPLETED,NA
A005033,I03099,U0756,U0015,BORROW,2025-12-01,2025-11-28,2025-12-06,COMPLETED,5,750,RETURNED,LATE
A005034,I00065,U0022,U0238,SWAP,2026-07-14,2026-07-14,2026-07-14,COMPLETED,0,700,COMPLETED,NA
A005035,I01757,U0279,U0081,BORROW,2026-02-14,2026-02-14,2026-02-16,COMPLETED,2,750,RETURNED,ON_TIME
A005036,I03970,U0029,U0503,SELL,2025-09-16,2025-09-13,2025-09-16,COMPLETED,0,1150,COMPLETED,NA
A005037,I02620,U0202,U0770,SWAP,2026-01-04,2026-01-03,2026-01-04,COMPLETED,0,1600,COMPLETED,NA
A005038,I03359,U0198,U0118,BORROW,2026-05-23,2026-05-21,2026-05-30,COMPLETED,7,3450,RETURNED,ON_TIME
A005039,I01761,U0207,U0903,BORROW,2026-04-30,2026-04-27,2026-05-07,ACTIVE,7,1750,NOT_RETURNED,PENDING
A005040,I03736,U0693,U0394,GIVEAWAY,2026-03-04,2026-03-04,2026-03-04,COMPLETED,0,150,COMPLETED,NA
A005041,I03980,U0575,U0195,BORROW,2026-07-04,2026-07-04,2026-07-06,ACTIVE,2,500,NOT_RETURNED,PENDING
A005042,I02879,U0983,U0203,GIVEAWAY,2026-04-30,2026-04-29,2026-04-30,COMPLETED,0,1300,COMPLETED,NA
A005043,I00217,U0656,U0449,SWAP,2026-05-24,2026-05-22,2026-05-24,CANCELLED,0,1100,CANCELLED,NA
A005044,I04331,U0247,U0586,BORROW,2026-06-10,2026-06-07,2026-06-12,CANCELLED,2,700,CANCELLED,PENDING
A005045,I00895,U0921,U0466,GIVEAWAY,2026-07-17,2026-07-13,2026-07-17,COMPLETED,0,150,COMPLETED,NA
A005046,I01662,U0807,U0451,GIVEAWAY,2025-09-07,2025-09-05,2025-09-07,COMPLETED,0,500,COMPLETED,NA
A005047,I01348,U0893,U0461,BORROW,2025-09-05,2025-09-04,2025-09-08,COMPLETED,3,1600,RETURNED,ON_TIME
A005048,I03924,U0286,U0500,SELL,2026-04-10,2026-04-07,2026-04-10,COMPLETED,0,3000,COMPLETED,NA
A005049,I02950,U0154,U0380,BORROW,2025-09-18,2025-09-14,2025-09-25,COMPLETED,7,1050,RETURNED,ON_TIME
A005050,I04917,U0587,U0928,SWAP,2025-12-29,2025-12-28,2025-12-29,COMPLETED,0,1650,COMPLETED,NA
A005051,I01606,U0266,U0856,SWAP,2026-06-14,2026-06-10,2026-06-14,COMPLETED,0,150,COMPLETED,NA
A005052,I03823,U0635,U0934,SWAP,2026-07-15,2026-07-14,2026-07-15,COMPLETED,0,1050,COMPLETED,NA
A005053,I03877,U0511,U0745,BORROW,2025-11-10,2025-11-09,2025-11-13,ACTIVE,3,500,NOT_RETURNED,PENDING
A005054,I03365,U0910,U0665,GIVEAWAY,2026-01-18,2026-01-17,2026-01-18,COMPLETED,0,900,COMPLETED,NA
A005055,I01461,U0519,U0455,SWAP,2026-02-10,2026-02-07,2026-02-10,COMPLETED,0,1550,COMPLETED,NA
A005056,I00849,U0587,U0178,BORROW,2025-10-15,2025-10-11,2025-10-29,COMPLETED,14,1700,RETURNED,ON_TIME
A005057,I04014,U0769,U0254,GIVEAWAY,2026-05-03,2026-05-03,2026-05-03,COMPLETED,0,3900,COMPLETED,NA
A005058,I00122,U0960,U0139,BORROW,2026-04-20,2026-04-17,2026-05-04,ACTIVE,14,5000,NOT_RETURNED,PENDING
A005059,I01497,U0834,U0226,SELL,2026-07-19,2026-07-17,2026-07-19,COMPLETED,0,1700,COMPLETED,NA
A005060,I04052,U0055,U0583,GIVEAWAY,2026-07-01,2026-06-27,2026-07-01,COMPLETED,0,5500,COMPLETED,NA
A005061,I01466,U0822,U0037,SWAP,2026-07-25,2026-07-24,2026-07-25,COMPLETED,0,3400,COMPLETED,NA
A005062,I04682,U0864,U0569,SWAP,2026-03-19,2026-03-16,2026-03-19,COMPLETED,0,5150,COMPLETED,NA
A005063,I04984,U0080,U0071,BORROW,2026-01-27,2026-01-25,2026-01-30,CANCELLED,3,1750,CANCELLED,PENDING
A005064,I00549,U0058,U0723,SWAP,2025-12-10,2025-12-09,2025-12-10,COMPLETED,0,1800,COMPLETED,NA
A005065,I04263,U0335,U0291,GIVEAWAY,2026-06-08,2026-06-04,2026-06-08,COMPLETED,0,1750,COMPLETED,NA
A005066,I04177,U0434,U0806,BORROW,2026-05-14,2026-05-14,2026-05-21,ACTIVE,7,1000,NOT_RETURNED,PENDING
A005067,I00145,U0278,U0285,BORROW,2026-02-23,2026-02-19,2026-03-02,COMPLETED,7,150,RETURNED,LATE
A005068,I03884,U0343,U0319,BORROW,2026-07-26,2026-07-23,2026-08-16,OVERDUE,21,500,NOT_RETURNED,LATE
A005069,I02410,U0984,U0338,BORROW,2025-09-23,2025-09-22,2025-10-14,COMPLETED,21,500,RETURNED,ON_TIME
A005070,I00778,U0105,U0755,BORROW,2025-11-23,2025-11-21,2025-12-07,COMPLETED,14,850,RETURNED,ON_TIME
A005071,I00483,U0516,U0750,BORROW,2026-06-01,2026-05-29,2026-06-22,COMPLETED,21,2400,RETURNED,ON_TIME
A005072,I00453,U0339,U0958,GIVEAWAY,2025-11-08,2025-11-06,2025-11-08,COMPLETED,0,2100,COMPLETED,NA
A005073,I00835,U0786,U0978,SWAP,2026-01-21,2026-01-17,2026-01-21,COMPLETED,0,50,COMPLETED,NA
A005074,I04843,U0409,U0470,BORROW,2026-01-08,2026-01-08,2026-01-18,ACTIVE,10,450,NOT_RETURNED,PENDING
A005075,I01267,U0453,U0473,SWAP,2026-03-08,2026-03-06,2026-03-08,COMPLETED,0,1100,COMPLETED,NA
A005076,I03431,U0200,U0856,SWAP,2025-09-14,2025-09-11,2025-09-14,COMPLETED,0,800,COMPLETED,NA
A005077,I02588,U0157,U0577,BORROW,2026-01-30,2026-01-28,2026-02-02,ACTIVE,3,2500,NOT_RETURNED,PENDING
A005078,I02575,U0122,U0053,SELL,2026-01-08,2026-01-08,2026-01-08,COMPLETED,0,100,COMPLETED,NA
A005079,I04011,U0521,U0534,GIVEAWAY,2025-10-30,2025-10-27,2025-10-30,COMPLETED,0,650,COMPLETED,NA
A005080,I03448,U0202,U0216,BORROW,2026-03-20,2026-03-20,2026-03-22,COMPLETED,2,650,RETURNED,ON_TIME
A005081,I02827,U0941,U0998,GIVEAWAY,2026-02-28,2026-02-27,2026-02-28,COMPLETED,0,1800,COMPLETED,NA
A005082,I03884,U0772,U0319,BORROW,2026-07-13,2026-07-11,2026-07-16,OVERDUE,3,500,NOT_RETURNED,LATE
A005083,I01734,U0736,U0152,SWAP,2026-02-27,2026-02-23,2026-02-27,COMPLETED,0,2150,COMPLETED,NA
A005084,I03525,U0610,U0048,GIVEAWAY,2025-12-13,2025-12-10,2025-12-13,COMPLETED,0,2200,COMPLETED,NA
A005085,I02177,U0352,U0079,BORROW,2025-10-24,2025-10-22,2025-11-14,COMPLETED,21,1400,RETURNED,ON_TIME
A005086,I01518,U0717,U0887,GIVEAWAY,2026-05-17,2026-05-13,2026-05-17,COMPLETED,0,250,COMPLETED,NA
A005087,I01514,U0454,U0620,SWAP,2026-04-15,2026-04-12,2026-04-15,COMPLETED,0,500,COMPLETED,NA
A005088,I01005,U0615,U0287,SWAP,2025-11-17,2025-11-17,2025-11-17,COMPLETED,0,1550,COMPLETED,NA
A005089,I03011,U0826,U0887,SWAP,2026-02-06,2026-02-06,2026-02-06,COMPLETED,0,850,COMPLETED,NA
A005090,I02582,U0767,U0007,SWAP,2026-04-04,2026-04-03,2026-04-04,COMPLETED,0,6950,COMPLETED,NA
A005091,I01119,U0345,U0721,SELL,2025-11-05,2025-11-05,2025-11-05,COMPLETED,0,1150,COMPLETED,NA
A005092,I04961,U0572,U0309,BORROW,2025-12-06,2025-12-04,2025-12-11,COMPLETED,5,1200,RETURNED,ON_TIME
A005093,I01991,U0355,U0754,BORROW,2026-04-28,2026-04-24,2026-05-19,COMPLETED,21,850,RETURNED,ON_TIME
A005094,I01554,U0684,U0573,BORROW,2025-11-23,2025-11-22,2025-12-03,COMPLETED,10,1900,RETURNED,ON_TIME
A005095,I00094,U0690,U0662,BORROW,2025-10-14,2025-10-11,2025-10-19,COMPLETED,5,1000,RETURNED,ON_TIME
A005096,I03476,U0787,U0408,GIVEAWAY,2025-09-03,2025-09-03,2025-09-03,COMPLETED,0,1350,COMPLETED,NA
A005097,I00307,U0890,U0287,BORROW,2026-04-01,2026-03-31,2026-04-08,ACTIVE,7,750,NOT_RETURNED,PENDING
A005098,I01552,U0190,U0522,SWAP,2026-01-28,2026-01-26,2026-01-28,COMPLETED,0,2050,COMPLETED,NA
A005099,I00377,U0344,U0077,GIVEAWAY,2026-03-18,2026-03-16,2026-03-18,COMPLETED,0,1450,COMPLETED,NA
A005100,I04756,U0350,U0771,BORROW,2025-09-18,2025-09-17,2025-09-21,COMPLETED,3,500,RETURNED,ON_TIME
A005101,I00022,U0604,U0108,BORROW,2025-12-31,2025-12-29,2026-01-05,COMPLETED,5,1750,RETURNED,ON_TIME
A005102,I00325,U0303,U0555,BORROW,2025-10-05,2025-10-01,2025-10-07,ACTIVE,2,50,NOT_RETURNED,PENDING
A005103,I00842,U0807,U0658,BORROW,2025-12-08,2025-12-04,2025-12-11,ACTIVE,3,6550,NOT_RETURNED,PENDING
A005104,I04482,U0591,U1000,SELL,2026-05-23,2026-05-20,2026-05-23,COMPLETED,0,250,COMPLETED,NA
A005105,I04369,U0851,U0982,SELL,2025-10-28,2025-10-26,2025-10-28,COMPLETED,0,1500,COMPLETED,NA
A005106,I00808,U0342,U0602,GIVEAWAY,2026-05-03,2026-04-29,2026-05-03,COMPLETED,0,1650,COMPLETED,NA
A005107,I01878,U0007,U0686,BORROW,2026-04-28,2026-04-25,2026-04-30,COMPLETED,2,150,RETURNED,ON_TIME
A005108,I04150,U0180,U0374,BORROW,2026-03-11,2026-03-09,2026-03-13,COMPLETED,2,850,RETURNED,ON_TIME
A005109,I01280,U0786,U0130,GIVEAWAY,2026-04-13,2026-04-09,2026-04-13,COMPLETED,0,250,COMPLETED,NA
A005110,I00714,U0074,U0013,BORROW,2026-02-28,2026-02-27,2026-03-05,COMPLETED,5,4250,RETURNED,ON_TIME
A005111,I02047,U0589,U0928,SWAP,2025-10-22,2025-10-21,2025-10-22,COMPLETED,0,700,COMPLETED,NA
A005112,I01683,U0706,U0912,GIVEAWAY,2025-09-19,2025-09-17,2025-09-19,COMPLETED,0,1350,COMPLETED,NA
A005113,I04793,U0346,U0194,BORROW,2025-11-10,2025-11-07,2025-11-20,COMPLETED,10,200,RETURNED,LATE
A005114,I00279,U0847,U0267,SWAP,2026-03-24,2026-03-21,2026-03-24,COMPLETED,0,900,COMPLETED,NA
A005115,I01772,U0028,U0386,SWAP,2025-12-27,2025-12-26,2025-12-27,COMPLETED,0,6450,COMPLETED,NA
A005116,I03231,U0464,U0247,SWAP,2025-10-08,2025-10-07,2025-10-08,COMPLETED,0,600,COMPLETED,NA
A005117,I00446,U0859,U0976,GIVEAWAY,2026-07-14,2026-07-13,2026-07-14,COMPLETED,0,3150,COMPLETED,NA
A005118,I04042,U0885,U0235,SELL,2025-12-29,2025-12-27,2025-12-29,COMPLETED,0,900,COMPLETED,NA
A005119,I00758,U0738,U0416,BORROW,2025-09-25,2025-09-24,2025-09-30,COMPLETED,5,1450,RETURNED,ON_TIME
A005120,I03041,U0553,U0445,BORROW,2026-07-13,2026-07-11,2026-08-03,COMPLETED,21,300,RETURNED,ON_TIME
A005121,I02444,U0642,U0980,SWAP,2026-01-19,2026-01-15,2026-01-19,COMPLETED,0,450,COMPLETED,NA
A005122,I03304,U1000,U0258,SWAP,2026-02-12,2026-02-08,2026-02-12,COMPLETED,0,900,COMPLETED,NA
A005123,I04414,U0748,U0730,SWAP,2025-12-30,2025-12-28,2025-12-30,COMPLETED,0,1600,COMPLETED,NA
A005124,I02968,U0784,U0878,SELL,2026-03-16,2026-03-16,2026-03-16,COMPLETED,0,550,COMPLETED,NA
A005125,I01938,U0392,U0379,BORROW,2026-06-22,2026-06-22,2026-06-25,COMPLETED,3,100,RETURNED,LATE
A005126,I04433,U0007,U0679,GIVEAWAY,2025-10-20,2025-10-20,2025-10-20,COMPLETED,0,450,COMPLETED,NA
A005127,I02188,U0400,U0683,BORROW,2025-09-15,2025-09-14,2025-10-06,COMPLETED,21,1700,RETURNED,ON_TIME
A005128,I02021,U0476,U0432,BORROW,2026-06-12,2026-06-09,2026-06-14,COMPLETED,2,1000,RETURNED,ON_TIME
A005129,I02931,U0899,U0963,GIVEAWAY,2026-05-27,2026-05-24,2026-05-27,COMPLETED,0,1150,COMPLETED,NA
A005130,I01196,U0533,U0927,SWAP,2026-07-23,2026-07-19,2026-07-23,COMPLETED,0,2200,COMPLETED,NA
A005131,I04920,U0683,U0335,GIVEAWAY,2026-04-11,2026-04-09,2026-04-11,COMPLETED,0,1350,COMPLETED,NA
A005132,I03455,U0631,U0388,BORROW,2025-10-07,2025-10-07,2025-10-14,OVERDUE,7,2450,NOT_RETURNED,LATE
A005133,I01351,U0950,U0246,SWAP,2026-05-26,2026-05-22,2026-05-26,COMPLETED,0,3200,COMPLETED,NA
A005134,I03856,U0186,U0621,BORROW,2026-01-26,2026-01-24,2026-01-31,COMPLETED,5,750,RETURNED,ON_TIME
A005135,I03871,U0845,U0656,GIVEAWAY,2025-12-08,2025-12-06,2025-12-08,COMPLETED,0,1850,COMPLETED,NA
A005136,I03648,U0663,U0574,BORROW,2026-04-23,2026-04-19,2026-04-25,COMPLETED,2,550,RETURNED,ON_TIME
A005137,I04278,U0991,U0407,BORROW,2025-09-01,2025-08-29,2025-09-11,OVERDUE,10,600,NOT_RETURNED,LATE
A005138,I03627,U0650,U0764,SWAP,2025-12-17,2025-12-16,2025-12-17,COMPLETED,0,550,COMPLETED,NA
A005139,I01282,U0509,U0977,BORROW,2026-03-16,2026-03-15,2026-04-06,COMPLETED,21,2400,RETURNED,ON_TIME
A005140,I00751,U0606,U0892,SELL,2026-06-03,2026-05-30,2026-06-03,COMPLETED,0,2650,COMPLETED,NA
A005141,I03056,U0208,U0063,BORROW,2026-05-04,2026-05-04,2026-05-09,COMPLETED,5,2250,RETURNED,ON_TIME
A005142,I01818,U0410,U0167,GIVEAWAY,2026-01-12,2026-01-08,2026-01-12,COMPLETED,0,350,COMPLETED,NA
A005143,I04938,U0248,U0089,BORROW,2026-01-02,2025-12-29,2026-01-04,OVERDUE,2,150,NOT_RETURNED,LATE
A005144,I01553,U0204,U0480,SELL,2026-02-06,2026-02-02,2026-02-06,COMPLETED,0,600,COMPLETED,NA
A005145,I03576,U0632,U0805,SWAP,2025-12-25,2025-12-21,2025-12-25,COMPLETED,0,1950,COMPLETED,NA
A005146,I03696,U0465,U0473,BORROW,2025-09-01,2025-08-31,2025-09-03,COMPLETED,2,1900,RETURNED,ON_TIME
A005147,I00428,U0001,U0459,SWAP,2025-11-10,2025-11-10,2025-11-10,COMPLETED,0,2250,COMPLETED,NA
A005148,I04115,U0840,U0985,BORROW,2025-09-14,2025-09-10,2025-09-21,COMPLETED,7,1450,RETURNED,ON_TIME
A005149,I03841,U0646,U0278,BORROW,2025-11-20,2025-11-19,2025-11-30,OVERDUE,10,2800,NOT_RETURNED,LATE
A005150,I02779,U0263,U0194,SWAP,2026-07-03,2026-07-01,2026-07-03,COMPLETED,0,500,COMPLETED,NA
A005151,I03939,U0796,U0413,SWAP,2026-01-22,2026-01-18,2026-01-22,COMPLETED,0,1450,COMPLETED,NA
A005152,I01811,U0637,U0237,BORROW,2025-09-17,2025-09-13,2025-09-19,ACTIVE,2,650,NOT_RETURNED,PENDING
A005153,I00807,U0399,U0422,SWAP,2026-02-17,2026-02-14,2026-02-17,COMPLETED,0,1500,COMPLETED,NA
A005154,I00389,U0584,U0233,BORROW,2025-10-02,2025-10-02,2025-10-09,ACTIVE,7,2700,NOT_RETURNED,PENDING
A005155,I02051,U0350,U0811,BORROW,2025-11-13,2025-11-10,2025-11-23,COMPLETED,10,250,RETURNED,ON_TIME
A005156,I01809,U0311,U0107,BORROW,2025-11-29,2025-11-28,2025-12-02,COMPLETED,3,1850,RETURNED,ON_TIME
A005157,I04232,U0057,U0393,BORROW,2026-06-25,2026-06-21,2026-06-28,COMPLETED,3,3850,RETURNED,ON_TIME
A005158,I03953,U0383,U0041,SWAP,2025-12-02,2025-12-02,2025-12-02,COMPLETED,0,350,COMPLETED,NA
A005159,I03936,U0757,U0052,BORROW,2026-01-09,2026-01-08,2026-01-11,COMPLETED,2,1350,RETURNED,ON_TIME
A005160,I00287,U0738,U0824,BORROW,2026-04-29,2026-04-28,2026-05-06,COMPLETED,7,950,RETURNED,ON_TIME
A005161,I03913,U0607,U0322,BORROW,2026-01-26,2026-01-22,2026-02-05,COMPLETED,10,1400,RETURNED,ON_TIME
A005162,I02077,U0375,U0753,SELL,2026-02-20,2026-02-18,2026-02-20,COMPLETED,0,900,COMPLETED,NA
A005163,I03832,U0209,U0914,BORROW,2025-11-28,2025-11-28,2025-12-03,COMPLETED,5,3300,RETURNED,ON_TIME
A005164,I03656,U0744,U0295,SWAP,2026-03-19,2026-03-16,2026-03-19,COMPLETED,0,2800,COMPLETED,NA
A005165,I04819,U0341,U0302,BORROW,2026-02-22,2026-02-19,2026-03-01,COMPLETED,7,1100,RETURNED,ON_TIME
A005166,I04509,U0754,U0549,SELL,2026-02-10,2026-02-08,2026-02-10,COMPLETED,0,2050,COMPLETED,NA
A005167,I03142,U0995,U0875,BORROW,2026-06-17,2026-06-16,2026-07-01,COMPLETED,14,1900,RETURNED,ON_TIME
A005168,I03375,U0989,U0991,BORROW,2025-10-31,2025-10-27,2025-11-10,COMPLETED,10,1850,RETURNED,ON_TIME
A005169,I00796,U0031,U0176,BORROW,2026-07-09,2026-07-08,2026-07-23,OVERDUE,14,500,NOT_RETURNED,LATE
A005170,I04302,U0570,U0963,BORROW,2026-02-06,2026-02-04,2026-02-08,COMPLETED,2,600,RETURNED,ON_TIME
A005171,I01520,U0270,U0434,GIVEAWAY,2026-01-27,2026-01-24,2026-01-27,COMPLETED,0,700,COMPLETED,NA
A005172,I01644,U0682,U0770,BORROW,2026-07-04,2026-06-30,2026-07-07,ACTIVE,3,1850,NOT_RETURNED,PENDING
A005173,I02263,U0345,U0149,BORROW,2026-05-14,2026-05-12,2026-05-24,COMPLETED,10,1200,RETURNED,ON_TIME
A005174,I02031,U0108,U0967,GIVEAWAY,2026-06-17,2026-06-16,2026-06-17,COMPLETED,0,850,COMPLETED,NA
A005175,I01203,U0537,U0451,GIVEAWAY,2026-05-26,2026-05-24,2026-05-26,COMPLETED,0,1400,COMPLETED,NA
A005176,I01665,U0267,U0448,SELL,2026-03-25,2026-03-25,2026-03-25,COMPLETED,0,1650,COMPLETED,NA
A005177,I02907,U0143,U0345,SWAP,2026-01-10,2026-01-09,2026-01-10,COMPLETED,0,1600,COMPLETED,NA
A005178,I03082,U0496,U0246,SELL,2025-10-05,2025-10-02,2025-10-05,COMPLETED,0,1350,COMPLETED,NA
A005179,I00214,U0418,U0517,BORROW,2026-01-29,2026-01-26,2026-02-08,COMPLETED,10,2300,RETURNED,ON_TIME
A005180,I04686,U0535,U0131,BORROW,2025-10-16,2025-10-16,2025-10-19,ACTIVE,3,1700,NOT_RETURNED,PENDING
A005181,I02441,U0183,U0547,SWAP,2026-05-24,2026-05-22,2026-05-24,COMPLETED,0,450,COMPLETED,NA
A005182,I04638,U0528,U0212,BORROW,2026-06-25,2026-06-21,2026-07-16,COMPLETED,21,400,RETURNED,ON_TIME
A005183,I02490,U0006,U0916,GIVEAWAY,2026-01-03,2025-12-30,2026-01-03,COMPLETED,0,750,COMPLETED,NA
A005184,I01259,U0209,U0518,GIVEAWAY,2026-06-20,2026-06-18,2026-06-20,COMPLETED,0,5000,COMPLETED,NA
A005185,I00181,U0834,U0647,BORROW,2026-02-27,2026-02-27,2026-03-13,CANCELLED,14,2150,CANCELLED,PENDING
A005186,I02939,U0120,U0391,BORROW,2026-02-26,2026-02-22,2026-03-05,COMPLETED,7,3350,RETURNED,LATE
A005187,I04523,U0528,U0620,SWAP,2026-06-09,2026-06-08,2026-06-09,COMPLETED,0,500,COMPLETED,NA
A005188,I01702,U0243,U0076,BORROW,2025-10-19,2025-10-15,2025-10-26,COMPLETED,7,1300,RETURNED,LATE
A005189,I01266,U0225,U0041,BORROW,2025-10-02,2025-09-29,2025-10-09,COMPLETED,7,1650,RETURNED,ON_TIME
A005190,I00096,U0303,U0715,GIVEAWAY,2025-10-25,2025-10-25,2025-10-25,COMPLETED,0,750,COMPLETED,NA
A005191,I00587,U0600,U0094,GIVEAWAY,2025-12-21,2025-12-19,2025-12-21,COMPLETED,0,600,COMPLETED,NA
A005192,I04149,U0701,U0055,SELL,2026-02-19,2026-02-19,2026-02-19,COMPLETED,0,1600,COMPLETED,NA
A005193,I00333,U0648,U0244,BORROW,2025-12-10,2025-12-10,2025-12-13,ACTIVE,3,1600,NOT_RETURNED,PENDING
A005194,I02053,U0862,U0445,SWAP,2025-11-09,2025-11-07,2025-11-09,COMPLETED,0,2300,COMPLETED,NA
A005195,I00366,U0010,U0308,SELL,2026-07-17,2026-07-17,2026-07-17,COMPLETED,0,2050,COMPLETED,NA
A005196,I02503,U0192,U0821,SWAP,2026-02-13,2026-02-11,2026-02-13,COMPLETED,0,800,COMPLETED,NA
A005197,I02030,U0839,U0460,SWAP,2025-11-20,2025-11-16,2025-11-20,COMPLETED,0,500,COMPLETED,NA
A005198,I04638,U0198,U0212,BORROW,2026-03-12,2026-03-09,2026-04-02,CANCELLED,21,400,CANCELLED,PENDING
A005199,I01301,U0127,U0102,SWAP,2026-01-12,2026-01-10,2026-01-12,COMPLETED,0,900,COMPLETED,NA
A005200,I02661,U0347,U0179,SWAP,2026-05-07,2026-05-05,2026-05-07,COMPLETED,0,2100,COMPLETED,NA
A005201,I00058,U0305,U0935,GIVEAWAY,2026-06-12,2026-06-09,2026-06-12,COMPLETED,0,1250,COMPLETED,NA
A005202,I04739,U0677,U0224,GIVEAWAY,2026-01-22,2026-01-19,2026-01-22,COMPLETED,0,2900,COMPLETED,NA
A005203,I03846,U0474,U0783,SWAP,2026-06-17,2026-06-13,2026-06-17,COMPLETED,0,1250,COMPLETED,NA
A005204,I01451,U0850,U0001,BORROW,2026-01-14,2026-01-14,2026-01-17,OVERDUE,3,350,NOT_RETURNED,LATE
A005205,I01020,U0604,U0234,BORROW,2026-06-12,2026-06-09,2026-06-22,ACTIVE,10,300,NOT_RETURNED,PENDING
A005206,I02016,U0005,U0951,SWAP,2025-10-07,2025-10-06,2025-10-07,COMPLETED,0,1950,COMPLETED,NA
A005207,I03464,U0797,U0493,SELL,2025-11-12,2025-11-12,2025-11-12,COMPLETED,0,1050,COMPLETED,NA
A005208,I01992,U0475,U0464,SWAP,2025-11-16,2025-11-16,2025-11-16,COMPLETED,0,400,COMPLETED,NA
A005209,I03888,U0356,U0609,BORROW,2026-06-04,2026-05-31,2026-06-07,COMPLETED,3,300,RETURNED,LATE
A005210,I04792,U0536,U0550,BORROW,2026-04-28,2026-04-24,2026-05-12,COMPLETED,14,1950,RETURNED,ON_TIME
A005211,I03281,U0791,U0431,BORROW,2026-07-25,2026-07-24,2026-08-01,COMPLETED,7,450,RETURNED,ON_TIME
A005212,I02368,U0472,U0728,GIVEAWAY,2025-12-12,2025-12-10,2025-12-12,COMPLETED,0,600,COMPLETED,NA
A005213,I00563,U0489,U0518,SWAP,2026-05-11,2026-05-10,2026-05-11,COMPLETED,0,450,COMPLETED,NA
A005214,I01390,U0181,U0966,SWAP,2026-02-20,2026-02-18,2026-02-20,COMPLETED,0,1500,COMPLETED,NA
A005215,I00100,U0053,U0652,SWAP,2026-01-30,2026-01-30,2026-01-30,CANCELLED,0,1150,CANCELLED,NA
A005216,I01754,U0894,U0157,BORROW,2025-10-28,2025-10-25,2025-11-02,COMPLETED,5,350,RETURNED,ON_TIME
A005217,I04032,U0343,U0557,SWAP,2026-04-28,2026-04-25,2026-04-28,COMPLETED,0,950,COMPLETED,NA
A005218,I03894,U0160,U0891,GIVEAWAY,2025-12-01,2025-11-27,2025-12-01,COMPLETED,0,3600,COMPLETED,NA
A005219,I00965,U0140,U0256,BORROW,2026-07-18,2026-07-17,2026-07-23,CANCELLED,5,1850,CANCELLED,PENDING
A005220,I02014,U0924,U0713,BORROW,2026-01-09,2026-01-08,2026-01-14,OVERDUE,5,1600,NOT_RETURNED,LATE
A005221,I02696,U0392,U0232,BORROW,2025-12-11,2025-12-10,2025-12-14,ACTIVE,3,1250,NOT_RETURNED,PENDING
A005222,I03726,U0950,U0009,SWAP,2026-06-29,2026-06-26,2026-06-29,COMPLETED,0,1150,COMPLETED,NA
A005223,I02434,U0945,U0449,BORROW,2026-07-25,2026-07-24,2026-07-30,COMPLETED,5,1850,RETURNED,ON_TIME
A005224,I01688,U0706,U0121,BORROW,2026-04-27,2026-04-24,2026-04-29,COMPLETED,2,1800,RETURNED,ON_TIME
A005225,I04308,U0227,U0434,BORROW,2025-10-17,2025-10-17,2025-10-24,COMPLETED,7,300,RETURNED,ON_TIME
A005226,I01881,U0128,U0912,BORROW,2025-10-04,2025-10-02,2025-10-06,COMPLETED,2,1250,RETURNED,ON_TIME
A005227,I00024,U0787,U0028,BORROW,2025-10-09,2025-10-06,2025-10-11,COMPLETED,2,3550,RETURNED,ON_TIME
A005228,I00209,U0626,U0669,BORROW,2026-05-14,2026-05-11,2026-05-28,COMPLETED,14,4200,RETURNED,ON_TIME
A005229,I00742,U0264,U0333,SELL,2026-03-25,2026-03-23,2026-03-25,COMPLETED,0,2550,COMPLETED,NA
A005230,I00191,U0973,U0663,BORROW,2025-10-30,2025-10-27,2025-11-04,COMPLETED,5,1000,RETURNED,ON_TIME
A005231,I03733,U0162,U0820,SELL,2025-12-04,2025-11-30,2025-12-04,COMPLETED,0,2200,COMPLETED,NA
A005232,I04610,U0391,U0427,BORROW,2025-10-06,2025-10-05,2025-10-09,COMPLETED,3,500,RETURNED,ON_TIME
A005233,I04227,U0035,U0425,SWAP,2026-01-13,2026-01-12,2026-01-13,COMPLETED,0,1600,COMPLETED,NA
A005234,I03056,U0680,U0063,GIVEAWAY,2025-11-22,2025-11-18,2025-11-22,COMPLETED,0,2250,COMPLETED,NA
A005235,I00111,U0840,U0334,SWAP,2026-02-01,2026-01-30,2026-02-01,COMPLETED,0,1900,COMPLETED,NA
A005236,I04085,U0511,U0441,BORROW,2026-06-15,2026-06-11,2026-06-17,COMPLETED,2,950,RETURNED,ON_TIME
A005237,I01205,U0140,U0740,BORROW,2025-10-14,2025-10-14,2025-10-28,COMPLETED,14,2000,RETURNED,ON_TIME
A005238,I03627,U0104,U0764,SWAP,2025-09-15,2025-09-12,2025-09-15,COMPLETED,0,550,COMPLETED,NA
A005239,I04933,U0820,U0926,BORROW,2026-07-08,2026-07-07,2026-07-29,ACTIVE,21,1250,NOT_RETURNED,PENDING
A005240,I02111,U0801,U0354,SELL,2026-03-25,2026-03-23,2026-03-25,COMPLETED,0,1100,COMPLETED,NA
A005241,I01890,U0525,U0303,BORROW,2026-04-11,2026-04-09,2026-04-21,COMPLETED,10,1350,RETURNED,LATE
A005242,I04810,U0144,U0457,BORROW,2026-03-25,2026-03-25,2026-04-15,COMPLETED,21,550,RETURNED,ON_TIME
A005243,I02094,U0964,U0971,BORROW,2025-10-15,2025-10-11,2025-10-22,CANCELLED,7,3150,CANCELLED,PENDING
A005244,I01084,U0443,U0611,GIVEAWAY,2026-07-12,2026-07-11,2026-07-12,COMPLETED,0,2300,COMPLETED,NA
A005245,I02653,U0333,U0576,GIVEAWAY,2026-06-18,2026-06-16,2026-06-18,COMPLETED,0,2300,COMPLETED,NA
A005246,I04635,U0669,U0096,BORROW,2026-01-06,2026-01-05,2026-01-08,COMPLETED,2,2050,RETURNED,ON_TIME
A005247,I00376,U0364,U0920,BORROW,2026-05-14,2026-05-10,2026-06-04,COMPLETED,21,400,RETURNED,ON_TIME
A005248,I03852,U0635,U0109,SELL,2025-11-28,2025-11-27,2025-11-28,CANCELLED,0,900,CANCELLED,NA
A005249,I04103,U0572,U0368,BORROW,2025-12-14,2025-12-11,2025-12-21,COMPLETED,7,300,RETURNED,ON_TIME
A005250,I03383,U0794,U0117,BORROW,2026-07-03,2026-07-01,2026-07-06,CANCELLED,3,600,CANCELLED,PENDING
A005251,I02664,U0878,U0583,SELL,2026-04-14,2026-04-10,2026-04-14,COMPLETED,0,3850,COMPLETED,NA
A005252,I03355,U0757,U0628,GIVEAWAY,2025-12-02,2025-12-01,2025-12-02,COMPLETED,0,100,COMPLETED,NA
A005253,I04151,U0238,U0473,BORROW,2025-10-14,2025-10-10,2025-10-28,COMPLETED,14,450,RETURNED,ON_TIME
A005254,I00466,U0483,U0867,GIVEAWAY,2026-06-16,2026-06-13,2026-06-16,COMPLETED,0,200,COMPLETED,NA
A005255,I04429,U0395,U0597,SWAP,2026-02-18,2026-02-16,2026-02-18,COMPLETED,0,950,COMPLETED,NA
A005256,I00374,U0877,U0804,SELL,2025-10-11,2025-10-11,2025-10-11,COMPLETED,0,850,COMPLETED,NA
A005257,I01357,U0522,U0756,SELL,2025-10-09,2025-10-05,2025-10-09,COMPLETED,0,900,COMPLETED,NA
A005258,I00328,U0593,U0338,SWAP,2026-03-12,2026-03-08,2026-03-12,COMPLETED,0,1350,COMPLETED,NA
A005259,I00369,U0178,U0983,BORROW,2025-09-10,2025-09-08,2025-09-17,COMPLETED,7,950,RETURNED,ON_TIME
A005260,I01545,U0066,U0875,SWAP,2026-05-13,2026-05-13,2026-05-13,COMPLETED,0,900,COMPLETED,NA
A005261,I03549,U0202,U0326,BORROW,2026-02-14,2026-02-11,2026-02-21,COMPLETED,7,1800,RETURNED,ON_TIME
A005262,I01553,U0764,U0480,BORROW,2026-06-30,2026-06-28,2026-07-02,COMPLETED,2,600,RETURNED,ON_TIME
A005263,I02238,U0785,U0642,GIVEAWAY,2026-04-12,2026-04-10,2026-04-12,COMPLETED,0,400,COMPLETED,NA
A005264,I04654,U0580,U0844,SWAP,2026-01-09,2026-01-09,2026-01-09,COMPLETED,0,1500,COMPLETED,NA
A005265,I01700,U0912,U0552,SWAP,2026-05-07,2026-05-03,2026-05-07,COMPLETED,0,700,COMPLETED,NA
A005266,I02338,U0942,U0705,BORROW,2026-03-03,2026-02-27,2026-03-24,CANCELLED,21,850,CANCELLED,PENDING
A005267,I01966,U0597,U0991,BORROW,2026-03-31,2026-03-28,2026-04-21,COMPLETED,21,600,RETURNED,ON_TIME
A005268,I04753,U0032,U0526,SELL,2025-11-30,2025-11-28,2025-11-30,COMPLETED,0,1700,COMPLETED,NA
A005269,I01756,U0686,U0084,SWAP,2025-09-06,2025-09-06,2025-09-06,COMPLETED,0,250,COMPLETED,NA
A005270,I04564,U0135,U0833,SELL,2025-11-08,2025-11-07,2025-11-08,COMPLETED,0,1550,COMPLETED,NA
A005271,I02345,U0311,U0721,GIVEAWAY,2026-04-03,2026-04-02,2026-04-03,COMPLETED,0,1700,COMPLETED,NA
A005272,I04995,U0065,U0422,GIVEAWAY,2026-02-05,2026-02-05,2026-02-05,COMPLETED,0,1050,COMPLETED,NA
A005273,I04984,U0033,U0071,BORROW,2026-04-08,2026-04-05,2026-04-10,COMPLETED,2,1750,RETURNED,ON_TIME
A005274,I00950,U0342,U0860,GIVEAWAY,2025-09-07,2025-09-07,2025-09-07,COMPLETED,0,600,COMPLETED,NA
A005275,I04264,U0402,U0605,SELL,2026-03-23,2026-03-19,2026-03-23,COMPLETED,0,2050,COMPLETED,NA
A005276,I00396,U0213,U0259,BORROW,2025-11-30,2025-11-29,2025-12-14,CANCELLED,14,1250,CANCELLED,PENDING
A005277,I04706,U0988,U0572,GIVEAWAY,2026-03-03,2026-02-28,2026-03-03,COMPLETED,0,1700,COMPLETED,NA
A005278,I03528,U0914,U0526,SWAP,2025-12-05,2025-12-04,2025-12-05,COMPLETED,0,250,COMPLETED,NA
A005279,I01232,U0862,U0461,SELL,2026-07-04,2026-07-01,2026-07-04,COMPLETED,0,6200,COMPLETED,NA
A005280,I03181,U0102,U0103,GIVEAWAY,2026-03-30,2026-03-29,2026-03-30,COMPLETED,0,2400,COMPLETED,NA
A005281,I03263,U0409,U0711,BORROW,2026-05-01,2026-04-28,2026-05-03,COMPLETED,2,300,RETURNED,ON_TIME
A005282,I03501,U0812,U0227,SELL,2026-07-10,2026-07-08,2026-07-10,COMPLETED,0,1500,COMPLETED,NA
A005283,I04459,U0808,U0910,BORROW,2026-02-23,2026-02-21,2026-03-16,ACTIVE,21,700,NOT_RETURNED,PENDING
A005284,I03552,U0833,U0125,SELL,2025-09-01,2025-08-30,2025-09-01,COMPLETED,0,900,COMPLETED,NA
A005285,I02083,U0429,U0209,BORROW,2026-01-01,2025-12-28,2026-01-11,COMPLETED,10,900,RETURNED,LATE
A005286,I03555,U0470,U0579,BORROW,2025-12-03,2025-12-01,2025-12-24,COMPLETED,21,800,RETURNED,ON_TIME
A005287,I01905,U0541,U0021,BORROW,2026-03-15,2026-03-12,2026-03-20,COMPLETED,5,800,RETURNED,ON_TIME
A005288,I03280,U0778,U0634,GIVEAWAY,2025-09-10,2025-09-07,2025-09-10,COMPLETED,0,500,COMPLETED,NA
A005289,I01688,U0421,U0121,SELL,2025-12-09,2025-12-08,2025-12-09,COMPLETED,0,1800,COMPLETED,NA
A005290,I04667,U0899,U0693,BORROW,2025-11-12,2025-11-10,2025-11-17,COMPLETED,5,1600,RETURNED,ON_TIME
A005291,I00054,U0681,U0642,BORROW,2025-12-05,2025-12-05,2025-12-08,COMPLETED,3,3600,RETURNED,ON_TIME
A005292,I00259,U0792,U0231,SWAP,2026-04-11,2026-04-07,2026-04-11,COMPLETED,0,800,COMPLETED,NA
A005293,I02222,U0769,U0745,BORROW,2025-10-25,2025-10-23,2025-10-27,COMPLETED,2,4850,RETURNED,ON_TIME
A005294,I01163,U0565,U0612,SELL,2025-11-04,2025-11-03,2025-11-04,COMPLETED,0,450,COMPLETED,NA
A005295,I04009,U0163,U0389,SWAP,2026-01-14,2026-01-12,2026-01-14,COMPLETED,0,1000,COMPLETED,NA
A005296,I04455,U0737,U0398,BORROW,2025-10-05,2025-10-05,2025-10-15,ACTIVE,10,1500,NOT_RETURNED,PENDING
A005297,I03743,U0767,U0548,BORROW,2025-11-18,2025-11-14,2025-11-20,COMPLETED,2,650,RETURNED,ON_TIME
A005298,I04436,U0926,U0512,BORROW,2026-04-17,2026-04-17,2026-05-01,COMPLETED,14,750,RETURNED,LATE
A005299,I00277,U0553,U0950,SWAP,2026-05-11,2026-05-09,2026-05-11,COMPLETED,0,650,COMPLETED,NA
A005300,I01251,U0901,U0540,BORROW,2026-05-21,2026-05-20,2026-05-23,CANCELLED,2,1050,CANCELLED,PENDING
A005301,I02671,U0912,U0146,BORROW,2025-11-09,2025-11-07,2025-11-23,CANCELLED,14,1500,CANCELLED,PENDING
A005302,I00430,U0921,U0839,SELL,2025-09-15,2025-09-12,2025-09-15,COMPLETED,0,450,COMPLETED,NA
A005303,I03644,U0364,U0162,GIVEAWAY,2026-01-16,2026-01-14,2026-01-16,COMPLETED,0,900,COMPLETED,NA
A005304,I02460,U0549,U0552,BORROW,2026-01-07,2026-01-04,2026-01-28,COMPLETED,21,950,RETURNED,ON_TIME
A005305,I04594,U0940,U0925,SWAP,2025-10-12,2025-10-10,2025-10-12,COMPLETED,0,1150,COMPLETED,NA
A005306,I02484,U0558,U0208,BORROW,2025-11-18,2025-11-15,2025-11-20,COMPLETED,2,1600,RETURNED,ON_TIME
A005307,I02986,U0988,U0094,BORROW,2026-07-28,2026-07-27,2026-08-04,COMPLETED,7,300,RETURNED,ON_TIME
A005308,I03598,U0771,U0630,BORROW,2026-03-04,2026-03-04,2026-03-06,COMPLETED,2,800,RETURNED,ON_TIME
A005309,I01486,U0442,U0497,SWAP,2026-05-18,2026-05-17,2026-05-18,COMPLETED,0,750,COMPLETED,NA
A005310,I02560,U0686,U0102,SELL,2026-04-15,2026-04-15,2026-04-15,COMPLETED,0,850,COMPLETED,NA
A005311,I04472,U0735,U0015,GIVEAWAY,2025-11-23,2025-11-23,2025-11-23,COMPLETED,0,5050,COMPLETED,NA
A005312,I03178,U0633,U0161,SWAP,2025-09-20,2025-09-17,2025-09-20,COMPLETED,0,1550,COMPLETED,NA
A005313,I04833,U0566,U0606,BORROW,2026-06-07,2026-06-04,2026-06-28,COMPLETED,21,2450,RETURNED,ON_TIME
A005314,I00352,U0496,U0059,SELL,2026-04-05,2026-04-05,2026-04-05,COMPLETED,0,2100,COMPLETED,NA
A005315,I00158,U0822,U0705,SWAP,2025-12-24,2025-12-22,2025-12-24,COMPLETED,0,3200,COMPLETED,NA
A005316,I01238,U0784,U0481,SWAP,2026-01-27,2026-01-25,2026-01-27,COMPLETED,0,950,COMPLETED,NA
A005317,I02483,U0028,U0688,SWAP,2026-01-27,2026-01-26,2026-01-27,COMPLETED,0,700,COMPLETED,NA
A005318,I02665,U0639,U0546,SWAP,2026-04-28,2026-04-24,2026-04-28,CANCELLED,0,100,CANCELLED,NA
A005319,I00237,U0916,U0038,GIVEAWAY,2026-03-20,2026-03-19,2026-03-20,COMPLETED,0,750,COMPLETED,NA
A005320,I01496,U0198,U0581,BORROW,2026-02-20,2026-02-16,2026-02-22,COMPLETED,2,1150,RETURNED,LATE
A005321,I04198,U0343,U0198,SELL,2026-07-13,2026-07-10,2026-07-13,COMPLETED,0,600,COMPLETED,NA
A005322,I00796,U0054,U0176,BORROW,2025-12-16,2025-12-13,2026-01-06,COMPLETED,21,500,RETURNED,ON_TIME
A005323,I01039,U0665,U0314,BORROW,2026-03-24,2026-03-20,2026-04-03,COMPLETED,10,1300,RETURNED,LATE
A005324,I02652,U0542,U0713,GIVEAWAY,2026-01-12,2026-01-12,2026-01-12,COMPLETED,0,350,COMPLETED,NA
A005325,I01230,U0125,U0963,GIVEAWAY,2025-10-31,2025-10-31,2025-10-31,COMPLETED,0,1650,COMPLETED,NA
A005326,I03635,U0591,U0137,SWAP,2026-04-30,2026-04-30,2026-04-30,COMPLETED,0,750,COMPLETED,NA
A005327,I03120,U0728,U0537,BORROW,2026-01-13,2026-01-12,2026-01-20,COMPLETED,7,850,RETURNED,ON_TIME
A005328,I01293,U0646,U0956,BORROW,2026-04-29,2026-04-26,2026-05-06,ACTIVE,7,2250,NOT_RETURNED,PENDING
A005329,I02637,U0463,U0500,BORROW,2025-11-19,2025-11-17,2025-11-26,COMPLETED,7,1250,RETURNED,ON_TIME
A005330,I01386,U0899,U0859,BORROW,2026-05-25,2026-05-24,2026-06-04,ACTIVE,10,1200,NOT_RETURNED,PENDING
A005331,I02823,U0615,U0747,SELL,2026-01-14,2026-01-13,2026-01-14,CANCELLED,0,1400,CANCELLED,NA
A005332,I04060,U0340,U0785,BORROW,2026-02-20,2026-02-18,2026-03-06,COMPLETED,14,1250,RETURNED,ON_TIME
A005333,I00648,U0423,U0434,SWAP,2026-06-29,2026-06-29,2026-06-29,COMPLETED,0,150,COMPLETED,NA
A005334,I01258,U0591,U0741,BORROW,2026-03-24,2026-03-24,2026-03-27,COMPLETED,3,1350,RETURNED,ON_TIME
A005335,I00387,U0001,U0510,SELL,2026-03-25,2026-03-21,2026-03-25,COMPLETED,0,1100,COMPLETED,NA
A005336,I01681,U0446,U0786,BORROW,2026-04-29,2026-04-26,2026-05-04,OVERDUE,5,2050,NOT_RETURNED,LATE
A005337,I01544,U0682,U0290,SELL,2026-02-22,2026-02-22,2026-02-22,COMPLETED,0,800,COMPLETED,NA
A005338,I02408,U0445,U0702,SWAP,2026-04-15,2026-04-12,2026-04-15,COMPLETED,0,1100,COMPLETED,NA
A005339,I04198,U0002,U0198,BORROW,2026-05-10,2026-05-06,2026-05-24,ACTIVE,14,600,NOT_RETURNED,PENDING
A005340,I03296,U0876,U0494,GIVEAWAY,2026-04-10,2026-04-08,2026-04-10,COMPLETED,0,1000,COMPLETED,NA
A005341,I02287,U0317,U0549,BORROW,2025-11-05,2025-11-02,2025-11-08,COMPLETED,3,750,RETURNED,ON_TIME
A005342,I01716,U0154,U0490,SELL,2025-09-06,2025-09-05,2025-09-06,COMPLETED,0,1700,COMPLETED,NA
A005343,I03949,U0487,U0958,SWAP,2025-09-16,2025-09-15,2025-09-16,COMPLETED,0,450,COMPLETED,NA
A005344,I02051,U0706,U0811,BORROW,2025-09-11,2025-09-08,2025-09-14,COMPLETED,3,250,RETURNED,ON_TIME
A005345,I03749,U0388,U0139,GIVEAWAY,2026-05-13,2026-05-10,2026-05-13,COMPLETED,0,4500,COMPLETED,NA
A005346,I00976,U0245,U0552,SWAP,2026-01-29,2026-01-28,2026-01-29,COMPLETED,0,700,COMPLETED,NA
A005347,I03849,U0965,U0829,SWAP,2026-04-18,2026-04-17,2026-04-18,COMPLETED,0,1000,COMPLETED,NA
A005348,I01147,U0944,U0910,SWAP,2026-04-05,2026-04-01,2026-04-05,CANCELLED,0,2950,CANCELLED,NA
A005349,I00014,U0461,U0023,BORROW,2025-09-08,2025-09-07,2025-09-18,COMPLETED,10,850,RETURNED,ON_TIME
A005350,I04550,U0311,U0415,SELL,2025-11-24,2025-11-22,2025-11-24,COMPLETED,0,200,COMPLETED,NA
A005351,I03772,U0326,U0574,SELL,2025-11-16,2025-11-14,2025-11-16,COMPLETED,0,1050,COMPLETED,NA
A005352,I03269,U0198,U0723,GIVEAWAY,2025-12-27,2025-12-23,2025-12-27,COMPLETED,0,1400,COMPLETED,NA
A005353,I01202,U0030,U0428,BORROW,2025-10-28,2025-10-24,2025-11-11,COMPLETED,14,2750,RETURNED,ON_TIME
A005354,I03565,U0591,U0359,GIVEAWAY,2026-02-18,2026-02-14,2026-02-18,COMPLETED,0,150,COMPLETED,NA
A005355,I04584,U0704,U0853,BORROW,2025-10-26,2025-10-24,2025-11-02,COMPLETED,7,3900,RETURNED,ON_TIME
A005356,I04406,U0531,U0226,GIVEAWAY,2026-06-01,2026-05-31,2026-06-01,COMPLETED,0,2050,COMPLETED,NA
A005357,I04066,U0058,U0083,BORROW,2026-02-28,2026-02-28,2026-03-07,COMPLETED,7,750,RETURNED,ON_TIME
A005358,I00169,U0024,U0644,SWAP,2026-07-28,2026-07-25,2026-07-28,COMPLETED,0,800,COMPLETED,NA
A005359,I00828,U0323,U0395,SWAP,2026-03-08,2026-03-08,2026-03-08,COMPLETED,0,450,COMPLETED,NA
A005360,I05000,U0149,U0143,BORROW,2026-03-14,2026-03-13,2026-03-21,OVERDUE,7,350,NOT_RETURNED,LATE
A005361,I01942,U0530,U0732,GIVEAWAY,2026-03-07,2026-03-07,2026-03-07,COMPLETED,0,1150,COMPLETED,NA
A005362,I04815,U0494,U0194,BORROW,2026-02-27,2026-02-26,2026-03-02,COMPLETED,3,1350,RETURNED,ON_TIME
A005363,I04350,U0728,U0522,SWAP,2025-10-15,2025-10-15,2025-10-15,COMPLETED,0,300,COMPLETED,NA
A005364,I03470,U0026,U0896,BORROW,2026-05-17,2026-05-16,2026-05-22,COMPLETED,5,650,RETURNED,LATE
A005365,I02886,U0634,U0735,BORROW,2026-02-19,2026-02-15,2026-03-05,COMPLETED,14,1700,RETURNED,ON_TIME
A005366,I01267,U0655,U0473,SWAP,2025-12-03,2025-12-03,2025-12-03,COMPLETED,0,1100,COMPLETED,NA
A005367,I02575,U0755,U0053,SELL,2026-06-06,2026-06-05,2026-06-06,COMPLETED,0,100,COMPLETED,NA
A005368,I04002,U0154,U0056,BORROW,2026-06-08,2026-06-04,2026-06-22,COMPLETED,14,650,RETURNED,ON_TIME
A005369,I01466,U0392,U0037,BORROW,2026-06-09,2026-06-07,2026-06-30,COMPLETED,21,3400,RETURNED,ON_TIME
A005370,I01111,U0659,U0652,SWAP,2025-09-16,2025-09-15,2025-09-16,COMPLETED,0,1800,COMPLETED,NA
A005371,I04387,U0935,U0245,SWAP,2025-12-03,2025-12-03,2025-12-03,COMPLETED,0,2350,COMPLETED,NA
A005372,I04600,U0353,U0509,BORROW,2025-10-30,2025-10-26,2025-11-20,OVERDUE,21,1100,NOT_RETURNED,LATE
A005373,I04464,U0591,U0727,BORROW,2025-10-01,2025-09-29,2025-10-04,CANCELLED,3,3250,CANCELLED,PENDING
A005374,I00959,U0772,U0098,BORROW,2026-05-02,2026-04-28,2026-05-07,OVERDUE,5,2300,NOT_RETURNED,LATE
A005375,I02795,U0430,U0052,GIVEAWAY,2026-07-20,2026-07-17,2026-07-20,COMPLETED,0,1200,COMPLETED,NA
A005376,I00593,U0756,U0942,BORROW,2026-05-09,2026-05-07,2026-05-23,COMPLETED,14,350,RETURNED,LATE
A005377,I01623,U0808,U0101,SELL,2026-01-24,2026-01-22,2026-01-24,COMPLETED,0,1200,COMPLETED,NA
A005378,I04162,U0614,U0564,SELL,2026-07-10,2026-07-07,2026-07-10,COMPLETED,0,2050,COMPLETED,NA
A005379,I00198,U0114,U0214,BORROW,2026-03-28,2026-03-27,2026-03-31,OVERDUE,3,550,NOT_RETURNED,LATE
A005380,I04860,U0152,U0463,GIVEAWAY,2025-12-25,2025-12-22,2025-12-25,COMPLETED,0,1050,COMPLETED,NA
A005381,I03814,U0937,U0263,BORROW,2026-03-14,2026-03-12,2026-04-04,COMPLETED,21,1850,RETURNED,ON_TIME
A005382,I00996,U0237,U0410,SWAP,2025-11-27,2025-11-24,2025-11-27,COMPLETED,0,1200,COMPLETED,NA
A005383,I03019,U0946,U0443,BORROW,2026-05-09,2026-05-06,2026-05-23,COMPLETED,14,1500,RETURNED,ON_TIME
A005384,I02647,U0592,U0487,BORROW,2025-11-28,2025-11-28,2025-12-01,COMPLETED,3,1300,RETURNED,ON_TIME
A005385,I01879,U0999,U0033,BORROW,2026-06-20,2026-06-19,2026-06-25,COMPLETED,5,450,RETURNED,ON_TIME
A005386,I02211,U0948,U0601,BORROW,2025-11-09,2025-11-09,2025-11-19,COMPLETED,10,2050,RETURNED,ON_TIME
A005387,I01788,U0502,U0939,SWAP,2026-01-15,2026-01-12,2026-01-15,COMPLETED,0,550,COMPLETED,NA
A005388,I02699,U0207,U0940,GIVEAWAY,2026-05-20,2026-05-17,2026-05-20,COMPLETED,0,5650,COMPLETED,NA
A005389,I03071,U0369,U0620,BORROW,2026-04-27,2026-04-26,2026-04-29,COMPLETED,2,500,RETURNED,ON_TIME
A005390,I03620,U0664,U0272,GIVEAWAY,2026-06-29,2026-06-25,2026-06-29,COMPLETED,0,650,COMPLETED,NA
A005391,I03193,U0883,U0729,SWAP,2026-03-29,2026-03-25,2026-03-29,COMPLETED,0,1400,COMPLETED,NA
A005392,I03046,U0866,U0069,GIVEAWAY,2026-05-12,2026-05-11,2026-05-12,COMPLETED,0,650,COMPLETED,NA
A005393,I00823,U0611,U0076,BORROW,2025-12-07,2025-12-03,2025-12-09,ACTIVE,2,1600,NOT_RETURNED,PENDING
A005394,I01513,U0482,U0058,BORROW,2025-12-03,2025-12-03,2025-12-13,COMPLETED,10,2450,RETURNED,ON_TIME
A005395,I01328,U0958,U0920,SELL,2025-12-05,2025-12-02,2025-12-05,COMPLETED,0,850,COMPLETED,NA
A005396,I04102,U0298,U0897,GIVEAWAY,2025-09-23,2025-09-23,2025-09-23,COMPLETED,0,3150,COMPLETED,NA
A005397,I00778,U0598,U0755,BORROW,2025-12-28,2025-12-28,2026-01-11,COMPLETED,14,850,RETURNED,ON_TIME
A005398,I00661,U0481,U0273,GIVEAWAY,2025-11-23,2025-11-23,2025-11-23,COMPLETED,0,2350,COMPLETED,NA
A005399,I02363,U0279,U0767,SWAP,2026-03-18,2026-03-15,2026-03-18,COMPLETED,0,300,COMPLETED,NA
A005400,I02208,U0453,U0393,SWAP,2026-05-20,2026-05-17,2026-05-20,COMPLETED,0,500,COMPLETED,NA
A005401,I03979,U0966,U0182,SWAP,2025-11-04,2025-11-02,2025-11-04,CANCELLED,0,500,CANCELLED,NA
A005402,I02631,U0497,U0400,BORROW,2026-05-14,2026-05-10,2026-05-24,COMPLETED,10,1000,RETURNED,ON_TIME
A005403,I01600,U0526,U0351,GIVEAWAY,2025-09-15,2025-09-13,2025-09-15,COMPLETED,0,750,COMPLETED,NA
A005404,I03669,U0460,U0915,SELL,2026-06-11,2026-06-11,2026-06-11,COMPLETED,0,1300,COMPLETED,NA
A005405,I04274,U0593,U0339,BORROW,2025-10-31,2025-10-31,2025-11-03,COMPLETED,3,1150,RETURNED,LATE
A005406,I02928,U0813,U0102,SWAP,2025-11-27,2025-11-27,2025-11-27,COMPLETED,0,600,COMPLETED,NA
A005407,I02663,U0591,U0702,SELL,2026-01-21,2026-01-18,2026-01-21,COMPLETED,0,700,COMPLETED,NA
A005408,I00396,U0963,U0259,BORROW,2026-06-24,2026-06-22,2026-07-15,CANCELLED,21,1250,CANCELLED,PENDING
A005409,I01497,U0480,U0226,BORROW,2026-04-09,2026-04-06,2026-04-30,COMPLETED,21,1700,RETURNED,ON_TIME
A005410,I00642,U0618,U0073,SWAP,2026-04-27,2026-04-24,2026-04-27,COMPLETED,0,1150,COMPLETED,NA
A005411,I01280,U0920,U0130,BORROW,2025-09-17,2025-09-14,2025-10-01,COMPLETED,14,250,RETURNED,ON_TIME
A005412,I02255,U0121,U0264,GIVEAWAY,2025-12-08,2025-12-06,2025-12-08,COMPLETED,0,1500,COMPLETED,NA
A005413,I03437,U0355,U0375,SWAP,2025-12-29,2025-12-26,2025-12-29,COMPLETED,0,1600,COMPLETED,NA
A005414,I03030,U0136,U0735,BORROW,2025-10-17,2025-10-16,2025-10-27,COMPLETED,10,400,RETURNED,ON_TIME
A005415,I01691,U0163,U0565,BORROW,2026-06-28,2026-06-25,2026-07-03,COMPLETED,5,550,RETURNED,ON_TIME
A005416,I01462,U0569,U0455,BORROW,2026-02-07,2026-02-04,2026-02-17,ACTIVE,10,3350,NOT_RETURNED,PENDING
A005417,I01825,U0456,U0354,BORROW,2026-01-31,2026-01-28,2026-02-14,COMPLETED,14,200,RETURNED,ON_TIME
A005418,I00769,U0041,U0317,GIVEAWAY,2025-12-13,2025-12-09,2025-12-13,COMPLETED,0,1350,COMPLETED,NA
A005419,I03328,U0918,U0339,SELL,2026-05-04,2026-05-01,2026-05-04,COMPLETED,0,850,COMPLETED,NA
A005420,I03875,U0353,U0527,SWAP,2026-01-23,2026-01-19,2026-01-23,COMPLETED,0,1400,COMPLETED,NA
A005421,I02452,U0950,U0303,SWAP,2025-11-17,2025-11-13,2025-11-17,COMPLETED,0,2500,COMPLETED,NA
A005422,I04479,U0567,U0294,SELL,2025-12-19,2025-12-16,2025-12-19,COMPLETED,0,850,COMPLETED,NA
A005423,I03575,U0870,U0598,BORROW,2026-04-06,2026-04-03,2026-04-27,COMPLETED,21,2500,RETURNED,ON_TIME
A005424,I04591,U0872,U0064,SWAP,2026-03-19,2026-03-19,2026-03-19,COMPLETED,0,850,COMPLETED,NA
A005425,I01739,U0001,U0981,SWAP,2025-11-15,2025-11-13,2025-11-15,COMPLETED,0,3000,COMPLETED,NA
A005426,I00366,U0883,U0308,BORROW,2026-03-07,2026-03-04,2026-03-14,COMPLETED,7,2050,RETURNED,ON_TIME
A005427,I00235,U0289,U0419,BORROW,2025-10-04,2025-09-30,2025-10-14,COMPLETED,10,150,RETURNED,ON_TIME
A005428,I04061,U0809,U0651,BORROW,2025-09-13,2025-09-09,2025-09-27,ACTIVE,14,400,NOT_RETURNED,PENDING
A005429,I00409,U0242,U0777,BORROW,2026-02-27,2026-02-27,2026-03-02,COMPLETED,3,1450,RETURNED,ON_TIME
A005430,I03495,U0141,U0402,BORROW,2026-04-11,2026-04-10,2026-04-16,CANCELLED,5,2050,CANCELLED,PENDING
A005431,I04458,U0289,U0424,GIVEAWAY,2026-05-22,2026-05-21,2026-05-22,COMPLETED,0,600,COMPLETED,NA
A005432,I00772,U0283,U0593,BORROW,2026-01-28,2026-01-26,2026-02-04,COMPLETED,7,2750,RETURNED,ON_TIME
A005433,I00454,U0776,U0028,SWAP,2026-05-12,2026-05-12,2026-05-12,COMPLETED,0,1350,COMPLETED,NA
A005434,I00286,U0960,U0526,GIVEAWAY,2026-02-04,2026-01-31,2026-02-04,COMPLETED,0,600,COMPLETED,NA
A005435,I02706,U0515,U0416,BORROW,2026-01-31,2026-01-28,2026-02-21,COMPLETED,21,1450,RETURNED,ON_TIME
A005436,I03420,U0628,U0115,BORROW,2025-10-17,2025-10-17,2025-10-19,COMPLETED,2,650,RETURNED,ON_TIME
A005437,I00867,U0431,U0327,BORROW,2026-04-09,2026-04-09,2026-04-16,COMPLETED,7,1550,RETURNED,ON_TIME
A005438,I02395,U0881,U0490,SWAP,2026-05-15,2026-05-14,2026-05-15,COMPLETED,0,150,COMPLETED,NA
A005439,I01766,U0257,U0489,BORROW,2026-06-03,2026-05-31,2026-06-06,COMPLETED,3,2850,RETURNED,LATE
A005440,I03185,U0347,U0186,SWAP,2026-03-01,2026-03-01,2026-03-01,COMPLETED,0,2000,COMPLETED,NA
A005441,I01851,U0123,U0964,SWAP,2025-10-20,2025-10-16,2025-10-20,COMPLETED,0,1700,COMPLETED,NA
A005442,I01066,U0377,U0184,SWAP,2026-03-14,2026-03-14,2026-03-14,CANCELLED,0,250,CANCELLED,NA
A005443,I03587,U0661,U0028,SELL,2026-04-24,2026-04-24,2026-04-24,COMPLETED,0,800,COMPLETED,NA
A005444,I01972,U0750,U0875,SWAP,2026-05-18,2026-05-16,2026-05-18,COMPLETED,0,1400,COMPLETED,NA
A005445,I02851,U0770,U0126,BORROW,2025-12-08,2025-12-08,2025-12-13,ACTIVE,5,1550,NOT_RETURNED,PENDING
A005446,I03155,U0601,U0385,SELL,2026-06-15,2026-06-12,2026-06-15,COMPLETED,0,1600,COMPLETED,NA
A005447,I00763,U0729,U0015,SWAP,2026-05-07,2026-05-07,2026-05-07,COMPLETED,0,2400,COMPLETED,NA
A005448,I00642,U0460,U0073,SELL,2026-03-07,2026-03-06,2026-03-07,COMPLETED,0,1150,COMPLETED,NA
A005449,I00384,U0584,U0812,BORROW,2026-05-17,2026-05-17,2026-05-31,COMPLETED,14,3000,RETURNED,ON_TIME
A005450,I04046,U0329,U0505,GIVEAWAY,2026-02-04,2026-02-03,2026-02-04,COMPLETED,0,1900,COMPLETED,NA
A005451,I04510,U0532,U0600,GIVEAWAY,2025-11-06,2025-11-05,2025-11-06,COMPLETED,0,1250,COMPLETED,NA
A005452,I01596,U0029,U0628,BORROW,2026-03-21,2026-03-19,2026-03-26,CANCELLED,5,500,CANCELLED,PENDING
A005453,I00955,U0132,U0365,SWAP,2026-03-06,2026-03-06,2026-03-06,COMPLETED,0,100,COMPLETED,NA
A005454,I02279,U0369,U0043,SELL,2026-03-31,2026-03-28,2026-03-31,COMPLETED,0,2450,COMPLETED,NA
A005455,I03113,U0558,U0987,SWAP,2025-10-10,2025-10-07,2025-10-10,CANCELLED,0,300,CANCELLED,NA
A005456,I02713,U0161,U0817,BORROW,2025-10-23,2025-10-19,2025-11-13,ACTIVE,21,2350,NOT_RETURNED,PENDING
A005457,I04302,U0645,U0963,BORROW,2025-09-04,2025-08-31,2025-09-14,COMPLETED,10,600,RETURNED,ON_TIME
A005458,I00206,U0643,U0740,GIVEAWAY,2025-12-15,2025-12-12,2025-12-15,CANCELLED,0,1200,CANCELLED,NA
A005459,I04180,U0685,U0912,BORROW,2025-12-26,2025-12-24,2026-01-05,COMPLETED,10,1250,RETURNED,ON_TIME
A005460,I03671,U0165,U0231,BORROW,2025-10-22,2025-10-21,2025-10-25,ACTIVE,3,450,NOT_RETURNED,PENDING
A005461,I00031,U0822,U0028,BORROW,2026-06-13,2026-06-12,2026-06-15,COMPLETED,2,1400,RETURNED,ON_TIME
A005462,I04726,U0915,U0002,SWAP,2026-02-06,2026-02-05,2026-02-06,COMPLETED,0,350,COMPLETED,NA
A005463,I00718,U0813,U0324,BORROW,2026-03-01,2026-02-25,2026-03-03,ACTIVE,2,500,NOT_RETURNED,PENDING
A005464,I04040,U0126,U0042,BORROW,2026-05-23,2026-05-19,2026-06-06,ACTIVE,14,550,NOT_RETURNED,PENDING
A005465,I01233,U0264,U0695,BORROW,2026-05-19,2026-05-17,2026-05-22,CANCELLED,3,600,CANCELLED,PENDING
A005466,I00508,U0398,U0149,BORROW,2025-12-08,2025-12-04,2025-12-29,COMPLETED,21,1700,RETURNED,ON_TIME
A005467,I02351,U0772,U0484,BORROW,2025-10-04,2025-10-02,2025-10-14,COMPLETED,10,650,RETURNED,ON_TIME
A005468,I00008,U0611,U0853,BORROW,2026-06-04,2026-06-04,2026-06-25,COMPLETED,21,2900,RETURNED,ON_TIME
A005469,I00997,U0289,U0771,BORROW,2026-03-24,2026-03-20,2026-03-27,COMPLETED,3,1200,RETURNED,LATE
A005470,I01186,U0457,U0272,SWAP,2026-01-28,2026-01-27,2026-01-28,COMPLETED,0,750,COMPLETED,NA
A005471,I02718,U0324,U0098,SWAP,2026-07-21,2026-07-20,2026-07-21,COMPLETED,0,100,COMPLETED,NA
A005472,I03052,U0254,U0793,BORROW,2026-01-01,2025-12-29,2026-01-04,ACTIVE,3,3150,NOT_RETURNED,PENDING
A005473,I02745,U0664,U0512,BORROW,2025-11-18,2025-11-14,2025-11-21,COMPLETED,3,1050,RETURNED,ON_TIME
A005474,I01851,U0040,U0964,BORROW,2026-03-11,2026-03-09,2026-03-16,COMPLETED,5,1700,RETURNED,ON_TIME
A005475,I01898,U0253,U0790,BORROW,2025-11-27,2025-11-24,2025-12-02,ACTIVE,5,2750,NOT_RETURNED,PENDING
A005476,I04233,U0635,U0585,SWAP,2026-03-23,2026-03-20,2026-03-23,COMPLETED,0,900,COMPLETED,NA
A005477,I03222,U0464,U0904,BORROW,2026-06-18,2026-06-17,2026-06-23,COMPLETED,5,300,RETURNED,ON_TIME
A005478,I04109,U0117,U0156,BORROW,2026-04-21,2026-04-18,2026-05-05,COMPLETED,14,5650,RETURNED,ON_TIME
A005479,I03062,U0350,U0724,SWAP,2026-01-19,2026-01-17,2026-01-19,COMPLETED,0,4000,COMPLETED,NA
A005480,I00552,U0386,U0214,SWAP,2026-07-20,2026-07-20,2026-07-20,COMPLETED,0,600,COMPLETED,NA
A005481,I00310,U0831,U0689,BORROW,2025-11-07,2025-11-03,2025-11-21,COMPLETED,14,750,RETURNED,ON_TIME
A005482,I00540,U0139,U0219,SWAP,2026-01-19,2026-01-16,2026-01-19,CANCELLED,0,1450,CANCELLED,NA
A005483,I03989,U0161,U0089,GIVEAWAY,2025-11-17,2025-11-15,2025-11-17,COMPLETED,0,5150,COMPLETED,NA
A005484,I03738,U0076,U0010,BORROW,2026-03-17,2026-03-16,2026-03-24,ACTIVE,7,350,NOT_RETURNED,PENDING
A005485,I01555,U0370,U0021,BORROW,2026-01-26,2026-01-22,2026-01-29,COMPLETED,3,200,RETURNED,ON_TIME
A005486,I01432,U0050,U0353,BORROW,2026-01-12,2026-01-12,2026-01-26,COMPLETED,14,2050,RETURNED,ON_TIME
A005487,I01655,U0426,U0718,SWAP,2025-09-27,2025-09-27,2025-09-27,COMPLETED,0,2050,COMPLETED,NA
A005488,I04202,U0351,U0002,BORROW,2025-10-20,2025-10-18,2025-10-22,COMPLETED,2,4450,RETURNED,LATE
A005489,I00197,U0299,U0528,SWAP,2025-09-13,2025-09-09,2025-09-13,COMPLETED,0,650,COMPLETED,NA
A005490,I04652,U0023,U0410,BORROW,2026-07-11,2026-07-10,2026-07-14,COMPLETED,3,6350,RETURNED,ON_TIME
A005491,I00035,U0901,U0284,GIVEAWAY,2025-09-25,2025-09-22,2025-09-25,COMPLETED,0,2100,COMPLETED,NA
A005492,I03762,U0326,U0662,SWAP,2026-07-12,2026-07-08,2026-07-12,COMPLETED,0,1200,COMPLETED,NA
A005493,I04488,U0461,U0657,BORROW,2025-10-12,2025-10-09,2025-10-19,COMPLETED,7,600,RETURNED,LATE
A005494,I03073,U0052,U0877,BORROW,2026-07-19,2026-07-19,2026-08-02,ACTIVE,14,1900,NOT_RETURNED,PENDING
A005495,I02528,U0538,U0014,GIVEAWAY,2025-12-15,2025-12-14,2025-12-15,COMPLETED,0,2450,COMPLETED,NA
A005496,I03600,U0987,U0807,BORROW,2026-07-21,2026-07-19,2026-07-28,COMPLETED,7,450,RETURNED,ON_TIME
A005497,I03278,U0953,U0130,GIVEAWAY,2025-10-30,2025-10-26,2025-10-30,COMPLETED,0,3400,COMPLETED,NA
A005498,I04843,U0326,U0470,SWAP,2026-03-21,2026-03-21,2026-03-21,COMPLETED,0,450,COMPLETED,NA
A005499,I03589,U0358,U0024,BORROW,2026-05-30,2026-05-26,2026-06-01,COMPLETED,2,500,RETURNED,ON_TIME
A005500,I02276,U0697,U0892,BORROW,2026-02-20,2026-02-16,2026-02-23,COMPLETED,3,2700,RETURNED,ON_TIME
A005501,I03401,U0055,U0970,BORROW,2026-03-26,2026-03-22,2026-04-02,COMPLETED,7,700,RETURNED,ON_TIME
A005502,I00546,U0455,U0283,SWAP,2025-11-24,2025-11-20,2025-11-24,COMPLETED,0,2150,COMPLETED,NA
A005503,I00775,U0570,U0135,BORROW,2025-09-08,2025-09-04,2025-09-18,COMPLETED,10,100,RETURNED,ON_TIME
A005504,I03987,U0810,U0072,GIVEAWAY,2025-10-30,2025-10-29,2025-10-30,COMPLETED,0,1600,COMPLETED,NA
A005505,I03862,U0563,U0275,BORROW,2026-07-22,2026-07-20,2026-08-01,ACTIVE,10,2850,NOT_RETURNED,PENDING
A005506,I00432,U0655,U0374,SWAP,2026-01-13,2026-01-13,2026-01-13,COMPLETED,0,850,COMPLETED,NA
A005507,I04845,U0177,U0868,SELL,2026-02-04,2026-02-02,2026-02-04,COMPLETED,0,1550,COMPLETED,NA
A005508,I01922,U0616,U0374,BORROW,2026-06-26,2026-06-22,2026-07-17,COMPLETED,21,5650,RETURNED,ON_TIME
A005509,I00602,U0166,U0457,GIVEAWAY,2025-11-15,2025-11-15,2025-11-15,COMPLETED,0,6400,COMPLETED,NA
A005510,I03603,U0386,U0947,GIVEAWAY,2025-12-27,2025-12-23,2025-12-27,COMPLETED,0,2450,COMPLETED,NA
A005511,I04817,U0626,U0156,BORROW,2026-07-10,2026-07-08,2026-07-31,CANCELLED,21,900,CANCELLED,PENDING
A005512,I04755,U0614,U0430,SWAP,2026-07-21,2026-07-21,2026-07-21,COMPLETED,0,1750,COMPLETED,NA
A005513,I01075,U0109,U0266,BORROW,2025-10-01,2025-09-27,2025-10-06,OVERDUE,5,50,NOT_RETURNED,LATE
A005514,I04055,U0236,U0867,BORROW,2025-10-08,2025-10-04,2025-10-13,COMPLETED,5,1000,RETURNED,ON_TIME
A005515,I01192,U0029,U0464,BORROW,2026-02-01,2026-01-31,2026-02-22,CANCELLED,21,3350,CANCELLED,PENDING
A005516,I03858,U0298,U0892,BORROW,2026-01-02,2025-12-30,2026-01-23,COMPLETED,21,500,RETURNED,ON_TIME
A005517,I04978,U0622,U0171,BORROW,2026-06-08,2026-06-04,2026-06-13,COMPLETED,5,1600,RETURNED,ON_TIME
A005518,I02906,U0362,U0664,BORROW,2026-04-07,2026-04-03,2026-04-14,COMPLETED,7,1150,RETURNED,ON_TIME
A005519,I04822,U0347,U0487,BORROW,2026-05-28,2026-05-27,2026-06-18,COMPLETED,21,600,RETURNED,ON_TIME
A005520,I01074,U0869,U0335,SWAP,2026-06-24,2026-06-24,2026-06-24,COMPLETED,0,3650,COMPLETED,NA
A005521,I04420,U0692,U0654,SWAP,2026-01-10,2026-01-10,2026-01-10,COMPLETED,0,750,COMPLETED,NA
A005522,I02703,U0914,U0316,SWAP,2025-11-29,2025-11-26,2025-11-29,COMPLETED,0,1700,COMPLETED,NA
A005523,I00720,U0323,U0789,SELL,2025-09-05,2025-09-02,2025-09-05,COMPLETED,0,1050,COMPLETED,NA
A005524,I01503,U0779,U0855,GIVEAWAY,2025-09-29,2025-09-28,2025-09-29,COMPLETED,0,1700,COMPLETED,NA
A005525,I02924,U0597,U0243,BORROW,2026-07-11,2026-07-07,2026-07-14,CANCELLED,3,850,CANCELLED,PENDING
A005526,I00693,U0251,U0816,BORROW,2026-05-24,2026-05-24,2026-05-29,COMPLETED,5,700,RETURNED,ON_TIME
A005527,I04442,U0773,U0123,SWAP,2025-10-21,2025-10-18,2025-10-21,COMPLETED,0,5050,COMPLETED,NA
A005528,I03049,U0050,U0483,GIVEAWAY,2026-05-12,2026-05-09,2026-05-12,COMPLETED,0,1400,COMPLETED,NA
A005529,I02635,U0031,U0123,GIVEAWAY,2026-07-26,2026-07-25,2026-07-26,COMPLETED,0,200,COMPLETED,NA
A005530,I03685,U0754,U0118,BORROW,2025-09-19,2025-09-18,2025-09-22,COMPLETED,3,100,RETURNED,LATE
A005531,I00574,U0667,U0807,SELL,2026-02-20,2026-02-18,2026-02-20,COMPLETED,0,1350,COMPLETED,NA
A005532,I03709,U0313,U0374,BORROW,2025-11-27,2025-11-23,2025-11-29,COMPLETED,2,400,RETURNED,ON_TIME
A005533,I03744,U0291,U0368,BORROW,2026-01-09,2026-01-09,2026-01-19,COMPLETED,10,3700,RETURNED,ON_TIME
A005534,I03255,U0797,U0337,BORROW,2026-05-23,2026-05-22,2026-06-02,ACTIVE,10,1100,NOT_RETURNED,PENDING
A005535,I01934,U0778,U0808,GIVEAWAY,2026-01-04,2026-01-01,2026-01-04,COMPLETED,0,550,COMPLETED,NA
A005536,I01477,U0727,U0417,BORROW,2025-11-05,2025-11-03,2025-11-15,COMPLETED,10,1550,RETURNED,ON_TIME
A005537,I01804,U0097,U0174,BORROW,2026-07-01,2026-06-27,2026-07-22,COMPLETED,21,2050,RETURNED,ON_TIME
A005538,I00795,U0707,U0228,BORROW,2025-10-07,2025-10-07,2025-10-17,COMPLETED,10,1800,RETURNED,ON_TIME
A005539,I04970,U0126,U0730,SWAP,2026-01-28,2026-01-25,2026-01-28,COMPLETED,0,550,COMPLETED,NA
A005540,I01904,U0620,U0939,GIVEAWAY,2025-10-22,2025-10-20,2025-10-22,COMPLETED,0,800,COMPLETED,NA
A005541,I03563,U0622,U0244,GIVEAWAY,2025-12-08,2025-12-05,2025-12-08,COMPLETED,0,600,COMPLETED,NA
A005542,I02885,U0134,U0742,SWAP,2025-10-30,2025-10-30,2025-10-30,COMPLETED,0,2150,COMPLETED,NA
A005543,I02848,U0633,U0845,SELL,2026-02-19,2026-02-18,2026-02-19,COMPLETED,0,1350,COMPLETED,NA
A005544,I01196,U0759,U0927,BORROW,2025-09-29,2025-09-26,2025-10-01,OVERDUE,2,2200,NOT_RETURNED,LATE
A005545,I03628,U0810,U0366,BORROW,2025-09-16,2025-09-13,2025-09-19,COMPLETED,3,950,RETURNED,ON_TIME
A005546,I04299,U0564,U0092,SWAP,2025-10-01,2025-09-28,2025-10-01,COMPLETED,0,1650,COMPLETED,NA
A005547,I04738,U0648,U0933,SWAP,2026-01-17,2026-01-16,2026-01-17,COMPLETED,0,1350,COMPLETED,NA
A005548,I02843,U0373,U0845,BORROW,2025-12-06,2025-12-05,2025-12-27,COMPLETED,21,300,RETURNED,ON_TIME
A005549,I01522,U0433,U0761,BORROW,2025-11-15,2025-11-15,2025-11-17,COMPLETED,2,2850,RETURNED,LATE
A005550,I03919,U0381,U0725,GIVEAWAY,2025-10-21,2025-10-19,2025-10-21,COMPLETED,0,1000,COMPLETED,NA
A005551,I02651,U0161,U0295,BORROW,2026-05-31,2026-05-31,2026-06-10,COMPLETED,10,450,RETURNED,ON_TIME
A005552,I04718,U0373,U0436,GIVEAWAY,2025-11-08,2025-11-05,2025-11-08,COMPLETED,0,750,COMPLETED,NA
A005553,I03739,U0969,U0349,BORROW,2025-11-11,2025-11-09,2025-11-13,COMPLETED,2,800,RETURNED,ON_TIME
A005554,I02536,U0631,U0022,BORROW,2026-02-28,2026-02-25,2026-03-21,COMPLETED,21,500,RETURNED,ON_TIME
A005555,I04662,U0229,U0108,SWAP,2025-12-24,2025-12-22,2025-12-24,COMPLETED,0,1150,COMPLETED,NA
A005556,I01825,U0725,U0354,BORROW,2026-05-14,2026-05-13,2026-05-24,CANCELLED,10,200,CANCELLED,PENDING
A005557,I00368,U0226,U0089,BORROW,2026-01-21,2026-01-18,2026-02-11,ACTIVE,21,1100,NOT_RETURNED,PENDING
A005558,I03473,U0504,U0245,SELL,2026-06-05,2026-06-01,2026-06-05,COMPLETED,0,650,COMPLETED,NA
A005559,I04946,U0299,U0646,BORROW,2026-06-21,2026-06-18,2026-07-01,COMPLETED,10,2150,RETURNED,ON_TIME
A005560,I01141,U0626,U0710,GIVEAWAY,2026-01-22,2026-01-20,2026-01-22,COMPLETED,0,1800,COMPLETED,NA
A005561,I01567,U0088,U0482,GIVEAWAY,2025-10-08,2025-10-06,2025-10-08,COMPLETED,0,1650,COMPLETED,NA
A005562,I01450,U0844,U0492,BORROW,2026-06-03,2026-06-01,2026-06-13,ACTIVE,10,1100,NOT_RETURNED,PENDING
A005563,I00455,U0607,U0959,SWAP,2026-06-01,2026-05-29,2026-06-01,COMPLETED,0,1250,COMPLETED,NA
A005564,I02868,U0580,U0738,BORROW,2025-10-01,2025-10-01,2025-10-22,COMPLETED,21,150,RETURNED,ON_TIME
A005565,I03309,U0518,U0046,BORROW,2025-10-26,2025-10-22,2025-11-16,COMPLETED,21,1200,RETURNED,ON_TIME
A005566,I02640,U0487,U0954,BORROW,2026-01-06,2026-01-06,2026-01-13,ACTIVE,7,1300,NOT_RETURNED,PENDING
A005567,I00967,U0067,U0166,BORROW,2026-06-24,2026-06-24,2026-06-26,COMPLETED,2,1200,RETURNED,ON_TIME
A005568,I02386,U0130,U0937,BORROW,2025-10-21,2025-10-17,2025-11-04,COMPLETED,14,350,RETURNED,ON_TIME
A005569,I01938,U0363,U0379,SWAP,2026-01-16,2026-01-12,2026-01-16,COMPLETED,0,100,COMPLETED,NA
A005570,I02677,U0641,U0643,BORROW,2026-04-19,2026-04-19,2026-04-21,COMPLETED,2,1350,RETURNED,ON_TIME
A005571,I04359,U0197,U0433,BORROW,2026-04-01,2026-03-30,2026-04-06,CANCELLED,5,950,CANCELLED,PENDING
A005572,I01121,U0234,U0545,GIVEAWAY,2025-10-07,2025-10-07,2025-10-07,COMPLETED,0,950,COMPLETED,NA
A005573,I04713,U0790,U0636,BORROW,2026-01-10,2026-01-06,2026-01-15,COMPLETED,5,2450,RETURNED,ON_TIME
A005574,I00612,U0247,U0771,GIVEAWAY,2026-05-03,2026-04-29,2026-05-03,COMPLETED,0,450,COMPLETED,NA
A005575,I00390,U0290,U0756,BORROW,2026-07-12,2026-07-10,2026-07-17,ACTIVE,5,1600,NOT_RETURNED,PENDING
A005576,I03012,U0257,U0240,SELL,2026-02-28,2026-02-24,2026-02-28,COMPLETED,0,1050,COMPLETED,NA
A005577,I01881,U0212,U0912,SWAP,2026-05-10,2026-05-10,2026-05-10,CANCELLED,0,1250,CANCELLED,NA
A005578,I00872,U0608,U0598,BORROW,2026-02-26,2026-02-23,2026-03-01,ACTIVE,3,2750,NOT_RETURNED,PENDING
A005579,I00459,U0306,U0753,SWAP,2026-06-16,2026-06-13,2026-06-16,COMPLETED,0,1500,COMPLETED,NA
A005580,I03624,U0414,U0854,BORROW,2025-10-18,2025-10-16,2025-10-20,COMPLETED,2,1200,RETURNED,ON_TIME
A005581,I03349,U0301,U0832,SWAP,2025-12-09,2025-12-09,2025-12-09,COMPLETED,0,450,COMPLETED,NA
A005582,I02265,U0410,U0285,SELL,2026-01-03,2026-01-03,2026-01-03,COMPLETED,0,950,COMPLETED,NA
A005583,I03187,U0349,U0268,BORROW,2026-02-24,2026-02-24,2026-03-17,ACTIVE,21,1950,NOT_RETURNED,PENDING
A005584,I03855,U0474,U0395,SWAP,2026-04-07,2026-04-04,2026-04-07,COMPLETED,0,750,COMPLETED,NA
A005585,I02174,U0398,U0406,BORROW,2026-01-11,2026-01-08,2026-01-18,CANCELLED,7,750,CANCELLED,PENDING
A005586,I02371,U0766,U0936,SELL,2026-07-08,2026-07-06,2026-07-08,COMPLETED,0,1650,COMPLETED,NA
A005587,I02855,U0686,U0247,GIVEAWAY,2025-11-15,2025-11-14,2025-11-15,COMPLETED,0,1750,COMPLETED,NA
A005588,I01185,U0019,U0870,BORROW,2025-09-12,2025-09-10,2025-09-15,ACTIVE,3,1500,NOT_RETURNED,PENDING
A005589,I04092,U0111,U0588,SWAP,2026-07-22,2026-07-22,2026-07-22,COMPLETED,0,600,COMPLETED,NA
A005590,I00072,U0246,U0740,GIVEAWAY,2026-01-01,2025-12-29,2026-01-01,COMPLETED,0,550,COMPLETED,NA
A005591,I00329,U0579,U0558,SWAP,2025-11-25,2025-11-23,2025-11-25,COMPLETED,0,1400,COMPLETED,NA
A005592,I04120,U0784,U0277,BORROW,2026-02-04,2026-02-01,2026-02-14,COMPLETED,10,650,RETURNED,ON_TIME
A005593,I04918,U0963,U0882,BORROW,2026-03-22,2026-03-21,2026-03-27,COMPLETED,5,1250,RETURNED,ON_TIME
A005594,I03160,U0124,U0804,BORROW,2025-10-10,2025-10-06,2025-10-31,COMPLETED,21,400,RETURNED,ON_TIME
A005595,I01121,U0828,U0545,GIVEAWAY,2025-09-18,2025-09-18,2025-09-18,COMPLETED,0,950,COMPLETED,NA
A005596,I02976,U0255,U0593,BORROW,2026-05-16,2026-05-12,2026-06-06,COMPLETED,21,2150,RETURNED,ON_TIME
A005597,I02401,U0900,U0164,BORROW,2025-10-25,2025-10-23,2025-11-01,OVERDUE,7,2000,NOT_RETURNED,LATE
A005598,I04300,U0511,U0305,SELL,2025-11-11,2025-11-09,2025-11-11,COMPLETED,0,1050,COMPLETED,NA
A005599,I03151,U0545,U0170,BORROW,2025-12-08,2025-12-05,2025-12-13,ACTIVE,5,1500,NOT_RETURNED,PENDING
A005600,I00615,U0293,U0908,BORROW,2026-03-17,2026-03-13,2026-04-07,OVERDUE,21,1700,NOT_RETURNED,LATE
A005601,I02936,U0873,U0744,GIVEAWAY,2026-02-03,2026-01-30,2026-02-03,COMPLETED,0,2450,COMPLETED,NA
A005602,I02125,U0967,U0589,SWAP,2026-03-28,2026-03-25,2026-03-28,COMPLETED,0,150,COMPLETED,NA
A005603,I00010,U0631,U0205,BORROW,2025-12-09,2025-12-06,2025-12-23,COMPLETED,14,650,RETURNED,ON_TIME
A005604,I04945,U0915,U0184,GIVEAWAY,2025-11-09,2025-11-08,2025-11-09,COMPLETED,0,150,COMPLETED,NA
A005605,I01818,U0767,U0167,SELL,2026-06-30,2026-06-30,2026-06-30,COMPLETED,0,350,COMPLETED,NA
A005606,I00178,U0372,U0529,BORROW,2025-10-17,2025-10-17,2025-10-22,ACTIVE,5,1000,NOT_RETURNED,PENDING
A005607,I03277,U0224,U0837,SWAP,2025-09-02,2025-08-30,2025-09-02,COMPLETED,0,2900,COMPLETED,NA
A005608,I03565,U0018,U0359,GIVEAWAY,2025-10-06,2025-10-04,2025-10-06,COMPLETED,0,150,COMPLETED,NA
A005609,I01487,U0092,U0172,BORROW,2025-12-22,2025-12-19,2025-12-24,COMPLETED,2,1550,RETURNED,LATE
A005610,I03486,U0819,U0654,BORROW,2025-10-12,2025-10-11,2025-10-19,COMPLETED,7,1250,RETURNED,ON_TIME
A005611,I02544,U0127,U0082,GIVEAWAY,2025-10-25,2025-10-23,2025-10-25,COMPLETED,0,4050,COMPLETED,NA
A005612,I01651,U0925,U0458,GIVEAWAY,2026-03-10,2026-03-09,2026-03-10,COMPLETED,0,1250,COMPLETED,NA
A005613,I00330,U0934,U0744,BORROW,2025-12-18,2025-12-18,2025-12-25,COMPLETED,7,950,RETURNED,LATE
A005614,I00933,U0848,U0631,BORROW,2026-06-07,2026-06-04,2026-06-17,COMPLETED,10,1800,RETURNED,LATE
A005615,I00029,U0039,U0391,SWAP,2025-09-05,2025-09-03,2025-09-05,COMPLETED,0,2150,COMPLETED,NA
A005616,I02596,U0196,U0469,BORROW,2025-10-16,2025-10-13,2025-10-18,COMPLETED,2,500,RETURNED,ON_TIME
A005617,I04201,U0760,U0446,BORROW,2026-05-27,2026-05-25,2026-06-01,COMPLETED,5,1500,RETURNED,ON_TIME
A005618,I02360,U0255,U0901,BORROW,2026-02-09,2026-02-09,2026-02-12,COMPLETED,3,650,RETURNED,ON_TIME
A005619,I02353,U0564,U0886,GIVEAWAY,2026-04-20,2026-04-19,2026-04-20,COMPLETED,0,2350,COMPLETED,NA
A005620,I03915,U0308,U0156,BORROW,2026-02-25,2026-02-23,2026-03-18,COMPLETED,21,2050,RETURNED,ON_TIME
A005621,I00234,U0765,U0321,SWAP,2025-11-15,2025-11-13,2025-11-15,COMPLETED,0,3600,COMPLETED,NA
A005622,I02303,U0571,U0804,SELL,2026-05-25,2026-05-23,2026-05-25,COMPLETED,0,450,COMPLETED,NA
A005623,I02013,U0154,U0844,BORROW,2026-05-17,2026-05-17,2026-05-19,COMPLETED,2,1650,RETURNED,ON_TIME
A005624,I03258,U0323,U0449,SELL,2026-04-04,2026-04-04,2026-04-04,COMPLETED,0,400,COMPLETED,NA
A005625,I04773,U0447,U0411,BORROW,2026-05-31,2026-05-31,2026-06-05,COMPLETED,5,1550,RETURNED,ON_TIME
A005626,I00417,U0900,U0590,BORROW,2026-07-15,2026-07-14,2026-07-22,CANCELLED,7,700,CANCELLED,PENDING
A005627,I01500,U0330,U0669,BORROW,2025-09-01,2025-08-31,2025-09-04,COMPLETED,3,1400,RETURNED,ON_TIME
A005628,I00304,U0043,U0952,GIVEAWAY,2026-04-15,2026-04-13,2026-04-15,COMPLETED,0,1750,COMPLETED,NA
A005629,I00282,U0928,U0314,SELL,2026-03-07,2026-03-04,2026-03-07,COMPLETED,0,650,COMPLETED,NA
A005630,I02605,U0464,U0667,BORROW,2026-03-20,2026-03-19,2026-04-10,COMPLETED,21,200,RETURNED,ON_TIME
A005631,I03408,U0454,U0445,SWAP,2026-02-16,2026-02-15,2026-02-16,COMPLETED,0,400,COMPLETED,NA
A005632,I00216,U0529,U0277,BORROW,2026-05-22,2026-05-21,2026-06-12,COMPLETED,21,1800,RETURNED,ON_TIME
A005633,I01283,U0495,U0606,SELL,2026-03-04,2026-03-03,2026-03-04,COMPLETED,0,250,COMPLETED,NA
A005634,I03617,U0129,U0292,BORROW,2026-05-12,2026-05-08,2026-05-22,COMPLETED,10,1050,RETURNED,LATE
A005635,I03702,U0158,U0365,BORROW,2026-05-17,2026-05-14,2026-05-19,COMPLETED,2,850,RETURNED,ON_TIME
A005636,I04966,U0283,U0746,BORROW,2025-11-27,2025-11-26,2025-12-11,COMPLETED,14,300,RETURNED,ON_TIME
A005637,I00783,U0468,U0782,BORROW,2026-03-19,2026-03-18,2026-04-02,COMPLETED,14,2150,RETURNED,ON_TIME
A005638,I03198,U0487,U0608,BORROW,2026-03-04,2026-03-04,2026-03-11,COMPLETED,7,550,RETURNED,ON_TIME
A005639,I03332,U0984,U0917,BORROW,2026-01-22,2026-01-18,2026-01-24,COMPLETED,2,3450,RETURNED,ON_TIME
A005640,I03536,U0727,U0468,BORROW,2026-06-05,2026-06-05,2026-06-08,COMPLETED,3,1150,RETURNED,LATE
A005641,I03177,U0980,U0643,GIVEAWAY,2025-11-02,2025-11-01,2025-11-02,COMPLETED,0,1750,COMPLETED,NA
A005642,I00367,U0966,U0833,GIVEAWAY,2026-03-26,2026-03-23,2026-03-26,COMPLETED,0,1100,COMPLETED,NA
A005643,I01359,U0795,U0411,BORROW,2026-07-20,2026-07-20,2026-07-22,COMPLETED,2,1850,RETURNED,ON_TIME
A005644,I04655,U0680,U0625,GIVEAWAY,2026-07-12,2026-07-09,2026-07-12,COMPLETED,0,1550,COMPLETED,NA
A005645,I01440,U0904,U0550,BORROW,2025-12-03,2025-11-30,2025-12-08,COMPLETED,5,750,RETURNED,ON_TIME
A005646,I03603,U0248,U0947,BORROW,2026-01-29,2026-01-25,2026-02-12,ACTIVE,14,2450,NOT_RETURNED,PENDING
A005647,I04110,U0954,U0879,SELL,2026-01-23,2026-01-20,2026-01-23,COMPLETED,0,1600,COMPLETED,NA
A005648,I00817,U0673,U0454,SWAP,2026-01-28,2026-01-28,2026-01-28,COMPLETED,0,2500,COMPLETED,NA
A005649,I01534,U0874,U0169,GIVEAWAY,2026-04-03,2026-03-30,2026-04-03,COMPLETED,0,1650,COMPLETED,NA
A005650,I01288,U0176,U0667,GIVEAWAY,2025-12-13,2025-12-09,2025-12-13,COMPLETED,0,1000,COMPLETED,NA
A005651,I02699,U0590,U0940,BORROW,2025-09-02,2025-08-31,2025-09-23,CANCELLED,21,5650,CANCELLED,PENDING
A005652,I00761,U0078,U0982,SELL,2026-06-27,2026-06-24,2026-06-27,COMPLETED,0,400,COMPLETED,NA
A005653,I03031,U0706,U0844,BORROW,2025-11-02,2025-10-30,2025-11-12,COMPLETED,10,900,RETURNED,ON_TIME
A005654,I04494,U0608,U0947,GIVEAWAY,2026-05-21,2026-05-18,2026-05-21,COMPLETED,0,3350,COMPLETED,NA
A005655,I01649,U0401,U0587,BORROW,2026-05-15,2026-05-14,2026-05-18,COMPLETED,3,4650,RETURNED,ON_TIME
A005656,I01528,U0586,U0492,BORROW,2025-12-18,2025-12-14,2025-12-28,COMPLETED,10,1700,RETURNED,ON_TIME
A005657,I02862,U0067,U0152,BORROW,2025-10-29,2025-10-26,2025-11-03,COMPLETED,5,600,RETURNED,ON_TIME
A005658,I02028,U0593,U0869,BORROW,2026-03-02,2026-03-01,2026-03-04,ACTIVE,2,200,NOT_RETURNED,PENDING
A005659,I03971,U0627,U0292,BORROW,2025-11-10,2025-11-08,2025-11-17,COMPLETED,7,900,RETURNED,ON_TIME
A005660,I00813,U0596,U0361,BORROW,2026-06-22,2026-06-22,2026-06-24,OVERDUE,2,1100,NOT_RETURNED,LATE
A005661,I00024,U0757,U0028,BORROW,2025-09-14,2025-09-10,2025-09-28,ACTIVE,14,3550,NOT_RETURNED,PENDING
A005662,I00711,U0316,U0988,BORROW,2025-12-05,2025-12-05,2025-12-07,COMPLETED,2,900,RETURNED,ON_TIME
A005663,I04096,U0002,U0481,SWAP,2026-01-15,2026-01-14,2026-01-15,COMPLETED,0,350,COMPLETED,NA
A005664,I04019,U0857,U0179,BORROW,2025-11-09,2025-11-05,2025-11-16,CANCELLED,7,2550,CANCELLED,PENDING
A005665,I04102,U0793,U0897,BORROW,2026-01-23,2026-01-21,2026-02-13,COMPLETED,21,3150,RETURNED,LATE
A005666,I04061,U0930,U0651,BORROW,2026-01-21,2026-01-17,2026-01-23,COMPLETED,2,400,RETURNED,ON_TIME
A005667,I03432,U0565,U0018,SWAP,2025-10-23,2025-10-20,2025-10-23,COMPLETED,0,300,COMPLETED,NA
A005668,I01741,U0635,U0347,GIVEAWAY,2025-12-14,2025-12-14,2025-12-14,COMPLETED,0,2750,COMPLETED,NA
A005669,I04758,U0798,U1000,BORROW,2025-11-23,2025-11-23,2025-11-26,COMPLETED,3,450,RETURNED,ON_TIME
A005670,I04834,U0569,U0643,BORROW,2025-11-13,2025-11-12,2025-11-15,COMPLETED,2,2500,RETURNED,ON_TIME
A005671,I01019,U0346,U0182,BORROW,2026-06-21,2026-06-17,2026-06-28,COMPLETED,7,5450,RETURNED,ON_TIME
A005672,I03019,U0239,U0443,SWAP,2026-06-01,2026-05-31,2026-06-01,COMPLETED,0,1500,COMPLETED,NA
A005673,I02217,U0370,U0145,BORROW,2026-06-17,2026-06-16,2026-07-08,COMPLETED,21,400,RETURNED,ON_TIME
A005674,I03032,U0665,U0109,SWAP,2026-03-28,2026-03-25,2026-03-28,COMPLETED,0,3800,COMPLETED,NA
A005675,I00298,U0550,U0042,SELL,2025-09-13,2025-09-12,2025-09-13,COMPLETED,0,1100,COMPLETED,NA
A005676,I02739,U0087,U0368,GIVEAWAY,2025-11-12,2025-11-12,2025-11-12,COMPLETED,0,1500,COMPLETED,NA
A005677,I04802,U0993,U0139,BORROW,2026-02-15,2026-02-12,2026-02-20,COMPLETED,5,4100,RETURNED,ON_TIME
A005678,I04481,U0509,U0026,BORROW,2025-12-04,2025-12-01,2025-12-09,COMPLETED,5,650,RETURNED,ON_TIME
A005679,I03918,U0182,U0193,SELL,2026-07-18,2026-07-18,2026-07-18,COMPLETED,0,150,COMPLETED,NA
A005680,I01803,U0948,U0666,BORROW,2026-01-09,2026-01-07,2026-01-14,COMPLETED,5,2150,RETURNED,ON_TIME
A005681,I04710,U0852,U0455,BORROW,2025-12-07,2025-12-04,2025-12-09,COMPLETED,2,700,RETURNED,ON_TIME
A005682,I04991,U0191,U0635,GIVEAWAY,2026-04-11,2026-04-09,2026-04-11,COMPLETED,0,550,COMPLETED,NA
A005683,I02156,U0335,U0316,SELL,2026-03-19,2026-03-16,2026-03-19,COMPLETED,0,1900,COMPLETED,NA
A005684,I00914,U0405,U0951,SWAP,2026-05-27,2026-05-25,2026-05-27,COMPLETED,0,400,COMPLETED,NA
A005685,I04377,U0103,U0531,BORROW,2026-03-12,2026-03-08,2026-03-22,COMPLETED,10,1300,RETURNED,ON_TIME
A005686,I02984,U0446,U0658,GIVEAWAY,2026-06-30,2026-06-29,2026-06-30,COMPLETED,0,350,COMPLETED,NA
A005687,I02832,U0431,U0787,BORROW,2025-11-26,2025-11-23,2025-12-01,COMPLETED,5,1050,RETURNED,ON_TIME
A005688,I03608,U0804,U0957,BORROW,2025-12-11,2025-12-10,2025-12-21,COMPLETED,10,1950,RETURNED,LATE
A005689,I02963,U0288,U0252,SELL,2025-12-26,2025-12-26,2025-12-26,COMPLETED,0,450,COMPLETED,NA
A005690,I00388,U0287,U0334,BORROW,2025-09-24,2025-09-20,2025-10-08,COMPLETED,14,400,RETURNED,ON_TIME
A005691,I00485,U0015,U0684,BORROW,2025-12-21,2025-12-20,2025-12-31,COMPLETED,10,1500,RETURNED,ON_TIME
A005692,I02647,U0457,U0487,BORROW,2025-11-07,2025-11-07,2025-11-21,COMPLETED,14,1300,RETURNED,ON_TIME
A005693,I00266,U0474,U0811,SELL,2026-01-09,2026-01-06,2026-01-09,COMPLETED,0,1100,COMPLETED,NA
A005694,I04454,U0814,U0099,SELL,2026-04-25,2026-04-24,2026-04-25,COMPLETED,0,1200,COMPLETED,NA
A005695,I01115,U0846,U0603,GIVEAWAY,2026-04-12,2026-04-09,2026-04-12,COMPLETED,0,2150,COMPLETED,NA
A005696,I03918,U0858,U0193,SWAP,2025-09-24,2025-09-20,2025-09-24,CANCELLED,0,150,CANCELLED,NA
A005697,I00771,U0123,U0288,GIVEAWAY,2025-12-18,2025-12-15,2025-12-18,COMPLETED,0,800,COMPLETED,NA
A005698,I03169,U0535,U0791,SWAP,2026-03-08,2026-03-04,2026-03-08,COMPLETED,0,1200,COMPLETED,NA
A005699,I01098,U0875,U0537,BORROW,2025-11-27,2025-11-27,2025-12-11,OVERDUE,14,350,NOT_RETURNED,LATE
A005700,I04092,U0377,U0588,BORROW,2025-11-19,2025-11-18,2025-11-21,COMPLETED,2,600,RETURNED,LATE
A005701,I03320,U0236,U0383,BORROW,2025-11-29,2025-11-29,2025-12-20,COMPLETED,21,400,RETURNED,ON_TIME
A005702,I03467,U0615,U0760,SELL,2026-01-27,2026-01-24,2026-01-27,COMPLETED,0,550,COMPLETED,NA
A005703,I02045,U0644,U0390,SELL,2026-05-11,2026-05-07,2026-05-11,COMPLETED,0,1400,COMPLETED,NA
A005704,I02370,U0179,U0758,BORROW,2026-03-16,2026-03-15,2026-03-26,COMPLETED,10,550,RETURNED,ON_TIME
A005705,I03444,U0753,U0797,BORROW,2026-03-21,2026-03-18,2026-03-31,COMPLETED,10,2450,RETURNED,ON_TIME
A005706,I00155,U0146,U0448,SWAP,2026-06-24,2026-06-21,2026-06-24,COMPLETED,0,850,COMPLETED,NA
A005707,I01495,U0554,U0939,BORROW,2026-05-18,2026-05-18,2026-05-21,CANCELLED,3,100,CANCELLED,PENDING
A005708,I00809,U0863,U0556,SELL,2025-09-17,2025-09-14,2025-09-17,COMPLETED,0,2300,COMPLETED,NA
A005709,I01389,U0747,U0048,SWAP,2025-10-15,2025-10-11,2025-10-15,COMPLETED,0,1000,COMPLETED,NA
A005710,I02699,U0608,U0940,BORROW,2025-11-30,2025-11-28,2025-12-02,COMPLETED,2,5650,RETURNED,ON_TIME
A005711,I01510,U0057,U0134,BORROW,2026-02-03,2026-01-31,2026-02-24,COMPLETED,21,1650,RETURNED,ON_TIME
A005712,I01580,U0482,U0347,BORROW,2025-11-04,2025-10-31,2025-11-09,COMPLETED,5,750,RETURNED,ON_TIME
A005713,I02809,U0376,U0425,SWAP,2026-07-12,2026-07-09,2026-07-12,COMPLETED,0,550,COMPLETED,NA
A005714,I02497,U0592,U0917,SWAP,2026-04-24,2026-04-24,2026-04-24,COMPLETED,0,1300,COMPLETED,NA
A005715,I04606,U0211,U0027,SWAP,2026-07-27,2026-07-27,2026-07-27,CANCELLED,0,200,CANCELLED,NA
A005716,I04887,U0265,U0782,BORROW,2025-09-07,2025-09-04,2025-09-28,ACTIVE,21,1000,NOT_RETURNED,PENDING
A005717,I01581,U0878,U0359,SWAP,2026-04-21,2026-04-19,2026-04-21,COMPLETED,0,1200,COMPLETED,NA
A005718,I00344,U0688,U0554,BORROW,2026-07-22,2026-07-19,2026-07-27,COMPLETED,5,550,RETURNED,ON_TIME
A005719,I04917,U0469,U0928,GIVEAWAY,2025-10-19,2025-10-17,2025-10-19,COMPLETED,0,1650,COMPLETED,NA
A005720,I03855,U0471,U0395,BORROW,2026-07-14,2026-07-11,2026-07-21,CANCELLED,7,750,CANCELLED,PENDING
A005721,I04443,U0956,U0873,SWAP,2026-06-09,2026-06-07,2026-06-09,COMPLETED,0,2000,COMPLETED,NA
A005722,I01028,U0339,U0193,GIVEAWAY,2025-12-24,2025-12-24,2025-12-24,COMPLETED,0,1650,COMPLETED,NA
A005723,I00525,U0468,U0396,SWAP,2025-12-04,2025-11-30,2025-12-04,COMPLETED,0,1700,COMPLETED,NA
A005724,I00678,U0164,U0166,SELL,2025-11-21,2025-11-19,2025-11-21,COMPLETED,0,400,COMPLETED,NA
A005725,I01149,U0588,U0453,BORROW,2025-11-23,2025-11-22,2025-12-03,COMPLETED,10,1600,RETURNED,ON_TIME
A005726,I02385,U0179,U0453,BORROW,2026-01-02,2025-12-31,2026-01-04,COMPLETED,2,950,RETURNED,ON_TIME
A005727,I02221,U0576,U0717,SELL,2026-01-03,2026-01-01,2026-01-03,COMPLETED,0,2100,COMPLETED,NA
A005728,I01818,U0221,U0167,GIVEAWAY,2026-05-25,2026-05-21,2026-05-25,COMPLETED,0,350,COMPLETED,NA
A005729,I03504,U0100,U0376,BORROW,2025-10-27,2025-10-25,2025-10-30,COMPLETED,3,1450,RETURNED,ON_TIME
A005730,I03499,U0995,U0705,BORROW,2026-04-29,2026-04-26,2026-05-04,COMPLETED,5,1250,RETURNED,LATE
A005731,I01448,U0658,U0183,GIVEAWAY,2026-01-18,2026-01-15,2026-01-18,COMPLETED,0,2000,COMPLETED,NA
A005732,I00485,U0786,U0684,SWAP,2025-09-25,2025-09-22,2025-09-25,COMPLETED,0,1500,COMPLETED,NA
A005733,I00519,U0486,U0118,GIVEAWAY,2026-04-17,2026-04-13,2026-04-17,COMPLETED,0,1500,COMPLETED,NA
A005734,I02714,U0438,U0260,SWAP,2026-04-12,2026-04-09,2026-04-12,COMPLETED,0,1150,COMPLETED,NA
A005735,I04450,U0961,U0672,SWAP,2025-11-15,2025-11-15,2025-11-15,COMPLETED,0,1150,COMPLETED,NA
A005736,I00290,U0470,U0956,SWAP,2026-05-14,2026-05-10,2026-05-14,COMPLETED,0,200,COMPLETED,NA
A005737,I04621,U0809,U0244,SWAP,2025-10-02,2025-09-30,2025-10-02,COMPLETED,0,1200,COMPLETED,NA
A005738,I00577,U0694,U0046,GIVEAWAY,2025-12-28,2025-12-25,2025-12-28,COMPLETED,0,850,COMPLETED,NA
A005739,I01190,U0671,U0328,BORROW,2026-06-28,2026-06-27,2026-06-30,COMPLETED,2,700,RETURNED,ON_TIME
A005740,I03583,U0233,U0101,SWAP,2026-06-22,2026-06-18,2026-06-22,COMPLETED,0,1350,COMPLETED,NA
A005741,I02843,U0817,U0845,BORROW,2025-12-04,2025-12-04,2025-12-14,COMPLETED,10,300,RETURNED,ON_TIME
A005742,I03094,U0240,U0326,SWAP,2026-07-09,2026-07-08,2026-07-09,COMPLETED,0,2100,COMPLETED,NA
A005743,I04580,U0249,U0807,BORROW,2026-06-15,2026-06-14,2026-06-18,COMPLETED,3,750,RETURNED,ON_TIME
A005744,I02198,U0249,U0630,BORROW,2026-04-24,2026-04-23,2026-05-15,COMPLETED,21,2000,RETURNED,ON_TIME
A005745,I02438,U0158,U0395,SWAP,2026-01-01,2026-01-01,2026-01-01,COMPLETED,0,1950,COMPLETED,NA
A005746,I01154,U0431,U0465,BORROW,2026-05-22,2026-05-21,2026-05-29,COMPLETED,7,350,RETURNED,ON_TIME
A005747,I04628,U0949,U0359,SWAP,2026-01-08,2026-01-07,2026-01-08,COMPLETED,0,2450,COMPLETED,NA
A005748,I02102,U0910,U0865,SELL,2025-09-13,2025-09-11,2025-09-13,COMPLETED,0,4800,COMPLETED,NA
A005749,I01057,U0187,U0058,SWAP,2026-05-05,2026-05-05,2026-05-05,COMPLETED,0,1300,COMPLETED,NA
A005750,I01768,U0556,U0805,BORROW,2025-12-12,2025-12-11,2025-12-17,COMPLETED,5,850,RETURNED,ON_TIME
A005751,I02502,U0113,U0793,BORROW,2026-02-26,2026-02-22,2026-03-12,OVERDUE,14,550,NOT_RETURNED,LATE
A005752,I01098,U0592,U0537,GIVEAWAY,2026-04-30,2026-04-29,2026-04-30,COMPLETED,0,350,COMPLETED,NA
A005753,I03874,U0809,U0231,BORROW,2025-12-23,2025-12-22,2025-12-28,COMPLETED,5,2150,RETURNED,ON_TIME
A005754,I03075,U0228,U0283,GIVEAWAY,2026-01-15,2026-01-14,2026-01-15,COMPLETED,0,700,COMPLETED,NA
A005755,I04191,U0398,U0112,BORROW,2026-04-09,2026-04-08,2026-04-12,COMPLETED,3,1800,RETURNED,ON_TIME
A005756,I04351,U0839,U0590,BORROW,2026-05-14,2026-05-10,2026-05-21,COMPLETED,7,1050,RETURNED,ON_TIME
A005757,I03574,U0538,U0462,SELL,2026-01-13,2026-01-13,2026-01-13,COMPLETED,0,2350,COMPLETED,NA
A005758,I00851,U0222,U0146,BORROW,2026-02-28,2026-02-26,2026-03-14,COMPLETED,14,1000,RETURNED,ON_TIME
A005759,I02412,U0864,U0190,SWAP,2025-12-07,2025-12-07,2025-12-07,COMPLETED,0,1150,COMPLETED,NA
A005760,I04440,U0240,U0103,SWAP,2026-07-17,2026-07-14,2026-07-17,COMPLETED,0,1500,COMPLETED,NA
A005761,I00827,U0782,U0290,SWAP,2026-05-13,2026-05-09,2026-05-13,COMPLETED,0,1600,COMPLETED,NA
A005762,I02234,U0316,U0051,BORROW,2026-04-17,2026-04-13,2026-04-24,COMPLETED,7,600,RETURNED,ON_TIME
A005763,I02100,U0425,U0805,BORROW,2026-06-23,2026-06-21,2026-06-26,COMPLETED,3,950,RETURNED,ON_TIME
A005764,I03521,U0839,U0537,BORROW,2026-02-16,2026-02-12,2026-02-23,COMPLETED,7,1050,RETURNED,ON_TIME
A005765,I04926,U0983,U0178,BORROW,2026-04-13,2026-04-10,2026-04-18,COMPLETED,5,1600,RETURNED,ON_TIME
A005766,I04728,U0171,U0298,SELL,2026-02-15,2026-02-15,2026-02-15,COMPLETED,0,200,COMPLETED,NA
A005767,I01745,U0734,U0101,BORROW,2025-10-29,2025-10-26,2025-11-08,COMPLETED,10,700,RETURNED,ON_TIME
A005768,I00368,U0386,U0089,SWAP,2025-10-24,2025-10-22,2025-10-24,COMPLETED,0,1100,COMPLETED,NA
A005769,I02502,U0426,U0793,GIVEAWAY,2026-07-05,2026-07-02,2026-07-05,COMPLETED,0,550,COMPLETED,NA
A005770,I01111,U0392,U0652,SWAP,2026-02-27,2026-02-24,2026-02-27,COMPLETED,0,1800,COMPLETED,NA
A005771,I00910,U0982,U0420,BORROW,2026-01-12,2026-01-11,2026-01-17,COMPLETED,5,550,RETURNED,ON_TIME
A005772,I03328,U0865,U0339,SELL,2025-11-23,2025-11-19,2025-11-23,COMPLETED,0,850,COMPLETED,NA
A005773,I04465,U0640,U0549,SWAP,2026-01-03,2025-12-30,2026-01-03,COMPLETED,0,50,COMPLETED,NA
A005774,I03588,U0926,U0090,GIVEAWAY,2025-10-29,2025-10-28,2025-10-29,COMPLETED,0,300,COMPLETED,NA
A005775,I00321,U0453,U0562,BORROW,2026-01-31,2026-01-31,2026-02-05,COMPLETED,5,600,RETURNED,ON_TIME
A005776,I04253,U0422,U0778,BORROW,2025-09-25,2025-09-23,2025-09-28,CANCELLED,3,550,CANCELLED,PENDING
A005777,I01233,U0251,U0695,GIVEAWAY,2025-09-20,2025-09-16,2025-09-20,COMPLETED,0,600,COMPLETED,NA
A005778,I01218,U0682,U0867,BORROW,2025-11-14,2025-11-10,2025-12-05,ACTIVE,21,300,NOT_RETURNED,PENDING
A005779,I02157,U0788,U0347,SELL,2026-01-02,2026-01-02,2026-01-02,COMPLETED,0,550,COMPLETED,NA
A005780,I02405,U0252,U0867,GIVEAWAY,2026-05-07,2026-05-03,2026-05-07,COMPLETED,0,1500,COMPLETED,NA
A005781,I01486,U0138,U0497,GIVEAWAY,2025-11-06,2025-11-02,2025-11-06,COMPLETED,0,750,COMPLETED,NA
A005782,I04816,U0612,U0849,GIVEAWAY,2025-12-17,2025-12-16,2025-12-17,COMPLETED,0,250,COMPLETED,NA
A005783,I00871,U0792,U0418,SELL,2026-07-05,2026-07-04,2026-07-05,COMPLETED,0,2550,COMPLETED,NA
A005784,I03030,U0965,U0735,BORROW,2025-10-03,2025-10-02,2025-10-08,ACTIVE,5,400,NOT_RETURNED,PENDING
A005785,I00108,U0241,U0475,SWAP,2025-10-21,2025-10-19,2025-10-21,COMPLETED,0,600,COMPLETED,NA
A005786,I01876,U0294,U0149,SELL,2026-03-22,2026-03-21,2026-03-22,CANCELLED,0,400,CANCELLED,NA
A005787,I04759,U0404,U0593,BORROW,2025-11-01,2025-10-31,2025-11-04,COMPLETED,3,1000,RETURNED,ON_TIME
A005788,I01502,U0398,U0870,GIVEAWAY,2026-02-18,2026-02-17,2026-02-18,COMPLETED,0,6150,COMPLETED,NA
A005789,I03659,U0532,U0272,SELL,2026-07-07,2026-07-03,2026-07-07,COMPLETED,0,2050,COMPLETED,NA
A005790,I03763,U0881,U0687,GIVEAWAY,2026-01-11,2026-01-09,2026-01-11,COMPLETED,0,1150,COMPLETED,NA
A005791,I02918,U0589,U0196,BORROW,2026-07-09,2026-07-07,2026-07-30,COMPLETED,21,2450,RETURNED,ON_TIME
A005792,I00454,U0381,U0028,BORROW,2026-07-10,2026-07-07,2026-07-31,COMPLETED,21,1350,RETURNED,ON_TIME
A005793,I02588,U0660,U0577,BORROW,2025-11-02,2025-10-31,2025-11-16,ACTIVE,14,2500,NOT_RETURNED,PENDING
A005794,I02125,U0937,U0589,GIVEAWAY,2025-11-22,2025-11-20,2025-11-22,COMPLETED,0,150,COMPLETED,NA
A005795,I04498,U0475,U0653,BORROW,2026-03-01,2026-03-01,2026-03-15,COMPLETED,14,1100,RETURNED,ON_TIME
A005796,I04171,U0161,U0786,BORROW,2026-05-28,2026-05-28,2026-06-07,ACTIVE,10,2350,NOT_RETURNED,PENDING
A005797,I04565,U0527,U0674,SWAP,2026-04-24,2026-04-24,2026-04-24,COMPLETED,0,1900,COMPLETED,NA
A005798,I01762,U0025,U0998,GIVEAWAY,2026-06-09,2026-06-07,2026-06-09,COMPLETED,0,2650,COMPLETED,NA
A005799,I04120,U0500,U0277,BORROW,2026-01-01,2025-12-29,2026-01-08,CANCELLED,7,650,CANCELLED,PENDING
A005800,I00522,U0055,U0455,BORROW,2025-12-15,2025-12-15,2025-12-17,COMPLETED,2,450,RETURNED,ON_TIME
A005801,I01231,U0301,U0541,SELL,2026-05-17,2026-05-16,2026-05-17,COMPLETED,0,850,COMPLETED,NA
A005802,I00045,U0318,U0978,BORROW,2026-03-01,2026-03-01,2026-03-15,ACTIVE,14,1050,NOT_RETURNED,PENDING
A005803,I02362,U0969,U0793,BORROW,2026-05-07,2026-05-06,2026-05-12,COMPLETED,5,3200,RETURNED,ON_TIME
A005804,I01249,U0113,U0483,SELL,2026-06-27,2026-06-26,2026-06-27,COMPLETED,0,500,COMPLETED,NA
A005805,I01131,U0306,U0692,SELL,2025-11-24,2025-11-20,2025-11-24,CANCELLED,0,1400,CANCELLED,NA
A005806,I02258,U0240,U0510,BORROW,2026-04-28,2026-04-27,2026-05-08,OVERDUE,10,3050,NOT_RETURNED,LATE
A005807,I01425,U0332,U0660,SWAP,2025-10-12,2025-10-08,2025-10-12,CANCELLED,0,600,CANCELLED,NA
A005808,I04326,U0798,U0550,SWAP,2025-10-17,2025-10-17,2025-10-17,COMPLETED,0,750,COMPLETED,NA
A005809,I04240,U0396,U0855,BORROW,2026-01-19,2026-01-16,2026-01-26,COMPLETED,7,600,RETURNED,ON_TIME
A005810,I01907,U0036,U0347,BORROW,2025-11-09,2025-11-09,2025-11-11,COMPLETED,2,650,RETURNED,ON_TIME
A005811,I03561,U0187,U0398,BORROW,2026-01-06,2026-01-02,2026-01-27,COMPLETED,21,850,RETURNED,ON_TIME
A005812,I04714,U0726,U0137,GIVEAWAY,2026-05-14,2026-05-14,2026-05-14,COMPLETED,0,850,COMPLETED,NA
A005813,I01385,U0298,U0350,SWAP,2026-06-09,2026-06-07,2026-06-09,COMPLETED,0,650,COMPLETED,NA
A005814,I02454,U0086,U0914,BORROW,2026-06-23,2026-06-21,2026-07-14,COMPLETED,21,3750,RETURNED,ON_TIME
A005815,I00222,U0212,U0956,BORROW,2025-11-30,2025-11-27,2025-12-10,COMPLETED,10,750,RETURNED,ON_TIME
A005816,I01285,U0427,U0422,GIVEAWAY,2026-01-25,2026-01-21,2026-01-25,COMPLETED,0,100,COMPLETED,NA
A005817,I04048,U0052,U0374,GIVEAWAY,2026-04-25,2026-04-21,2026-04-25,COMPLETED,0,500,COMPLETED,NA
A005818,I00601,U0384,U0844,BORROW,2026-04-21,2026-04-19,2026-04-24,ACTIVE,3,1450,NOT_RETURNED,PENDING
A005819,I01100,U0903,U0926,SELL,2026-05-23,2026-05-19,2026-05-23,CANCELLED,0,450,CANCELLED,NA
A005820,I01368,U0268,U0172,SWAP,2025-10-23,2025-10-23,2025-10-23,COMPLETED,0,600,COMPLETED,NA
A005821,I01790,U0143,U0263,BORROW,2025-12-06,2025-12-06,2025-12-09,ACTIVE,3,200,NOT_RETURNED,PENDING
A005822,I01669,U0125,U0069,SWAP,2026-07-14,2026-07-12,2026-07-14,COMPLETED,0,800,COMPLETED,NA
A005823,I01042,U0610,U0946,BORROW,2025-10-19,2025-10-15,2025-10-26,ACTIVE,7,2700,NOT_RETURNED,PENDING
A005824,I00913,U0877,U0893,SWAP,2026-02-27,2026-02-27,2026-02-27,COMPLETED,0,2350,COMPLETED,NA
A005825,I03959,U0496,U0126,SWAP,2026-02-16,2026-02-16,2026-02-16,COMPLETED,0,1950,COMPLETED,NA
A005826,I03717,U0503,U0358,BORROW,2025-09-26,2025-09-23,2025-09-28,COMPLETED,2,300,RETURNED,ON_TIME
A005827,I01512,U0580,U0312,GIVEAWAY,2025-10-22,2025-10-22,2025-10-22,COMPLETED,0,1050,COMPLETED,NA
A005828,I04190,U0903,U0316,BORROW,2026-07-08,2026-07-04,2026-07-11,COMPLETED,3,200,RETURNED,ON_TIME
A005829,I04851,U0423,U0008,GIVEAWAY,2026-05-23,2026-05-21,2026-05-23,COMPLETED,0,600,COMPLETED,NA
A005830,I02117,U0395,U0135,SWAP,2026-07-14,2026-07-14,2026-07-14,COMPLETED,0,1000,COMPLETED,NA
A005831,I03358,U0429,U0762,GIVEAWAY,2025-10-30,2025-10-26,2025-10-30,COMPLETED,0,850,COMPLETED,NA
A005832,I01637,U0551,U0632,BORROW,2026-05-29,2026-05-27,2026-06-03,COMPLETED,5,800,RETURNED,ON_TIME
A005833,I04019,U0723,U0179,BORROW,2025-10-16,2025-10-13,2025-10-30,COMPLETED,14,2550,RETURNED,ON_TIME
A005834,I02044,U0736,U0451,BORROW,2025-09-02,2025-09-02,2025-09-04,COMPLETED,2,1900,RETURNED,ON_TIME
A005835,I04437,U0313,U0896,BORROW,2026-03-09,2026-03-07,2026-03-14,COMPLETED,5,1500,RETURNED,LATE
A005836,I01128,U0063,U0109,SWAP,2026-02-07,2026-02-06,2026-02-07,COMPLETED,0,400,COMPLETED,NA
A005837,I00340,U0651,U0772,BORROW,2026-07-15,2026-07-12,2026-08-05,COMPLETED,21,550,RETURNED,LATE
A005838,I04100,U0793,U0023,SWAP,2026-06-14,2026-06-11,2026-06-14,COMPLETED,0,600,COMPLETED,NA
A005839,I04095,U0840,U0482,BORROW,2025-09-29,2025-09-26,2025-10-13,COMPLETED,14,1950,RETURNED,ON_TIME
A005840,I04463,U0795,U0571,GIVEAWAY,2026-02-09,2026-02-08,2026-02-09,COMPLETED,0,450,COMPLETED,NA
A005841,I03617,U0928,U0292,BORROW,2026-05-17,2026-05-13,2026-05-27,COMPLETED,10,1050,RETURNED,ON_TIME
A005842,I04470,U0845,U0731,BORROW,2025-12-05,2025-12-02,2025-12-10,OVERDUE,5,550,NOT_RETURNED,LATE
A005843,I02231,U0252,U0130,SWAP,2026-05-07,2026-05-06,2026-05-07,COMPLETED,0,950,COMPLETED,NA
A005844,I02489,U0167,U0168,GIVEAWAY,2025-12-08,2025-12-04,2025-12-08,COMPLETED,0,5500,COMPLETED,NA
A005845,I04209,U0809,U0901,BORROW,2026-01-16,2026-01-12,2026-01-19,COMPLETED,3,750,RETURNED,ON_TIME
A005846,I04594,U0899,U0925,BORROW,2026-01-12,2026-01-09,2026-01-15,COMPLETED,3,1150,RETURNED,ON_TIME
A005847,I00841,U0579,U0557,GIVEAWAY,2026-06-23,2026-06-19,2026-06-23,COMPLETED,0,1350,COMPLETED,NA
A005848,I01585,U0475,U0031,SELL,2025-09-04,2025-09-04,2025-09-04,COMPLETED,0,150,COMPLETED,NA
A005849,I03799,U0180,U0874,BORROW,2026-06-07,2026-06-04,2026-06-21,OVERDUE,14,450,NOT_RETURNED,LATE
A005850,I02838,U0291,U0988,SWAP,2026-04-16,2026-04-16,2026-04-16,COMPLETED,0,200,COMPLETED,NA
A005851,I00822,U0359,U0058,GIVEAWAY,2026-02-22,2026-02-22,2026-02-22,CANCELLED,0,900,CANCELLED,NA
A005852,I03505,U0127,U0316,BORROW,2026-02-06,2026-02-06,2026-02-09,ACTIVE,3,200,NOT_RETURNED,PENDING
A005853,I03510,U0394,U0803,SELL,2026-03-01,2026-02-28,2026-03-01,COMPLETED,0,1650,COMPLETED,NA
A005854,I02969,U0867,U0323,GIVEAWAY,2025-12-08,2025-12-08,2025-12-08,COMPLETED,0,1750,COMPLETED,NA
A005855,I02464,U0819,U0966,GIVEAWAY,2026-04-18,2026-04-16,2026-04-18,COMPLETED,0,2150,COMPLETED,NA
A005856,I03842,U0111,U0998,BORROW,2026-01-14,2026-01-11,2026-01-24,COMPLETED,10,6200,RETURNED,ON_TIME
A005857,I00841,U0343,U0557,BORROW,2026-07-11,2026-07-07,2026-07-25,COMPLETED,14,1350,RETURNED,ON_TIME
A005858,I02402,U0510,U0052,GIVEAWAY,2025-10-30,2025-10-27,2025-10-30,COMPLETED,0,5150,COMPLETED,NA
A005859,I04860,U0428,U0463,SWAP,2026-07-28,2026-07-26,2026-07-28,COMPLETED,0,1050,COMPLETED,NA
A005860,I02551,U0323,U0954,SWAP,2026-01-07,2026-01-05,2026-01-07,COMPLETED,0,900,COMPLETED,NA
A005861,I04833,U0856,U0606,SELL,2026-05-12,2026-05-10,2026-05-12,COMPLETED,0,2450,COMPLETED,NA
A005862,I00511,U0712,U0891,GIVEAWAY,2025-12-21,2025-12-19,2025-12-21,COMPLETED,0,2150,COMPLETED,NA
A005863,I03575,U0011,U0598,BORROW,2025-12-23,2025-12-20,2026-01-02,COMPLETED,10,2500,RETURNED,ON_TIME
A005864,I02637,U0194,U0500,GIVEAWAY,2026-07-26,2026-07-26,2026-07-26,COMPLETED,0,1250,COMPLETED,NA
A005865,I04033,U0586,U0322,BORROW,2025-11-10,2025-11-07,2025-12-01,COMPLETED,21,1500,RETURNED,ON_TIME
A005866,I00224,U0466,U0676,SWAP,2026-02-02,2026-01-30,2026-02-02,COMPLETED,0,450,COMPLETED,NA
A005867,I01697,U0412,U0023,BORROW,2026-05-16,2026-05-15,2026-05-19,COMPLETED,3,1100,RETURNED,ON_TIME
A005868,I00151,U0455,U0101,GIVEAWAY,2026-01-17,2026-01-15,2026-01-17,COMPLETED,0,1600,COMPLETED,NA
A005869,I02397,U0041,U0133,BORROW,2026-02-17,2026-02-15,2026-02-20,OVERDUE,3,550,NOT_RETURNED,LATE
A005870,I02269,U0133,U0750,BORROW,2026-01-10,2026-01-10,2026-01-31,COMPLETED,21,1150,RETURNED,ON_TIME
A005871,I00094,U0660,U0662,SELL,2026-03-22,2026-03-19,2026-03-22,COMPLETED,0,1000,COMPLETED,NA
A005872,I00330,U0773,U0744,GIVEAWAY,2026-07-28,2026-07-26,2026-07-28,COMPLETED,0,950,COMPLETED,NA
A005873,I03616,U0410,U0860,BORROW,2026-01-08,2026-01-04,2026-01-13,OVERDUE,5,300,NOT_RETURNED,LATE
A005874,I02627,U0486,U0604,SWAP,2025-12-20,2025-12-18,2025-12-20,COMPLETED,0,1050,COMPLETED,NA
A005875,I02011,U0173,U0211,BORROW,2026-03-12,2026-03-10,2026-03-17,COMPLETED,5,1950,RETURNED,ON_TIME
A005876,I03905,U0985,U0022,SELL,2026-03-25,2026-03-22,2026-03-25,COMPLETED,0,750,COMPLETED,NA
A005877,I01210,U0217,U0107,SWAP,2025-12-25,2025-12-25,2025-12-25,COMPLETED,0,750,COMPLETED,NA
A005878,I01005,U0235,U0287,BORROW,2026-04-30,2026-04-30,2026-05-21,COMPLETED,21,1550,RETURNED,ON_TIME
A005879,I00929,U0075,U0317,BORROW,2025-11-07,2025-11-05,2025-11-09,ACTIVE,2,3400,NOT_RETURNED,PENDING
A005880,I03919,U0837,U0725,BORROW,2025-10-08,2025-10-04,2025-10-22,COMPLETED,14,1000,RETURNED,ON_TIME
A005881,I04798,U0032,U0176,BORROW,2025-10-11,2025-10-11,2025-11-01,COMPLETED,21,1800,RETURNED,ON_TIME
A005882,I03805,U0428,U0132,GIVEAWAY,2026-07-15,2026-07-15,2026-07-15,COMPLETED,0,50,COMPLETED,NA
A005883,I02281,U0478,U0553,SELL,2025-12-08,2025-12-05,2025-12-08,COMPLETED,0,3350,COMPLETED,NA
A005884,I01768,U0620,U0805,BORROW,2026-07-20,2026-07-18,2026-07-22,COMPLETED,2,850,RETURNED,ON_TIME
A005885,I02948,U0280,U0356,BORROW,2026-05-08,2026-05-05,2026-05-15,CANCELLED,7,2900,CANCELLED,PENDING
A005886,I00250,U0149,U0624,BORROW,2026-01-13,2026-01-12,2026-01-20,COMPLETED,7,750,RETURNED,ON_TIME
A005887,I00654,U0208,U0429,SELL,2025-11-17,2025-11-15,2025-11-17,COMPLETED,0,3750,COMPLETED,NA
A005888,I01726,U0930,U0561,BORROW,2026-02-22,2026-02-21,2026-03-04,COMPLETED,10,300,RETURNED,LATE
A005889,I03849,U0424,U0829,BORROW,2025-10-15,2025-10-12,2025-10-22,COMPLETED,7,1000,RETURNED,LATE
A005890,I03011,U0331,U0887,BORROW,2026-06-10,2026-06-10,2026-07-01,COMPLETED,21,850,RETURNED,ON_TIME
A005891,I02346,U0163,U0591,BORROW,2026-01-11,2026-01-09,2026-01-25,COMPLETED,14,1700,RETURNED,ON_TIME
A005892,I02088,U0607,U0256,GIVEAWAY,2025-09-29,2025-09-29,2025-09-29,COMPLETED,0,500,COMPLETED,NA
A005893,I02943,U0401,U0934,BORROW,2026-04-11,2026-04-09,2026-04-14,CANCELLED,3,2300,CANCELLED,PENDING
A005894,I00298,U0496,U0042,BORROW,2025-10-08,2025-10-05,2025-10-11,CANCELLED,3,1100,CANCELLED,PENDING
A005895,I03769,U0153,U0664,BORROW,2025-12-25,2025-12-25,2025-12-27,CANCELLED,2,1150,CANCELLED,PENDING
A005896,I04626,U0862,U0789,SELL,2026-07-20,2026-07-17,2026-07-20,COMPLETED,0,1200,COMPLETED,NA
A005897,I00529,U0490,U0961,BORROW,2026-05-15,2026-05-12,2026-05-25,ACTIVE,10,1300,NOT_RETURNED,PENDING
A005898,I01600,U0114,U0351,SELL,2026-01-28,2026-01-24,2026-01-28,COMPLETED,0,750,COMPLETED,NA
A005899,I02279,U0204,U0043,SELL,2025-09-17,2025-09-16,2025-09-17,COMPLETED,0,2450,COMPLETED,NA
A005900,I04424,U0261,U0482,GIVEAWAY,2025-10-17,2025-10-13,2025-10-17,COMPLETED,0,400,COMPLETED,NA
A005901,I00479,U0740,U0104,BORROW,2025-10-17,2025-10-16,2025-10-22,ACTIVE,5,5150,NOT_RETURNED,PENDING
A005902,I02528,U0312,U0014,SWAP,2026-01-25,2026-01-24,2026-01-25,CANCELLED,0,2450,CANCELLED,NA
A005903,I00920,U0013,U0283,BORROW,2025-09-03,2025-09-02,2025-09-06,COMPLETED,3,300,RETURNED,ON_TIME
A005904,I04478,U0077,U0365,GIVEAWAY,2026-06-20,2026-06-19,2026-06-20,COMPLETED,0,1250,COMPLETED,NA
A005905,I01113,U0742,U0471,BORROW,2025-10-16,2025-10-12,2025-10-30,COMPLETED,14,1350,RETURNED,ON_TIME
A005906,I00726,U0342,U0112,BORROW,2025-12-27,2025-12-25,2026-01-17,COMPLETED,21,1550,RETURNED,ON_TIME
A005907,I00066,U0287,U0680,SELL,2026-05-15,2026-05-12,2026-05-15,COMPLETED,0,1850,COMPLETED,NA
A005908,I01601,U0499,U0649,SWAP,2026-07-15,2026-07-13,2026-07-15,COMPLETED,0,1100,COMPLETED,NA
A005909,I04202,U0530,U0002,SWAP,2026-02-21,2026-02-18,2026-02-21,COMPLETED,0,4450,COMPLETED,NA
A005910,I02366,U0961,U0099,BORROW,2026-01-11,2026-01-08,2026-01-16,COMPLETED,5,2550,RETURNED,ON_TIME
A005911,I04521,U0225,U0382,SWAP,2026-01-13,2026-01-09,2026-01-13,COMPLETED,0,1450,COMPLETED,NA
A005912,I03913,U0905,U0322,BORROW,2026-03-05,2026-03-01,2026-03-07,ACTIVE,2,1400,NOT_RETURNED,PENDING
A005913,I03486,U0539,U0654,GIVEAWAY,2025-12-01,2025-12-01,2025-12-01,COMPLETED,0,1250,COMPLETED,NA
A005914,I00266,U0826,U0811,BORROW,2025-09-06,2025-09-02,2025-09-16,COMPLETED,10,1100,RETURNED,ON_TIME
A005915,I00545,U0317,U0864,BORROW,2026-06-14,2026-06-14,2026-06-28,COMPLETED,14,950,RETURNED,ON_TIME
A005916,I00894,U0245,U0587,GIVEAWAY,2026-06-10,2026-06-06,2026-06-10,COMPLETED,0,2750,COMPLETED,NA
A005917,I00934,U0826,U0513,BORROW,2026-03-08,2026-03-05,2026-03-13,COMPLETED,5,1950,RETURNED,LATE
A005918,I01438,U0613,U0536,SWAP,2025-09-14,2025-09-12,2025-09-14,COMPLETED,0,1700,COMPLETED,NA
A005919,I01598,U0857,U0769,SWAP,2026-07-13,2026-07-09,2026-07-13,COMPLETED,0,2200,COMPLETED,NA
A005920,I04919,U0510,U0834,GIVEAWAY,2026-02-07,2026-02-05,2026-02-07,COMPLETED,0,1150,COMPLETED,NA
A005921,I01999,U0770,U0341,SWAP,2025-10-04,2025-10-01,2025-10-04,COMPLETED,0,950,COMPLETED,NA
A005922,I01071,U0124,U0266,BORROW,2026-01-09,2026-01-07,2026-01-19,ACTIVE,10,1100,NOT_RETURNED,PENDING
A005923,I03027,U0972,U0244,GIVEAWAY,2025-11-17,2025-11-13,2025-11-17,COMPLETED,0,450,COMPLETED,NA
A005924,I01854,U0489,U0054,BORROW,2026-05-11,2026-05-08,2026-05-13,COMPLETED,2,1050,RETURNED,ON_TIME
A005925,I01843,U0031,U0055,BORROW,2026-01-01,2025-12-30,2026-01-03,COMPLETED,2,2200,RETURNED,ON_TIME
A005926,I00114,U0112,U0164,BORROW,2025-11-29,2025-11-25,2025-12-09,COMPLETED,10,2200,RETURNED,LATE
A005927,I02671,U0945,U0146,BORROW,2026-06-26,2026-06-22,2026-06-28,OVERDUE,2,1500,NOT_RETURNED,LATE
A005928,I00495,U0408,U0423,SELL,2026-03-11,2026-03-09,2026-03-11,COMPLETED,0,1250,COMPLETED,NA
A005929,I00409,U0398,U0777,SWAP,2025-09-28,2025-09-25,2025-09-28,COMPLETED,0,1450,COMPLETED,NA
A005930,I00130,U0272,U0037,GIVEAWAY,2026-03-29,2026-03-27,2026-03-29,COMPLETED,0,1800,COMPLETED,NA
A005931,I01266,U0728,U0041,BORROW,2025-11-25,2025-11-22,2025-12-09,COMPLETED,14,1650,RETURNED,ON_TIME
A005932,I01143,U0671,U0386,GIVEAWAY,2026-04-07,2026-04-07,2026-04-07,COMPLETED,0,1500,COMPLETED,NA
A005933,I03576,U0660,U0805,BORROW,2025-09-13,2025-09-10,2025-10-04,COMPLETED,21,1950,RETURNED,ON_TIME
A005934,I04957,U0805,U0313,BORROW,2026-03-30,2026-03-26,2026-04-01,COMPLETED,2,3000,RETURNED,ON_TIME
A005935,I00553,U0593,U0140,SWAP,2026-05-26,2026-05-26,2026-05-26,CANCELLED,0,2000,CANCELLED,NA
A005936,I03572,U0655,U0291,BORROW,2026-05-16,2026-05-12,2026-05-21,COMPLETED,5,4000,RETURNED,ON_TIME
A005937,I03960,U0082,U0473,SELL,2026-02-16,2026-02-12,2026-02-16,COMPLETED,0,450,COMPLETED,NA
A005938,I00578,U0542,U0547,GIVEAWAY,2025-10-01,2025-09-28,2025-10-01,COMPLETED,0,3000,COMPLETED,NA
A005939,I04101,U0346,U0275,GIVEAWAY,2026-05-21,2026-05-20,2026-05-21,COMPLETED,0,2100,COMPLETED,NA
A005940,I02496,U0810,U0405,BORROW,2026-06-27,2026-06-25,2026-07-07,COMPLETED,10,1650,RETURNED,ON_TIME
A005941,I03693,U0912,U0019,SWAP,2025-09-08,2025-09-07,2025-09-08,COMPLETED,0,650,COMPLETED,NA
A005942,I00684,U0355,U0115,GIVEAWAY,2026-01-14,2026-01-12,2026-01-14,COMPLETED,0,3700,COMPLETED,NA
A005943,I02300,U0250,U0522,BORROW,2025-09-28,2025-09-25,2025-10-08,COMPLETED,10,200,RETURNED,ON_TIME
A005944,I03560,U0164,U0241,GIVEAWAY,2025-09-06,2025-09-06,2025-09-06,COMPLETED,0,500,COMPLETED,NA
A005945,I02925,U0144,U0251,GIVEAWAY,2025-09-08,2025-09-04,2025-09-08,COMPLETED,0,900,COMPLETED,NA
A005946,I04219,U0254,U0969,GIVEAWAY,2026-03-24,2026-03-21,2026-03-24,COMPLETED,0,500,COMPLETED,NA
A005947,I01788,U0752,U0939,BORROW,2025-09-02,2025-08-31,2025-09-09,COMPLETED,7,550,RETURNED,ON_TIME
A005948,I04032,U0660,U0557,BORROW,2026-04-24,2026-04-21,2026-05-08,COMPLETED,14,950,RETURNED,ON_TIME
A005949,I00448,U0907,U0725,GIVEAWAY,2025-10-04,2025-10-01,2025-10-04,COMPLETED,0,850,COMPLETED,NA
A005950,I01861,U0673,U0553,GIVEAWAY,2026-05-26,2026-05-26,2026-05-26,COMPLETED,0,1650,COMPLETED,NA
A005951,I00704,U0971,U0716,SWAP,2026-01-13,2026-01-11,2026-01-13,COMPLETED,0,650,COMPLETED,NA
A005952,I00485,U0871,U0684,BORROW,2026-01-03,2026-01-01,2026-01-24,COMPLETED,21,1500,RETURNED,ON_TIME
A005953,I02606,U0121,U0701,BORROW,2026-07-01,2026-06-29,2026-07-22,COMPLETED,21,1600,RETURNED,ON_TIME
A005954,I01451,U0371,U0001,BORROW,2026-04-28,2026-04-28,2026-05-03,ACTIVE,5,350,NOT_RETURNED,PENDING
A005955,I02131,U0339,U0973,SWAP,2026-03-08,2026-03-08,2026-03-08,COMPLETED,0,1300,COMPLETED,NA
A005956,I03098,U0579,U0007,GIVEAWAY,2025-11-14,2025-11-12,2025-11-14,COMPLETED,0,3150,COMPLETED,NA
A005957,I00976,U0539,U0552,BORROW,2026-03-31,2026-03-31,2026-04-14,COMPLETED,14,700,RETURNED,ON_TIME
A005958,I00739,U0389,U0483,SELL,2026-06-04,2026-06-04,2026-06-04,COMPLETED,0,1050,COMPLETED,NA
A005959,I01778,U0956,U0092,BORROW,2026-03-26,2026-03-23,2026-04-16,OVERDUE,21,2350,NOT_RETURNED,LATE
A005960,I00917,U0263,U0991,BORROW,2025-11-06,2025-11-04,2025-11-09,COMPLETED,3,1000,RETURNED,ON_TIME
A005961,I04867,U0438,U0707,BORROW,2026-07-03,2026-07-01,2026-07-06,COMPLETED,3,2350,RETURNED,ON_TIME
A005962,I01003,U0223,U0494,BORROW,2026-07-07,2026-07-05,2026-07-09,COMPLETED,2,550,RETURNED,ON_TIME
A005963,I03268,U0612,U0838,BORROW,2026-07-23,2026-07-23,2026-08-06,COMPLETED,14,850,RETURNED,ON_TIME
A005964,I00497,U0547,U0176,SWAP,2025-09-16,2025-09-13,2025-09-16,COMPLETED,0,1100,COMPLETED,NA
A005965,I02045,U0819,U0390,BORROW,2026-03-05,2026-03-02,2026-03-08,OVERDUE,3,1400,NOT_RETURNED,LATE
A005966,I01017,U0142,U0364,SELL,2025-11-15,2025-11-11,2025-11-15,COMPLETED,0,400,COMPLETED,NA
A005967,I04264,U0762,U0605,BORROW,2026-04-13,2026-04-13,2026-04-15,COMPLETED,2,2050,RETURNED,ON_TIME
A005968,I03919,U0524,U0725,GIVEAWAY,2026-04-21,2026-04-19,2026-04-21,COMPLETED,0,1000,COMPLETED,NA
A005969,I03976,U0557,U0011,SELL,2025-10-11,2025-10-09,2025-10-11,COMPLETED,0,300,COMPLETED,NA
A005970,I02651,U0757,U0295,GIVEAWAY,2026-07-24,2026-07-20,2026-07-24,COMPLETED,0,450,COMPLETED,NA
A005971,I00634,U0058,U0117,GIVEAWAY,2025-11-05,2025-11-01,2025-11-05,COMPLETED,0,1100,COMPLETED,NA
A005972,I00842,U0133,U0658,BORROW,2026-02-12,2026-02-11,2026-02-17,ACTIVE,5,6550,NOT_RETURNED,PENDING
A005973,I01401,U0565,U0724,BORROW,2026-02-26,2026-02-22,2026-03-19,COMPLETED,21,1950,RETURNED,LATE
A005974,I04605,U0913,U0208,SWAP,2025-12-03,2025-12-02,2025-12-03,COMPLETED,0,1450,COMPLETED,NA
A005975,I01565,U0371,U0068,GIVEAWAY,2026-05-26,2026-05-22,2026-05-26,COMPLETED,0,2100,COMPLETED,NA
A005976,I00487,U0017,U0587,BORROW,2025-10-28,2025-10-25,2025-11-11,ACTIVE,14,900,NOT_RETURNED,PENDING
A005977,I04853,U0074,U0604,BORROW,2026-02-09,2026-02-08,2026-02-19,COMPLETED,10,550,RETURNED,ON_TIME
A005978,I01591,U0076,U0619,BORROW,2025-12-16,2025-12-12,2025-12-26,COMPLETED,10,3000,RETURNED,ON_TIME
A005979,I01502,U0200,U0870,BORROW,2025-12-24,2025-12-24,2025-12-26,COMPLETED,2,6150,RETURNED,ON_TIME
A005980,I03287,U0155,U0823,BORROW,2025-12-21,2025-12-20,2025-12-31,CANCELLED,10,1500,CANCELLED,PENDING
A005981,I02711,U0012,U0810,BORROW,2026-04-08,2026-04-05,2026-04-18,OVERDUE,10,450,NOT_RETURNED,LATE
A005982,I01913,U0022,U0142,SELL,2025-10-24,2025-10-21,2025-10-24,COMPLETED,0,600,COMPLETED,NA
A005983,I02303,U0609,U0804,BORROW,2026-04-03,2026-03-30,2026-04-06,COMPLETED,3,450,RETURNED,ON_TIME
A005984,I03461,U0610,U0242,GIVEAWAY,2025-11-22,2025-11-19,2025-11-22,COMPLETED,0,950,COMPLETED,NA
A005985,I01520,U0913,U0434,GIVEAWAY,2026-06-19,2026-06-15,2026-06-19,COMPLETED,0,700,COMPLETED,NA
A005986,I00613,U0666,U0620,SWAP,2026-01-27,2026-01-27,2026-01-27,COMPLETED,0,1650,COMPLETED,NA
A005987,I04721,U0038,U0506,SWAP,2026-01-29,2026-01-28,2026-01-29,COMPLETED,0,1100,COMPLETED,NA
A005988,I04128,U0092,U0212,BORROW,2026-04-08,2026-04-06,2026-04-11,COMPLETED,3,350,RETURNED,ON_TIME
A005989,I03323,U0313,U0728,SWAP,2025-12-13,2025-12-11,2025-12-13,COMPLETED,0,250,COMPLETED,NA
A005990,I02510,U0770,U0776,GIVEAWAY,2026-04-09,2026-04-05,2026-04-09,COMPLETED,0,500,COMPLETED,NA
A005991,I04180,U0953,U0912,GIVEAWAY,2026-07-26,2026-07-25,2026-07-26,COMPLETED,0,1250,COMPLETED,NA
A005992,I04477,U0041,U0023,BORROW,2026-06-02,2026-05-29,2026-06-05,COMPLETED,3,1300,RETURNED,ON_TIME
A005993,I04405,U0723,U0785,BORROW,2026-06-17,2026-06-13,2026-07-08,COMPLETED,21,150,RETURNED,ON_TIME
A005994,I04857,U0751,U0883,SWAP,2026-02-23,2026-02-19,2026-02-23,COMPLETED,0,1450,COMPLETED,NA
A005995,I00454,U0101,U0028,SWAP,2025-11-03,2025-10-30,2025-11-03,COMPLETED,0,1350,COMPLETED,NA
A005996,I04573,U0533,U0298,SELL,2026-04-18,2026-04-17,2026-04-18,COMPLETED,0,2400,COMPLETED,NA
A005997,I03081,U0593,U0681,GIVEAWAY,2026-03-13,2026-03-09,2026-03-13,COMPLETED,0,1500,COMPLETED,NA
A005998,I03166,U0557,U0073,BORROW,2026-06-17,2026-06-16,2026-06-20,COMPLETED,3,300,RETURNED,ON_TIME
A005999,I02912,U0382,U0388,SWAP,2026-02-26,2026-02-22,2026-02-26,COMPLETED,0,3600,COMPLETED,NA
A006000,I03163,U0036,U0797,BORROW,2026-02-18,2026-02-18,2026-02-23,COMPLETED,5,1150,RETURNED,LATE
A006001,I02867,U0602,U0277,SELL,2026-06-26,2026-06-23,2026-06-26,COMPLETED,0,1750,COMPLETED,NA
A006002,I02286,U0285,U0515,BORROW,2026-07-25,2026-07-23,2026-08-08,COMPLETED,14,600,RETURNED,ON_TIME
A006003,I01669,U0156,U0069,BORROW,2026-06-04,2026-05-31,2026-06-25,CANCELLED,21,800,CANCELLED,PENDING
A006004,I00191,U0463,U0663,SELL,2025-11-24,2025-11-21,2025-11-24,COMPLETED,0,1000,COMPLETED,NA
A006005,I04588,U0737,U0486,BORROW,2026-07-05,2026-07-03,2026-07-26,COMPLETED,21,1200,RETURNED,ON_TIME
A006006,I04141,U0484,U0214,GIVEAWAY,2026-02-08,2026-02-08,2026-02-08,COMPLETED,0,2550,COMPLETED,NA
A006007,I01568,U0337,U0678,SELL,2026-06-19,2026-06-16,2026-06-19,COMPLETED,0,3450,COMPLETED,NA
A006008,I03337,U0239,U0342,BORROW,2026-07-09,2026-07-06,2026-07-11,COMPLETED,2,1300,RETURNED,ON_TIME
A006009,I01828,U0773,U0105,SWAP,2026-03-05,2026-03-01,2026-03-05,COMPLETED,0,1050,COMPLETED,NA
A006010,I03456,U0056,U0299,SWAP,2025-11-13,2025-11-10,2025-11-13,COMPLETED,0,1600,COMPLETED,NA
A006011,I02134,U0640,U0035,BORROW,2026-06-04,2026-05-31,2026-06-25,COMPLETED,21,1600,RETURNED,ON_TIME
A006012,I01839,U0090,U0988,BORROW,2026-03-28,2026-03-28,2026-03-31,ACTIVE,3,1100,NOT_RETURNED,PENDING
A006013,I04531,U0540,U0755,BORROW,2026-06-26,2026-06-26,2026-06-29,COMPLETED,3,1350,RETURNED,ON_TIME
A006014,I03308,U0630,U0039,BORROW,2026-02-28,2026-02-27,2026-03-14,COMPLETED,14,1850,RETURNED,ON_TIME
A006015,I04859,U0593,U0146,SELL,2025-10-10,2025-10-10,2025-10-10,CANCELLED,0,3050,CANCELLED,NA
A006016,I04525,U0966,U0703,BORROW,2026-02-07,2026-02-07,2026-02-21,COMPLETED,14,100,RETURNED,ON_TIME
A006017,I04451,U0634,U0268,BORROW,2026-04-10,2026-04-10,2026-05-01,COMPLETED,21,600,RETURNED,ON_TIME
A006018,I03469,U0639,U0102,BORROW,2026-05-15,2026-05-15,2026-05-29,ACTIVE,14,1300,NOT_RETURNED,PENDING
A006019,I02744,U0402,U0751,BORROW,2025-11-16,2025-11-13,2025-11-19,COMPLETED,3,450,RETURNED,ON_TIME
A006020,I03691,U0272,U0945,SWAP,2026-05-31,2026-05-31,2026-05-31,COMPLETED,0,2500,COMPLETED,NA
A006021,I01003,U0213,U0494,SWAP,2025-11-10,2025-11-06,2025-11-10,COMPLETED,0,550,COMPLETED,NA
A006022,I01088,U0221,U0430,GIVEAWAY,2026-06-10,2026-06-06,2026-06-10,COMPLETED,0,2200,COMPLETED,NA
A006023,I04334,U0366,U0360,SWAP,2025-09-06,2025-09-06,2025-09-06,COMPLETED,0,400,COMPLETED,NA
A006024,I02824,U0467,U0688,BORROW,2026-06-21,2026-06-19,2026-06-26,COMPLETED,5,550,RETURNED,ON_TIME
A006025,I01118,U0625,U0543,SELL,2025-09-24,2025-09-20,2025-09-24,COMPLETED,0,2800,COMPLETED,NA
A006026,I03228,U0800,U0952,GIVEAWAY,2026-05-22,2026-05-21,2026-05-22,COMPLETED,0,150,COMPLETED,NA
A006027,I01560,U0930,U0779,SELL,2025-09-25,2025-09-25,2025-09-25,COMPLETED,0,1650,COMPLETED,NA
A006028,I02511,U0385,U0114,SWAP,2026-05-14,2026-05-13,2026-05-14,COMPLETED,0,1000,COMPLETED,NA
A006029,I02354,U0575,U0733,BORROW,2026-04-16,2026-04-15,2026-04-30,COMPLETED,14,1000,RETURNED,ON_TIME
A006030,I01006,U0363,U0006,SWAP,2026-01-21,2026-01-17,2026-01-21,COMPLETED,0,350,COMPLETED,NA
A006031,I01533,U0827,U0062,BORROW,2025-11-04,2025-11-03,2025-11-25,COMPLETED,21,1850,RETURNED,ON_TIME
A006032,I00430,U0088,U0839,SWAP,2026-05-13,2026-05-11,2026-05-13,COMPLETED,0,450,COMPLETED,NA
A006033,I01795,U0112,U0024,SWAP,2026-07-16,2026-07-12,2026-07-16,COMPLETED,0,200,COMPLETED,NA
A006034,I00913,U0879,U0893,BORROW,2026-02-19,2026-02-19,2026-02-21,COMPLETED,2,2350,RETURNED,LATE
A006035,I00966,U0042,U0883,BORROW,2026-02-01,2026-01-31,2026-02-06,COMPLETED,5,1900,RETURNED,LATE
A006036,I03934,U0048,U0261,BORROW,2026-01-13,2026-01-13,2026-02-03,ACTIVE,21,2050,NOT_RETURNED,PENDING
A006037,I04646,U0219,U0234,SWAP,2026-05-12,2026-05-08,2026-05-12,COMPLETED,0,3300,COMPLETED,NA
A006038,I01600,U0014,U0351,BORROW,2026-01-06,2026-01-04,2026-01-13,COMPLETED,7,750,RETURNED,ON_TIME
A006039,I04963,U0355,U0770,SWAP,2026-07-16,2026-07-14,2026-07-16,COMPLETED,0,800,COMPLETED,NA
A006040,I01748,U0338,U0129,GIVEAWAY,2025-12-08,2025-12-05,2025-12-08,COMPLETED,0,3050,COMPLETED,NA
A006041,I00450,U0612,U0660,GIVEAWAY,2026-02-05,2026-02-02,2026-02-05,COMPLETED,0,1600,COMPLETED,NA
A006042,I02262,U0032,U0048,GIVEAWAY,2025-11-10,2025-11-07,2025-11-10,COMPLETED,0,650,COMPLETED,NA
A006043,I04805,U0398,U0862,SWAP,2026-05-16,2026-05-15,2026-05-16,COMPLETED,0,2200,COMPLETED,NA
A006044,I00183,U0856,U0129,GIVEAWAY,2026-02-08,2026-02-08,2026-02-08,COMPLETED,0,700,COMPLETED,NA
A006045,I01404,U0647,U0706,GIVEAWAY,2025-09-12,2025-09-10,2025-09-12,COMPLETED,0,3050,COMPLETED,NA
A006046,I04687,U0942,U0757,SELL,2025-09-23,2025-09-19,2025-09-23,CANCELLED,0,600,CANCELLED,NA
A006047,I01000,U0531,U0452,SWAP,2025-09-30,2025-09-29,2025-09-30,COMPLETED,0,550,COMPLETED,NA
A006048,I02589,U0032,U0407,BORROW,2025-12-26,2025-12-26,2026-01-02,COMPLETED,7,1600,RETURNED,LATE
A006049,I00240,U0548,U0747,SWAP,2026-03-28,2026-03-27,2026-03-28,CANCELLED,0,400,CANCELLED,NA
A006050,I00607,U0085,U0473,GIVEAWAY,2026-06-01,2026-06-01,2026-06-01,COMPLETED,0,1800,COMPLETED,NA
A006051,I00878,U0837,U0973,BORROW,2026-06-16,2026-06-15,2026-06-26,COMPLETED,10,2650,RETURNED,LATE
A006052,I01546,U0463,U0454,BORROW,2026-02-02,2026-02-02,2026-02-04,COMPLETED,2,250,RETURNED,LATE
A006053,I02465,U0993,U0501,GIVEAWAY,2026-07-24,2026-07-23,2026-07-24,COMPLETED,0,1200,COMPLETED,NA
A006054,I00406,U0392,U0736,GIVEAWAY,2026-07-27,2026-07-27,2026-07-27,COMPLETED,0,550,COMPLETED,NA
A006055,I02281,U0873,U0553,BORROW,2026-01-07,2026-01-04,2026-01-10,ACTIVE,3,3350,NOT_RETURNED,PENDING
A006056,I03670,U0633,U0569,BORROW,2026-03-14,2026-03-10,2026-04-04,COMPLETED,21,800,RETURNED,ON_TIME
A006057,I04691,U0220,U0444,BORROW,2026-02-01,2026-01-28,2026-02-22,COMPLETED,21,800,RETURNED,ON_TIME
A006058,I02271,U0115,U0595,SELL,2025-12-24,2025-12-20,2025-12-24,COMPLETED,0,2100,COMPLETED,NA
A006059,I02395,U0537,U0490,BORROW,2026-02-07,2026-02-07,2026-02-28,COMPLETED,21,150,RETURNED,ON_TIME
A006060,I03124,U0670,U0162,SELL,2026-07-02,2026-06-30,2026-07-02,COMPLETED,0,1900,COMPLETED,NA
A006061,I00889,U0806,U0771,SWAP,2026-07-23,2026-07-19,2026-07-23,COMPLETED,0,950,COMPLETED,NA
A006062,I04763,U0266,U0764,BORROW,2025-12-13,2025-12-10,2025-12-27,COMPLETED,14,250,RETURNED,ON_TIME
A006063,I01288,U0210,U0667,BORROW,2026-02-24,2026-02-23,2026-03-01,COMPLETED,5,1000,RETURNED,ON_TIME
A006064,I02598,U0842,U0894,SWAP,2026-05-12,2026-05-11,2026-05-12,COMPLETED,0,250,COMPLETED,NA
A006065,I00559,U0338,U0211,SWAP,2025-09-01,2025-08-28,2025-09-01,COMPLETED,0,1500,COMPLETED,NA
A006066,I03769,U0008,U0664,BORROW,2025-11-11,2025-11-08,2025-11-14,COMPLETED,3,1150,RETURNED,ON_TIME
A006067,I00133,U0506,U0521,SWAP,2025-09-18,2025-09-17,2025-09-18,COMPLETED,0,900,COMPLETED,NA
A006068,I01464,U0526,U0736,BORROW,2025-09-11,2025-09-07,2025-09-21,COMPLETED,10,3450,RETURNED,ON_TIME
A006069,I04647,U0986,U0914,GIVEAWAY,2026-02-08,2026-02-04,2026-02-08,COMPLETED,0,1050,COMPLETED,NA
A006070,I02940,U0903,U0472,BORROW,2026-01-03,2025-12-31,2026-01-24,COMPLETED,21,650,RETURNED,ON_TIME
A006071,I03899,U0799,U0823,SWAP,2025-11-30,2025-11-30,2025-11-30,COMPLETED,0,1950,COMPLETED,NA
A006072,I03574,U0946,U0462,GIVEAWAY,2026-06-28,2026-06-28,2026-06-28,COMPLETED,0,2350,COMPLETED,NA
A006073,I01241,U0636,U0015,BORROW,2026-05-09,2026-05-07,2026-05-14,COMPLETED,5,500,RETURNED,ON_TIME
A006074,I01818,U0730,U0167,GIVEAWAY,2025-09-03,2025-09-03,2025-09-03,COMPLETED,0,350,COMPLETED,NA
A006075,I03510,U0677,U0803,SWAP,2026-02-22,2026-02-21,2026-02-22,COMPLETED,0,1650,COMPLETED,NA
A006076,I01973,U0316,U0845,BORROW,2026-07-24,2026-07-23,2026-07-31,COMPLETED,7,200,RETURNED,ON_TIME
A006077,I02588,U0192,U0577,GIVEAWAY,2026-07-28,2026-07-26,2026-07-28,COMPLETED,0,2500,COMPLETED,NA
A006078,I01665,U0345,U0448,SWAP,2026-03-11,2026-03-10,2026-03-11,COMPLETED,0,1650,COMPLETED,NA
A006079,I03855,U0373,U0395,SWAP,2025-11-18,2025-11-14,2025-11-18,COMPLETED,0,750,COMPLETED,NA
A006080,I04145,U0732,U0384,SWAP,2026-05-20,2026-05-20,2026-05-20,COMPLETED,0,1500,COMPLETED,NA
A006081,I04996,U0749,U0567,BORROW,2025-10-10,2025-10-06,2025-10-12,COMPLETED,2,750,RETURNED,ON_TIME
A006082,I00576,U0575,U0274,BORROW,2026-06-07,2026-06-04,2026-06-09,COMPLETED,2,2050,RETURNED,ON_TIME
A006083,I04322,U0905,U0723,GIVEAWAY,2026-06-09,2026-06-08,2026-06-09,COMPLETED,0,6650,COMPLETED,NA
A006084,I02072,U0312,U0002,BORROW,2025-11-04,2025-11-02,2025-11-06,COMPLETED,2,6850,RETURNED,ON_TIME
A006085,I02519,U0520,U0720,BORROW,2026-05-08,2026-05-07,2026-05-22,COMPLETED,14,2050,RETURNED,LATE
A006086,I04035,U0645,U0772,GIVEAWAY,2026-03-14,2026-03-14,2026-03-14,COMPLETED,0,2200,COMPLETED,NA
A006087,I00468,U0753,U0592,BORROW,2026-01-21,2026-01-17,2026-01-31,COMPLETED,10,550,RETURNED,LATE
A006088,I00389,U0499,U0233,GIVEAWAY,2026-06-15,2026-06-13,2026-06-15,COMPLETED,0,2700,COMPLETED,NA
A006089,I00995,U0153,U0093,SELL,2026-01-03,2026-01-02,2026-01-03,COMPLETED,0,1850,COMPLETED,NA
A006090,I04275,U0730,U0108,SWAP,2025-09-18,2025-09-16,2025-09-18,COMPLETED,0,1000,COMPLETED,NA
A006091,I03541,U0340,U0865,BORROW,2026-04-27,2026-04-23,2026-04-30,COMPLETED,3,1000,RETURNED,ON_TIME
A006092,I00597,U0328,U0754,SWAP,2026-02-19,2026-02-17,2026-02-19,COMPLETED,0,900,COMPLETED,NA
A006093,I02267,U0193,U0601,BORROW,2025-10-08,2025-10-04,2025-10-18,COMPLETED,10,600,RETURNED,LATE
A006094,I04891,U0322,U0626,BORROW,2025-12-14,2025-12-13,2026-01-04,COMPLETED,21,2200,RETURNED,ON_TIME
A006095,I00921,U0939,U0231,BORROW,2026-04-23,2026-04-23,2026-04-28,COMPLETED,5,1450,RETURNED,ON_TIME
A006096,I01387,U0222,U0444,GIVEAWAY,2025-12-07,2025-12-04,2025-12-07,COMPLETED,0,2900,COMPLETED,NA
A006097,I01402,U0939,U0701,BORROW,2026-05-14,2026-05-11,2026-06-04,OVERDUE,21,3400,NOT_RETURNED,LATE
A006098,I03816,U0272,U0644,GIVEAWAY,2026-06-06,2026-06-03,2026-06-06,COMPLETED,0,2200,COMPLETED,NA
A006099,I03353,U0598,U0661,SWAP,2025-12-28,2025-12-27,2025-12-28,COMPLETED,0,600,COMPLETED,NA
A006100,I00679,U0334,U0735,SELL,2025-11-01,2025-10-29,2025-11-01,COMPLETED,0,350,COMPLETED,NA
A006101,I03094,U0048,U0326,GIVEAWAY,2025-11-27,2025-11-25,2025-11-27,COMPLETED,0,2100,COMPLETED,NA
A006102,I00909,U0881,U0931,BORROW,2026-03-01,2026-02-27,2026-03-06,COMPLETED,5,700,RETURNED,ON_TIME
A006103,I02678,U0215,U0586,BORROW,2026-01-06,2026-01-04,2026-01-08,COMPLETED,2,1950,RETURNED,ON_TIME
A006104,I02830,U0360,U0885,SELL,2025-11-07,2025-11-05,2025-11-07,COMPLETED,0,600,COMPLETED,NA
A006105,I02394,U0692,U0206,SWAP,2026-06-14,2026-06-14,2026-06-14,COMPLETED,0,2700,COMPLETED,NA
A006106,I00769,U0342,U0317,SWAP,2026-03-26,2026-03-23,2026-03-26,COMPLETED,0,1350,COMPLETED,NA
A006107,I01070,U0384,U0002,GIVEAWAY,2026-05-18,2026-05-14,2026-05-18,COMPLETED,0,550,COMPLETED,NA
A006108,I04497,U0905,U0473,GIVEAWAY,2026-07-28,2026-07-25,2026-07-28,COMPLETED,0,1200,COMPLETED,NA
A006109,I04163,U0956,U0342,GIVEAWAY,2025-11-08,2025-11-04,2025-11-08,COMPLETED,0,300,COMPLETED,NA
A006110,I03738,U0285,U0010,BORROW,2025-10-21,2025-10-21,2025-10-23,COMPLETED,2,350,RETURNED,ON_TIME
A006111,I00058,U0567,U0935,BORROW,2026-01-11,2026-01-07,2026-01-16,COMPLETED,5,1250,RETURNED,ON_TIME
A006112,I03558,U0944,U0001,BORROW,2026-01-31,2026-01-31,2026-02-07,ACTIVE,7,400,NOT_RETURNED,PENDING
A006113,I02116,U0165,U0801,BORROW,2026-01-01,2025-12-30,2026-01-08,OVERDUE,7,350,NOT_RETURNED,LATE
A006114,I01037,U0328,U0733,SWAP,2025-11-13,2025-11-13,2025-11-13,COMPLETED,0,1100,COMPLETED,NA
A006115,I02783,U0459,U0510,SWAP,2026-04-27,2026-04-25,2026-04-27,COMPLETED,0,450,COMPLETED,NA
A006116,I04104,U0243,U0919,BORROW,2026-07-14,2026-07-14,2026-07-17,ACTIVE,3,2550,NOT_RETURNED,PENDING
A006117,I04107,U0673,U0365,BORROW,2026-04-07,2026-04-07,2026-04-09,COMPLETED,2,750,RETURNED,LATE
A006118,I01061,U0965,U0991,GIVEAWAY,2026-04-16,2026-04-14,2026-04-16,COMPLETED,0,300,COMPLETED,NA
A006119,I04446,U0953,U0545,BORROW,2025-12-21,2025-12-19,2025-12-23,CANCELLED,2,800,CANCELLED,PENDING
A006120,I00963,U0738,U0380,SWAP,2026-06-19,2026-06-16,2026-06-19,COMPLETED,0,2350,COMPLETED,NA
A006121,I00464,U0323,U0094,SWAP,2025-10-26,2025-10-24,2025-10-26,COMPLETED,0,1050,COMPLETED,NA
A006122,I00722,U0030,U0840,SWAP,2026-01-16,2026-01-16,2026-01-16,COMPLETED,0,6450,COMPLETED,NA
A006123,I01180,U0510,U0195,GIVEAWAY,2026-03-23,2026-03-23,2026-03-23,COMPLETED,0,1600,COMPLETED,NA
A006124,I00970,U0899,U0382,SWAP,2025-11-29,2025-11-28,2025-11-29,COMPLETED,0,750,COMPLETED,NA
A006125,I00625,U0780,U0830,BORROW,2026-05-07,2026-05-05,2026-05-12,COMPLETED,5,50,RETURNED,ON_TIME
A006126,I03272,U0802,U0311,SELL,2026-07-05,2026-07-04,2026-07-05,COMPLETED,0,2850,COMPLETED,NA
A006127,I01259,U0881,U0518,SELL,2026-02-16,2026-02-12,2026-02-16,COMPLETED,0,5000,COMPLETED,NA
A006128,I04926,U0642,U0178,GIVEAWAY,2026-05-24,2026-05-21,2026-05-24,COMPLETED,0,1600,COMPLETED,NA
A006129,I00722,U0770,U0840,GIVEAWAY,2026-07-12,2026-07-08,2026-07-12,COMPLETED,0,6450,COMPLETED,NA
A006130,I01597,U0222,U0107,GIVEAWAY,2025-11-28,2025-11-25,2025-11-28,COMPLETED,0,1000,COMPLETED,NA
A006131,I04853,U0584,U0604,BORROW,2026-07-03,2026-06-29,2026-07-10,COMPLETED,7,550,RETURNED,ON_TIME
A006132,I04633,U0045,U0279,SWAP,2025-09-24,2025-09-20,2025-09-24,COMPLETED,0,1000,COMPLETED,NA
A006133,I03419,U0609,U0842,BORROW,2026-05-07,2026-05-05,2026-05-09,OVERDUE,2,5450,NOT_RETURNED,LATE
A006134,I02562,U0020,U0309,SWAP,2026-06-12,2026-06-09,2026-06-12,COMPLETED,0,800,COMPLETED,NA
A006135,I03439,U0313,U0154,GIVEAWAY,2026-07-26,2026-07-26,2026-07-26,COMPLETED,0,1350,COMPLETED,NA
A006136,I02518,U0986,U0833,GIVEAWAY,2026-07-27,2026-07-24,2026-07-27,COMPLETED,0,1250,COMPLETED,NA
A006137,I00687,U0279,U0015,BORROW,2025-10-28,2025-10-27,2025-11-07,ACTIVE,10,1300,NOT_RETURNED,PENDING
A006138,I00460,U0516,U0071,SELL,2026-07-27,2026-07-25,2026-07-27,COMPLETED,0,1350,COMPLETED,NA
A006139,I03539,U0461,U0330,GIVEAWAY,2026-07-28,2026-07-28,2026-07-28,COMPLETED,0,3250,COMPLETED,NA
A006140,I01229,U0717,U0776,SELL,2025-10-16,2025-10-12,2025-10-16,COMPLETED,0,2100,COMPLETED,NA
A006141,I01376,U0364,U0577,BORROW,2025-09-22,2025-09-20,2025-10-02,COMPLETED,10,2550,RETURNED,LATE
A006142,I04935,U0300,U0211,GIVEAWAY,2026-02-16,2026-02-13,2026-02-16,CANCELLED,0,1000,CANCELLED,NA
A006143,I04655,U0344,U0625,GIVEAWAY,2026-02-24,2026-02-20,2026-02-24,COMPLETED,0,1550,COMPLETED,NA
A006144,I02590,U0468,U0225,SWAP,2025-12-24,2025-12-21,2025-12-24,COMPLETED,0,1000,COMPLETED,NA
A006145,I02051,U0052,U0811,BORROW,2026-02-04,2026-02-03,2026-02-06,ACTIVE,2,250,NOT_RETURNED,PENDING
A006146,I04091,U0603,U0828,GIVEAWAY,2026-01-14,2026-01-14,2026-01-14,COMPLETED,0,1100,COMPLETED,NA
A006147,I02039,U0551,U0225,BORROW,2026-05-13,2026-05-11,2026-05-20,COMPLETED,7,3700,RETURNED,ON_TIME
A006148,I00920,U0694,U0283,BORROW,2025-09-23,2025-09-23,2025-09-26,OVERDUE,3,300,NOT_RETURNED,LATE
A006149,I01733,U0210,U0526,BORROW,2026-02-13,2026-02-11,2026-02-18,COMPLETED,5,700,RETURNED,ON_TIME
A006150,I01126,U0623,U0428,GIVEAWAY,2026-02-20,2026-02-18,2026-02-20,COMPLETED,0,750,COMPLETED,NA
A006151,I00637,U0151,U0681,BORROW,2025-12-22,2025-12-19,2025-12-24,COMPLETED,2,2050,RETURNED,LATE
A006152,I00447,U0669,U0347,BORROW,2026-03-18,2026-03-14,2026-03-28,ACTIVE,10,1650,NOT_RETURNED,PENDING
A006153,I00572,U0570,U0276,BORROW,2025-10-31,2025-10-27,2025-11-10,COMPLETED,10,6800,RETURNED,ON_TIME
A006154,I02183,U0201,U0125,SWAP,2026-02-14,2026-02-12,2026-02-14,COMPLETED,0,500,COMPLETED,NA
A006155,I00980,U0969,U0596,SWAP,2025-11-03,2025-11-02,2025-11-03,COMPLETED,0,450,COMPLETED,NA
A006156,I03494,U0528,U0069,SWAP,2026-02-20,2026-02-20,2026-02-20,COMPLETED,0,1100,COMPLETED,NA
A006157,I02323,U0721,U0222,GIVEAWAY,2026-07-08,2026-07-04,2026-07-08,COMPLETED,0,1450,COMPLETED,NA
A006158,I04080,U0716,U0449,SELL,2026-06-06,2026-06-06,2026-06-06,COMPLETED,0,1600,COMPLETED,NA
A006159,I02003,U0432,U0782,SWAP,2026-02-17,2026-02-14,2026-02-17,COMPLETED,0,350,COMPLETED,NA
A006160,I03944,U0718,U0135,BORROW,2025-11-08,2025-11-06,2025-11-11,COMPLETED,3,400,RETURNED,ON_TIME
A006161,I00576,U0426,U0274,SWAP,2025-09-12,2025-09-09,2025-09-12,COMPLETED,0,2050,COMPLETED,NA
A006162,I01408,U0205,U0124,SWAP,2026-03-01,2026-02-28,2026-03-01,COMPLETED,0,1100,COMPLETED,NA
A006163,I00654,U0800,U0429,SWAP,2026-04-19,2026-04-15,2026-04-19,COMPLETED,0,3750,COMPLETED,NA
A006164,I00597,U0819,U0754,BORROW,2025-12-20,2025-12-17,2025-12-25,ACTIVE,5,900,NOT_RETURNED,PENDING
A006165,I03858,U0274,U0892,GIVEAWAY,2026-01-24,2026-01-23,2026-01-24,COMPLETED,0,500,COMPLETED,NA
A006166,I03973,U0588,U0750,SWAP,2025-11-05,2025-11-05,2025-11-05,COMPLETED,0,2000,COMPLETED,NA
A006167,I00965,U0377,U0256,BORROW,2025-09-04,2025-09-02,2025-09-11,ACTIVE,7,1850,NOT_RETURNED,PENDING
A006168,I00088,U0963,U0647,SELL,2025-11-30,2025-11-30,2025-11-30,COMPLETED,0,1600,COMPLETED,NA
A006169,I01887,U0481,U0686,SWAP,2025-09-12,2025-09-11,2025-09-12,COMPLETED,0,1750,COMPLETED,NA
A006170,I04339,U0453,U0378,BORROW,2026-04-04,2026-03-31,2026-04-11,ACTIVE,7,400,NOT_RETURNED,PENDING
A006171,I00249,U0280,U0576,GIVEAWAY,2026-05-01,2026-04-27,2026-05-01,COMPLETED,0,2000,COMPLETED,NA
A006172,I03196,U0506,U0848,SWAP,2026-07-11,2026-07-09,2026-07-11,COMPLETED,0,700,COMPLETED,NA
A006173,I04323,U0633,U0517,SWAP,2026-03-21,2026-03-18,2026-03-21,COMPLETED,0,1850,COMPLETED,NA
A006174,I04410,U0364,U0370,GIVEAWAY,2025-10-18,2025-10-15,2025-10-18,COMPLETED,0,650,COMPLETED,NA
A006175,I02817,U0918,U0056,SELL,2026-02-04,2026-01-31,2026-02-04,COMPLETED,0,1650,COMPLETED,NA
A006176,I03814,U0245,U0263,SWAP,2025-10-11,2025-10-11,2025-10-11,COMPLETED,0,1850,COMPLETED,NA
A006177,I04084,U0410,U0077,BORROW,2025-11-20,2025-11-17,2025-11-30,COMPLETED,10,1500,RETURNED,ON_TIME
A006178,I02674,U0138,U0303,BORROW,2026-01-10,2026-01-09,2026-01-12,COMPLETED,2,2100,RETURNED,ON_TIME
A006179,I00196,U0283,U0012,BORROW,2026-04-27,2026-04-24,2026-05-07,CANCELLED,10,600,CANCELLED,PENDING
A006180,I04919,U0879,U0834,BORROW,2025-10-07,2025-10-05,2025-10-09,COMPLETED,2,1150,RETURNED,ON_TIME
A006181,I04799,U0853,U0896,SELL,2026-05-19,2026-05-19,2026-05-19,COMPLETED,0,2450,COMPLETED,NA
A006182,I01177,U0685,U0299,SELL,2026-01-07,2026-01-06,2026-01-07,CANCELLED,0,750,CANCELLED,NA
A006183,I01399,U0433,U0878,SWAP,2025-11-12,2025-11-09,2025-11-12,COMPLETED,0,1100,COMPLETED,NA
A006184,I01886,U0149,U0531,SWAP,2025-11-16,2025-11-14,2025-11-16,COMPLETED,0,3300,COMPLETED,NA
A006185,I02491,U0759,U0333,BORROW,2025-11-27,2025-11-25,2025-12-02,COMPLETED,5,1500,RETURNED,ON_TIME
A006186,I00536,U0582,U0795,BORROW,2026-01-27,2026-01-27,2026-01-30,COMPLETED,3,1800,RETURNED,ON_TIME
A006187,I03230,U0894,U0420,BORROW,2025-12-18,2025-12-18,2025-12-21,COMPLETED,3,150,RETURNED,ON_TIME
A006188,I02700,U0519,U0837,SELL,2026-04-29,2026-04-26,2026-04-29,COMPLETED,0,1750,COMPLETED,NA
A006189,I00889,U0743,U0771,BORROW,2026-01-27,2026-01-23,2026-02-10,COMPLETED,14,950,RETURNED,ON_TIME
A006190,I01712,U0640,U0447,SWAP,2026-06-29,2026-06-25,2026-06-29,COMPLETED,0,6150,COMPLETED,NA
A006191,I04064,U0681,U0541,BORROW,2026-07-27,2026-07-25,2026-08-03,ACTIVE,7,750,NOT_RETURNED,PENDING
A006192,I04433,U0354,U0679,BORROW,2025-09-04,2025-08-31,2025-09-14,COMPLETED,10,450,RETURNED,ON_TIME
A006193,I01240,U0031,U0594,SELL,2026-04-28,2026-04-28,2026-04-28,COMPLETED,0,950,COMPLETED,NA
A006194,I04496,U0530,U0294,BORROW,2026-07-10,2026-07-10,2026-07-13,ACTIVE,3,2850,NOT_RETURNED,PENDING
A006195,I02274,U0476,U0427,SELL,2026-04-02,2026-04-02,2026-04-02,COMPLETED,0,4250,COMPLETED,NA
A006196,I03490,U0489,U0482,BORROW,2026-05-11,2026-05-10,2026-05-13,COMPLETED,2,850,RETURNED,ON_TIME
A006197,I03236,U0953,U0506,GIVEAWAY,2026-04-04,2026-04-03,2026-04-04,CANCELLED,0,1400,CANCELLED,NA
A006198,I00837,U0390,U0351,GIVEAWAY,2025-10-16,2025-10-16,2025-10-16,COMPLETED,0,400,COMPLETED,NA
A006199,I03938,U0505,U0627,BORROW,2025-09-28,2025-09-24,2025-10-12,COMPLETED,14,1000,RETURNED,ON_TIME
A006200,I02162,U0901,U0056,BORROW,2026-01-26,2026-01-25,2026-02-16,COMPLETED,21,3500,RETURNED,ON_TIME
A006201,I01106,U0341,U0492,BORROW,2025-09-12,2025-09-12,2025-09-22,COMPLETED,10,1600,RETURNED,ON_TIME
A006202,I02169,U0557,U0857,BORROW,2026-02-01,2026-02-01,2026-02-15,CANCELLED,14,2050,CANCELLED,PENDING
A006203,I01539,U0051,U0770,BORROW,2026-07-21,2026-07-21,2026-07-23,COMPLETED,2,1150,RETURNED,ON_TIME
A006204,I02083,U0450,U0209,GIVEAWAY,2026-06-09,2026-06-08,2026-06-09,COMPLETED,0,900,COMPLETED,NA
A006205,I01457,U0300,U0382,SWAP,2026-06-03,2026-05-31,2026-06-03,CANCELLED,0,1300,CANCELLED,NA
A006206,I00897,U0446,U0480,BORROW,2026-02-09,2026-02-06,2026-02-19,OVERDUE,10,1600,NOT_RETURNED,LATE
A006207,I02252,U0904,U0715,BORROW,2025-11-17,2025-11-13,2025-11-20,OVERDUE,3,4150,NOT_RETURNED,LATE
A006208,I04417,U0378,U0995,BORROW,2026-03-06,2026-03-03,2026-03-20,CANCELLED,14,600,CANCELLED,PENDING
A006209,I02910,U0233,U0993,GIVEAWAY,2026-04-07,2026-04-03,2026-04-07,COMPLETED,0,1250,COMPLETED,NA
A006210,I02537,U0381,U0652,SWAP,2026-03-06,2026-03-05,2026-03-06,COMPLETED,0,1500,COMPLETED,NA
A006211,I00290,U0853,U0956,BORROW,2026-03-23,2026-03-21,2026-04-06,COMPLETED,14,200,RETURNED,ON_TIME
A006212,I03805,U0765,U0132,BORROW,2026-06-28,2026-06-28,2026-07-01,COMPLETED,3,50,RETURNED,ON_TIME
A006213,I02482,U0937,U0436,SWAP,2026-07-18,2026-07-14,2026-07-18,COMPLETED,0,2100,COMPLETED,NA
A006214,I00724,U0398,U0475,SWAP,2026-02-13,2026-02-10,2026-02-13,COMPLETED,0,1500,COMPLETED,NA
A006215,I02684,U0978,U0156,BORROW,2025-10-16,2025-10-12,2025-10-18,ACTIVE,2,600,NOT_RETURNED,PENDING
A006216,I04297,U0374,U0967,BORROW,2026-03-10,2026-03-09,2026-03-17,COMPLETED,7,2900,RETURNED,ON_TIME
A006217,I03437,U0016,U0375,BORROW,2025-11-22,2025-11-21,2025-11-29,CANCELLED,7,1600,CANCELLED,PENDING
A006218,I00773,U0707,U0304,BORROW,2026-04-13,2026-04-12,2026-04-20,COMPLETED,7,300,RETURNED,ON_TIME
A006219,I02789,U0714,U0590,BORROW,2025-11-04,2025-11-03,2025-11-18,COMPLETED,14,3600,RETURNED,ON_TIME
A006220,I02328,U0941,U0889,SWAP,2026-03-30,2026-03-28,2026-03-30,COMPLETED,0,500,COMPLETED,NA
A006221,I00018,U0190,U0868,SWAP,2026-03-29,2026-03-29,2026-03-29,COMPLETED,0,550,COMPLETED,NA
A006222,I04140,U0363,U0516,GIVEAWAY,2026-02-09,2026-02-05,2026-02-09,COMPLETED,0,850,COMPLETED,NA
A006223,I01399,U0306,U0878,BORROW,2026-02-24,2026-02-21,2026-02-27,COMPLETED,3,1100,RETURNED,ON_TIME
A006224,I00112,U0779,U0878,SWAP,2025-12-26,2025-12-22,2025-12-26,COMPLETED,0,1150,COMPLETED,NA
A006225,I03939,U0647,U0413,BORROW,2026-01-04,2026-01-03,2026-01-14,ACTIVE,10,1450,NOT_RETURNED,PENDING
A006226,I02948,U0110,U0356,BORROW,2026-05-18,2026-05-14,2026-05-20,COMPLETED,2,2900,RETURNED,ON_TIME
A006227,I00267,U0186,U0023,GIVEAWAY,2026-05-25,2026-05-25,2026-05-25,COMPLETED,0,650,COMPLETED,NA
A006228,I00507,U0234,U0919,GIVEAWAY,2026-03-07,2026-03-06,2026-03-07,COMPLETED,0,900,COMPLETED,NA
A006229,I00425,U0570,U0670,SELL,2025-12-04,2025-12-03,2025-12-04,COMPLETED,0,1500,COMPLETED,NA
A006230,I01962,U0783,U0912,BORROW,2025-12-09,2025-12-07,2025-12-12,ACTIVE,3,800,NOT_RETURNED,PENDING
A006231,I04534,U0629,U0257,BORROW,2026-06-21,2026-06-19,2026-06-23,COMPLETED,2,1500,RETURNED,ON_TIME
A006232,I02511,U0702,U0114,GIVEAWAY,2026-06-25,2026-06-25,2026-06-25,COMPLETED,0,1000,COMPLETED,NA
A006233,I00016,U0131,U0164,BORROW,2026-02-19,2026-02-19,2026-02-26,COMPLETED,7,700,RETURNED,LATE
A006234,I01256,U0845,U0907,BORROW,2026-06-16,2026-06-13,2026-07-07,COMPLETED,21,1300,RETURNED,ON_TIME
A006235,I01268,U0159,U0366,SELL,2026-03-06,2026-03-03,2026-03-06,COMPLETED,0,750,COMPLETED,NA
A006236,I01487,U0458,U0172,SELL,2026-02-10,2026-02-06,2026-02-10,COMPLETED,0,1550,COMPLETED,NA
A006237,I01328,U0445,U0920,SWAP,2026-01-17,2026-01-13,2026-01-17,COMPLETED,0,850,COMPLETED,NA
A006238,I03621,U0533,U0124,GIVEAWAY,2026-06-29,2026-06-26,2026-06-29,COMPLETED,0,750,COMPLETED,NA
A006239,I00839,U0543,U0078,GIVEAWAY,2025-11-26,2025-11-26,2025-11-26,COMPLETED,0,2100,COMPLETED,NA
A006240,I03016,U0047,U0619,BORROW,2026-01-21,2026-01-17,2026-02-04,COMPLETED,14,300,RETURNED,ON_TIME
A006241,I00905,U0144,U0548,BORROW,2026-05-17,2026-05-15,2026-05-27,COMPLETED,10,600,RETURNED,ON_TIME
A006242,I04839,U0819,U0361,GIVEAWAY,2026-01-25,2026-01-24,2026-01-25,COMPLETED,0,1350,COMPLETED,NA
A006243,I02445,U0503,U0731,SELL,2026-01-21,2026-01-19,2026-01-21,COMPLETED,0,800,COMPLETED,NA
A006244,I02567,U0913,U0012,BORROW,2026-02-01,2026-01-28,2026-02-11,COMPLETED,10,650,RETURNED,ON_TIME
A006245,I03413,U0941,U0635,BORROW,2026-03-04,2026-03-01,2026-03-06,ACTIVE,2,300,NOT_RETURNED,PENDING
A006246,I03694,U0249,U0648,BORROW,2025-10-04,2025-10-01,2025-10-11,COMPLETED,7,2350,RETURNED,ON_TIME
A006247,I03626,U0995,U0171,BORROW,2025-11-22,2025-11-20,2025-11-29,ACTIVE,7,2950,NOT_RETURNED,PENDING
A006248,I02684,U0121,U0156,SWAP,2026-06-25,2026-06-23,2026-06-25,COMPLETED,0,600,COMPLETED,NA
A006249,I01699,U0748,U0567,GIVEAWAY,2026-07-06,2026-07-02,2026-07-06,COMPLETED,0,1250,COMPLETED,NA
A006250,I00307,U0425,U0287,SWAP,2025-10-18,2025-10-17,2025-10-18,COMPLETED,0,750,COMPLETED,NA
A006251,I01709,U0608,U0990,SWAP,2026-05-11,2026-05-09,2026-05-11,COMPLETED,0,3900,COMPLETED,NA
A006252,I02463,U0572,U0053,BORROW,2026-01-05,2026-01-02,2026-01-08,COMPLETED,3,2400,RETURNED,ON_TIME
A006253,I02283,U0526,U0846,GIVEAWAY,2026-03-14,2026-03-13,2026-03-14,COMPLETED,0,1700,COMPLETED,NA
A006254,I02639,U0936,U0699,SELL,2026-05-08,2026-05-07,2026-05-08,COMPLETED,0,5250,COMPLETED,NA
A006255,I01009,U0561,U0841,BORROW,2026-01-14,2026-01-14,2026-02-04,COMPLETED,21,1300,RETURNED,ON_TIME
A006256,I01275,U0388,U0141,BORROW,2025-09-16,2025-09-16,2025-09-21,COMPLETED,5,1850,RETURNED,ON_TIME
A006257,I00878,U0018,U0973,BORROW,2026-05-25,2026-05-25,2026-06-08,COMPLETED,14,2650,RETURNED,ON_TIME
A006258,I04724,U0115,U0745,GIVEAWAY,2025-11-12,2025-11-09,2025-11-12,COMPLETED,0,1050,COMPLETED,NA
A006259,I00286,U0734,U0526,BORROW,2025-10-08,2025-10-06,2025-10-10,COMPLETED,2,600,RETURNED,LATE
A006260,I01627,U0982,U0947,SWAP,2026-03-24,2026-03-23,2026-03-24,COMPLETED,0,1800,COMPLETED,NA
A006261,I02754,U0010,U0352,BORROW,2026-03-09,2026-03-08,2026-03-16,OVERDUE,7,2150,NOT_RETURNED,LATE
A006262,I02612,U0014,U0382,GIVEAWAY,2026-07-02,2026-07-01,2026-07-02,COMPLETED,0,5450,COMPLETED,NA
A006263,I02568,U0898,U0835,GIVEAWAY,2025-09-19,2025-09-17,2025-09-19,COMPLETED,0,350,COMPLETED,NA
A006264,I04958,U0544,U0463,SWAP,2026-03-15,2026-03-14,2026-03-15,COMPLETED,0,2650,COMPLETED,NA
A006265,I02017,U0818,U0649,BORROW,2026-02-19,2026-02-17,2026-03-12,OVERDUE,21,1400,NOT_RETURNED,LATE
A006266,I01290,U0740,U0402,GIVEAWAY,2026-03-15,2026-03-13,2026-03-15,COMPLETED,0,1500,COMPLETED,NA
A006267,I04738,U0938,U0933,BORROW,2026-06-27,2026-06-23,2026-07-07,COMPLETED,10,1350,RETURNED,ON_TIME
A006268,I03878,U0437,U0312,BORROW,2025-12-23,2025-12-23,2025-12-26,COMPLETED,3,3050,RETURNED,ON_TIME
A006269,I00230,U0165,U0202,BORROW,2026-05-05,2026-05-03,2026-05-26,COMPLETED,21,350,RETURNED,ON_TIME
A006270,I01885,U0926,U0476,SELL,2025-11-05,2025-11-05,2025-11-05,COMPLETED,0,200,COMPLETED,NA
A006271,I00416,U0070,U0374,BORROW,2025-12-17,2025-12-14,2025-12-20,COMPLETED,3,3150,RETURNED,ON_TIME
A006272,I01017,U0911,U0364,SELL,2026-03-26,2026-03-22,2026-03-26,COMPLETED,0,400,COMPLETED,NA
A006273,I03549,U0810,U0326,GIVEAWAY,2026-02-11,2026-02-11,2026-02-11,COMPLETED,0,1800,COMPLETED,NA
A006274,I03007,U0193,U0933,SWAP,2025-10-13,2025-10-12,2025-10-13,CANCELLED,0,2150,CANCELLED,NA
A006275,I04545,U0277,U0062,GIVEAWAY,2026-02-02,2026-02-01,2026-02-02,COMPLETED,0,1750,COMPLETED,NA
A006276,I02013,U0168,U0844,BORROW,2025-09-07,2025-09-06,2025-09-09,CANCELLED,2,1650,CANCELLED,PENDING
A006277,I01480,U0242,U0091,BORROW,2026-05-27,2026-05-25,2026-06-01,COMPLETED,5,1350,RETURNED,ON_TIME
A006278,I04566,U0574,U0602,BORROW,2026-05-08,2026-05-08,2026-05-13,COMPLETED,5,1350,RETURNED,ON_TIME
A006279,I00769,U0522,U0317,BORROW,2026-06-29,2026-06-29,2026-07-02,COMPLETED,3,1350,RETURNED,LATE
A006280,I01603,U0679,U0588,SWAP,2026-04-10,2026-04-08,2026-04-10,COMPLETED,0,950,COMPLETED,NA
A006281,I02673,U0222,U0644,BORROW,2026-05-21,2026-05-18,2026-06-11,COMPLETED,21,1850,RETURNED,ON_TIME
A006282,I03678,U0979,U0170,BORROW,2026-05-10,2026-05-06,2026-05-17,COMPLETED,7,400,RETURNED,ON_TIME
A006283,I02974,U0312,U0834,GIVEAWAY,2026-05-28,2026-05-25,2026-05-28,COMPLETED,0,1900,COMPLETED,NA
A006284,I02444,U0989,U0980,SELL,2026-03-26,2026-03-25,2026-03-26,COMPLETED,0,450,COMPLETED,NA
A006285,I00790,U0175,U0216,BORROW,2025-12-15,2025-12-15,2025-12-17,COMPLETED,2,650,RETURNED,ON_TIME
A006286,I03349,U0703,U0832,GIVEAWAY,2025-12-07,2025-12-03,2025-12-07,COMPLETED,0,450,COMPLETED,NA
A006287,I04299,U0001,U0092,SWAP,2026-07-02,2026-06-30,2026-07-02,COMPLETED,0,1650,COMPLETED,NA
A006288,I02297,U0990,U0014,BORROW,2026-04-05,2026-04-03,2026-04-26,COMPLETED,21,1650,RETURNED,ON_TIME
A006289,I00188,U0002,U0241,BORROW,2026-01-22,2026-01-22,2026-01-29,COMPLETED,7,3200,RETURNED,ON_TIME
A006290,I01481,U0590,U0642,SWAP,2025-09-21,2025-09-17,2025-09-21,COMPLETED,0,1050,COMPLETED,NA
A006291,I00814,U0816,U0963,BORROW,2026-07-20,2026-07-20,2026-08-03,COMPLETED,14,650,RETURNED,ON_TIME
A006292,I04668,U0290,U0149,BORROW,2026-07-07,2026-07-05,2026-07-17,COMPLETED,10,300,RETURNED,ON_TIME
A006293,I02154,U0463,U0988,GIVEAWAY,2026-03-24,2026-03-21,2026-03-24,COMPLETED,0,2400,COMPLETED,NA
A006294,I04038,U0986,U0826,GIVEAWAY,2026-02-10,2026-02-08,2026-02-10,COMPLETED,0,250,COMPLETED,NA
A006295,I03178,U0862,U0161,BORROW,2026-06-15,2026-06-12,2026-07-06,ACTIVE,21,1550,NOT_RETURNED,PENDING
A006296,I01076,U0119,U0511,SELL,2026-06-19,2026-06-15,2026-06-19,CANCELLED,0,850,CANCELLED,NA
A006297,I03548,U0834,U0467,GIVEAWAY,2025-12-02,2025-12-01,2025-12-02,COMPLETED,0,1400,COMPLETED,NA
A006298,I03507,U0917,U0491,BORROW,2025-11-20,2025-11-19,2025-12-04,COMPLETED,14,1500,RETURNED,LATE
A006299,I03061,U0703,U0478,BORROW,2025-11-03,2025-11-01,2025-11-17,OVERDUE,14,2950,NOT_RETURNED,LATE
A006300,I04522,U0916,U0949,BORROW,2026-07-16,2026-07-16,2026-07-23,CANCELLED,7,700,CANCELLED,PENDING
A006301,I04297,U0835,U0967,SELL,2026-05-11,2026-05-08,2026-05-11,COMPLETED,0,2900,COMPLETED,NA
A006302,I03886,U0476,U0832,BORROW,2026-07-14,2026-07-13,2026-07-21,COMPLETED,7,400,RETURNED,ON_TIME
A006303,I01287,U0438,U0274,BORROW,2026-02-09,2026-02-08,2026-02-19,COMPLETED,10,1050,RETURNED,ON_TIME
A006304,I04919,U0693,U0834,BORROW,2026-04-05,2026-04-05,2026-04-07,COMPLETED,2,1150,RETURNED,LATE
A006305,I03655,U0190,U0888,BORROW,2025-10-20,2025-10-16,2025-10-22,COMPLETED,2,100,RETURNED,ON_TIME
A006306,I00475,U0282,U0450,BORROW,2026-02-18,2026-02-15,2026-03-11,COMPLETED,21,150,RETURNED,ON_TIME
A006307,I01125,U0504,U0851,BORROW,2026-07-25,2026-07-25,2026-08-15,COMPLETED,21,600,RETURNED,LATE
A006308,I02833,U0626,U0228,SWAP,2026-06-21,2026-06-20,2026-06-21,COMPLETED,0,650,COMPLETED,NA
A006309,I03279,U0740,U0262,SWAP,2026-02-13,2026-02-13,2026-02-13,COMPLETED,0,900,COMPLETED,NA
A006310,I01488,U0263,U0033,GIVEAWAY,2026-01-28,2026-01-27,2026-01-28,COMPLETED,0,300,COMPLETED,NA
A006311,I02422,U0825,U0235,BORROW,2026-05-13,2026-05-11,2026-05-27,ACTIVE,14,1650,NOT_RETURNED,PENDING
A006312,I01605,U0861,U0251,BORROW,2025-10-11,2025-10-10,2025-10-21,COMPLETED,10,1950,RETURNED,ON_TIME
A006313,I01003,U0540,U0494,BORROW,2026-04-19,2026-04-16,2026-04-21,CANCELLED,2,550,CANCELLED,PENDING
A006314,I04816,U0859,U0849,SWAP,2026-02-21,2026-02-20,2026-02-21,COMPLETED,0,250,COMPLETED,NA
A006315,I03841,U0941,U0278,SWAP,2026-06-21,2026-06-21,2026-06-21,COMPLETED,0,2800,COMPLETED,NA
A006316,I03792,U0469,U0863,BORROW,2025-12-13,2025-12-09,2025-12-23,COMPLETED,10,750,RETURNED,ON_TIME
A006317,I01992,U0417,U0464,GIVEAWAY,2026-05-01,2026-05-01,2026-05-01,COMPLETED,0,400,COMPLETED,NA
A006318,I01557,U0712,U0052,BORROW,2026-07-13,2026-07-09,2026-07-16,COMPLETED,3,1250,RETURNED,ON_TIME
A006319,I02733,U0469,U0141,GIVEAWAY,2026-01-17,2026-01-13,2026-01-17,COMPLETED,0,650,COMPLETED,NA
A006320,I02731,U0392,U0766,GIVEAWAY,2025-11-05,2025-11-03,2025-11-05,COMPLETED,0,1800,COMPLETED,NA
A006321,I02537,U0061,U0652,SELL,2026-01-05,2026-01-04,2026-01-05,COMPLETED,0,1500,COMPLETED,NA
A006322,I00834,U0951,U0840,BORROW,2025-09-19,2025-09-16,2025-09-22,CANCELLED,3,1050,CANCELLED,PENDING
A006323,I03599,U0845,U0894,SWAP,2025-12-12,2025-12-09,2025-12-12,COMPLETED,0,5150,COMPLETED,NA
A006324,I04786,U0111,U0267,SELL,2026-04-24,2026-04-23,2026-04-24,COMPLETED,0,200,COMPLETED,NA
A006325,I01983,U0636,U0356,BORROW,2026-03-05,2026-03-01,2026-03-10,COMPLETED,5,1100,RETURNED,ON_TIME
A006326,I01206,U0402,U0327,GIVEAWAY,2026-05-16,2026-05-15,2026-05-16,COMPLETED,0,1450,COMPLETED,NA
A006327,I03744,U0414,U0368,SWAP,2025-10-04,2025-09-30,2025-10-04,COMPLETED,0,3700,COMPLETED,NA
A006328,I04817,U0397,U0156,BORROW,2025-12-06,2025-12-04,2025-12-27,COMPLETED,21,900,RETURNED,ON_TIME
A006329,I02359,U0568,U0701,BORROW,2026-03-14,2026-03-10,2026-03-24,COMPLETED,10,1500,RETURNED,ON_TIME
A006330,I00091,U0552,U0501,BORROW,2026-01-18,2026-01-16,2026-01-23,CANCELLED,5,3200,CANCELLED,PENDING
A006331,I00979,U0914,U0098,BORROW,2026-07-08,2026-07-08,2026-07-29,COMPLETED,21,900,RETURNED,ON_TIME
A006332,I00624,U0915,U0386,BORROW,2025-10-26,2025-10-26,2025-11-16,COMPLETED,21,3000,RETURNED,ON_TIME
A006333,I02934,U0096,U0127,BORROW,2026-06-23,2026-06-20,2026-07-07,COMPLETED,14,1900,RETURNED,ON_TIME
A006334,I02459,U0954,U0998,SWAP,2026-07-20,2026-07-17,2026-07-20,COMPLETED,0,5700,COMPLETED,NA
A006335,I01616,U0501,U0048,GIVEAWAY,2026-04-29,2026-04-26,2026-04-29,COMPLETED,0,1400,COMPLETED,NA
A006336,I03674,U0467,U0336,SELL,2025-10-13,2025-10-13,2025-10-13,COMPLETED,0,500,COMPLETED,NA
A006337,I01680,U0266,U0702,SELL,2025-10-30,2025-10-30,2025-10-30,COMPLETED,0,350,COMPLETED,NA
A006338,I00454,U0335,U0028,SELL,2026-07-21,2026-07-17,2026-07-21,COMPLETED,0,1350,COMPLETED,NA
A006339,I03237,U0712,U0124,BORROW,2026-04-20,2026-04-18,2026-04-23,COMPLETED,3,1300,RETURNED,ON_TIME
A006340,I04763,U0574,U0764,BORROW,2026-03-09,2026-03-07,2026-03-11,COMPLETED,2,250,RETURNED,ON_TIME
A006341,I04991,U0807,U0635,BORROW,2026-05-23,2026-05-22,2026-06-02,COMPLETED,10,550,RETURNED,ON_TIME
A006342,I00456,U0190,U0465,GIVEAWAY,2025-10-25,2025-10-21,2025-10-25,COMPLETED,0,1150,COMPLETED,NA
A006343,I03934,U0627,U0261,SELL,2026-01-31,2026-01-27,2026-01-31,COMPLETED,0,2050,COMPLETED,NA
A006344,I02017,U0895,U0649,SELL,2026-02-15,2026-02-14,2026-02-15,COMPLETED,0,1400,COMPLETED,NA
A006345,I04432,U0680,U0070,GIVEAWAY,2026-06-18,2026-06-17,2026-06-18,COMPLETED,0,1000,COMPLETED,NA
A006346,I02725,U0148,U0092,BORROW,2025-09-12,2025-09-12,2025-09-14,OVERDUE,2,150,NOT_RETURNED,LATE
A006347,I02209,U0339,U0872,BORROW,2025-09-19,2025-09-17,2025-09-29,COMPLETED,10,1000,RETURNED,ON_TIME
A006348,I00800,U0405,U0280,BORROW,2026-06-29,2026-06-28,2026-07-01,COMPLETED,2,750,RETURNED,ON_TIME
A006349,I00420,U0227,U0965,BORROW,2025-09-30,2025-09-26,2025-10-14,COMPLETED,14,1500,RETURNED,ON_TIME
A006350,I03315,U0879,U0455,BORROW,2026-02-10,2026-02-10,2026-02-13,OVERDUE,3,1900,NOT_RETURNED,LATE
A006351,I04930,U0956,U0307,SWAP,2025-10-22,2025-10-22,2025-10-22,COMPLETED,0,300,COMPLETED,NA
A006352,I01880,U0407,U0080,BORROW,2025-10-12,2025-10-09,2025-10-15,COMPLETED,3,450,RETURNED,ON_TIME
A006353,I02722,U0188,U0465,BORROW,2026-01-25,2026-01-21,2026-01-30,COMPLETED,5,1900,RETURNED,ON_TIME
A006354,I02486,U0669,U0074,SWAP,2026-03-23,2026-03-22,2026-03-23,COMPLETED,0,3350,COMPLETED,NA
A006355,I02146,U0891,U0687,GIVEAWAY,2025-10-23,2025-10-19,2025-10-23,COMPLETED,0,250,COMPLETED,NA
A006356,I02704,U0626,U0779,BORROW,2026-05-31,2026-05-28,2026-06-02,COMPLETED,2,1050,RETURNED,ON_TIME
A006357,I03424,U0600,U0154,SWAP,2026-04-25,2026-04-25,2026-04-25,COMPLETED,0,1350,COMPLETED,NA
A006358,I00177,U0044,U0594,BORROW,2026-01-26,2026-01-25,2026-02-05,COMPLETED,10,1200,RETURNED,ON_TIME
A006359,I00230,U0139,U0202,BORROW,2026-05-20,2026-05-19,2026-05-30,COMPLETED,10,350,RETURNED,ON_TIME
A006360,I02679,U0838,U0883,SELL,2026-04-21,2026-04-19,2026-04-21,CANCELLED,0,1200,CANCELLED,NA
A006361,I03201,U0727,U0851,GIVEAWAY,2025-09-07,2025-09-06,2025-09-07,CANCELLED,0,1950,CANCELLED,NA
A006362,I00968,U0240,U0232,BORROW,2026-04-14,2026-04-11,2026-04-28,OVERDUE,14,3100,NOT_RETURNED,LATE
A006363,I01116,U0921,U0386,SWAP,2026-07-25,2026-07-22,2026-07-25,COMPLETED,0,600,COMPLETED,NA
A006364,I00307,U0840,U0287,SWAP,2026-02-18,2026-02-16,2026-02-18,COMPLETED,0,750,COMPLETED,NA
A006365,I02835,U0601,U0107,SWAP,2025-09-03,2025-09-02,2025-09-03,COMPLETED,0,700,COMPLETED,NA
A006366,I01840,U0136,U0881,GIVEAWAY,2025-11-25,2025-11-25,2025-11-25,COMPLETED,0,1100,COMPLETED,NA
A006367,I00761,U0545,U0982,SELL,2026-05-25,2026-05-24,2026-05-25,COMPLETED,0,400,COMPLETED,NA
A006368,I01671,U0485,U0311,SWAP,2026-01-04,2026-01-01,2026-01-04,COMPLETED,0,2050,COMPLETED,NA
A006369,I01092,U0458,U0053,BORROW,2026-03-15,2026-03-15,2026-03-17,CANCELLED,2,1000,CANCELLED,PENDING
A006370,I01951,U0470,U0483,BORROW,2026-06-13,2026-06-09,2026-06-20,ACTIVE,7,900,NOT_RETURNED,PENDING
A006371,I04148,U0735,U0093,GIVEAWAY,2026-01-22,2026-01-18,2026-01-22,COMPLETED,0,2700,COMPLETED,NA
A006372,I03493,U0370,U0648,BORROW,2026-04-18,2026-04-15,2026-04-21,COMPLETED,3,1950,RETURNED,ON_TIME
A006373,I00737,U0160,U0211,GIVEAWAY,2025-12-25,2025-12-23,2025-12-25,COMPLETED,0,1650,COMPLETED,NA
A006374,I03697,U0797,U0976,BORROW,2025-09-26,2025-09-24,2025-10-01,CANCELLED,5,2900,CANCELLED,PENDING
A006375,I02560,U0913,U0102,BORROW,2025-09-06,2025-09-05,2025-09-11,COMPLETED,5,850,RETURNED,ON_TIME
A006376,I03176,U0102,U0720,BORROW,2026-06-30,2026-06-27,2026-07-21,OVERDUE,21,2600,NOT_RETURNED,LATE
A006377,I01090,U0273,U0524,BORROW,2025-09-29,2025-09-28,2025-10-13,ACTIVE,14,1450,NOT_RETURNED,PENDING
A006378,I04994,U0806,U0132,BORROW,2025-11-16,2025-11-13,2025-11-18,COMPLETED,2,900,RETURNED,ON_TIME
A006379,I01837,U0832,U0090,GIVEAWAY,2026-05-05,2026-05-05,2026-05-05,COMPLETED,0,3000,COMPLETED,NA
A006380,I03142,U0697,U0875,BORROW,2026-07-11,2026-07-11,2026-07-14,COMPLETED,3,1900,RETURNED,ON_TIME
A006381,I03385,U0718,U0219,SELL,2026-02-16,2026-02-13,2026-02-16,COMPLETED,0,150,COMPLETED,NA
A006382,I03041,U0995,U0445,BORROW,2026-07-05,2026-07-02,2026-07-08,ACTIVE,3,300,NOT_RETURNED,PENDING
A006383,I01947,U0039,U0207,BORROW,2026-02-08,2026-02-07,2026-02-18,ACTIVE,10,1450,NOT_RETURNED,PENDING
A006384,I01377,U0638,U0025,BORROW,2025-12-07,2025-12-06,2025-12-14,COMPLETED,7,1350,RETURNED,ON_TIME
A006385,I03370,U0138,U0278,SWAP,2026-03-11,2026-03-10,2026-03-11,COMPLETED,0,400,COMPLETED,NA
A006386,I00489,U0033,U0763,GIVEAWAY,2025-11-07,2025-11-04,2025-11-07,COMPLETED,0,1150,COMPLETED,NA
A006387,I02624,U0313,U0279,BORROW,2026-05-18,2026-05-15,2026-05-23,COMPLETED,5,350,RETURNED,ON_TIME
A006388,I03209,U0035,U0683,BORROW,2026-06-15,2026-06-13,2026-06-25,COMPLETED,10,4300,RETURNED,LATE
A006389,I01570,U0098,U0633,GIVEAWAY,2026-06-28,2026-06-28,2026-06-28,COMPLETED,0,950,COMPLETED,NA
A006390,I00640,U0185,U0608,SWAP,2026-02-26,2026-02-23,2026-02-26,COMPLETED,0,400,COMPLETED,NA
A006391,I02542,U0312,U0757,BORROW,2026-04-02,2026-03-29,2026-04-12,CANCELLED,10,3250,CANCELLED,PENDING
A006392,I01360,U0335,U0873,BORROW,2026-02-25,2026-02-25,2026-03-04,COMPLETED,7,1050,RETURNED,ON_TIME
A006393,I04312,U0989,U0475,BORROW,2025-12-16,2025-12-14,2026-01-06,COMPLETED,21,2200,RETURNED,ON_TIME
A006394,I00777,U0075,U0053,GIVEAWAY,2025-09-05,2025-09-01,2025-09-05,COMPLETED,0,1300,COMPLETED,NA
A006395,I03391,U0016,U0964,GIVEAWAY,2026-03-09,2026-03-06,2026-03-09,COMPLETED,0,3450,COMPLETED,NA
A006396,I00660,U0082,U0114,BORROW,2025-12-20,2025-12-18,2025-12-27,COMPLETED,7,1050,RETURNED,LATE
A006397,I04316,U0071,U0251,GIVEAWAY,2025-12-12,2025-12-10,2025-12-12,COMPLETED,0,1300,COMPLETED,NA
A006398,I03227,U0567,U0566,BORROW,2026-02-10,2026-02-07,2026-02-20,COMPLETED,10,550,RETURNED,ON_TIME
A006399,I02221,U0894,U0717,SELL,2026-01-24,2026-01-20,2026-01-24,COMPLETED,0,2100,COMPLETED,NA
A006400,I00445,U0916,U0110,BORROW,2026-07-04,2026-07-03,2026-07-18,COMPLETED,14,100,RETURNED,ON_TIME
A006401,I03867,U0915,U0224,BORROW,2026-06-11,2026-06-07,2026-06-21,COMPLETED,10,1650,RETURNED,ON_TIME
A006402,I04206,U0945,U0427,GIVEAWAY,2026-05-10,2026-05-10,2026-05-10,COMPLETED,0,2100,COMPLETED,NA
A006403,I00353,U0473,U0224,SWAP,2026-03-28,2026-03-28,2026-03-28,COMPLETED,0,200,COMPLETED,NA
A006404,I03634,U0980,U0939,GIVEAWAY,2025-11-28,2025-11-26,2025-11-28,COMPLETED,0,1100,COMPLETED,NA
A006405,I04853,U0579,U0604,BORROW,2026-03-22,2026-03-21,2026-03-24,COMPLETED,2,550,RETURNED,LATE
A006406,I02476,U0938,U0392,GIVEAWAY,2026-03-21,2026-03-17,2026-03-21,COMPLETED,0,200,COMPLETED,NA
A006407,I01518,U0008,U0887,GIVEAWAY,2026-03-20,2026-03-17,2026-03-20,COMPLETED,0,250,COMPLETED,NA
A006408,I04782,U0449,U0466,BORROW,2026-04-23,2026-04-19,2026-04-30,COMPLETED,7,1050,RETURNED,ON_TIME
A006409,I03737,U0980,U0657,BORROW,2026-01-10,2026-01-07,2026-01-12,COMPLETED,2,1600,RETURNED,ON_TIME
A006410,I01607,U0673,U0950,GIVEAWAY,2026-06-14,2026-06-12,2026-06-14,COMPLETED,0,500,COMPLETED,NA
A006411,I04357,U0375,U0013,BORROW,2026-01-14,2026-01-11,2026-01-17,COMPLETED,3,2500,RETURNED,ON_TIME
A006412,I04491,U0142,U0109,BORROW,2025-10-20,2025-10-16,2025-10-25,CANCELLED,5,750,CANCELLED,PENDING
A006413,I04154,U0448,U0459,BORROW,2026-05-08,2026-05-07,2026-05-15,COMPLETED,7,400,RETURNED,ON_TIME
A006414,I00410,U0411,U0330,BORROW,2026-07-06,2026-07-06,2026-07-09,COMPLETED,3,750,RETURNED,ON_TIME
A006415,I00595,U0931,U0349,SWAP,2026-01-14,2026-01-12,2026-01-14,COMPLETED,0,100,COMPLETED,NA
A006416,I00948,U0447,U0940,BORROW,2025-10-07,2025-10-07,2025-10-12,COMPLETED,5,400,RETURNED,ON_TIME
A006417,I02920,U0093,U0756,BORROW,2025-11-08,2025-11-04,2025-11-10,COMPLETED,2,700,RETURNED,LATE
A006418,I02788,U0011,U0754,SELL,2026-06-29,2026-06-26,2026-06-29,COMPLETED,0,800,COMPLETED,NA
A006419,I01242,U0797,U0476,BORROW,2025-11-15,2025-11-13,2025-11-20,COMPLETED,5,850,RETURNED,ON_TIME
A006420,I04787,U0624,U0289,SWAP,2026-02-18,2026-02-15,2026-02-18,COMPLETED,0,1650,COMPLETED,NA
A006421,I03711,U0813,U0421,SELL,2025-12-23,2025-12-21,2025-12-23,COMPLETED,0,1050,COMPLETED,NA
A006422,I00684,U0528,U0115,BORROW,2026-04-20,2026-04-18,2026-05-11,COMPLETED,21,3700,RETURNED,LATE
A006423,I00488,U0766,U0003,GIVEAWAY,2026-06-25,2026-06-21,2026-06-25,COMPLETED,0,2350,COMPLETED,NA
A006424,I00562,U0070,U0475,SWAP,2026-01-09,2026-01-07,2026-01-09,COMPLETED,0,1400,COMPLETED,NA
A006425,I01675,U0273,U0953,BORROW,2025-09-20,2025-09-17,2025-09-25,COMPLETED,5,100,RETURNED,ON_TIME
A006426,I04683,U0603,U0163,SELL,2026-07-03,2026-06-29,2026-07-03,COMPLETED,0,2200,COMPLETED,NA
A006427,I02285,U0589,U0285,SELL,2026-02-26,2026-02-23,2026-02-26,COMPLETED,0,1700,COMPLETED,NA
A006428,I03478,U0861,U0774,BORROW,2026-07-01,2026-06-29,2026-07-22,COMPLETED,21,950,RETURNED,LATE
A006429,I00605,U0584,U0977,BORROW,2026-04-06,2026-04-06,2026-04-16,COMPLETED,10,1800,RETURNED,ON_TIME
A006430,I04951,U0369,U0100,BORROW,2025-10-10,2025-10-08,2025-10-12,ACTIVE,2,1750,NOT_RETURNED,PENDING
A006431,I01075,U0098,U0266,BORROW,2026-01-11,2026-01-11,2026-02-01,CANCELLED,21,50,CANCELLED,PENDING
A006432,I04277,U0911,U0828,BORROW,2025-12-23,2025-12-21,2025-12-28,COMPLETED,5,500,RETURNED,ON_TIME
A006433,I04977,U0064,U0493,GIVEAWAY,2026-06-03,2026-06-01,2026-06-03,COMPLETED,0,1650,COMPLETED,NA
A006434,I01824,U0742,U0003,GIVEAWAY,2025-11-11,2025-11-07,2025-11-11,COMPLETED,0,2650,COMPLETED,NA
A006435,I00458,U0187,U0163,BORROW,2026-04-12,2026-04-12,2026-04-19,COMPLETED,7,1850,RETURNED,ON_TIME
A006436,I04975,U0646,U0298,GIVEAWAY,2025-11-16,2025-11-12,2025-11-16,COMPLETED,0,150,COMPLETED,NA
A006437,I01959,U0051,U0713,SWAP,2026-05-15,2026-05-14,2026-05-15,COMPLETED,0,500,COMPLETED,NA
A006438,I03021,U0676,U0738,SWAP,2026-03-27,2026-03-25,2026-03-27,COMPLETED,0,1650,COMPLETED,NA
A006439,I03172,U0061,U0085,BORROW,2026-06-26,2026-06-26,2026-07-10,COMPLETED,14,2300,RETURNED,ON_TIME
A006440,I04495,U0184,U0512,SWAP,2025-12-11,2025-12-08,2025-12-11,COMPLETED,0,100,COMPLETED,NA
A006441,I04384,U0079,U0968,SWAP,2025-12-29,2025-12-25,2025-12-29,COMPLETED,0,1600,COMPLETED,NA
A006442,I04516,U0792,U0799,BORROW,2026-05-16,2026-05-12,2026-05-23,COMPLETED,7,300,RETURNED,ON_TIME
A006443,I00605,U0621,U0977,SWAP,2026-06-13,2026-06-11,2026-06-13,COMPLETED,0,1800,COMPLETED,NA
A006444,I02899,U0011,U0721,SELL,2026-02-11,2026-02-10,2026-02-11,COMPLETED,0,650,COMPLETED,NA
A006445,I04473,U0673,U0298,BORROW,2026-01-03,2026-01-03,2026-01-08,ACTIVE,5,1050,NOT_RETURNED,PENDING
A006446,I00522,U0559,U0455,BORROW,2025-10-31,2025-10-27,2025-11-03,COMPLETED,3,450,RETURNED,ON_TIME
A006447,I00556,U0772,U0098,BORROW,2026-03-28,2026-03-24,2026-03-31,ACTIVE,3,250,NOT_RETURNED,PENDING
A006448,I02533,U0466,U0476,GIVEAWAY,2025-11-17,2025-11-15,2025-11-17,COMPLETED,0,1350,COMPLETED,NA
A006449,I02798,U0567,U0999,BORROW,2025-12-24,2025-12-21,2025-12-29,COMPLETED,5,1800,RETURNED,ON_TIME
A006450,I02831,U0509,U0836,SWAP,2025-12-28,2025-12-26,2025-12-28,COMPLETED,0,300,COMPLETED,NA
A006451,I03547,U0215,U0905,BORROW,2025-11-13,2025-11-12,2025-11-18,COMPLETED,5,600,RETURNED,ON_TIME
A006452,I01206,U0076,U0327,BORROW,2026-05-07,2026-05-06,2026-05-12,COMPLETED,5,1450,RETURNED,ON_TIME
A006453,I04082,U0993,U0528,SWAP,2026-02-26,2026-02-23,2026-02-26,COMPLETED,0,5500,COMPLETED,NA
A006454,I04665,U0496,U0478,GIVEAWAY,2025-12-12,2025-12-10,2025-12-12,COMPLETED,0,1450,COMPLETED,NA
A006455,I02031,U0019,U0967,BORROW,2025-10-09,2025-10-08,2025-10-30,COMPLETED,21,850,RETURNED,ON_TIME
A006456,I04244,U0807,U0438,BORROW,2026-06-30,2026-06-30,2026-07-05,COMPLETED,5,500,RETURNED,ON_TIME
A006457,I03243,U0231,U0864,SWAP,2025-12-31,2025-12-28,2025-12-31,CANCELLED,0,1350,CANCELLED,NA
A006458,I01212,U0653,U0053,GIVEAWAY,2026-06-12,2026-06-11,2026-06-12,COMPLETED,0,450,COMPLETED,NA
A006459,I03794,U0010,U0645,BORROW,2026-06-23,2026-06-20,2026-06-26,COMPLETED,3,550,RETURNED,ON_TIME
A006460,I03586,U0777,U0115,BORROW,2026-05-01,2026-04-28,2026-05-22,COMPLETED,21,600,RETURNED,ON_TIME
A006461,I01663,U0067,U0203,SWAP,2026-06-12,2026-06-10,2026-06-12,COMPLETED,0,1300,COMPLETED,NA
A006462,I03854,U0565,U0272,BORROW,2025-11-07,2025-11-07,2025-11-10,COMPLETED,3,750,RETURNED,ON_TIME
A006463,I00742,U0601,U0333,SWAP,2026-06-02,2026-06-02,2026-06-02,COMPLETED,0,2550,COMPLETED,NA
A006464,I01429,U0136,U0628,BORROW,2026-03-29,2026-03-28,2026-04-01,COMPLETED,3,400,RETURNED,ON_TIME
A006465,I01841,U0970,U0799,BORROW,2026-06-22,2026-06-18,2026-07-02,COMPLETED,10,1000,RETURNED,ON_TIME
A006466,I01990,U0714,U0232,BORROW,2026-07-24,2026-07-20,2026-08-14,COMPLETED,21,1750,RETURNED,ON_TIME
A006467,I01292,U0925,U0872,BORROW,2026-05-09,2026-05-05,2026-05-14,COMPLETED,5,4650,RETURNED,ON_TIME
A006468,I02259,U0604,U0067,SWAP,2025-12-23,2025-12-22,2025-12-23,COMPLETED,0,700,COMPLETED,NA
A006469,I04405,U0939,U0785,SWAP,2025-11-04,2025-11-01,2025-11-04,COMPLETED,0,150,COMPLETED,NA
A006470,I04845,U0914,U0868,SWAP,2026-02-16,2026-02-15,2026-02-16,COMPLETED,0,1550,COMPLETED,NA
A006471,I04164,U0230,U0968,SWAP,2025-11-19,2025-11-16,2025-11-19,COMPLETED,0,3300,COMPLETED,NA
A006472,I00817,U0063,U0454,SWAP,2025-11-19,2025-11-19,2025-11-19,COMPLETED,0,2500,COMPLETED,NA
A006473,I03999,U0021,U0097,BORROW,2025-09-27,2025-09-24,2025-09-30,COMPLETED,3,750,RETURNED,ON_TIME
A006474,I01739,U0543,U0981,BORROW,2026-03-26,2026-03-25,2026-04-05,COMPLETED,10,3000,RETURNED,ON_TIME
A006475,I01756,U0720,U0084,SWAP,2026-07-21,2026-07-20,2026-07-21,COMPLETED,0,250,COMPLETED,NA
A006476,I04595,U0659,U0254,BORROW,2025-11-20,2025-11-17,2025-12-11,COMPLETED,21,2000,RETURNED,ON_TIME
A006477,I03034,U0245,U0355,BORROW,2026-03-01,2026-02-26,2026-03-15,ACTIVE,14,2200,NOT_RETURNED,PENDING
A006478,I02161,U0204,U0604,SWAP,2026-01-23,2026-01-22,2026-01-23,COMPLETED,0,3400,COMPLETED,NA
A006479,I02099,U0456,U0206,SWAP,2025-11-14,2025-11-14,2025-11-14,COMPLETED,0,3500,COMPLETED,NA
A006480,I04622,U0223,U0266,SWAP,2026-04-07,2026-04-06,2026-04-07,COMPLETED,0,4850,COMPLETED,NA
A006481,I00907,U0277,U0154,GIVEAWAY,2026-02-20,2026-02-20,2026-02-20,CANCELLED,0,2350,CANCELLED,NA
A006482,I01218,U0724,U0867,BORROW,2026-05-13,2026-05-09,2026-05-15,COMPLETED,2,300,RETURNED,ON_TIME
A006483,I01825,U0472,U0354,SWAP,2025-12-10,2025-12-07,2025-12-10,COMPLETED,0,200,COMPLETED,NA
A006484,I01077,U0087,U0820,GIVEAWAY,2025-09-12,2025-09-12,2025-09-12,COMPLETED,0,1250,COMPLETED,NA
A006485,I02136,U0806,U0941,SWAP,2026-04-23,2026-04-21,2026-04-23,CANCELLED,0,2100,CANCELLED,NA
A006486,I04893,U0723,U0176,BORROW,2025-12-12,2025-12-11,2026-01-02,COMPLETED,21,1500,RETURNED,ON_TIME
A006487,I04779,U0416,U0374,BORROW,2026-06-22,2026-06-20,2026-07-06,COMPLETED,14,2050,RETURNED,ON_TIME
A006488,I04593,U0198,U0808,BORROW,2026-04-22,2026-04-21,2026-05-02,COMPLETED,10,650,RETURNED,ON_TIME
A006489,I00159,U0529,U0192,BORROW,2026-01-01,2026-01-01,2026-01-22,ACTIVE,21,2150,NOT_RETURNED,PENDING
A006490,I04559,U0725,U0669,SELL,2026-05-20,2026-05-19,2026-05-20,COMPLETED,0,5000,COMPLETED,NA
A006491,I01628,U0792,U0126,BORROW,2026-04-04,2026-04-01,2026-04-25,COMPLETED,21,3300,RETURNED,ON_TIME
A006492,I03820,U0767,U0825,SWAP,2026-04-25,2026-04-22,2026-04-25,COMPLETED,0,450,COMPLETED,NA
A006493,I01582,U0492,U0928,SELL,2026-06-13,2026-06-12,2026-06-13,CANCELLED,0,3350,CANCELLED,NA
A006494,I02547,U0682,U0288,BORROW,2026-01-16,2026-01-13,2026-01-30,ACTIVE,14,1750,NOT_RETURNED,PENDING
A006495,I00790,U0077,U0216,BORROW,2026-04-07,2026-04-05,2026-04-09,COMPLETED,2,650,RETURNED,ON_TIME
A006496,I04746,U0603,U0163,BORROW,2026-04-20,2026-04-18,2026-04-25,COMPLETED,5,1350,RETURNED,ON_TIME
A006497,I03089,U0200,U0936,BORROW,2026-02-23,2026-02-19,2026-02-28,CANCELLED,5,2700,CANCELLED,PENDING
A006498,I03666,U0470,U0643,BORROW,2026-01-11,2026-01-09,2026-01-13,COMPLETED,2,1850,RETURNED,ON_TIME
A006499,I02417,U0832,U0582,SWAP,2025-11-19,2025-11-16,2025-11-19,COMPLETED,0,1550,COMPLETED,NA
A006500,I03765,U0970,U0327,BORROW,2025-12-17,2025-12-14,2026-01-07,CANCELLED,21,850,CANCELLED,PENDING
A006501,I01539,U0408,U0770,BORROW,2025-12-09,2025-12-06,2025-12-30,COMPLETED,21,1150,RETURNED,ON_TIME
A006502,I02759,U0053,U0523,GIVEAWAY,2026-07-19,2026-07-16,2026-07-19,COMPLETED,0,4700,COMPLETED,NA
A006503,I00649,U0037,U0557,BORROW,2025-11-16,2025-11-13,2025-11-23,ACTIVE,7,1050,NOT_RETURNED,PENDING
A006504,I02562,U0689,U0309,SWAP,2025-11-18,2025-11-16,2025-11-18,COMPLETED,0,800,COMPLETED,NA
A006505,I03103,U0290,U0616,SWAP,2026-07-28,2026-07-27,2026-07-28,COMPLETED,0,650,COMPLETED,NA
A006506,I03929,U0329,U0472,SWAP,2025-11-06,2025-11-02,2025-11-06,COMPLETED,0,4350,COMPLETED,NA
A006507,I01250,U0094,U0484,GIVEAWAY,2026-02-25,2026-02-25,2026-02-25,COMPLETED,0,400,COMPLETED,NA
A006508,I02595,U0796,U0671,BORROW,2025-10-31,2025-10-29,2025-11-21,COMPLETED,21,1050,RETURNED,ON_TIME
A006509,I04766,U0845,U0240,GIVEAWAY,2026-04-20,2026-04-19,2026-04-20,COMPLETED,0,1650,COMPLETED,NA
A006510,I04536,U0658,U0711,SELL,2025-09-22,2025-09-20,2025-09-22,COMPLETED,0,950,COMPLETED,NA
A006511,I01314,U0151,U0866,GIVEAWAY,2025-10-23,2025-10-20,2025-10-23,COMPLETED,0,2500,COMPLETED,NA
A006512,I04812,U0196,U0432,GIVEAWAY,2026-05-18,2026-05-17,2026-05-18,COMPLETED,0,450,COMPLETED,NA
A006513,I00536,U0019,U0795,SWAP,2026-02-17,2026-02-16,2026-02-17,COMPLETED,0,1800,COMPLETED,NA
A006514,I02867,U0616,U0277,BORROW,2025-12-08,2025-12-07,2025-12-18,COMPLETED,10,1750,RETURNED,ON_TIME
A006515,I03655,U0987,U0888,BORROW,2025-12-16,2025-12-16,2026-01-06,COMPLETED,21,100,RETURNED,ON_TIME
A006516,I04417,U0567,U0995,BORROW,2025-11-28,2025-11-25,2025-12-03,CANCELLED,5,600,CANCELLED,PENDING
A006517,I02721,U0082,U0121,BORROW,2026-04-02,2026-03-30,2026-04-16,COMPLETED,14,1050,RETURNED,ON_TIME
A006518,I01646,U0989,U0867,BORROW,2026-04-19,2026-04-18,2026-04-24,COMPLETED,5,1850,RETURNED,ON_TIME
A006519,I00156,U0593,U0289,SELL,2025-10-16,2025-10-14,2025-10-16,COMPLETED,0,2150,COMPLETED,NA
A006520,I01389,U0521,U0048,BORROW,2025-12-03,2025-11-29,2025-12-06,COMPLETED,3,1000,RETURNED,ON_TIME
A006521,I01471,U0961,U0824,SWAP,2026-03-10,2026-03-06,2026-03-10,COMPLETED,0,3200,COMPLETED,NA
A006522,I02346,U0468,U0591,BORROW,2025-11-24,2025-11-24,2025-12-15,COMPLETED,21,1700,RETURNED,ON_TIME
A006523,I04863,U0963,U0371,SWAP,2026-06-19,2026-06-16,2026-06-19,COMPLETED,0,550,COMPLETED,NA
A006524,I04915,U0593,U0047,BORROW,2025-12-30,2025-12-29,2026-01-02,COMPLETED,3,150,RETURNED,ON_TIME
A006525,I04070,U0917,U0739,BORROW,2026-07-01,2026-06-27,2026-07-08,COMPLETED,7,650,RETURNED,LATE
A006526,I04326,U0851,U0550,BORROW,2025-12-20,2025-12-16,2026-01-10,OVERDUE,21,750,NOT_RETURNED,LATE
A006527,I01407,U0491,U0715,SELL,2025-10-12,2025-10-11,2025-10-12,COMPLETED,0,1100,COMPLETED,NA
A006528,I02912,U0257,U0388,BORROW,2026-02-06,2026-02-06,2026-02-27,OVERDUE,21,3600,NOT_RETURNED,LATE
A006529,I01098,U0825,U0537,SWAP,2025-12-03,2025-11-30,2025-12-03,COMPLETED,0,350,COMPLETED,NA
A006530,I01110,U0315,U0122,SWAP,2025-11-19,2025-11-19,2025-11-19,COMPLETED,0,500,COMPLETED,NA
A006531,I03879,U0484,U0968,SELL,2026-04-29,2026-04-26,2026-04-29,COMPLETED,0,750,COMPLETED,NA
A006532,I03359,U0732,U0118,SWAP,2025-11-04,2025-11-02,2025-11-04,COMPLETED,0,3450,COMPLETED,NA
A006533,I02213,U0393,U0445,GIVEAWAY,2026-04-16,2026-04-13,2026-04-16,COMPLETED,0,150,COMPLETED,NA
A006534,I03939,U0646,U0413,BORROW,2026-07-18,2026-07-14,2026-07-23,OVERDUE,5,1450,NOT_RETURNED,LATE
A006535,I00902,U0267,U0210,GIVEAWAY,2026-06-15,2026-06-15,2026-06-15,COMPLETED,0,4350,COMPLETED,NA
A006536,I00538,U0270,U0045,SWAP,2025-11-21,2025-11-19,2025-11-21,COMPLETED,0,1000,COMPLETED,NA
A006537,I02512,U0642,U0547,BORROW,2025-12-12,2025-12-09,2026-01-02,ACTIVE,21,1500,NOT_RETURNED,PENDING
A006538,I03530,U0926,U0982,BORROW,2026-07-10,2026-07-07,2026-07-17,COMPLETED,7,150,RETURNED,ON_TIME
A006539,I00584,U0644,U0276,BORROW,2026-04-11,2026-04-07,2026-04-25,ACTIVE,14,800,NOT_RETURNED,PENDING
A006540,I04638,U0933,U0212,BORROW,2025-12-14,2025-12-12,2025-12-21,ACTIVE,7,400,NOT_RETURNED,PENDING
A006541,I04816,U0480,U0849,SWAP,2026-01-11,2026-01-11,2026-01-11,COMPLETED,0,250,COMPLETED,NA
A006542,I02974,U0361,U0834,BORROW,2025-12-21,2025-12-17,2025-12-24,COMPLETED,3,1900,RETURNED,ON_TIME
A006543,I01999,U0580,U0341,BORROW,2026-02-19,2026-02-18,2026-02-24,COMPLETED,5,950,RETURNED,ON_TIME
A006544,I03036,U0519,U0862,SWAP,2026-03-01,2026-02-26,2026-03-01,COMPLETED,0,1250,COMPLETED,NA
A006545,I02371,U0046,U0936,BORROW,2025-11-20,2025-11-16,2025-11-30,ACTIVE,10,1650,NOT_RETURNED,PENDING
A006546,I04939,U0907,U0683,BORROW,2026-03-08,2026-03-06,2026-03-10,COMPLETED,2,800,RETURNED,LATE
A006547,I04693,U0321,U0712,BORROW,2025-11-03,2025-10-31,2025-11-24,OVERDUE,21,1000,NOT_RETURNED,LATE
A006548,I03620,U0871,U0272,GIVEAWAY,2025-10-29,2025-10-29,2025-10-29,COMPLETED,0,650,COMPLETED,NA
A006549,I02388,U0011,U0750,BORROW,2025-11-25,2025-11-21,2025-11-27,COMPLETED,2,350,RETURNED,ON_TIME
A006550,I02843,U0443,U0845,SWAP,2025-12-19,2025-12-19,2025-12-19,COMPLETED,0,300,COMPLETED,NA
A006551,I03160,U0337,U0804,SELL,2025-10-31,2025-10-27,2025-10-31,COMPLETED,0,400,COMPLETED,NA
A006552,I04594,U0144,U0925,BORROW,2026-04-16,2026-04-15,2026-04-30,COMPLETED,14,1150,RETURNED,LATE
A006553,I03905,U0948,U0022,BORROW,2026-01-01,2025-12-31,2026-01-11,OVERDUE,10,750,NOT_RETURNED,LATE
A006554,I01282,U0604,U0977,SWAP,2026-01-17,2026-01-15,2026-01-17,COMPLETED,0,2400,COMPLETED,NA
A006555,I01667,U0468,U0183,BORROW,2025-09-04,2025-09-02,2025-09-07,COMPLETED,3,1250,RETURNED,ON_TIME
A006556,I04717,U0850,U0982,BORROW,2025-11-23,2025-11-22,2025-11-26,COMPLETED,3,1600,RETURNED,ON_TIME
A006557,I04242,U0085,U0819,SWAP,2025-10-07,2025-10-05,2025-10-07,COMPLETED,0,450,COMPLETED,NA
A006558,I03310,U0999,U0495,BORROW,2026-02-10,2026-02-08,2026-02-20,CANCELLED,10,1700,CANCELLED,PENDING
A006559,I02790,U0112,U0494,BORROW,2026-01-23,2026-01-19,2026-01-25,COMPLETED,2,400,RETURNED,ON_TIME
A006560,I01282,U0031,U0977,SWAP,2026-02-22,2026-02-21,2026-02-22,COMPLETED,0,2400,COMPLETED,NA
A006561,I01349,U0086,U0038,BORROW,2025-09-06,2025-09-05,2025-09-16,COMPLETED,10,3900,RETURNED,ON_TIME
A006562,I02637,U0327,U0500,BORROW,2026-07-11,2026-07-08,2026-07-13,COMPLETED,2,1250,RETURNED,ON_TIME
A006563,I00621,U0085,U0302,GIVEAWAY,2026-06-26,2026-06-24,2026-06-26,COMPLETED,0,1200,COMPLETED,NA
A006564,I03320,U0788,U0383,BORROW,2026-01-04,2026-01-01,2026-01-07,COMPLETED,3,400,RETURNED,ON_TIME
A006565,I03092,U0557,U0188,GIVEAWAY,2026-04-09,2026-04-09,2026-04-09,COMPLETED,0,3400,COMPLETED,NA
A006566,I01603,U0023,U0588,SELL,2026-06-21,2026-06-20,2026-06-21,COMPLETED,0,950,COMPLETED,NA
A006567,I00175,U0117,U0522,BORROW,2026-07-19,2026-07-18,2026-08-02,COMPLETED,14,100,RETURNED,ON_TIME
A006568,I01480,U0635,U0091,BORROW,2026-07-19,2026-07-19,2026-07-29,COMPLETED,10,1350,RETURNED,LATE
A006569,I00672,U0895,U0942,GIVEAWAY,2026-01-12,2026-01-08,2026-01-12,COMPLETED,0,300,COMPLETED,NA
A006570,I00611,U0687,U0370,BORROW,2026-07-06,2026-07-05,2026-07-11,COMPLETED,5,1050,RETURNED,ON_TIME
A006571,I02919,U0586,U0047,SWAP,2026-07-27,2026-07-27,2026-07-27,COMPLETED,0,550,COMPLETED,NA
A006572,I02073,U0309,U0123,SWAP,2026-04-06,2026-04-03,2026-04-06,COMPLETED,0,1750,COMPLETED,NA
A006573,I00953,U0905,U0720,GIVEAWAY,2026-04-25,2026-04-25,2026-04-25,CANCELLED,0,300,CANCELLED,NA
A006574,I02008,U0242,U0605,BORROW,2025-11-19,2025-11-18,2025-11-26,CANCELLED,7,600,CANCELLED,PENDING
A006575,I04166,U0404,U0080,SWAP,2025-10-11,2025-10-07,2025-10-11,COMPLETED,0,2200,COMPLETED,NA
A006576,I02571,U0757,U0047,SELL,2026-03-31,2026-03-27,2026-03-31,COMPLETED,0,1650,COMPLETED,NA
A006577,I04413,U0018,U0106,BORROW,2026-07-16,2026-07-16,2026-07-23,COMPLETED,7,2450,RETURNED,ON_TIME
A006578,I04806,U0210,U0329,BORROW,2025-12-16,2025-12-14,2026-01-06,COMPLETED,21,950,RETURNED,ON_TIME
A006579,I01844,U0563,U0468,SWAP,2025-11-01,2025-10-31,2025-11-01,COMPLETED,0,750,COMPLETED,NA
A006580,I01144,U0292,U0357,BORROW,2026-04-13,2026-04-12,2026-04-20,COMPLETED,7,1800,RETURNED,ON_TIME
A006581,I00099,U0946,U0236,BORROW,2026-05-17,2026-05-16,2026-05-27,COMPLETED,10,1800,RETURNED,ON_TIME
A006582,I01249,U0854,U0483,BORROW,2026-03-19,2026-03-16,2026-04-09,ACTIVE,21,500,NOT_RETURNED,PENDING
A006583,I00490,U0839,U0295,BORROW,2026-07-26,2026-07-26,2026-08-16,COMPLETED,21,350,RETURNED,ON_TIME
A006584,I03348,U0948,U0581,BORROW,2026-07-08,2026-07-08,2026-07-29,COMPLETED,21,450,RETURNED,ON_TIME
A006585,I00035,U0413,U0284,SWAP,2026-01-04,2026-01-01,2026-01-04,COMPLETED,0,2100,COMPLETED,NA
A006586,I02482,U0016,U0436,BORROW,2026-07-20,2026-07-16,2026-07-25,COMPLETED,5,2100,RETURNED,ON_TIME
A006587,I04699,U0232,U0844,BORROW,2025-11-02,2025-10-30,2025-11-23,COMPLETED,21,500,RETURNED,LATE
A006588,I02736,U0776,U0432,SWAP,2025-09-18,2025-09-17,2025-09-18,COMPLETED,0,1950,COMPLETED,NA
A006589,I02752,U0886,U0911,BORROW,2025-09-14,2025-09-12,2025-09-24,COMPLETED,10,2950,RETURNED,ON_TIME
A006590,I04731,U0310,U0850,SWAP,2025-09-24,2025-09-22,2025-09-24,COMPLETED,0,600,COMPLETED,NA
A006591,I03424,U0629,U0154,BORROW,2026-05-31,2026-05-31,2026-06-10,COMPLETED,10,1350,RETURNED,ON_TIME
A006592,I04250,U0691,U0398,BORROW,2026-05-23,2026-05-21,2026-06-02,COMPLETED,10,200,RETURNED,LATE
A006593,I03042,U0808,U0263,BORROW,2026-06-28,2026-06-24,2026-06-30,ACTIVE,2,1100,NOT_RETURNED,PENDING
A006594,I04899,U0925,U0180,BORROW,2025-12-06,2025-12-02,2025-12-20,COMPLETED,14,1900,RETURNED,ON_TIME
A006595,I04424,U0142,U0482,GIVEAWAY,2026-06-18,2026-06-18,2026-06-18,COMPLETED,0,400,COMPLETED,NA
A006596,I03823,U0112,U0934,BORROW,2025-09-28,2025-09-25,2025-10-12,COMPLETED,14,1050,RETURNED,ON_TIME
A006597,I04191,U0089,U0112,GIVEAWAY,2026-02-03,2026-02-02,2026-02-03,COMPLETED,0,1800,COMPLETED,NA
A006598,I00038,U0906,U0035,BORROW,2025-10-01,2025-09-30,2025-10-08,COMPLETED,7,3450,RETURNED,ON_TIME
A006599,I01254,U0236,U0758,BORROW,2026-03-22,2026-03-18,2026-04-12,COMPLETED,21,1700,RETURNED,LATE
A006600,I01913,U0022,U0142,SWAP,2026-03-23,2026-03-20,2026-03-23,COMPLETED,0,600,COMPLETED,NA
A006601,I02762,U0654,U0271,SWAP,2026-05-05,2026-05-03,2026-05-05,COMPLETED,0,5600,COMPLETED,NA
A006602,I04819,U0918,U0302,BORROW,2025-09-04,2025-09-02,2025-09-09,COMPLETED,5,1100,RETURNED,ON_TIME
A006603,I02382,U0484,U0138,BORROW,2026-06-21,2026-06-17,2026-06-24,COMPLETED,3,1000,RETURNED,ON_TIME
A006604,I03796,U0296,U0099,BORROW,2025-10-30,2025-10-27,2025-11-04,ACTIVE,5,750,NOT_RETURNED,PENDING
A006605,I00293,U0510,U0916,SWAP,2026-01-04,2026-01-01,2026-01-04,COMPLETED,0,350,COMPLETED,NA
A006606,I01694,U0889,U0310,BORROW,2026-07-08,2026-07-07,2026-07-18,COMPLETED,10,700,RETURNED,ON_TIME
A006607,I02660,U0229,U0851,GIVEAWAY,2026-06-25,2026-06-24,2026-06-25,COMPLETED,0,450,COMPLETED,NA
A006608,I04311,U0247,U0618,BORROW,2026-05-09,2026-05-05,2026-05-23,COMPLETED,14,2150,RETURNED,ON_TIME
A006609,I00185,U0645,U0927,BORROW,2026-06-12,2026-06-11,2026-07-03,COMPLETED,21,2150,RETURNED,ON_TIME
A006610,I04979,U0404,U0111,SELL,2025-09-17,2025-09-15,2025-09-17,COMPLETED,0,2750,COMPLETED,NA
A006611,I00888,U0525,U0652,SWAP,2026-03-27,2026-03-23,2026-03-27,COMPLETED,0,250,COMPLETED,NA
A006612,I00321,U0693,U0562,BORROW,2026-01-16,2026-01-15,2026-01-19,COMPLETED,3,600,RETURNED,ON_TIME
A006613,I00292,U0269,U0855,BORROW,2025-09-15,2025-09-14,2025-09-18,COMPLETED,3,2500,RETURNED,ON_TIME
A006614,I01264,U0886,U0790,SELL,2025-12-24,2025-12-24,2025-12-24,COMPLETED,0,750,COMPLETED,NA
A006615,I01147,U0837,U0910,SWAP,2025-10-10,2025-10-10,2025-10-10,COMPLETED,0,2950,COMPLETED,NA
A006616,I03016,U0520,U0619,BORROW,2026-03-25,2026-03-25,2026-04-15,OVERDUE,21,300,NOT_RETURNED,LATE
A006617,I00950,U0975,U0860,GIVEAWAY,2026-05-18,2026-05-14,2026-05-18,COMPLETED,0,600,COMPLETED,NA
A006618,I00142,U0385,U0897,BORROW,2025-10-24,2025-10-22,2025-10-27,COMPLETED,3,2250,RETURNED,ON_TIME
A006619,I04202,U0609,U0002,BORROW,2026-07-22,2026-07-22,2026-08-12,COMPLETED,21,4450,RETURNED,ON_TIME
A006620,I01537,U0128,U0306,BORROW,2026-01-12,2026-01-11,2026-01-17,COMPLETED,5,2950,RETURNED,ON_TIME
A006621,I03098,U0451,U0007,SWAP,2026-07-17,2026-07-13,2026-07-17,COMPLETED,0,3150,COMPLETED,NA
A006622,I01216,U0853,U0312,BORROW,2026-07-02,2026-06-29,2026-07-09,COMPLETED,7,500,RETURNED,ON_TIME
A006623,I03578,U0310,U0828,BORROW,2026-02-19,2026-02-16,2026-03-01,COMPLETED,10,3350,RETURNED,ON_TIME
A006624,I00179,U0714,U0491,SELL,2026-03-30,2026-03-28,2026-03-30,CANCELLED,0,2850,CANCELLED,NA
A006625,I01560,U0484,U0779,SELL,2026-04-27,2026-04-24,2026-04-27,COMPLETED,0,1650,COMPLETED,NA
A006626,I00571,U0951,U0704,GIVEAWAY,2026-02-15,2026-02-12,2026-02-15,COMPLETED,0,1550,COMPLETED,NA
A006627,I01608,U0189,U0463,BORROW,2026-07-05,2026-07-02,2026-07-12,COMPLETED,7,250,RETURNED,ON_TIME
A006628,I01066,U0845,U0184,BORROW,2025-09-21,2025-09-17,2025-10-01,CANCELLED,10,250,CANCELLED,PENDING
A006629,I00754,U0352,U0012,SWAP,2026-06-17,2026-06-16,2026-06-17,COMPLETED,0,1800,COMPLETED,NA
A006630,I02335,U0166,U0147,GIVEAWAY,2026-03-24,2026-03-21,2026-03-24,COMPLETED,0,150,COMPLETED,NA
A006631,I00232,U0421,U0678,SELL,2026-01-29,2026-01-28,2026-01-29,COMPLETED,0,650,COMPLETED,NA
A006632,I00795,U0767,U0228,BORROW,2025-11-03,2025-11-02,2025-11-17,COMPLETED,14,1800,RETURNED,ON_TIME
A006633,I00906,U0356,U0795,SWAP,2025-12-28,2025-12-26,2025-12-28,COMPLETED,0,1600,COMPLETED,NA
A006634,I04518,U0430,U0014,BORROW,2026-02-23,2026-02-20,2026-02-28,COMPLETED,5,550,RETURNED,ON_TIME
A006635,I03893,U0709,U0562,BORROW,2025-12-26,2025-12-25,2025-12-31,COMPLETED,5,150,RETURNED,ON_TIME
A006636,I04835,U0647,U0477,BORROW,2026-01-11,2026-01-10,2026-01-13,COMPLETED,2,1000,RETURNED,ON_TIME
A006637,I03767,U0969,U0704,BORROW,2026-05-28,2026-05-27,2026-06-04,COMPLETED,7,1200,RETURNED,ON_TIME
A006638,I00600,U0716,U0124,BORROW,2026-06-19,2026-06-19,2026-06-22,OVERDUE,3,300,NOT_RETURNED,LATE
A006639,I01891,U0781,U0335,BORROW,2025-10-12,2025-10-12,2025-10-17,COMPLETED,5,1400,RETURNED,LATE
A006640,I03015,U0066,U0185,SWAP,2026-07-25,2026-07-24,2026-07-25,COMPLETED,0,700,COMPLETED,NA
A006641,I00839,U0123,U0078,SELL,2026-07-12,2026-07-09,2026-07-12,COMPLETED,0,2100,COMPLETED,NA
A006642,I01283,U0909,U0606,SELL,2026-02-13,2026-02-10,2026-02-13,COMPLETED,0,250,COMPLETED,NA
A006643,I02093,U0963,U0413,SWAP,2025-11-22,2025-11-19,2025-11-22,COMPLETED,0,350,COMPLETED,NA
A006644,I01802,U0676,U0096,GIVEAWAY,2026-02-15,2026-02-11,2026-02-15,CANCELLED,0,2900,CANCELLED,NA
A006645,I00286,U0615,U0526,BORROW,2025-11-01,2025-10-30,2025-11-15,COMPLETED,14,600,RETURNED,ON_TIME
A006646,I01612,U1000,U0811,GIVEAWAY,2025-10-14,2025-10-11,2025-10-14,COMPLETED,0,2100,COMPLETED,NA
A006647,I02138,U0245,U0730,SELL,2026-05-21,2026-05-18,2026-05-21,COMPLETED,0,1800,COMPLETED,NA
A006648,I00526,U0242,U0967,BORROW,2026-07-03,2026-06-30,2026-07-08,COMPLETED,5,700,RETURNED,ON_TIME
A006649,I02493,U0151,U0907,BORROW,2026-02-14,2026-02-14,2026-02-28,COMPLETED,14,1050,RETURNED,ON_TIME
A006650,I04471,U0922,U0839,BORROW,2026-03-08,2026-03-07,2026-03-18,COMPLETED,10,2950,RETURNED,ON_TIME
A006651,I03536,U0109,U0468,SWAP,2026-07-24,2026-07-23,2026-07-24,COMPLETED,0,1150,COMPLETED,NA
A006652,I04499,U0601,U0764,SWAP,2026-03-24,2026-03-22,2026-03-24,COMPLETED,0,2400,COMPLETED,NA
A006653,I00177,U0961,U0594,SELL,2026-03-18,2026-03-15,2026-03-18,COMPLETED,0,1200,COMPLETED,NA
A006654,I00732,U0242,U0300,BORROW,2026-03-23,2026-03-21,2026-03-26,COMPLETED,3,500,RETURNED,ON_TIME
A006655,I00578,U0173,U0547,BORROW,2026-05-04,2026-05-01,2026-05-09,ACTIVE,5,3000,NOT_RETURNED,PENDING
A006656,I00305,U0752,U0892,SWAP,2026-01-16,2026-01-14,2026-01-16,COMPLETED,0,1800,COMPLETED,NA
A006657,I02952,U0121,U0847,GIVEAWAY,2026-01-29,2026-01-26,2026-01-29,COMPLETED,0,450,COMPLETED,NA
A006658,I04323,U0437,U0517,GIVEAWAY,2025-12-18,2025-12-17,2025-12-18,COMPLETED,0,1850,COMPLETED,NA
A006659,I01998,U0854,U0720,SWAP,2025-10-30,2025-10-27,2025-10-30,COMPLETED,0,400,COMPLETED,NA
A006660,I02454,U0009,U0914,GIVEAWAY,2025-09-15,2025-09-14,2025-09-15,COMPLETED,0,3750,COMPLETED,NA
A006661,I00739,U0653,U0483,SWAP,2025-09-20,2025-09-19,2025-09-20,COMPLETED,0,1050,COMPLETED,NA
A006662,I01753,U0770,U0061,SWAP,2026-01-22,2026-01-22,2026-01-22,CANCELLED,0,950,CANCELLED,NA
A006663,I03384,U0207,U0320,SWAP,2026-04-04,2026-04-04,2026-04-04,CANCELLED,0,3550,CANCELLED,NA
A006664,I02935,U0431,U0182,SWAP,2026-01-28,2026-01-27,2026-01-28,COMPLETED,0,100,COMPLETED,NA
A006665,I00961,U0959,U0180,BORROW,2025-10-06,2025-10-02,2025-10-11,COMPLETED,5,850,RETURNED,ON_TIME
A006666,I00871,U0604,U0418,GIVEAWAY,2026-01-09,2026-01-05,2026-01-09,COMPLETED,0,2550,COMPLETED,NA
A006667,I04758,U0893,U1000,BORROW,2025-12-11,2025-12-10,2025-12-21,COMPLETED,10,450,RETURNED,ON_TIME
A006668,I00269,U0684,U0043,BORROW,2026-01-26,2026-01-25,2026-02-05,COMPLETED,10,1250,RETURNED,ON_TIME
A006669,I04471,U0934,U0839,BORROW,2026-05-26,2026-05-26,2026-06-09,COMPLETED,14,2950,RETURNED,ON_TIME
A006670,I01936,U0146,U0210,SWAP,2026-02-04,2026-02-03,2026-02-04,COMPLETED,0,550,COMPLETED,NA
A006671,I00416,U0779,U0374,SELL,2026-02-20,2026-02-17,2026-02-20,COMPLETED,0,3150,COMPLETED,NA
A006672,I03356,U0441,U0357,SELL,2025-10-25,2025-10-23,2025-10-25,COMPLETED,0,850,COMPLETED,NA
A006673,I01792,U0792,U0935,SWAP,2026-05-12,2026-05-12,2026-05-12,COMPLETED,0,1250,COMPLETED,NA
A006674,I00317,U0962,U0262,BORROW,2026-05-13,2026-05-09,2026-05-20,COMPLETED,7,1450,RETURNED,ON_TIME
A006675,I03959,U0828,U0126,BORROW,2026-07-03,2026-07-03,2026-07-24,OVERDUE,21,1950,NOT_RETURNED,LATE
A006676,I02688,U0227,U0917,SWAP,2026-01-28,2026-01-28,2026-01-28,COMPLETED,0,450,COMPLETED,NA
A006677,I00786,U0004,U0946,BORROW,2026-03-06,2026-03-05,2026-03-20,COMPLETED,14,1200,RETURNED,ON_TIME
A006678,I01126,U0274,U0428,GIVEAWAY,2026-01-27,2026-01-23,2026-01-27,COMPLETED,0,750,COMPLETED,NA
A006679,I01275,U0720,U0141,BORROW,2025-10-20,2025-10-18,2025-10-25,COMPLETED,5,1850,RETURNED,ON_TIME
A006680,I03898,U0498,U0922,BORROW,2026-03-20,2026-03-16,2026-04-10,COMPLETED,21,700,RETURNED,ON_TIME
A006681,I03132,U0236,U0942,SWAP,2026-07-10,2026-07-06,2026-07-10,COMPLETED,0,800,COMPLETED,NA
A006682,I02319,U0150,U0274,BORROW,2026-02-19,2026-02-15,2026-02-26,COMPLETED,7,950,RETURNED,LATE
A006683,I03941,U0148,U0713,SELL,2026-06-11,2026-06-07,2026-06-11,COMPLETED,0,550,COMPLETED,NA
A006684,I02324,U0034,U0004,GIVEAWAY,2026-05-04,2026-05-03,2026-05-04,COMPLETED,0,1150,COMPLETED,NA
A006685,I03314,U0339,U0797,BORROW,2026-05-12,2026-05-12,2026-05-26,ACTIVE,14,750,NOT_RETURNED,PENDING
A006686,I04723,U0006,U0137,BORROW,2026-01-05,2026-01-04,2026-01-10,CANCELLED,5,1000,CANCELLED,PENDING
A006687,I02277,U0532,U0959,BORROW,2026-01-14,2026-01-14,2026-01-17,ACTIVE,3,300,NOT_RETURNED,PENDING
A006688,I01046,U0359,U0270,BORROW,2025-09-04,2025-09-03,2025-09-18,COMPLETED,14,2250,RETURNED,ON_TIME
A006689,I00782,U0087,U0499,BORROW,2025-11-01,2025-10-31,2025-11-06,COMPLETED,5,5550,RETURNED,ON_TIME
A006690,I00625,U0116,U0830,BORROW,2026-01-07,2026-01-03,2026-01-28,COMPLETED,21,50,RETURNED,ON_TIME
A006691,I03892,U0398,U0511,SWAP,2026-01-01,2025-12-31,2026-01-01,COMPLETED,0,3350,COMPLETED,NA
A006692,I02749,U0362,U0106,BORROW,2026-07-20,2026-07-17,2026-07-22,COMPLETED,2,750,RETURNED,ON_TIME
A006693,I03019,U0397,U0443,BORROW,2025-10-18,2025-10-17,2025-10-20,COMPLETED,2,1500,RETURNED,LATE
A006694,I00203,U0586,U0199,GIVEAWAY,2025-10-03,2025-10-03,2025-10-03,COMPLETED,0,350,COMPLETED,NA
A006695,I00515,U0045,U0980,GIVEAWAY,2025-10-22,2025-10-21,2025-10-22,COMPLETED,0,2100,COMPLETED,NA
A006696,I00337,U0607,U0995,BORROW,2025-10-01,2025-10-01,2025-10-08,CANCELLED,7,2150,CANCELLED,PENDING
A006697,I01144,U0553,U0357,SWAP,2025-10-15,2025-10-13,2025-10-15,COMPLETED,0,1800,COMPLETED,NA
A006698,I04963,U0706,U0770,SWAP,2026-06-07,2026-06-04,2026-06-07,COMPLETED,0,800,COMPLETED,NA
A006699,I00301,U0283,U0421,BORROW,2026-03-27,2026-03-24,2026-04-03,COMPLETED,7,2650,RETURNED,ON_TIME
A006700,I03669,U0057,U0915,BORROW,2026-07-15,2026-07-15,2026-07-20,COMPLETED,5,1300,RETURNED,ON_TIME
A006701,I02881,U0104,U0608,BORROW,2026-07-07,2026-07-06,2026-07-10,COMPLETED,3,2550,RETURNED,ON_TIME
A006702,I00019,U0468,U0572,GIVEAWAY,2025-10-27,2025-10-24,2025-10-27,COMPLETED,0,1600,COMPLETED,NA
A006703,I01341,U0406,U0978,GIVEAWAY,2026-06-27,2026-06-25,2026-06-27,COMPLETED,0,1600,COMPLETED,NA
A006704,I02797,U0216,U0134,BORROW,2026-01-17,2026-01-16,2026-02-07,COMPLETED,21,1500,RETURNED,ON_TIME
A006705,I03391,U0805,U0964,BORROW,2025-09-25,2025-09-24,2025-10-16,COMPLETED,21,3450,RETURNED,ON_TIME
A006706,I01573,U0533,U0791,BORROW,2026-02-25,2026-02-25,2026-03-07,OVERDUE,10,1150,NOT_RETURNED,LATE
A006707,I00823,U0209,U0076,GIVEAWAY,2026-02-07,2026-02-03,2026-02-07,COMPLETED,0,1600,COMPLETED,NA
A006708,I04717,U0376,U0982,GIVEAWAY,2025-11-07,2025-11-03,2025-11-07,COMPLETED,0,1600,COMPLETED,NA
A006709,I04488,U0070,U0657,SELL,2026-01-30,2026-01-27,2026-01-30,COMPLETED,0,600,COMPLETED,NA
A006710,I03700,U0424,U0283,BORROW,2026-06-03,2026-05-30,2026-06-08,CANCELLED,5,350,CANCELLED,PENDING
A006711,I02944,U0851,U0044,BORROW,2026-03-31,2026-03-31,2026-04-02,COMPLETED,2,2350,RETURNED,ON_TIME
A006712,I01349,U0539,U0038,GIVEAWAY,2026-02-25,2026-02-23,2026-02-25,COMPLETED,0,3900,COMPLETED,NA
A006713,I03007,U0008,U0933,BORROW,2026-02-06,2026-02-04,2026-02-13,COMPLETED,7,2150,RETURNED,ON_TIME
A006714,I04064,U0249,U0541,BORROW,2026-05-15,2026-05-11,2026-05-25,COMPLETED,10,750,RETURNED,LATE
A006715,I04963,U0088,U0770,SWAP,2026-03-15,2026-03-13,2026-03-15,COMPLETED,0,800,COMPLETED,NA
A006716,I04944,U0892,U0490,GIVEAWAY,2026-06-23,2026-06-19,2026-06-23,COMPLETED,0,950,COMPLETED,NA
A006717,I01598,U0419,U0769,BORROW,2026-01-13,2026-01-09,2026-02-03,COMPLETED,21,2200,RETURNED,ON_TIME
A006718,I01625,U0773,U0543,BORROW,2025-09-21,2025-09-17,2025-10-01,COMPLETED,10,1400,RETURNED,ON_TIME
A006719,I03258,U0902,U0449,SWAP,2026-04-20,2026-04-20,2026-04-20,COMPLETED,0,400,COMPLETED,NA
A006720,I03604,U0299,U0516,BORROW,2026-05-20,2026-05-20,2026-05-23,COMPLETED,3,2100,RETURNED,ON_TIME
A006721,I04861,U0863,U0931,BORROW,2026-04-29,2026-04-28,2026-05-20,COMPLETED,21,2000,RETURNED,ON_TIME
A006722,I03698,U0614,U0360,BORROW,2025-09-15,2025-09-12,2025-09-17,COMPLETED,2,2200,RETURNED,ON_TIME
A006723,I03579,U0725,U0381,BORROW,2026-02-15,2026-02-13,2026-02-20,OVERDUE,5,600,NOT_RETURNED,LATE
A006724,I02489,U0350,U0168,BORROW,2025-10-08,2025-10-08,2025-10-18,COMPLETED,10,5500,RETURNED,ON_TIME
A006725,I04220,U0917,U0152,BORROW,2026-07-11,2026-07-08,2026-08-01,OVERDUE,21,600,NOT_RETURNED,LATE
A006726,I02824,U0984,U0688,GIVEAWAY,2026-03-24,2026-03-24,2026-03-24,COMPLETED,0,550,COMPLETED,NA
A006727,I00648,U0540,U0434,GIVEAWAY,2026-06-18,2026-06-16,2026-06-18,COMPLETED,0,150,COMPLETED,NA
A006728,I00465,U0611,U0956,BORROW,2026-01-11,2026-01-10,2026-01-25,COMPLETED,14,2000,RETURNED,ON_TIME
A006729,I02273,U0045,U0482,SWAP,2025-10-24,2025-10-24,2025-10-24,COMPLETED,0,450,COMPLETED,NA
A006730,I00580,U0133,U0627,BORROW,2025-12-04,2025-12-04,2025-12-09,ACTIVE,5,1500,NOT_RETURNED,PENDING
A006731,I04045,U0519,U0974,BORROW,2026-03-10,2026-03-09,2026-03-24,ACTIVE,14,150,NOT_RETURNED,PENDING
A006732,I02790,U0872,U0494,BORROW,2025-11-25,2025-11-23,2025-11-27,COMPLETED,2,400,RETURNED,ON_TIME
A006733,I02898,U0205,U0871,GIVEAWAY,2025-10-26,2025-10-23,2025-10-26,COMPLETED,0,400,COMPLETED,NA
A006734,I02948,U0743,U0356,BORROW,2026-02-20,2026-02-19,2026-02-27,ACTIVE,7,2900,NOT_RETURNED,PENDING
A006735,I04969,U0991,U0719,SWAP,2025-09-15,2025-09-11,2025-09-15,COMPLETED,0,500,COMPLETED,NA
A006736,I04789,U0439,U0122,BORROW,2025-11-19,2025-11-17,2025-12-03,CANCELLED,14,800,CANCELLED,PENDING
A006737,I02320,U0721,U0135,BORROW,2026-04-01,2026-03-29,2026-04-22,COMPLETED,21,1700,RETURNED,ON_TIME
A006738,I02189,U0610,U0872,GIVEAWAY,2025-11-03,2025-11-02,2025-11-03,COMPLETED,0,5150,COMPLETED,NA
A006739,I04569,U0960,U0989,SELL,2025-12-29,2025-12-26,2025-12-29,COMPLETED,0,1750,COMPLETED,NA
A006740,I02663,U0148,U0702,BORROW,2025-11-26,2025-11-26,2025-11-29,COMPLETED,3,700,RETURNED,LATE
A006741,I00477,U0477,U0190,BORROW,2025-09-13,2025-09-09,2025-09-15,COMPLETED,2,1000,RETURNED,ON_TIME
A006742,I04353,U0689,U0307,SWAP,2026-05-18,2026-05-16,2026-05-18,COMPLETED,0,1250,COMPLETED,NA
A006743,I00063,U0564,U0656,SWAP,2026-02-12,2026-02-08,2026-02-12,COMPLETED,0,1250,COMPLETED,NA
A006744,I02019,U0891,U0580,SELL,2025-12-18,2025-12-18,2025-12-18,COMPLETED,0,2150,COMPLETED,NA
A006745,I00990,U0832,U0052,GIVEAWAY,2026-04-20,2026-04-17,2026-04-20,COMPLETED,0,700,COMPLETED,NA
A006746,I01039,U0702,U0314,GIVEAWAY,2026-07-08,2026-07-05,2026-07-08,COMPLETED,0,1300,COMPLETED,NA
A006747,I01361,U0180,U0968,BORROW,2026-03-16,2026-03-13,2026-03-21,CANCELLED,5,950,CANCELLED,PENDING
A006748,I03934,U0754,U0261,SELL,2025-09-07,2025-09-04,2025-09-07,COMPLETED,0,2050,COMPLETED,NA
A006749,I01381,U0923,U0844,SELL,2025-10-29,2025-10-25,2025-10-29,COMPLETED,0,1450,COMPLETED,NA
A006750,I00369,U0476,U0983,BORROW,2025-10-12,2025-10-11,2025-10-19,COMPLETED,7,950,RETURNED,ON_TIME
A006751,I02978,U0286,U0345,BORROW,2026-04-04,2026-04-01,2026-04-25,CANCELLED,21,1950,CANCELLED,PENDING
A006752,I02614,U0061,U0382,SWAP,2026-03-23,2026-03-20,2026-03-23,COMPLETED,0,2450,COMPLETED,NA
A006753,I00209,U0408,U0669,BORROW,2026-06-30,2026-06-26,2026-07-03,COMPLETED,3,4200,RETURNED,ON_TIME
A006754,I03885,U0834,U0957,BORROW,2025-10-16,2025-10-12,2025-10-30,COMPLETED,14,1100,RETURNED,ON_TIME
A006755,I01789,U0623,U0834,SWAP,2025-12-12,2025-12-08,2025-12-12,CANCELLED,0,700,CANCELLED,NA
A006756,I02176,U0383,U0656,SWAP,2025-12-24,2025-12-23,2025-12-24,COMPLETED,0,350,COMPLETED,NA
A006757,I04793,U0006,U0194,GIVEAWAY,2025-12-18,2025-12-17,2025-12-18,COMPLETED,0,200,COMPLETED,NA
A006758,I00297,U0202,U0755,GIVEAWAY,2025-09-11,2025-09-09,2025-09-11,COMPLETED,0,350,COMPLETED,NA
A006759,I03323,U0995,U0728,SWAP,2026-05-20,2026-05-17,2026-05-20,COMPLETED,0,250,COMPLETED,NA
A006760,I04858,U0945,U0520,SWAP,2026-06-14,2026-06-13,2026-06-14,COMPLETED,0,1650,COMPLETED,NA
A006761,I04165,U0192,U0568,BORROW,2026-03-14,2026-03-12,2026-03-28,COMPLETED,14,50,RETURNED,ON_TIME
A006762,I00312,U0825,U0215,GIVEAWAY,2026-03-23,2026-03-23,2026-03-23,COMPLETED,0,650,COMPLETED,NA
A006763,I02032,U0279,U0585,GIVEAWAY,2026-07-27,2026-07-27,2026-07-27,COMPLETED,0,1350,COMPLETED,NA
A006764,I04941,U0715,U0294,BORROW,2026-01-08,2026-01-07,2026-01-13,ACTIVE,5,1150,NOT_RETURNED,PENDING
A006765,I03314,U0443,U0797,BORROW,2026-02-11,2026-02-07,2026-02-13,COMPLETED,2,750,RETURNED,ON_TIME
A006766,I04501,U0513,U0904,SWAP,2026-05-27,2026-05-24,2026-05-27,COMPLETED,0,2300,COMPLETED,NA
A006767,I01486,U0290,U0497,BORROW,2026-01-25,2026-01-24,2026-02-15,COMPLETED,21,750,RETURNED,LATE
A006768,I02643,U0332,U0117,GIVEAWAY,2025-09-02,2025-09-02,2025-09-02,COMPLETED,0,1100,COMPLETED,NA
A006769,I02548,U0448,U0505,SELL,2025-12-29,2025-12-28,2025-12-29,COMPLETED,0,800,COMPLETED,NA
A006770,I02189,U0221,U0872,BORROW,2025-09-03,2025-09-01,2025-09-05,COMPLETED,2,5150,RETURNED,LATE
A006771,I00200,U0421,U0857,GIVEAWAY,2026-03-16,2026-03-14,2026-03-16,COMPLETED,0,650,COMPLETED,NA
A006772,I02579,U0329,U0442,SWAP,2026-02-05,2026-02-01,2026-02-05,COMPLETED,0,2450,COMPLETED,NA
A006773,I01703,U0195,U0725,BORROW,2026-01-26,2026-01-24,2026-02-05,COMPLETED,10,400,RETURNED,ON_TIME
A006774,I03427,U0226,U0205,BORROW,2025-12-02,2025-12-01,2025-12-07,CANCELLED,5,1800,CANCELLED,PENDING
A006775,I04763,U0160,U0764,BORROW,2025-09-24,2025-09-21,2025-09-27,COMPLETED,3,250,RETURNED,ON_TIME
A006776,I04905,U0546,U0362,SWAP,2025-09-02,2025-08-29,2025-09-02,COMPLETED,0,1200,COMPLETED,NA
A006777,I03198,U0675,U0608,GIVEAWAY,2025-12-19,2025-12-15,2025-12-19,COMPLETED,0,550,COMPLETED,NA
A006778,I03248,U0464,U0936,GIVEAWAY,2025-11-16,2025-11-16,2025-11-16,COMPLETED,0,1500,COMPLETED,NA
A006779,I03418,U0982,U0673,BORROW,2025-09-13,2025-09-12,2025-10-04,ACTIVE,21,600,NOT_RETURNED,PENDING
A006780,I01198,U0240,U0905,SWAP,2026-04-01,2026-03-28,2026-04-01,CANCELLED,0,1550,CANCELLED,NA
A006781,I02110,U0663,U0864,BORROW,2025-10-16,2025-10-13,2025-10-21,ACTIVE,5,1250,NOT_RETURNED,PENDING
A006782,I04498,U0847,U0653,BORROW,2026-06-06,2026-06-03,2026-06-16,COMPLETED,10,1100,RETURNED,ON_TIME
A006783,I01873,U0769,U0939,SWAP,2026-02-07,2026-02-06,2026-02-07,COMPLETED,0,850,COMPLETED,NA
A006784,I03070,U0547,U0886,BORROW,2026-06-11,2026-06-08,2026-06-25,ACTIVE,14,1550,NOT_RETURNED,PENDING
A006785,I04266,U0185,U0006,GIVEAWAY,2026-04-24,2026-04-21,2026-04-24,COMPLETED,0,1700,COMPLETED,NA
A006786,I02807,U0778,U0066,SWAP,2026-05-16,2026-05-12,2026-05-16,COMPLETED,0,800,COMPLETED,NA
A006787,I03895,U0313,U0947,GIVEAWAY,2026-05-08,2026-05-05,2026-05-08,COMPLETED,0,100,COMPLETED,NA
A006788,I01327,U0229,U0076,BORROW,2026-03-16,2026-03-15,2026-04-06,COMPLETED,21,2200,RETURNED,LATE
A006789,I00369,U0854,U0983,BORROW,2025-10-12,2025-10-11,2025-10-26,COMPLETED,14,950,RETURNED,ON_TIME
A006790,I00932,U0012,U0608,BORROW,2025-09-27,2025-09-25,2025-10-11,COMPLETED,14,3900,RETURNED,ON_TIME
A006791,I02065,U0093,U0122,SWAP,2026-06-21,2026-06-21,2026-06-21,COMPLETED,0,200,COMPLETED,NA
A006792,I00703,U0490,U0915,BORROW,2026-01-22,2026-01-22,2026-02-12,COMPLETED,21,1200,RETURNED,ON_TIME
A006793,I00981,U0821,U0431,SWAP,2026-02-09,2026-02-06,2026-02-09,COMPLETED,0,1800,COMPLETED,NA
A006794,I02443,U0141,U0161,GIVEAWAY,2025-11-28,2025-11-26,2025-11-28,COMPLETED,0,1900,COMPLETED,NA
A006795,I02034,U0387,U0730,BORROW,2025-10-13,2025-10-09,2025-10-18,ACTIVE,5,850,NOT_RETURNED,PENDING
A006796,I04944,U0125,U0490,BORROW,2026-03-27,2026-03-25,2026-04-03,ACTIVE,7,950,NOT_RETURNED,PENDING
A006797,I00716,U0148,U0831,SELL,2026-02-01,2026-01-28,2026-02-01,COMPLETED,0,2250,COMPLETED,NA
A006798,I04408,U0134,U0067,BORROW,2026-02-19,2026-02-19,2026-03-05,COMPLETED,14,1250,RETURNED,ON_TIME
A006799,I00782,U0550,U0499,SWAP,2026-06-11,2026-06-07,2026-06-11,CANCELLED,0,5550,CANCELLED,NA
A006800,I00780,U0152,U0718,SWAP,2026-01-13,2026-01-12,2026-01-13,COMPLETED,0,1300,COMPLETED,NA
A006801,I03328,U0438,U0339,SELL,2026-06-27,2026-06-27,2026-06-27,COMPLETED,0,850,COMPLETED,NA
A006802,I02768,U0501,U0324,SELL,2026-07-03,2026-07-03,2026-07-03,COMPLETED,0,1200,COMPLETED,NA
A006803,I02085,U0713,U0688,SWAP,2026-02-10,2026-02-09,2026-02-10,COMPLETED,0,1950,COMPLETED,NA
A006804,I01078,U0204,U0667,SELL,2025-11-29,2025-11-28,2025-11-29,COMPLETED,0,1700,COMPLETED,NA
A006805,I01076,U0182,U0511,SWAP,2025-12-07,2025-12-06,2025-12-07,COMPLETED,0,850,COMPLETED,NA
A006806,I02909,U0638,U0890,GIVEAWAY,2026-02-23,2026-02-23,2026-02-23,COMPLETED,0,2050,COMPLETED,NA
A006807,I01095,U0497,U0986,BORROW,2026-04-25,2026-04-22,2026-05-02,COMPLETED,7,1500,RETURNED,ON_TIME
A006808,I02589,U0048,U0407,GIVEAWAY,2025-09-22,2025-09-21,2025-09-22,COMPLETED,0,1600,COMPLETED,NA
A006809,I04977,U0846,U0493,SELL,2025-12-28,2025-12-27,2025-12-28,COMPLETED,0,1650,COMPLETED,NA
A006810,I03699,U0112,U0210,BORROW,2025-09-13,2025-09-10,2025-09-27,COMPLETED,14,1100,RETURNED,ON_TIME
A006811,I00627,U0464,U0226,SWAP,2026-04-24,2026-04-24,2026-04-24,COMPLETED,0,300,COMPLETED,NA
A006812,I04793,U0781,U0194,BORROW,2026-01-13,2026-01-13,2026-01-15,COMPLETED,2,200,RETURNED,ON_TIME
A006813,I02867,U0063,U0277,SELL,2025-12-04,2025-12-02,2025-12-04,COMPLETED,0,1750,COMPLETED,NA
A006814,I03950,U0410,U0968,BORROW,2026-05-17,2026-05-17,2026-05-24,OVERDUE,7,550,NOT_RETURNED,LATE
A006815,I03987,U0731,U0072,BORROW,2026-05-21,2026-05-20,2026-06-04,COMPLETED,14,1600,RETURNED,ON_TIME
A006816,I02743,U0394,U0439,GIVEAWAY,2026-04-26,2026-04-24,2026-04-26,COMPLETED,0,2450,COMPLETED,NA
A006817,I04440,U0479,U0103,BORROW,2026-02-09,2026-02-05,2026-02-23,COMPLETED,14,1500,RETURNED,ON_TIME
A006818,I00803,U0894,U0522,BORROW,2026-03-13,2026-03-09,2026-03-27,COMPLETED,14,700,RETURNED,ON_TIME
A006819,I02470,U0291,U0624,BORROW,2025-11-02,2025-10-30,2025-11-23,COMPLETED,21,1400,RETURNED,ON_TIME
A006820,I03307,U0247,U0936,BORROW,2026-07-17,2026-07-15,2026-07-31,COMPLETED,14,550,RETURNED,ON_TIME
A006821,I03464,U0523,U0493,BORROW,2026-07-09,2026-07-09,2026-07-16,COMPLETED,7,1050,RETURNED,ON_TIME
A006822,I04032,U0132,U0557,BORROW,2026-02-10,2026-02-09,2026-02-15,ACTIVE,5,950,NOT_RETURNED,PENDING
A006823,I02328,U0800,U0889,BORROW,2026-04-07,2026-04-03,2026-04-10,COMPLETED,3,500,RETURNED,ON_TIME
A006824,I04335,U0391,U0888,SELL,2025-10-14,2025-10-11,2025-10-14,COMPLETED,0,1350,COMPLETED,NA
A006825,I03857,U0169,U0575,SWAP,2026-02-13,2026-02-11,2026-02-13,COMPLETED,0,650,COMPLETED,NA
A006826,I02489,U0225,U0168,SWAP,2026-03-04,2026-03-03,2026-03-04,COMPLETED,0,5500,COMPLETED,NA
A006827,I04500,U0415,U0455,GIVEAWAY,2026-04-30,2026-04-30,2026-04-30,CANCELLED,0,400,CANCELLED,NA
A006828,I00686,U0502,U0380,BORROW,2025-09-05,2025-09-05,2025-09-26,ACTIVE,21,1350,NOT_RETURNED,PENDING
A006829,I02137,U0819,U0466,BORROW,2026-05-09,2026-05-09,2026-05-23,COMPLETED,14,1900,RETURNED,ON_TIME
A006830,I02077,U0121,U0753,GIVEAWAY,2025-09-11,2025-09-08,2025-09-11,COMPLETED,0,900,COMPLETED,NA
A006831,I02818,U0329,U0335,SELL,2025-09-03,2025-09-01,2025-09-03,COMPLETED,0,1550,COMPLETED,NA
A006832,I03659,U0528,U0272,BORROW,2026-03-20,2026-03-16,2026-03-25,ACTIVE,5,2050,NOT_RETURNED,PENDING
A006833,I02983,U0800,U0305,GIVEAWAY,2026-06-10,2026-06-06,2026-06-10,COMPLETED,0,500,COMPLETED,NA
A006834,I00754,U0701,U0012,BORROW,2026-02-12,2026-02-08,2026-02-22,CANCELLED,10,1800,CANCELLED,PENDING
A006835,I03918,U0550,U0193,GIVEAWAY,2026-07-23,2026-07-23,2026-07-23,COMPLETED,0,150,COMPLETED,NA
A006836,I00068,U0896,U0440,GIVEAWAY,2026-03-04,2026-03-02,2026-03-04,COMPLETED,0,2600,COMPLETED,NA
A006837,I03459,U0013,U0436,SWAP,2026-01-15,2026-01-11,2026-01-15,COMPLETED,0,550,COMPLETED,NA
A006838,I03000,U0494,U0306,SELL,2025-12-11,2025-12-11,2025-12-11,CANCELLED,0,1000,CANCELLED,NA
A006839,I04372,U0701,U0127,GIVEAWAY,2026-06-18,2026-06-15,2026-06-18,COMPLETED,0,2150,COMPLETED,NA
A006840,I04470,U0652,U0731,BORROW,2026-07-14,2026-07-10,2026-07-19,COMPLETED,5,550,RETURNED,ON_TIME
A006841,I02522,U0812,U0041,BORROW,2026-01-09,2026-01-08,2026-01-14,COMPLETED,5,3500,RETURNED,LATE
A006842,I02721,U0884,U0121,GIVEAWAY,2025-09-26,2025-09-26,2025-09-26,COMPLETED,0,1050,COMPLETED,NA
A006843,I02500,U0930,U0267,SWAP,2026-07-28,2026-07-24,2026-07-28,COMPLETED,0,1200,COMPLETED,NA
A006844,I03386,U0532,U0927,BORROW,2026-03-17,2026-03-15,2026-03-22,COMPLETED,5,950,RETURNED,ON_TIME
A006845,I03529,U0764,U0732,GIVEAWAY,2025-10-07,2025-10-07,2025-10-07,COMPLETED,0,1500,COMPLETED,NA
A006846,I04656,U0839,U0497,BORROW,2026-05-07,2026-05-04,2026-05-12,COMPLETED,5,750,RETURNED,LATE
A006847,I03244,U0545,U0997,BORROW,2026-01-22,2026-01-22,2026-02-12,COMPLETED,21,1550,RETURNED,LATE
A006848,I04329,U0359,U0065,BORROW,2025-09-10,2025-09-06,2025-09-15,COMPLETED,5,1450,RETURNED,ON_TIME
A006849,I02631,U0991,U0400,BORROW,2026-04-18,2026-04-15,2026-05-09,COMPLETED,21,1000,RETURNED,LATE
A006850,I03861,U0393,U0378,BORROW,2025-10-12,2025-10-08,2025-10-17,COMPLETED,5,2000,RETURNED,ON_TIME
A006851,I04208,U0498,U0248,GIVEAWAY,2025-09-08,2025-09-06,2025-09-08,COMPLETED,0,2600,COMPLETED,NA
A006852,I04502,U0084,U0607,SWAP,2026-07-01,2026-06-28,2026-07-01,COMPLETED,0,6600,COMPLETED,NA
A006853,I00983,U0872,U0480,SELL,2025-10-12,2025-10-12,2025-10-12,COMPLETED,0,700,COMPLETED,NA
A006854,I04506,U0023,U0015,GIVEAWAY,2025-11-26,2025-11-26,2025-11-26,COMPLETED,0,1850,COMPLETED,NA
A006855,I04687,U0705,U0757,SWAP,2026-02-21,2026-02-20,2026-02-21,COMPLETED,0,600,COMPLETED,NA
A006856,I04060,U0360,U0785,BORROW,2026-02-26,2026-02-26,2026-03-12,OVERDUE,14,1250,NOT_RETURNED,LATE
A006857,I03217,U0095,U0346,BORROW,2026-02-04,2026-01-31,2026-02-25,COMPLETED,21,1100,RETURNED,ON_TIME
A006858,I02869,U0299,U0210,BORROW,2025-11-01,2025-10-29,2025-11-15,CANCELLED,14,1100,CANCELLED,PENDING
A006859,I04890,U0025,U0163,GIVEAWAY,2026-07-09,2026-07-07,2026-07-09,COMPLETED,0,450,COMPLETED,NA
A006860,I03484,U0640,U0194,BORROW,2026-04-27,2026-04-27,2026-05-11,COMPLETED,14,1350,RETURNED,ON_TIME
A006861,I03439,U0616,U0154,BORROW,2025-11-20,2025-11-20,2025-11-30,COMPLETED,10,1350,RETURNED,ON_TIME
A006862,I04557,U0956,U0058,BORROW,2026-05-06,2026-05-02,2026-05-16,COMPLETED,10,1100,RETURNED,ON_TIME
A006863,I00714,U0752,U0013,GIVEAWAY,2026-03-05,2026-03-03,2026-03-05,COMPLETED,0,4250,COMPLETED,NA
A006864,I03466,U0553,U0358,BORROW,2026-06-30,2026-06-30,2026-07-21,COMPLETED,21,300,RETURNED,ON_TIME
A006865,I03318,U0301,U0503,BORROW,2025-10-26,2025-10-23,2025-11-16,ACTIVE,21,600,NOT_RETURNED,PENDING
A006866,I02825,U0371,U0983,BORROW,2026-04-16,2026-04-15,2026-04-21,OVERDUE,5,750,NOT_RETURNED,LATE
A006867,I04834,U0793,U0643,GIVEAWAY,2026-02-11,2026-02-07,2026-02-11,COMPLETED,0,2500,COMPLETED,NA
A006868,I01573,U0187,U0791,SWAP,2025-09-02,2025-09-01,2025-09-02,CANCELLED,0,1150,CANCELLED,NA
A006869,I04805,U0604,U0862,BORROW,2026-04-23,2026-04-21,2026-05-07,COMPLETED,14,2200,RETURNED,ON_TIME
A006870,I01786,U0774,U0025,SELL,2025-10-01,2025-09-28,2025-10-01,COMPLETED,0,200,COMPLETED,NA
A006871,I02798,U0342,U0999,BORROW,2025-09-19,2025-09-19,2025-09-22,COMPLETED,3,1800,RETURNED,ON_TIME
A006872,I03810,U0453,U0226,SWAP,2026-02-24,2026-02-23,2026-02-24,COMPLETED,0,350,COMPLETED,NA
A006873,I00468,U0438,U0592,SWAP,2026-07-12,2026-07-08,2026-07-12,COMPLETED,0,550,COMPLETED,NA
A006874,I04205,U0058,U0002,GIVEAWAY,2026-03-21,2026-03-19,2026-03-21,COMPLETED,0,2300,COMPLETED,NA
A006875,I00352,U0883,U0059,GIVEAWAY,2026-01-07,2026-01-03,2026-01-07,COMPLETED,0,2100,COMPLETED,NA
A006876,I00518,U0519,U0580,BORROW,2025-12-06,2025-12-02,2025-12-13,COMPLETED,7,3350,RETURNED,ON_TIME
A006877,I01032,U0331,U0539,SWAP,2026-03-16,2026-03-16,2026-03-16,COMPLETED,0,450,COMPLETED,NA
A006878,I04718,U0111,U0436,SWAP,2025-09-29,2025-09-28,2025-09-29,COMPLETED,0,750,COMPLETED,NA
A006879,I04744,U0772,U0248,BORROW,2025-09-03,2025-09-02,2025-09-17,COMPLETED,14,1350,RETURNED,LATE
A006880,I02392,U0619,U0268,SWAP,2025-11-10,2025-11-08,2025-11-10,COMPLETED,0,1750,COMPLETED,NA
A006881,I02908,U0714,U0170,SWAP,2026-07-02,2026-06-29,2026-07-02,COMPLETED,0,1200,COMPLETED,NA
A006882,I00402,U0853,U0908,BORROW,2026-04-25,2026-04-22,2026-04-27,COMPLETED,2,300,RETURNED,ON_TIME
A006883,I00579,U0478,U0691,BORROW,2026-05-25,2026-05-21,2026-06-08,COMPLETED,14,1600,RETURNED,ON_TIME
A006884,I02446,U0538,U0608,SWAP,2025-11-28,2025-11-27,2025-11-28,COMPLETED,0,200,COMPLETED,NA
A006885,I00968,U0999,U0232,GIVEAWAY,2026-07-19,2026-07-17,2026-07-19,COMPLETED,0,3100,COMPLETED,NA
A006886,I04925,U0382,U0116,BORROW,2026-01-14,2026-01-10,2026-01-16,ACTIVE,2,1550,NOT_RETURNED,PENDING
A006887,I03007,U0292,U0933,GIVEAWAY,2025-10-27,2025-10-26,2025-10-27,COMPLETED,0,2150,COMPLETED,NA
A006888,I01598,U0184,U0769,BORROW,2026-06-22,2026-06-21,2026-06-24,COMPLETED,2,2200,RETURNED,ON_TIME
A006889,I00348,U0161,U0149,GIVEAWAY,2026-04-19,2026-04-19,2026-04-19,COMPLETED,0,350,COMPLETED,NA
A006890,I02372,U0979,U0579,SELL,2026-03-03,2026-03-03,2026-03-03,COMPLETED,0,6650,COMPLETED,NA
A006891,I02354,U0229,U0733,GIVEAWAY,2025-11-27,2025-11-23,2025-11-27,COMPLETED,0,1000,COMPLETED,NA
A006892,I02931,U0838,U0963,SWAP,2025-12-01,2025-11-29,2025-12-01,COMPLETED,0,1150,COMPLETED,NA
A006893,I00041,U0231,U0760,SWAP,2025-10-14,2025-10-12,2025-10-14,COMPLETED,0,450,COMPLETED,NA
A006894,I04312,U0181,U0475,BORROW,2026-03-28,2026-03-25,2026-04-18,COMPLETED,21,2200,RETURNED,LATE
A006895,I03865,U0436,U0898,SWAP,2025-12-03,2025-12-01,2025-12-03,COMPLETED,0,150,COMPLETED,NA
A006896,I01873,U0537,U0939,SELL,2025-11-18,2025-11-16,2025-11-18,COMPLETED,0,850,COMPLETED,NA
A006897,I03974,U0989,U0916,BORROW,2025-12-19,2025-12-18,2026-01-02,COMPLETED,14,950,RETURNED,ON_TIME
A006898,I01153,U0929,U0906,SWAP,2026-02-13,2026-02-09,2026-02-13,COMPLETED,0,2500,COMPLETED,NA
A006899,I00239,U0569,U0506,GIVEAWAY,2026-02-27,2026-02-24,2026-02-27,COMPLETED,0,2700,COMPLETED,NA
A006900,I00657,U0494,U0306,GIVEAWAY,2025-12-12,2025-12-09,2025-12-12,COMPLETED,0,700,COMPLETED,NA
A006901,I00216,U0202,U0277,SELL,2026-05-21,2026-05-17,2026-05-21,COMPLETED,0,1800,COMPLETED,NA
A006902,I03522,U0862,U0600,SELL,2026-07-13,2026-07-12,2026-07-13,COMPLETED,0,1100,COMPLETED,NA
A006903,I04497,U0755,U0473,BORROW,2026-05-30,2026-05-27,2026-06-01,COMPLETED,2,1200,RETURNED,ON_TIME
A006904,I00837,U0544,U0351,SWAP,2026-06-25,2026-06-25,2026-06-25,COMPLETED,0,400,COMPLETED,NA
A006905,I02520,U0462,U0236,BORROW,2026-06-27,2026-06-26,2026-07-07,COMPLETED,10,1250,RETURNED,ON_TIME
A006906,I01984,U0686,U0226,SELL,2026-06-16,2026-06-14,2026-06-16,COMPLETED,0,750,COMPLETED,NA
A006907,I04922,U0237,U0483,BORROW,2026-06-12,2026-06-09,2026-06-14,COMPLETED,2,4750,RETURNED,ON_TIME
A006908,I02176,U0570,U0656,SWAP,2026-04-17,2026-04-15,2026-04-17,COMPLETED,0,350,COMPLETED,NA
A006909,I02341,U0066,U0776,SWAP,2026-04-10,2026-04-09,2026-04-10,COMPLETED,0,2950,COMPLETED,NA
A006910,I04752,U0697,U0994,SELL,2025-09-22,2025-09-22,2025-09-22,COMPLETED,0,400,COMPLETED,NA
A006911,I03004,U0298,U0880,SWAP,2025-09-11,2025-09-09,2025-09-11,COMPLETED,0,1800,COMPLETED,NA
A006912,I00469,U0974,U0695,SELL,2025-10-09,2025-10-08,2025-10-09,COMPLETED,0,1250,COMPLETED,NA
A006913,I03053,U0616,U0985,BORROW,2026-04-06,2026-04-05,2026-04-13,COMPLETED,7,400,RETURNED,ON_TIME
A006914,I04483,U0032,U0769,BORROW,2026-02-08,2026-02-07,2026-02-15,COMPLETED,7,1500,RETURNED,ON_TIME
A006915,I02816,U0903,U0141,SWAP,2026-02-10,2026-02-08,2026-02-10,COMPLETED,0,3100,COMPLETED,NA
A006916,I00905,U0169,U0548,BORROW,2025-11-25,2025-11-21,2025-11-28,COMPLETED,3,600,RETURNED,LATE
A006917,I01373,U0062,U0083,SWAP,2026-07-28,2026-07-25,2026-07-28,COMPLETED,0,500,COMPLETED,NA
A006918,I01830,U0919,U0276,GIVEAWAY,2026-04-26,2026-04-25,2026-04-26,COMPLETED,0,650,COMPLETED,NA
A006919,I02382,U0642,U0138,GIVEAWAY,2026-03-10,2026-03-07,2026-03-10,COMPLETED,0,1000,COMPLETED,NA
A006920,I03762,U0617,U0662,BORROW,2025-12-08,2025-12-04,2025-12-13,COMPLETED,5,1200,RETURNED,ON_TIME
A006921,I03850,U0745,U0622,SWAP,2026-03-06,2026-03-05,2026-03-06,COMPLETED,0,1150,COMPLETED,NA
A006922,I04571,U0169,U0371,BORROW,2026-04-18,2026-04-14,2026-04-20,OVERDUE,2,800,NOT_RETURNED,LATE
A006923,I01597,U0695,U0107,BORROW,2026-04-09,2026-04-05,2026-04-30,ACTIVE,21,1000,NOT_RETURNED,PENDING
A006924,I04286,U0581,U0251,BORROW,2025-11-03,2025-11-02,2025-11-13,ACTIVE,10,2850,NOT_RETURNED,PENDING
A006925,I02185,U0743,U0701,SELL,2026-06-23,2026-06-19,2026-06-23,COMPLETED,0,100,COMPLETED,NA
A006926,I01975,U0394,U0436,SELL,2026-07-09,2026-07-05,2026-07-09,COMPLETED,0,150,COMPLETED,NA
A006927,I02715,U0970,U0212,BORROW,2025-11-08,2025-11-05,2025-11-22,COMPLETED,14,1550,RETURNED,LATE
A006928,I02691,U0028,U0087,BORROW,2026-02-17,2026-02-17,2026-02-20,COMPLETED,3,1250,RETURNED,ON_TIME
A006929,I02961,U0960,U0834,GIVEAWAY,2026-03-10,2026-03-07,2026-03-10,COMPLETED,0,1650,COMPLETED,NA
A006930,I01891,U0698,U0335,BORROW,2025-10-08,2025-10-04,2025-10-29,ACTIVE,21,1400,NOT_RETURNED,PENDING
A006931,I01306,U0704,U0186,BORROW,2025-10-11,2025-10-08,2025-10-25,COMPLETED,14,800,RETURNED,ON_TIME
A006932,I02765,U0048,U0631,SWAP,2026-02-11,2026-02-10,2026-02-11,COMPLETED,0,2100,COMPLETED,NA
A006933,I01533,U0228,U0062,BORROW,2026-02-07,2026-02-04,2026-02-10,ACTIVE,3,1850,NOT_RETURNED,PENDING
A006934,I02660,U0345,U0851,BORROW,2026-02-08,2026-02-06,2026-02-18,CANCELLED,10,450,CANCELLED,PENDING
A006935,I01208,U0159,U0246,SELL,2025-11-13,2025-11-11,2025-11-13,COMPLETED,0,2550,COMPLETED,NA
A006936,I02845,U0304,U0702,SWAP,2025-11-30,2025-11-28,2025-11-30,COMPLETED,0,50,COMPLETED,NA
A006937,I00978,U0047,U0006,BORROW,2025-12-29,2025-12-27,2026-01-12,COMPLETED,14,500,RETURNED,ON_TIME
A006938,I01376,U0347,U0577,BORROW,2026-05-06,2026-05-06,2026-05-08,COMPLETED,2,2550,RETURNED,ON_TIME
A006939,I00676,U0978,U0009,SWAP,2025-12-12,2025-12-12,2025-12-12,COMPLETED,0,550,COMPLETED,NA
A006940,I00799,U0258,U0598,BORROW,2025-11-09,2025-11-08,2025-11-14,ACTIVE,5,1600,NOT_RETURNED,PENDING
A006941,I03091,U0701,U0836,BORROW,2026-03-06,2026-03-02,2026-03-11,COMPLETED,5,2550,RETURNED,LATE
A006942,I03020,U0236,U0062,GIVEAWAY,2026-05-31,2026-05-31,2026-05-31,COMPLETED,0,750,COMPLETED,NA
A006943,I02755,U0273,U0334,GIVEAWAY,2025-10-02,2025-09-30,2025-10-02,COMPLETED,0,150,COMPLETED,NA
A006944,I02932,U0481,U0529,BORROW,2025-09-15,2025-09-11,2025-09-18,COMPLETED,3,2750,RETURNED,ON_TIME
A006945,I02032,U0910,U0585,BORROW,2026-01-18,2026-01-14,2026-02-08,OVERDUE,21,1350,NOT_RETURNED,LATE
A006946,I01426,U0014,U0215,BORROW,2025-12-18,2025-12-16,2025-12-21,ACTIVE,3,800,NOT_RETURNED,PENDING
A006947,I02645,U0228,U0704,SWAP,2025-10-29,2025-10-27,2025-10-29,COMPLETED,0,2200,COMPLETED,NA
A006948,I03757,U0573,U0708,SWAP,2025-09-10,2025-09-08,2025-09-10,COMPLETED,0,1850,COMPLETED,NA
A006949,I02118,U0397,U0984,SELL,2025-12-04,2025-11-30,2025-12-04,COMPLETED,0,200,COMPLETED,NA
A006950,I01090,U0239,U0524,BORROW,2026-04-17,2026-04-16,2026-04-19,COMPLETED,2,1450,RETURNED,ON_TIME
A006951,I00096,U0189,U0715,GIVEAWAY,2025-10-18,2025-10-16,2025-10-18,COMPLETED,0,750,COMPLETED,NA
A006952,I04525,U0289,U0703,BORROW,2026-02-15,2026-02-11,2026-02-18,ACTIVE,3,100,NOT_RETURNED,PENDING
A006953,I00616,U0495,U0643,BORROW,2025-11-17,2025-11-15,2025-12-08,COMPLETED,21,800,RETURNED,ON_TIME
A006954,I03800,U0190,U0893,GIVEAWAY,2025-12-25,2025-12-21,2025-12-25,CANCELLED,0,300,CANCELLED,NA
A006955,I01554,U0537,U0573,GIVEAWAY,2026-02-26,2026-02-25,2026-02-26,COMPLETED,0,1900,COMPLETED,NA
A006956,I00150,U0109,U0940,BORROW,2025-10-10,2025-10-09,2025-10-15,COMPLETED,5,850,RETURNED,ON_TIME
A006957,I02294,U0593,U0900,BORROW,2026-07-27,2026-07-27,2026-07-29,COMPLETED,2,1000,RETURNED,LATE
A006958,I03630,U0152,U0196,BORROW,2025-09-22,2025-09-19,2025-09-29,ACTIVE,7,1350,NOT_RETURNED,PENDING
A006959,I01574,U0315,U0923,BORROW,2025-09-10,2025-09-07,2025-09-24,COMPLETED,14,1000,RETURNED,ON_TIME
A006960,I02457,U0890,U0360,SWAP,2025-10-09,2025-10-08,2025-10-09,COMPLETED,0,1200,COMPLETED,NA
A006961,I03590,U0422,U0816,BORROW,2025-10-16,2025-10-16,2025-10-23,COMPLETED,7,450,RETURNED,LATE
A006962,I04086,U0560,U0874,GIVEAWAY,2026-02-02,2026-01-30,2026-02-02,COMPLETED,0,1100,COMPLETED,NA
A006963,I02610,U0879,U0201,SWAP,2025-10-31,2025-10-30,2025-10-31,COMPLETED,0,550,COMPLETED,NA
A006964,I02899,U0809,U0721,SELL,2026-05-25,2026-05-21,2026-05-25,COMPLETED,0,650,COMPLETED,NA
A006965,I01430,U0437,U0990,BORROW,2025-09-02,2025-08-29,2025-09-23,COMPLETED,21,300,RETURNED,LATE
A006966,I03615,U0255,U0278,GIVEAWAY,2026-04-17,2026-04-16,2026-04-17,COMPLETED,0,1350,COMPLETED,NA
A006967,I04377,U0388,U0531,SWAP,2026-06-29,2026-06-28,2026-06-29,COMPLETED,0,1300,COMPLETED,NA
A006968,I04586,U0374,U0568,BORROW,2026-06-01,2026-05-31,2026-06-08,CANCELLED,7,2500,CANCELLED,PENDING
A006969,I03768,U0232,U0976,SWAP,2025-10-11,2025-10-08,2025-10-11,COMPLETED,0,450,COMPLETED,NA
A006970,I03829,U0665,U0758,BORROW,2026-04-23,2026-04-21,2026-04-28,COMPLETED,5,1500,RETURNED,ON_TIME
A006971,I04580,U0363,U0807,SELL,2026-02-23,2026-02-20,2026-02-23,COMPLETED,0,750,COMPLETED,NA
A006972,I00433,U0515,U0729,SELL,2025-12-15,2025-12-14,2025-12-15,COMPLETED,0,650,COMPLETED,NA
A006973,I03886,U0928,U0832,BORROW,2025-10-27,2025-10-23,2025-11-01,COMPLETED,5,400,RETURNED,ON_TIME
A006974,I04985,U0806,U0558,SWAP,2026-04-27,2026-04-26,2026-04-27,COMPLETED,0,700,COMPLETED,NA
A006975,I03313,U0817,U0155,GIVEAWAY,2025-12-28,2025-12-26,2025-12-28,COMPLETED,0,1300,COMPLETED,NA
A006976,I04895,U0958,U0734,SWAP,2026-01-19,2026-01-17,2026-01-19,CANCELLED,0,2200,CANCELLED,NA
A006977,I00281,U0219,U0944,BORROW,2026-02-17,2026-02-17,2026-03-10,COMPLETED,21,1050,RETURNED,ON_TIME
A006978,I02490,U0246,U0916,BORROW,2025-12-01,2025-12-01,2025-12-15,COMPLETED,14,750,RETURNED,LATE
A006979,I03939,U0781,U0413,SWAP,2026-04-05,2026-04-05,2026-04-05,COMPLETED,0,1450,COMPLETED,NA
A006980,I04194,U0739,U0089,SWAP,2026-04-15,2026-04-12,2026-04-15,COMPLETED,0,4200,COMPLETED,NA
A006981,I02981,U0240,U0044,SELL,2026-05-09,2026-05-09,2026-05-09,COMPLETED,0,800,COMPLETED,NA
A006982,I00351,U0907,U0165,SWAP,2025-11-25,2025-11-24,2025-11-25,COMPLETED,0,1900,COMPLETED,NA
A006983,I03436,U0728,U0159,BORROW,2025-11-20,2025-11-18,2025-11-25,COMPLETED,5,200,RETURNED,ON_TIME
A006984,I03539,U0622,U0330,GIVEAWAY,2026-05-31,2026-05-27,2026-05-31,COMPLETED,0,3250,COMPLETED,NA
A006985,I00008,U0141,U0853,SWAP,2026-03-17,2026-03-13,2026-03-17,COMPLETED,0,2900,COMPLETED,NA
A006986,I04349,U0283,U0576,BORROW,2026-04-15,2026-04-13,2026-05-06,COMPLETED,21,4100,RETURNED,ON_TIME
A006987,I03995,U0209,U0755,BORROW,2026-06-23,2026-06-22,2026-07-07,COMPLETED,14,1150,RETURNED,ON_TIME
A006988,I02985,U0839,U0677,GIVEAWAY,2026-03-01,2026-02-26,2026-03-01,COMPLETED,0,2200,COMPLETED,NA
A006989,I04820,U0339,U0642,BORROW,2025-11-28,2025-11-24,2025-12-05,ACTIVE,7,300,NOT_RETURNED,PENDING
A006990,I03554,U0957,U0368,SELL,2026-01-15,2026-01-11,2026-01-15,COMPLETED,0,850,COMPLETED,NA
A006991,I00109,U0187,U0036,GIVEAWAY,2025-11-07,2025-11-04,2025-11-07,COMPLETED,0,950,COMPLETED,NA
A006992,I04844,U0104,U0079,SWAP,2026-01-13,2026-01-13,2026-01-13,COMPLETED,0,700,COMPLETED,NA
A006993,I04025,U0376,U0467,GIVEAWAY,2026-01-02,2025-12-31,2026-01-02,COMPLETED,0,1200,COMPLETED,NA
A006994,I03655,U0059,U0888,GIVEAWAY,2026-04-22,2026-04-21,2026-04-22,COMPLETED,0,100,COMPLETED,NA
A006995,I00642,U0950,U0073,BORROW,2026-01-31,2026-01-30,2026-02-02,COMPLETED,2,1150,RETURNED,ON_TIME
A006996,I00302,U0906,U0394,BORROW,2026-04-07,2026-04-06,2026-04-12,COMPLETED,5,4000,RETURNED,ON_TIME
A006997,I00834,U0547,U0840,BORROW,2026-03-06,2026-03-06,2026-03-16,CANCELLED,10,1050,CANCELLED,PENDING
A006998,I02709,U0249,U0674,GIVEAWAY,2026-03-15,2026-03-11,2026-03-15,COMPLETED,0,850,COMPLETED,NA
A006999,I04914,U0127,U0275,BORROW,2026-02-12,2026-02-08,2026-02-22,COMPLETED,10,2550,RETURNED,ON_TIME
A007000,I02611,U0665,U0367,BORROW,2026-04-19,2026-04-18,2026-05-03,COMPLETED,14,2150,RETURNED,ON_TIME
A007001,I03807,U0681,U0233,SWAP,2026-04-03,2026-04-01,2026-04-03,CANCELLED,0,1050,CANCELLED,NA
A007002,I01778,U0707,U0092,BORROW,2026-06-25,2026-06-24,2026-06-28,OVERDUE,3,2350,NOT_RETURNED,LATE
A007003,I01130,U0430,U0086,SELL,2026-01-18,2026-01-15,2026-01-18,COMPLETED,0,750,COMPLETED,NA
A007004,I04827,U0083,U0797,BORROW,2026-05-01,2026-04-27,2026-05-08,OVERDUE,7,750,NOT_RETURNED,LATE
A007005,I03596,U0923,U0368,BORROW,2025-10-14,2025-10-12,2025-10-28,COMPLETED,14,3100,RETURNED,ON_TIME
A007006,I03272,U0443,U0311,BORROW,2026-02-25,2026-02-22,2026-03-04,COMPLETED,7,2850,RETURNED,LATE
A007007,I01089,U0431,U0474,GIVEAWAY,2026-02-06,2026-02-02,2026-02-06,COMPLETED,0,700,COMPLETED,NA
A007008,I03988,U0475,U0099,SWAP,2026-02-08,2026-02-07,2026-02-08,COMPLETED,0,1300,COMPLETED,NA
A007009,I03226,U0860,U0485,BORROW,2025-09-11,2025-09-11,2025-10-02,OVERDUE,21,700,NOT_RETURNED,LATE
A007010,I04581,U0723,U0994,BORROW,2025-09-13,2025-09-10,2025-09-20,ACTIVE,7,1800,NOT_RETURNED,PENDING
A007011,I01602,U0436,U0050,SWAP,2026-03-25,2026-03-21,2026-03-25,COMPLETED,0,600,COMPLETED,NA
A007012,I02222,U0103,U0745,BORROW,2026-03-22,2026-03-18,2026-04-01,COMPLETED,10,4850,RETURNED,ON_TIME
A007013,I00693,U0991,U0816,SELL,2026-06-07,2026-06-03,2026-06-07,COMPLETED,0,700,COMPLETED,NA
A007014,I03240,U0649,U0469,SELL,2026-04-06,2026-04-03,2026-04-06,COMPLETED,0,600,COMPLETED,NA
A007015,I01595,U0431,U0444,BORROW,2025-09-16,2025-09-14,2025-09-18,COMPLETED,2,650,RETURNED,ON_TIME
A007016,I00379,U0401,U0793,BORROW,2025-11-09,2025-11-05,2025-11-11,COMPLETED,2,450,RETURNED,ON_TIME
A007017,I00135,U0695,U0894,SELL,2026-04-06,2026-04-04,2026-04-06,COMPLETED,0,1550,COMPLETED,NA
A007018,I03740,U0020,U0490,BORROW,2026-05-06,2026-05-04,2026-05-16,OVERDUE,10,300,NOT_RETURNED,LATE
A007019,I02382,U0668,U0138,SELL,2025-12-21,2025-12-18,2025-12-21,COMPLETED,0,1000,COMPLETED,NA
A007020,I01381,U0698,U0844,BORROW,2026-07-04,2026-07-01,2026-07-18,ACTIVE,14,1450,NOT_RETURNED,PENDING
A007021,I00858,U0538,U0509,BORROW,2025-10-05,2025-10-03,2025-10-10,COMPLETED,5,200,RETURNED,ON_TIME
A007022,I02886,U0043,U0735,GIVEAWAY,2026-07-10,2026-07-10,2026-07-10,COMPLETED,0,1700,COMPLETED,NA
A007023,I01374,U0613,U0375,BORROW,2026-07-07,2026-07-06,2026-07-17,CANCELLED,10,1400,CANCELLED,PENDING
A007024,I02088,U0100,U0256,GIVEAWAY,2025-10-23,2025-10-23,2025-10-23,COMPLETED,0,500,COMPLETED,NA
A007025,I01411,U0565,U0726,BORROW,2026-07-17,2026-07-13,2026-07-27,COMPLETED,10,1400,RETURNED,LATE
A007026,I00545,U0173,U0864,SWAP,2026-03-04,2026-03-01,2026-03-04,COMPLETED,0,950,COMPLETED,NA
A007027,I03609,U0824,U0008,BORROW,2026-07-04,2026-07-04,2026-07-25,COMPLETED,21,750,RETURNED,ON_TIME
A007028,I04986,U0992,U0786,GIVEAWAY,2025-10-06,2025-10-05,2025-10-06,COMPLETED,0,1900,COMPLETED,NA
A007029,I00937,U0568,U0405,SWAP,2026-01-21,2026-01-19,2026-01-21,COMPLETED,0,1350,COMPLETED,NA
A007030,I02739,U0020,U0368,GIVEAWAY,2026-03-27,2026-03-27,2026-03-27,COMPLETED,0,1500,COMPLETED,NA
A007031,I04116,U0645,U0418,BORROW,2026-05-08,2026-05-05,2026-05-22,COMPLETED,14,500,RETURNED,ON_TIME
A007032,I02504,U0348,U0455,SWAP,2026-07-14,2026-07-11,2026-07-14,COMPLETED,0,950,COMPLETED,NA
A007033,I04984,U0825,U0071,BORROW,2026-02-27,2026-02-27,2026-03-04,COMPLETED,5,1750,RETURNED,ON_TIME
A007034,I01159,U0147,U0347,SWAP,2026-05-07,2026-05-06,2026-05-07,CANCELLED,0,950,CANCELLED,NA
A007035,I04285,U0011,U0174,BORROW,2026-01-25,2026-01-23,2026-01-30,ACTIVE,5,50,NOT_RETURNED,PENDING
A007036,I02871,U0765,U0107,SWAP,2025-10-14,2025-10-11,2025-10-14,COMPLETED,0,1350,COMPLETED,NA
A007037,I01544,U0986,U0290,BORROW,2026-02-07,2026-02-04,2026-02-28,ACTIVE,21,800,NOT_RETURNED,PENDING
A007038,I00354,U0007,U0304,BORROW,2025-10-28,2025-10-24,2025-11-04,COMPLETED,7,850,RETURNED,ON_TIME
A007039,I00737,U0395,U0211,GIVEAWAY,2025-10-23,2025-10-19,2025-10-23,COMPLETED,0,1650,COMPLETED,NA
A007040,I02212,U0402,U0317,BORROW,2025-10-31,2025-10-28,2025-11-21,COMPLETED,21,1000,RETURNED,ON_TIME
A007041,I00334,U0922,U0438,BORROW,2025-10-20,2025-10-18,2025-10-23,COMPLETED,3,2400,RETURNED,ON_TIME
A007042,I04210,U0153,U0575,GIVEAWAY,2026-06-27,2026-06-24,2026-06-27,COMPLETED,0,1550,COMPLETED,NA
A007043,I03870,U0718,U0095,GIVEAWAY,2025-09-26,2025-09-24,2025-09-26,COMPLETED,0,350,COMPLETED,NA
A007044,I00141,U0314,U0030,SWAP,2026-02-24,2026-02-21,2026-02-24,COMPLETED,0,2050,COMPLETED,NA
A007045,I01952,U0453,U0896,BORROW,2025-12-31,2025-12-28,2026-01-14,ACTIVE,14,4750,NOT_RETURNED,PENDING
A007046,I03353,U0770,U0661,SELL,2026-06-01,2026-05-29,2026-06-01,COMPLETED,0,600,COMPLETED,NA
A007047,I00298,U0977,U0042,BORROW,2026-02-27,2026-02-23,2026-03-01,COMPLETED,2,1100,RETURNED,ON_TIME
A007048,I04141,U0552,U0214,GIVEAWAY,2026-02-11,2026-02-08,2026-02-11,COMPLETED,0,2550,COMPLETED,NA
A007049,I00913,U0381,U0893,BORROW,2025-11-30,2025-11-29,2025-12-10,COMPLETED,10,2350,RETURNED,LATE
A007050,I04272,U0340,U0440,BORROW,2026-01-28,2026-01-25,2026-02-04,COMPLETED,7,450,RETURNED,ON_TIME
A007051,I04696,U0678,U0726,BORROW,2026-03-25,2026-03-25,2026-04-04,ACTIVE,10,650,NOT_RETURNED,PENDING
A007052,I00384,U0539,U0812,SELL,2026-02-10,2026-02-06,2026-02-10,COMPLETED,0,3000,COMPLETED,NA
A007053,I02343,U0041,U0397,BORROW,2025-10-30,2025-10-27,2025-11-02,COMPLETED,3,650,RETURNED,ON_TIME
A007054,I04515,U0944,U0495,SELL,2026-01-04,2026-01-01,2026-01-04,CANCELLED,0,1700,CANCELLED,NA
A007055,I02793,U0943,U0398,BORROW,2025-09-25,2025-09-24,2025-09-28,OVERDUE,3,850,NOT_RETURNED,LATE
A007056,I03305,U0684,U0002,SWAP,2026-01-03,2025-12-30,2026-01-03,COMPLETED,0,2400,COMPLETED,NA
A007057,I01119,U0067,U0721,SELL,2026-06-20,2026-06-17,2026-06-20,COMPLETED,0,1150,COMPLETED,NA
A007058,I02785,U0057,U0805,BORROW,2026-06-23,2026-06-22,2026-06-26,COMPLETED,3,50,RETURNED,ON_TIME
A007059,I02397,U0155,U0133,BORROW,2026-06-20,2026-06-18,2026-07-04,COMPLETED,14,550,RETURNED,ON_TIME
A007060,I01257,U0452,U0446,BORROW,2026-06-20,2026-06-20,2026-06-27,COMPLETED,7,1450,RETURNED,ON_TIME
A007061,I02113,U0986,U0246,BORROW,2026-03-23,2026-03-22,2026-04-02,COMPLETED,10,2250,RETURNED,ON_TIME
A007062,I00569,U0697,U0447,SWAP,2026-04-14,2026-04-12,2026-04-14,COMPLETED,0,3450,COMPLETED,NA
A007063,I02834,U0851,U0404,BORROW,2025-09-27,2025-09-23,2025-09-30,CANCELLED,3,900,CANCELLED,PENDING
A007064,I04796,U0759,U0796,BORROW,2026-03-01,2026-02-27,2026-03-06,ACTIVE,5,3050,NOT_RETURNED,PENDING
A007065,I00173,U0530,U0778,SWAP,2025-10-09,2025-10-06,2025-10-09,COMPLETED,0,450,COMPLETED,NA
A007066,I01042,U0793,U0946,BORROW,2026-04-05,2026-04-05,2026-04-07,COMPLETED,2,2700,RETURNED,ON_TIME
A007067,I00451,U0567,U0476,BORROW,2025-11-04,2025-11-01,2025-11-14,COMPLETED,10,2800,RETURNED,ON_TIME
A007068,I02096,U0826,U0717,BORROW,2026-02-26,2026-02-25,2026-03-19,COMPLETED,21,2850,RETURNED,ON_TIME
A007069,I01289,U0323,U0450,GIVEAWAY,2025-11-10,2025-11-07,2025-11-10,COMPLETED,0,5800,COMPLETED,NA
A007070,I01368,U0914,U0172,BORROW,2026-07-05,2026-07-05,2026-07-07,ACTIVE,2,600,NOT_RETURNED,PENDING
A007071,I02749,U0089,U0106,SWAP,2026-01-08,2026-01-07,2026-01-08,COMPLETED,0,750,COMPLETED,NA
A007072,I04859,U0694,U0146,GIVEAWAY,2025-10-13,2025-10-11,2025-10-13,COMPLETED,0,3050,COMPLETED,NA
A007073,I02006,U0840,U0148,SELL,2025-12-12,2025-12-11,2025-12-12,COMPLETED,0,950,COMPLETED,NA
A007074,I02497,U0919,U0917,BORROW,2025-11-16,2025-11-12,2025-12-07,COMPLETED,21,1300,RETURNED,ON_TIME
A007075,I02498,U0195,U0420,GIVEAWAY,2026-02-26,2026-02-23,2026-02-26,COMPLETED,0,2450,COMPLETED,NA
A007076,I03518,U0407,U0185,BORROW,2026-03-14,2026-03-10,2026-03-17,COMPLETED,3,2950,RETURNED,ON_TIME
A007077,I00575,U0247,U0030,BORROW,2026-06-28,2026-06-27,2026-07-19,COMPLETED,21,650,RETURNED,ON_TIME
A007078,I01934,U0757,U0808,GIVEAWAY,2026-02-14,2026-02-13,2026-02-14,CANCELLED,0,550,CANCELLED,NA
A007079,I02800,U0923,U0878,SWAP,2026-04-23,2026-04-23,2026-04-23,COMPLETED,0,1350,COMPLETED,NA
A007080,I01869,U0781,U0746,SWAP,2025-12-07,2025-12-03,2025-12-07,COMPLETED,0,1550,COMPLETED,NA
A007081,I03701,U0262,U0084,BORROW,2025-11-30,2025-11-29,2025-12-14,COMPLETED,14,600,RETURNED,ON_TIME
A007082,I00478,U0834,U0959,SWAP,2026-03-07,2026-03-06,2026-03-07,COMPLETED,0,700,COMPLETED,NA
A007083,I04184,U0621,U0992,GIVEAWAY,2026-02-13,2026-02-13,2026-02-13,CANCELLED,0,850,CANCELLED,NA
A007084,I04782,U0807,U0466,BORROW,2026-04-23,2026-04-21,2026-05-03,COMPLETED,10,1050,RETURNED,LATE
A007085,I02713,U0412,U0817,BORROW,2026-02-26,2026-02-22,2026-03-19,COMPLETED,21,2350,RETURNED,ON_TIME
A007086,I04487,U0023,U0745,SELL,2026-07-14,2026-07-12,2026-07-14,COMPLETED,0,1700,COMPLETED,NA
A007087,I00514,U0239,U0066,BORROW,2026-04-27,2026-04-25,2026-05-02,COMPLETED,5,800,RETURNED,ON_TIME
A007088,I03220,U0243,U0880,SWAP,2025-09-09,2025-09-05,2025-09-09,COMPLETED,0,600,COMPLETED,NA
A007089,I04598,U0473,U0942,BORROW,2026-03-05,2026-03-03,2026-03-26,COMPLETED,21,3100,RETURNED,ON_TIME
A007090,I04730,U0960,U0714,BORROW,2025-09-06,2025-09-06,2025-09-13,COMPLETED,7,250,RETURNED,ON_TIME
A007091,I04176,U0720,U0192,SWAP,2026-06-01,2026-06-01,2026-06-01,CANCELLED,0,800,CANCELLED,NA
A007092,I03992,U0526,U0499,BORROW,2025-11-18,2025-11-15,2025-12-02,COMPLETED,14,3350,RETURNED,ON_TIME
A007093,I00046,U0916,U0986,GIVEAWAY,2026-05-29,2026-05-27,2026-05-29,COMPLETED,0,700,COMPLETED,NA
A007094,I04550,U0249,U0415,BORROW,2025-10-21,2025-10-21,2025-11-11,COMPLETED,21,200,RETURNED,LATE
A007095,I00115,U0340,U0300,BORROW,2025-10-09,2025-10-05,2025-10-30,COMPLETED,21,100,RETURNED,ON_TIME
A007096,I02074,U0830,U0833,SWAP,2025-09-04,2025-09-01,2025-09-04,CANCELLED,0,700,CANCELLED,NA
A007097,I02807,U0291,U0066,SWAP,2026-04-22,2026-04-18,2026-04-22,COMPLETED,0,800,COMPLETED,NA
A007098,I03415,U0435,U0289,BORROW,2025-11-09,2025-11-05,2025-11-12,ACTIVE,3,150,NOT_RETURNED,PENDING
A007099,I02920,U0509,U0756,SELL,2026-04-13,2026-04-10,2026-04-13,COMPLETED,0,700,COMPLETED,NA
A007100,I01754,U0023,U0157,SELL,2026-01-26,2026-01-22,2026-01-26,COMPLETED,0,350,COMPLETED,NA
A007101,I01366,U0209,U0336,BORROW,2026-04-29,2026-04-27,2026-05-06,COMPLETED,7,450,RETURNED,LATE
A007102,I03122,U0468,U0708,SWAP,2026-03-31,2026-03-28,2026-03-31,COMPLETED,0,6400,COMPLETED,NA
A007103,I03410,U0602,U0683,BORROW,2026-02-14,2026-02-14,2026-02-19,COMPLETED,5,350,RETURNED,ON_TIME
A007104,I01885,U0406,U0476,SWAP,2026-03-02,2026-02-27,2026-03-02,COMPLETED,0,200,COMPLETED,NA
A007105,I03563,U0824,U0244,SWAP,2025-10-21,2025-10-19,2025-10-21,COMPLETED,0,600,COMPLETED,NA
A007106,I04855,U0351,U0297,BORROW,2026-02-17,2026-02-13,2026-02-19,ACTIVE,2,200,NOT_RETURNED,PENDING
A007107,I01682,U0965,U0035,SWAP,2025-12-15,2025-12-12,2025-12-15,COMPLETED,0,2800,COMPLETED,NA
A007108,I00647,U0342,U0585,SWAP,2025-12-25,2025-12-25,2025-12-25,COMPLETED,0,1300,COMPLETED,NA
A007109,I03340,U0204,U0466,SWAP,2025-09-18,2025-09-16,2025-09-18,COMPLETED,0,1250,COMPLETED,NA
A007110,I04136,U0540,U0939,BORROW,2025-10-09,2025-10-05,2025-10-16,ACTIVE,7,3050,NOT_RETURNED,PENDING
A007111,I02243,U0162,U0875,GIVEAWAY,2025-10-23,2025-10-19,2025-10-23,COMPLETED,0,350,COMPLETED,NA
A007112,I02382,U0639,U0138,BORROW,2026-03-29,2026-03-29,2026-04-01,OVERDUE,3,1000,NOT_RETURNED,LATE
A007113,I04648,U0715,U0661,BORROW,2026-07-22,2026-07-20,2026-08-01,COMPLETED,10,1800,RETURNED,ON_TIME
A007114,I01188,U0588,U0625,GIVEAWAY,2026-07-17,2026-07-15,2026-07-17,COMPLETED,0,500,COMPLETED,NA
A007115,I04379,U0571,U0119,SWAP,2025-12-06,2025-12-06,2025-12-06,CANCELLED,0,1800,CANCELLED,NA
A007116,I02186,U0268,U0983,BORROW,2026-02-27,2026-02-25,2026-03-01,COMPLETED,2,1900,RETURNED,ON_TIME
A007117,I01623,U0335,U0101,BORROW,2026-04-09,2026-04-06,2026-04-16,CANCELLED,7,1200,CANCELLED,PENDING
A007118,I01170,U0461,U0094,BORROW,2025-12-23,2025-12-21,2026-01-02,ACTIVE,10,1100,NOT_RETURNED,PENDING
A007119,I00247,U0820,U0795,BORROW,2025-10-22,2025-10-20,2025-11-01,ACTIVE,10,2650,NOT_RETURNED,PENDING
A007120,I01052,U0476,U0944,GIVEAWAY,2026-05-09,2026-05-05,2026-05-09,COMPLETED,0,4300,COMPLETED,NA
A007121,I04228,U0483,U0596,BORROW,2025-12-13,2025-12-10,2025-12-20,COMPLETED,7,1000,RETURNED,ON_TIME
A007122,I03078,U0004,U0041,SWAP,2026-07-14,2026-07-11,2026-07-14,COMPLETED,0,450,COMPLETED,NA
A007123,I03311,U0729,U0178,BORROW,2026-03-13,2026-03-09,2026-03-18,COMPLETED,5,750,RETURNED,ON_TIME
A007124,I02304,U0171,U0007,BORROW,2026-06-19,2026-06-19,2026-06-21,CANCELLED,2,4150,CANCELLED,PENDING
A007125,I00595,U0460,U0349,GIVEAWAY,2025-12-19,2025-12-17,2025-12-19,COMPLETED,0,100,COMPLETED,NA
A007126,I00871,U0357,U0418,BORROW,2026-07-18,2026-07-14,2026-07-28,ACTIVE,10,2550,NOT_RETURNED,PENDING
A007127,I03836,U0552,U0061,BORROW,2026-04-13,2026-04-13,2026-04-23,OVERDUE,10,2750,NOT_RETURNED,LATE
A007128,I00577,U0244,U0046,SWAP,2026-05-17,2026-05-16,2026-05-17,COMPLETED,0,850,COMPLETED,NA
A007129,I02817,U0910,U0056,BORROW,2025-12-10,2025-12-09,2025-12-13,COMPLETED,3,1650,RETURNED,ON_TIME
A007130,I04267,U0705,U0511,BORROW,2025-12-16,2025-12-12,2025-12-18,COMPLETED,2,2500,RETURNED,ON_TIME
A007131,I03522,U0810,U0600,BORROW,2025-09-13,2025-09-11,2025-10-04,COMPLETED,21,1100,RETURNED,LATE
A007132,I02194,U0517,U0230,BORROW,2026-03-18,2026-03-15,2026-03-23,COMPLETED,5,1150,RETURNED,ON_TIME
A007133,I02570,U0598,U0695,BORROW,2026-07-14,2026-07-10,2026-07-24,ACTIVE,10,600,NOT_RETURNED,PENDING
A007134,I03205,U0158,U0559,SWAP,2026-01-13,2026-01-09,2026-01-13,COMPLETED,0,50,COMPLETED,NA
A007135,I03363,U0971,U0948,BORROW,2026-06-23,2026-06-19,2026-06-26,ACTIVE,3,1200,NOT_RETURNED,PENDING
A007136,I01281,U0256,U0504,BORROW,2025-12-16,2025-12-14,2025-12-23,CANCELLED,7,1900,CANCELLED,PENDING
A007137,I02417,U0808,U0582,BORROW,2025-12-23,2025-12-20,2026-01-06,COMPLETED,14,1550,RETURNED,LATE
A007138,I00233,U0779,U0361,BORROW,2025-11-20,2025-11-19,2025-12-04,CANCELLED,14,550,CANCELLED,PENDING
A007139,I02522,U0854,U0041,BORROW,2025-10-15,2025-10-14,2025-10-22,COMPLETED,7,3500,RETURNED,ON_TIME
A007140,I03552,U0271,U0125,BORROW,2025-12-26,2025-12-22,2026-01-02,COMPLETED,7,900,RETURNED,ON_TIME
A007141,I03255,U0630,U0337,SELL,2025-09-09,2025-09-06,2025-09-09,COMPLETED,0,1100,COMPLETED,NA
A007142,I02468,U0993,U0203,BORROW,2025-12-01,2025-11-27,2025-12-22,CANCELLED,21,1350,CANCELLED,PENDING
A007143,I04045,U0235,U0974,BORROW,2026-06-19,2026-06-19,2026-07-10,CANCELLED,21,150,CANCELLED,PENDING
A007144,I01899,U0046,U0390,BORROW,2026-02-10,2026-02-08,2026-02-15,COMPLETED,5,1900,RETURNED,ON_TIME
A007145,I02909,U0545,U0890,SWAP,2026-01-02,2025-12-29,2026-01-02,COMPLETED,0,2050,COMPLETED,NA
A007146,I00760,U0934,U0684,GIVEAWAY,2026-02-13,2026-02-10,2026-02-13,COMPLETED,0,1450,COMPLETED,NA
A007147,I01052,U0963,U0944,BORROW,2025-12-19,2025-12-19,2025-12-21,COMPLETED,2,4300,RETURNED,ON_TIME
A007148,I02233,U0370,U0500,SELL,2026-02-24,2026-02-20,2026-02-24,COMPLETED,0,1450,COMPLETED,NA
A007149,I03248,U0637,U0936,BORROW,2026-06-03,2026-06-03,2026-06-06,ACTIVE,3,1500,NOT_RETURNED,PENDING
A007150,I00615,U0610,U0908,BORROW,2026-04-22,2026-04-18,2026-04-25,ACTIVE,3,1700,NOT_RETURNED,PENDING
A007151,I00792,U0751,U0507,GIVEAWAY,2026-04-18,2026-04-18,2026-04-18,COMPLETED,0,700,COMPLETED,NA
A007152,I01330,U0194,U0513,GIVEAWAY,2026-07-14,2026-07-14,2026-07-14,COMPLETED,0,1800,COMPLETED,NA
A007153,I03601,U0254,U0320,BORROW,2026-03-16,2026-03-12,2026-03-18,CANCELLED,2,2100,CANCELLED,PENDING
A007154,I04197,U0037,U0253,BORROW,2025-09-21,2025-09-17,2025-09-24,CANCELLED,3,1400,CANCELLED,PENDING
A007155,I04446,U0506,U0545,BORROW,2026-06-27,2026-06-26,2026-07-11,COMPLETED,14,800,RETURNED,ON_TIME
A007156,I04449,U0257,U0689,BORROW,2025-10-25,2025-10-23,2025-11-08,COMPLETED,14,950,RETURNED,ON_TIME
A007157,I02291,U0165,U0098,SWAP,2025-12-08,2025-12-05,2025-12-08,COMPLETED,0,400,COMPLETED,NA
A007158,I01675,U0876,U0953,BORROW,2026-02-12,2026-02-08,2026-02-17,COMPLETED,5,100,RETURNED,ON_TIME
A007159,I02508,U0417,U0722,BORROW,2025-09-12,2025-09-10,2025-09-26,COMPLETED,14,350,RETURNED,ON_TIME
A007160,I02587,U0269,U0667,BORROW,2026-05-07,2026-05-07,2026-05-12,COMPLETED,5,2550,RETURNED,ON_TIME
A007161,I02341,U0954,U0776,SELL,2026-05-12,2026-05-10,2026-05-12,COMPLETED,0,2950,COMPLETED,NA
A007162,I02504,U0500,U0455,BORROW,2026-07-23,2026-07-21,2026-07-30,COMPLETED,7,950,RETURNED,ON_TIME
A007163,I01073,U0030,U0457,BORROW,2026-07-28,2026-07-25,2026-08-18,ACTIVE,21,300,NOT_RETURNED,PENDING
A007164,I03986,U0369,U0349,SELL,2026-02-25,2026-02-23,2026-02-25,COMPLETED,0,2600,COMPLETED,NA
A007165,I02859,U0944,U0333,SELL,2026-01-02,2025-12-31,2026-01-02,COMPLETED,0,1100,COMPLETED,NA
A007166,I04073,U0744,U0141,BORROW,2026-06-20,2026-06-19,2026-07-04,COMPLETED,14,250,RETURNED,ON_TIME
A007167,I03720,U0793,U0537,BORROW,2026-02-04,2026-02-01,2026-02-09,ACTIVE,5,1000,NOT_RETURNED,PENDING
A007168,I02881,U0272,U0608,BORROW,2025-12-09,2025-12-05,2025-12-23,ACTIVE,14,2550,NOT_RETURNED,PENDING
A007169,I03854,U0892,U0272,SWAP,2025-11-15,2025-11-12,2025-11-15,COMPLETED,0,750,COMPLETED,NA
A007170,I03390,U0058,U0616,BORROW,2026-01-26,2026-01-26,2026-02-09,ACTIVE,14,850,NOT_RETURNED,PENDING
A007171,I03856,U0882,U0621,BORROW,2025-09-08,2025-09-04,2025-09-22,ACTIVE,14,750,NOT_RETURNED,PENDING
A007172,I02716,U0117,U0518,GIVEAWAY,2025-10-02,2025-10-01,2025-10-02,COMPLETED,0,450,COMPLETED,NA
A007173,I02419,U0385,U0549,GIVEAWAY,2026-06-28,2026-06-28,2026-06-28,COMPLETED,0,1050,COMPLETED,NA
A007174,I02534,U0335,U0844,BORROW,2026-02-28,2026-02-27,2026-03-10,COMPLETED,10,800,RETURNED,ON_TIME
A007175,I00935,U0697,U0562,BORROW,2025-10-30,2025-10-30,2025-11-09,CANCELLED,10,2400,CANCELLED,PENDING
A007176,I00179,U0770,U0491,GIVEAWAY,2026-07-25,2026-07-24,2026-07-25,COMPLETED,0,2850,COMPLETED,NA
A007177,I01574,U0562,U0923,SWAP,2026-04-09,2026-04-07,2026-04-09,COMPLETED,0,1000,COMPLETED,NA
A007178,I03571,U0233,U0022,BORROW,2026-06-09,2026-06-07,2026-06-14,COMPLETED,5,2300,RETURNED,ON_TIME
A007179,I04491,U0150,U0109,SWAP,2026-07-16,2026-07-13,2026-07-16,COMPLETED,0,750,COMPLETED,NA
A007180,I01467,U0670,U0438,SWAP,2026-06-16,2026-06-14,2026-06-16,COMPLETED,0,1700,COMPLETED,NA
A007181,I04761,U0690,U0756,GIVEAWAY,2026-05-26,2026-05-23,2026-05-26,COMPLETED,0,1200,COMPLETED,NA
A007182,I03219,U0780,U0480,BORROW,2026-03-06,2026-03-03,2026-03-20,COMPLETED,14,1850,RETURNED,ON_TIME
A007183,I01359,U0718,U0411,BORROW,2026-07-18,2026-07-18,2026-07-23,COMPLETED,5,1850,RETURNED,ON_TIME
A007184,I02010,U0829,U0512,BORROW,2026-02-14,2026-02-11,2026-02-17,COMPLETED,3,350,RETURNED,ON_TIME
A007185,I01128,U0739,U0109,GIVEAWAY,2026-02-23,2026-02-20,2026-02-23,COMPLETED,0,400,COMPLETED,NA
A007186,I02092,U0657,U0535,SELL,2025-10-05,2025-10-03,2025-10-05,COMPLETED,0,650,COMPLETED,NA
A007187,I02955,U0438,U0362,BORROW,2025-09-16,2025-09-15,2025-09-26,COMPLETED,10,1500,RETURNED,ON_TIME
A007188,I03077,U0655,U0777,BORROW,2026-07-01,2026-07-01,2026-07-06,COMPLETED,5,750,RETURNED,ON_TIME
A007189,I03619,U0441,U0764,BORROW,2026-04-18,2026-04-15,2026-04-23,COMPLETED,5,800,RETURNED,ON_TIME
A007190,I01044,U0007,U0518,BORROW,2026-01-26,2026-01-22,2026-02-09,COMPLETED,14,3550,RETURNED,ON_TIME
A007191,I00982,U0838,U0712,GIVEAWAY,2025-11-28,2025-11-28,2025-11-28,COMPLETED,0,600,COMPLETED,NA
A007192,I01285,U0005,U0422,BORROW,2025-10-06,2025-10-06,2025-10-16,COMPLETED,10,100,RETURNED,ON_TIME
A007193,I02944,U0130,U0044,GIVEAWAY,2026-02-07,2026-02-04,2026-02-07,COMPLETED,0,2350,COMPLETED,NA
A007194,I02727,U0086,U0635,GIVEAWAY,2025-10-28,2025-10-25,2025-10-28,COMPLETED,0,1350,COMPLETED,NA
A007195,I03486,U0815,U0654,SWAP,2026-03-18,2026-03-16,2026-03-18,COMPLETED,0,1250,COMPLETED,NA
A007196,I00097,U0534,U0761,SWAP,2026-04-23,2026-04-20,2026-04-23,COMPLETED,0,550,COMPLETED,NA
A007197,I02850,U0893,U0147,BORROW,2026-04-07,2026-04-05,2026-04-28,COMPLETED,21,1350,RETURNED,ON_TIME
A007198,I02806,U0868,U0874,BORROW,2025-09-26,2025-09-26,2025-09-29,COMPLETED,3,650,RETURNED,ON_TIME
A007199,I03775,U0461,U0667,SELL,2026-01-15,2026-01-12,2026-01-15,COMPLETED,0,200,COMPLETED,NA
A007200,I02669,U0460,U0549,BORROW,2026-04-29,2026-04-26,2026-05-06,COMPLETED,7,3900,RETURNED,ON_TIME
A007201,I04979,U0244,U0111,BORROW,2025-09-12,2025-09-12,2025-09-19,CANCELLED,7,2750,CANCELLED,PENDING
A007202,I01043,U0154,U0064,BORROW,2025-10-15,2025-10-15,2025-10-29,COMPLETED,14,600,RETURNED,LATE
A007203,I04612,U0935,U0709,BORROW,2026-06-15,2026-06-12,2026-06-22,ACTIVE,7,1400,NOT_RETURNED,PENDING
A007204,I00403,U0437,U0474,BORROW,2025-11-03,2025-11-01,2025-11-24,ACTIVE,21,500,NOT_RETURNED,PENDING
A007205,I00998,U0203,U0284,SWAP,2026-05-23,2026-05-20,2026-05-23,COMPLETED,0,1950,COMPLETED,NA
A007206,I00487,U0306,U0587,BORROW,2026-06-18,2026-06-17,2026-06-21,COMPLETED,3,900,RETURNED,LATE
A007207,I00739,U0023,U0483,SELL,2026-05-05,2026-05-01,2026-05-05,COMPLETED,0,1050,COMPLETED,NA
A007208,I01000,U0260,U0452,BORROW,2026-06-30,2026-06-27,2026-07-03,COMPLETED,3,550,RETURNED,ON_TIME
A007209,I04635,U0428,U0096,BORROW,2025-12-04,2025-12-03,2025-12-11,COMPLETED,7,2050,RETURNED,ON_TIME
A007210,I03628,U0651,U0366,GIVEAWAY,2026-02-14,2026-02-13,2026-02-14,COMPLETED,0,950,COMPLETED,NA
A007211,I03254,U0837,U0796,BORROW,2026-05-13,2026-05-12,2026-05-23,COMPLETED,10,900,RETURNED,ON_TIME
A007212,I02851,U0118,U0126,GIVEAWAY,2026-07-16,2026-07-14,2026-07-16,CANCELLED,0,1550,CANCELLED,NA
A007213,I04261,U0575,U0653,SWAP,2026-06-13,2026-06-12,2026-06-13,COMPLETED,0,1500,COMPLETED,NA
A007214,I01613,U0217,U0197,SWAP,2025-11-13,2025-11-09,2025-11-13,COMPLETED,0,550,COMPLETED,NA
A007215,I04778,U0789,U0864,BORROW,2026-06-09,2026-06-08,2026-06-30,COMPLETED,21,2250,RETURNED,ON_TIME
A007216,I04648,U0236,U0661,GIVEAWAY,2025-10-14,2025-10-14,2025-10-14,COMPLETED,0,1800,COMPLETED,NA
A007217,I04139,U0299,U0622,BORROW,2026-02-17,2026-02-17,2026-02-22,COMPLETED,5,1450,RETURNED,ON_TIME
A007218,I03306,U0442,U0818,BORROW,2025-12-30,2025-12-26,2026-01-04,COMPLETED,5,950,RETURNED,ON_TIME
A007219,I01828,U0495,U0105,BORROW,2026-06-26,2026-06-24,2026-07-01,COMPLETED,5,1050,RETURNED,ON_TIME
A007220,I02505,U0604,U0947,BORROW,2025-12-18,2025-12-17,2025-12-28,COMPLETED,10,600,RETURNED,LATE
A007221,I01243,U0492,U0692,SWAP,2026-05-17,2026-05-15,2026-05-17,COMPLETED,0,1600,COMPLETED,NA
A007222,I04992,U0739,U0081,GIVEAWAY,2026-04-21,2026-04-18,2026-04-21,COMPLETED,0,800,COMPLETED,NA
A007223,I03357,U0371,U0356,BORROW,2026-05-29,2026-05-29,2026-05-31,COMPLETED,2,400,RETURNED,ON_TIME
A007224,I01424,U0282,U0131,BORROW,2025-09-10,2025-09-09,2025-09-24,COMPLETED,14,1000,RETURNED,ON_TIME
A007225,I04119,U0259,U0564,BORROW,2025-09-21,2025-09-19,2025-09-28,COMPLETED,7,1650,RETURNED,ON_TIME
A007226,I01276,U0109,U0605,BORROW,2026-01-18,2026-01-17,2026-01-23,COMPLETED,5,600,RETURNED,ON_TIME
A007227,I02624,U0004,U0279,BORROW,2026-07-28,2026-07-27,2026-08-07,ACTIVE,10,350,NOT_RETURNED,PENDING
A007228,I04012,U0751,U0281,BORROW,2026-06-16,2026-06-15,2026-06-23,COMPLETED,7,3400,RETURNED,ON_TIME
A007229,I03758,U0255,U0654,BORROW,2026-06-27,2026-06-24,2026-07-18,COMPLETED,21,3450,RETURNED,ON_TIME
A007230,I02814,U0122,U0053,SWAP,2026-04-26,2026-04-23,2026-04-26,COMPLETED,0,3600,COMPLETED,NA
A007231,I02334,U0579,U0351,BORROW,2025-12-31,2025-12-30,2026-01-03,ACTIVE,3,3400,NOT_RETURNED,PENDING
A007232,I00708,U0612,U0028,BORROW,2025-10-12,2025-10-12,2025-10-17,COMPLETED,5,450,RETURNED,ON_TIME
A007233,I03655,U0433,U0888,BORROW,2026-04-01,2026-03-30,2026-04-15,COMPLETED,14,100,RETURNED,ON_TIME
A007234,I03348,U0806,U0581,SWAP,2025-10-20,2025-10-19,2025-10-20,COMPLETED,0,450,COMPLETED,NA
A007235,I04760,U0228,U0114,BORROW,2026-03-28,2026-03-25,2026-04-04,COMPLETED,7,300,RETURNED,ON_TIME
A007236,I04235,U0318,U0573,BORROW,2026-01-30,2026-01-30,2026-02-04,COMPLETED,5,1750,RETURNED,LATE
A007237,I01819,U0616,U0255,BORROW,2026-07-22,2026-07-19,2026-07-27,COMPLETED,5,1550,RETURNED,ON_TIME
A007238,I03332,U0191,U0917,BORROW,2026-01-03,2026-01-01,2026-01-13,ACTIVE,10,3450,NOT_RETURNED,PENDING
A007239,I02155,U0430,U0159,BORROW,2026-05-02,2026-04-28,2026-05-16,OVERDUE,14,100,NOT_RETURNED,LATE
A007240,I02377,U0133,U0230,BORROW,2026-03-13,2026-03-09,2026-03-20,COMPLETED,7,2450,RETURNED,ON_TIME
A007241,I03253,U0757,U0249,BORROW,2025-12-16,2025-12-12,2025-12-30,OVERDUE,14,1100,NOT_RETURNED,LATE
A007242,I01396,U0696,U0762,SWAP,2025-12-31,2025-12-30,2025-12-31,COMPLETED,0,450,COMPLETED,NA
A007243,I04697,U0694,U0986,BORROW,2026-05-20,2026-05-18,2026-05-27,COMPLETED,7,1050,RETURNED,ON_TIME
A007244,I02981,U0154,U0044,SWAP,2026-06-24,2026-06-24,2026-06-24,COMPLETED,0,800,COMPLETED,NA
A007245,I02137,U0427,U0466,GIVEAWAY,2026-04-12,2026-04-12,2026-04-12,COMPLETED,0,1900,COMPLETED,NA
A007246,I03782,U0936,U0291,BORROW,2026-01-13,2026-01-11,2026-01-23,CANCELLED,10,6600,CANCELLED,PENDING
A007247,I02346,U0548,U0591,SWAP,2026-01-08,2026-01-04,2026-01-08,COMPLETED,0,1700,COMPLETED,NA
A007248,I01167,U0590,U0344,BORROW,2025-12-09,2025-12-09,2025-12-30,COMPLETED,21,1800,RETURNED,ON_TIME
A007249,I02646,U0920,U0185,BORROW,2026-07-24,2026-07-20,2026-08-07,COMPLETED,14,1450,RETURNED,ON_TIME
A007250,I00570,U0114,U0829,BORROW,2026-01-17,2026-01-14,2026-01-19,COMPLETED,2,1150,RETURNED,ON_TIME
A007251,I02511,U0486,U0114,GIVEAWAY,2025-10-24,2025-10-20,2025-10-24,COMPLETED,0,1000,COMPLETED,NA
A007252,I02578,U0367,U0430,GIVEAWAY,2026-07-21,2026-07-21,2026-07-21,COMPLETED,0,1550,COMPLETED,NA
A007253,I04636,U0147,U0067,GIVEAWAY,2025-09-21,2025-09-18,2025-09-21,COMPLETED,0,450,COMPLETED,NA
A007254,I04711,U0425,U0723,SWAP,2025-09-15,2025-09-14,2025-09-15,COMPLETED,0,2000,COMPLETED,NA
A007255,I03435,U0006,U0746,BORROW,2026-06-05,2026-06-02,2026-06-26,COMPLETED,21,1700,RETURNED,ON_TIME
A007256,I02355,U0212,U0015,BORROW,2026-07-08,2026-07-08,2026-07-11,COMPLETED,3,900,RETURNED,ON_TIME
A007257,I03186,U0822,U0057,BORROW,2026-02-05,2026-02-05,2026-02-10,OVERDUE,5,1800,NOT_RETURNED,LATE
A007258,I00866,U0157,U0984,BORROW,2025-11-07,2025-11-07,2025-11-12,ACTIVE,5,3200,NOT_RETURNED,PENDING
A007259,I03777,U0986,U0846,SWAP,2025-12-03,2025-11-29,2025-12-03,COMPLETED,0,1500,COMPLETED,NA
A007260,I02667,U0512,U0727,BORROW,2025-12-17,2025-12-14,2025-12-31,COMPLETED,14,350,RETURNED,ON_TIME
A007261,I04714,U0403,U0137,BORROW,2026-02-04,2026-01-31,2026-02-06,COMPLETED,2,850,RETURNED,ON_TIME
A007262,I03438,U0857,U0046,GIVEAWAY,2026-03-07,2026-03-05,2026-03-07,COMPLETED,0,500,COMPLETED,NA
A007263,I00490,U0006,U0295,BORROW,2025-10-09,2025-10-05,2025-10-30,COMPLETED,21,350,RETURNED,LATE
A007264,I02037,U0219,U0190,BORROW,2025-10-31,2025-10-27,2025-11-14,COMPLETED,14,1650,RETURNED,ON_TIME
A007265,I00326,U0027,U0943,SWAP,2026-05-22,2026-05-20,2026-05-22,COMPLETED,0,3250,COMPLETED,NA
A007266,I03016,U0721,U0619,BORROW,2025-09-15,2025-09-13,2025-09-18,COMPLETED,3,300,RETURNED,ON_TIME
A007267,I01107,U0406,U0651,BORROW,2025-09-11,2025-09-11,2025-09-18,COMPLETED,7,1650,RETURNED,ON_TIME
A007268,I02688,U0059,U0917,BORROW,2026-07-14,2026-07-13,2026-07-24,ACTIVE,10,450,NOT_RETURNED,PENDING
A007269,I04026,U0819,U0369,BORROW,2025-09-21,2025-09-20,2025-09-23,CANCELLED,2,1950,CANCELLED,PENDING
A007270,I04572,U0906,U0573,BORROW,2026-02-17,2026-02-15,2026-02-22,COMPLETED,5,700,RETURNED,ON_TIME
A007271,I02630,U0036,U0746,BORROW,2025-12-13,2025-12-13,2025-12-18,COMPLETED,5,800,RETURNED,ON_TIME
A007272,I00297,U0775,U0755,BORROW,2026-05-04,2026-05-03,2026-05-25,COMPLETED,21,350,RETURNED,ON_TIME
A007273,I01020,U0666,U0234,BORROW,2025-12-10,2025-12-07,2025-12-31,ACTIVE,21,300,NOT_RETURNED,PENDING
A007274,I00631,U0853,U0256,BORROW,2025-09-17,2025-09-14,2025-10-01,COMPLETED,14,2400,RETURNED,ON_TIME
A007275,I00260,U0114,U0162,BORROW,2025-09-22,2025-09-22,2025-09-25,CANCELLED,3,400,CANCELLED,PENDING
A007276,I02783,U0451,U0510,BORROW,2026-05-12,2026-05-11,2026-05-14,COMPLETED,2,450,RETURNED,ON_TIME
A007277,I02680,U0087,U0166,BORROW,2025-11-30,2025-11-27,2025-12-07,COMPLETED,7,1000,RETURNED,ON_TIME
A007278,I04995,U0470,U0422,SWAP,2026-01-02,2025-12-29,2026-01-02,COMPLETED,0,1050,COMPLETED,NA
A007279,I01545,U0446,U0875,BORROW,2026-07-16,2026-07-14,2026-08-06,COMPLETED,21,900,RETURNED,ON_TIME
A007280,I01558,U0975,U0187,BORROW,2026-07-18,2026-07-18,2026-08-08,CANCELLED,21,1300,CANCELLED,PENDING
A007281,I02139,U0208,U0147,BORROW,2025-11-19,2025-11-17,2025-11-24,COMPLETED,5,1250,RETURNED,ON_TIME
A007282,I03130,U0544,U0889,GIVEAWAY,2026-02-24,2026-02-20,2026-02-24,COMPLETED,0,1650,COMPLETED,NA
A007283,I04968,U0600,U0536,BORROW,2026-06-03,2026-05-30,2026-06-10,COMPLETED,7,550,RETURNED,ON_TIME
A007284,I00753,U0489,U0600,BORROW,2025-11-15,2025-11-11,2025-11-25,COMPLETED,10,1800,RETURNED,ON_TIME
A007285,I03546,U0401,U0717,GIVEAWAY,2025-09-03,2025-08-30,2025-09-03,COMPLETED,0,1600,COMPLETED,NA
A007286,I03881,U0902,U0940,SWAP,2026-04-07,2026-04-05,2026-04-07,COMPLETED,0,900,COMPLETED,NA
A007287,I00451,U0504,U0476,BORROW,2026-07-17,2026-07-17,2026-08-07,ACTIVE,21,2800,NOT_RETURNED,PENDING
A007288,I02809,U0181,U0425,SWAP,2026-04-01,2026-03-29,2026-04-01,COMPLETED,0,550,COMPLETED,NA
A007289,I02604,U0772,U0906,SWAP,2026-04-29,2026-04-26,2026-04-29,COMPLETED,0,3250,COMPLETED,NA
A007290,I03204,U0390,U0609,SWAP,2026-06-16,2026-06-15,2026-06-16,COMPLETED,0,2500,COMPLETED,NA
A007291,I03686,U0905,U0895,SWAP,2026-06-23,2026-06-19,2026-06-23,COMPLETED,0,3300,COMPLETED,NA
A007292,I03227,U0361,U0566,GIVEAWAY,2026-07-11,2026-07-08,2026-07-11,COMPLETED,0,550,COMPLETED,NA
A007293,I02012,U0398,U0715,GIVEAWAY,2025-10-13,2025-10-13,2025-10-13,COMPLETED,0,6800,COMPLETED,NA
A007294,I01531,U0108,U0037,SWAP,2025-11-08,2025-11-04,2025-11-08,COMPLETED,0,2300,COMPLETED,NA
A007295,I00214,U0529,U0517,GIVEAWAY,2026-03-24,2026-03-23,2026-03-24,COMPLETED,0,2300,COMPLETED,NA
A007296,I04263,U0542,U0291,BORROW,2026-01-08,2026-01-05,2026-01-22,ACTIVE,14,1750,NOT_RETURNED,PENDING
A007297,I00841,U0103,U0557,BORROW,2026-03-10,2026-03-08,2026-03-17,COMPLETED,7,1350,RETURNED,ON_TIME
A007298,I01152,U0217,U0466,SWAP,2026-07-01,2026-06-27,2026-07-01,COMPLETED,0,1200,COMPLETED,NA
A007299,I04920,U0913,U0335,GIVEAWAY,2026-06-01,2026-05-31,2026-06-01,COMPLETED,0,1350,COMPLETED,NA
A007300,I02350,U0790,U0431,BORROW,2025-11-14,2025-11-14,2025-11-24,COMPLETED,10,1750,RETURNED,ON_TIME
A007301,I04665,U0372,U0478,SWAP,2025-09-02,2025-08-29,2025-09-02,COMPLETED,0,1450,COMPLETED,NA
A007302,I02161,U0176,U0604,BORROW,2026-01-09,2026-01-09,2026-01-23,OVERDUE,14,3400,NOT_RETURNED,LATE
A007303,I03297,U0581,U0968,SWAP,2026-04-01,2026-03-28,2026-04-01,COMPLETED,0,1050,COMPLETED,NA
A007304,I00194,U0270,U0049,BORROW,2026-01-10,2026-01-08,2026-01-15,ACTIVE,5,900,NOT_RETURNED,PENDING
A007305,I01461,U0340,U0455,BORROW,2026-07-21,2026-07-17,2026-07-24,ACTIVE,3,1550,NOT_RETURNED,PENDING
A007306,I03552,U0994,U0125,BORROW,2025-12-29,2025-12-25,2025-12-31,ACTIVE,2,900,NOT_RETURNED,PENDING
A007307,I00972,U0597,U0940,SWAP,2025-09-10,2025-09-09,2025-09-10,COMPLETED,0,900,COMPLETED,NA
A007308,I03364,U0816,U0746,BORROW,2026-05-06,2026-05-06,2026-05-16,COMPLETED,10,750,RETURNED,ON_TIME
A007309,I03206,U0418,U0495,BORROW,2025-09-27,2025-09-27,2025-10-11,COMPLETED,14,3500,RETURNED,ON_TIME
A007310,I01979,U0110,U0809,GIVEAWAY,2025-10-26,2025-10-22,2025-10-26,COMPLETED,0,4400,COMPLETED,NA
A007311,I03753,U0707,U0925,BORROW,2025-09-08,2025-09-06,2025-09-11,COMPLETED,3,1750,RETURNED,ON_TIME
A007312,I02775,U0461,U0102,SWAP,2025-12-29,2025-12-29,2025-12-29,COMPLETED,0,1400,COMPLETED,NA
A007313,I01871,U0155,U0552,BORROW,2026-04-19,2026-04-18,2026-04-24,CANCELLED,5,1200,CANCELLED,PENDING
A007314,I03267,U0316,U0518,BORROW,2026-02-23,2026-02-21,2026-03-09,COMPLETED,14,800,RETURNED,ON_TIME
A007315,I01949,U0029,U0928,BORROW,2026-04-09,2026-04-08,2026-04-23,COMPLETED,14,5100,RETURNED,ON_TIME
A007316,I00559,U0775,U0211,BORROW,2026-03-21,2026-03-18,2026-03-31,COMPLETED,10,1500,RETURNED,LATE
A007317,I01163,U0756,U0612,BORROW,2025-12-08,2025-12-04,2025-12-18,ACTIVE,10,450,NOT_RETURNED,PENDING
A007318,I01569,U0972,U0179,GIVEAWAY,2026-02-04,2026-01-31,2026-02-04,COMPLETED,0,1300,COMPLETED,NA
A007319,I03678,U0768,U0170,BORROW,2026-03-05,2026-03-04,2026-03-15,COMPLETED,10,400,RETURNED,ON_TIME
A007320,I02054,U0556,U0345,SELL,2025-11-11,2025-11-08,2025-11-11,COMPLETED,0,1200,COMPLETED,NA
A007321,I01565,U0122,U0068,BORROW,2026-07-27,2026-07-26,2026-08-10,COMPLETED,14,2100,RETURNED,ON_TIME
A007322,I04636,U0923,U0067,BORROW,2026-01-10,2026-01-06,2026-01-17,COMPLETED,7,450,RETURNED,ON_TIME
A007323,I02984,U0822,U0658,BORROW,2026-04-19,2026-04-17,2026-04-22,COMPLETED,3,350,RETURNED,ON_TIME
A007324,I02211,U0838,U0601,SELL,2026-03-09,2026-03-06,2026-03-09,COMPLETED,0,2050,COMPLETED,NA
A007325,I03625,U0200,U0066,BORROW,2025-09-01,2025-08-31,2025-09-15,COMPLETED,14,150,RETURNED,ON_TIME
A007326,I03220,U0402,U0880,SELL,2026-07-02,2026-07-01,2026-07-02,COMPLETED,0,600,COMPLETED,NA
A007327,I04697,U0460,U0986,BORROW,2026-06-09,2026-06-05,2026-06-11,ACTIVE,2,1050,NOT_RETURNED,PENDING
A007328,I01637,U0671,U0632,SELL,2026-03-11,2026-03-08,2026-03-11,COMPLETED,0,800,COMPLETED,NA
A007329,I02691,U0259,U0087,BORROW,2026-01-13,2026-01-12,2026-01-23,COMPLETED,10,1250,RETURNED,LATE
A007330,I01280,U0927,U0130,SWAP,2025-09-05,2025-09-02,2025-09-05,COMPLETED,0,250,COMPLETED,NA
A007331,I02663,U0660,U0702,GIVEAWAY,2025-09-03,2025-09-03,2025-09-03,COMPLETED,0,700,COMPLETED,NA
A007332,I02008,U0022,U0605,SWAP,2025-11-07,2025-11-06,2025-11-07,COMPLETED,0,600,COMPLETED,NA
A007333,I01137,U0669,U0630,SELL,2026-04-11,2026-04-08,2026-04-11,COMPLETED,0,950,COMPLETED,NA
A007334,I03439,U0129,U0154,BORROW,2025-12-23,2025-12-23,2025-12-28,COMPLETED,5,1350,RETURNED,ON_TIME
A007335,I03511,U0427,U0052,SWAP,2026-06-01,2026-05-30,2026-06-01,COMPLETED,0,3300,COMPLETED,NA
A007336,I04127,U0477,U0538,BORROW,2026-05-04,2026-05-02,2026-05-11,COMPLETED,7,1600,RETURNED,LATE
A007337,I02818,U0192,U0335,BORROW,2025-09-30,2025-09-27,2025-10-10,COMPLETED,10,1550,RETURNED,ON_TIME
A007338,I00383,U0340,U0977,GIVEAWAY,2026-06-23,2026-06-22,2026-06-23,COMPLETED,0,650,COMPLETED,NA
A007339,I00043,U0201,U0452,GIVEAWAY,2025-09-11,2025-09-07,2025-09-11,COMPLETED,0,2150,COMPLETED,NA
A007340,I01452,U0640,U0229,GIVEAWAY,2026-05-19,2026-05-19,2026-05-19,COMPLETED,0,350,COMPLETED,NA
A007341,I03032,U0917,U0109,GIVEAWAY,2026-03-24,2026-03-23,2026-03-24,COMPLETED,0,3800,COMPLETED,NA
A007342,I02645,U0965,U0704,BORROW,2025-10-19,2025-10-16,2025-10-24,ACTIVE,5,2200,NOT_RETURNED,PENDING
A007343,I02276,U0398,U0892,SWAP,2025-10-30,2025-10-30,2025-10-30,COMPLETED,0,2700,COMPLETED,NA
A007344,I03381,U0696,U0543,BORROW,2025-10-16,2025-10-14,2025-10-26,COMPLETED,10,1700,RETURNED,ON_TIME
A007345,I02137,U0104,U0466,BORROW,2026-03-17,2026-03-16,2026-03-19,ACTIVE,2,1900,NOT_RETURNED,PENDING
A007346,I02186,U0947,U0983,BORROW,2026-05-10,2026-05-09,2026-05-17,COMPLETED,7,1900,RETURNED,ON_TIME
A007347,I03124,U0104,U0162,SELL,2026-05-23,2026-05-23,2026-05-23,COMPLETED,0,1900,COMPLETED,NA
A007348,I04476,U0675,U0010,SELL,2026-03-24,2026-03-23,2026-03-24,COMPLETED,0,1100,COMPLETED,NA
A007349,I04692,U0626,U0543,BORROW,2026-01-31,2026-01-29,2026-02-07,ACTIVE,7,550,NOT_RETURNED,PENDING
A007350,I02218,U0225,U0934,GIVEAWAY,2025-11-05,2025-11-01,2025-11-05,COMPLETED,0,550,COMPLETED,NA
A007351,I03831,U0857,U0789,BORROW,2026-03-17,2026-03-13,2026-03-31,COMPLETED,14,2000,RETURNED,ON_TIME
A007352,I03360,U0273,U0907,SELL,2026-03-24,2026-03-21,2026-03-24,COMPLETED,0,1200,COMPLETED,NA
A007353,I02281,U0328,U0553,BORROW,2025-10-25,2025-10-23,2025-11-15,COMPLETED,21,3350,RETURNED,ON_TIME
A007354,I01781,U0942,U0823,BORROW,2026-05-22,2026-05-18,2026-06-01,ACTIVE,10,1100,NOT_RETURNED,PENDING
A007355,I00062,U0621,U0004,SWAP,2026-03-10,2026-03-09,2026-03-10,COMPLETED,0,4000,COMPLETED,NA
A007356,I01355,U0423,U0349,SWAP,2026-04-16,2026-04-14,2026-04-16,COMPLETED,0,1750,COMPLETED,NA
A007357,I02441,U0238,U0547,BORROW,2026-06-10,2026-06-07,2026-06-12,COMPLETED,2,450,RETURNED,LATE
A007358,I03148,U0595,U0341,GIVEAWAY,2025-10-12,2025-10-08,2025-10-12,COMPLETED,0,1550,COMPLETED,NA
A007359,I02520,U0421,U0236,BORROW,2025-12-26,2025-12-22,2025-12-28,COMPLETED,2,1250,RETURNED,ON_TIME
A007360,I04284,U0745,U0426,BORROW,2026-06-15,2026-06-12,2026-07-06,COMPLETED,21,1900,RETURNED,ON_TIME
A007361,I04964,U0242,U0981,BORROW,2026-06-10,2026-06-07,2026-06-17,COMPLETED,7,650,RETURNED,ON_TIME
A007362,I03283,U0259,U0120,BORROW,2026-01-12,2026-01-08,2026-01-14,COMPLETED,2,1550,RETURNED,LATE
A007363,I01030,U0888,U0984,SELL,2026-02-13,2026-02-09,2026-02-13,COMPLETED,0,500,COMPLETED,NA
A007364,I02929,U0188,U0284,BORROW,2026-05-22,2026-05-20,2026-05-27,ACTIVE,5,950,NOT_RETURNED,PENDING
A007365,I03373,U0251,U0848,BORROW,2026-07-12,2026-07-11,2026-08-02,COMPLETED,21,1250,RETURNED,ON_TIME
A007366,I01382,U0636,U0492,SWAP,2026-01-02,2026-01-02,2026-01-02,COMPLETED,0,6400,COMPLETED,NA
A007367,I02727,U0934,U0635,GIVEAWAY,2025-11-16,2025-11-12,2025-11-16,COMPLETED,0,1350,COMPLETED,NA
A007368,I04164,U0251,U0968,BORROW,2026-01-08,2026-01-04,2026-01-18,CANCELLED,10,3300,CANCELLED,PENDING
A007369,I04855,U0848,U0297,SELL,2026-05-24,2026-05-20,2026-05-24,CANCELLED,0,200,CANCELLED,NA
A007370,I02480,U0030,U0946,BORROW,2026-02-24,2026-02-21,2026-02-27,COMPLETED,3,600,RETURNED,ON_TIME
A007371,I03734,U0193,U0849,GIVEAWAY,2025-09-25,2025-09-24,2025-09-25,COMPLETED,0,950,COMPLETED,NA
A007372,I01393,U0260,U0595,BORROW,2026-02-08,2026-02-04,2026-02-22,COMPLETED,14,550,RETURNED,ON_TIME
A007373,I03502,U0474,U0368,SELL,2026-05-16,2026-05-14,2026-05-16,COMPLETED,0,3250,COMPLETED,NA
A007374,I00655,U0951,U0189,SWAP,2026-04-21,2026-04-18,2026-04-21,COMPLETED,0,100,COMPLETED,NA
A007375,I03364,U0874,U0746,BORROW,2026-05-12,2026-05-10,2026-05-15,COMPLETED,3,750,RETURNED,ON_TIME
A007376,I03612,U0391,U0219,BORROW,2025-10-22,2025-10-20,2025-10-25,COMPLETED,3,550,RETURNED,LATE
A007377,I00217,U0198,U0449,BORROW,2025-09-12,2025-09-09,2025-09-26,COMPLETED,14,1100,RETURNED,ON_TIME
A007378,I03692,U0636,U0922,BORROW,2025-10-07,2025-10-07,2025-10-21,COMPLETED,14,6550,RETURNED,LATE
A007379,I01206,U0537,U0327,BORROW,2025-11-24,2025-11-22,2025-12-08,COMPLETED,14,1450,RETURNED,ON_TIME
A007380,I01362,U0339,U0598,BORROW,2025-11-02,2025-10-31,2025-11-12,COMPLETED,10,800,RETURNED,ON_TIME
A007381,I04409,U0061,U0161,BORROW,2025-11-28,2025-11-27,2025-12-01,COMPLETED,3,5950,RETURNED,LATE
A007382,I03761,U0021,U0706,GIVEAWAY,2026-03-06,2026-03-06,2026-03-06,COMPLETED,0,1000,COMPLETED,NA
A007383,I00723,U0323,U0183,SWAP,2025-12-09,2025-12-08,2025-12-09,COMPLETED,0,1400,COMPLETED,NA
A007384,I04688,U0805,U0373,BORROW,2025-11-24,2025-11-20,2025-11-29,ACTIVE,5,1500,NOT_RETURNED,PENDING
A007385,I01846,U0148,U0519,SWAP,2026-05-16,2026-05-13,2026-05-16,COMPLETED,0,500,COMPLETED,NA
A007386,I02486,U0878,U0074,BORROW,2025-09-24,2025-09-23,2025-10-08,COMPLETED,14,3350,RETURNED,ON_TIME
A007387,I00722,U0823,U0840,GIVEAWAY,2026-05-19,2026-05-16,2026-05-19,COMPLETED,0,6450,COMPLETED,NA
A007388,I02977,U0334,U0878,BORROW,2025-11-16,2025-11-15,2025-11-30,ACTIVE,14,1500,NOT_RETURNED,PENDING
A007389,I04959,U0294,U0569,BORROW,2025-10-14,2025-10-12,2025-10-28,COMPLETED,14,1000,RETURNED,ON_TIME
A007390,I03051,U0855,U0421,BORROW,2026-07-28,2026-07-24,2026-07-31,COMPLETED,3,550,RETURNED,ON_TIME
A007391,I02920,U0643,U0756,BORROW,2025-09-16,2025-09-13,2025-10-07,COMPLETED,21,700,RETURNED,ON_TIME
A007392,I04122,U0244,U0839,GIVEAWAY,2025-12-27,2025-12-25,2025-12-27,COMPLETED,0,400,COMPLETED,NA
A007393,I04012,U0279,U0281,GIVEAWAY,2025-10-27,2025-10-23,2025-10-27,COMPLETED,0,3400,COMPLETED,NA
A007394,I00570,U0680,U0829,SWAP,2026-02-14,2026-02-10,2026-02-14,COMPLETED,0,1150,COMPLETED,NA
A007395,I00723,U0313,U0183,GIVEAWAY,2026-02-19,2026-02-18,2026-02-19,COMPLETED,0,1400,COMPLETED,NA
A007396,I01496,U0221,U0581,BORROW,2025-09-09,2025-09-06,2025-09-12,COMPLETED,3,1150,RETURNED,ON_TIME
A007397,I01322,U0992,U0925,BORROW,2026-06-22,2026-06-19,2026-07-13,COMPLETED,21,4700,RETURNED,ON_TIME
A007398,I03900,U0528,U0283,BORROW,2025-10-04,2025-10-02,2025-10-07,ACTIVE,3,950,NOT_RETURNED,PENDING
A007399,I03196,U0077,U0848,SWAP,2026-07-20,2026-07-19,2026-07-20,COMPLETED,0,700,COMPLETED,NA
A007400,I02160,U0654,U0740,SWAP,2026-05-13,2026-05-09,2026-05-13,COMPLETED,0,1200,COMPLETED,NA
A007401,I02202,U0642,U0208,BORROW,2026-02-17,2026-02-15,2026-02-22,COMPLETED,5,650,RETURNED,ON_TIME
A007402,I04489,U0107,U0663,GIVEAWAY,2026-04-15,2026-04-11,2026-04-15,COMPLETED,0,1450,COMPLETED,NA
A007403,I00369,U0651,U0983,GIVEAWAY,2026-01-31,2026-01-30,2026-01-31,COMPLETED,0,950,COMPLETED,NA
A007404,I02463,U0302,U0053,SWAP,2025-09-06,2025-09-05,2025-09-06,COMPLETED,0,2400,COMPLETED,NA
A007405,I01018,U0731,U0500,SWAP,2025-12-14,2025-12-11,2025-12-14,COMPLETED,0,550,COMPLETED,NA
A007406,I02418,U0283,U0913,SELL,2025-12-27,2025-12-23,2025-12-27,COMPLETED,0,400,COMPLETED,NA
A007407,I03594,U0108,U0786,BORROW,2026-04-23,2026-04-23,2026-05-03,COMPLETED,10,1000,RETURNED,ON_TIME
A007408,I04682,U0113,U0569,BORROW,2026-02-15,2026-02-13,2026-02-17,COMPLETED,2,5150,RETURNED,ON_TIME
A007409,I03484,U0156,U0194,SWAP,2025-10-16,2025-10-16,2025-10-16,COMPLETED,0,1350,COMPLETED,NA
A007410,I03835,U0854,U0556,GIVEAWAY,2026-03-08,2026-03-08,2026-03-08,COMPLETED,0,200,COMPLETED,NA
A007411,I03319,U0880,U0269,SWAP,2026-03-09,2026-03-05,2026-03-09,COMPLETED,0,350,COMPLETED,NA
A007412,I04261,U0517,U0653,SELL,2026-05-28,2026-05-27,2026-05-28,COMPLETED,0,1500,COMPLETED,NA
A007413,I04533,U0324,U0702,SWAP,2025-10-29,2025-10-29,2025-10-29,COMPLETED,0,1750,COMPLETED,NA
A007414,I01056,U0109,U0676,GIVEAWAY,2026-01-06,2026-01-04,2026-01-06,COMPLETED,0,1850,COMPLETED,NA
A007415,I01478,U0089,U0912,SELL,2026-01-05,2026-01-01,2026-01-05,COMPLETED,0,1400,COMPLETED,NA
A007416,I01697,U0362,U0023,SWAP,2026-06-16,2026-06-16,2026-06-16,COMPLETED,0,1100,COMPLETED,NA
A007417,I01824,U0762,U0003,GIVEAWAY,2026-04-19,2026-04-17,2026-04-19,COMPLETED,0,2650,COMPLETED,NA
A007418,I01785,U0143,U0382,BORROW,2026-02-22,2026-02-19,2026-03-01,COMPLETED,7,600,RETURNED,LATE
A007419,I03422,U0881,U0513,SWAP,2026-04-21,2026-04-21,2026-04-21,COMPLETED,0,6200,COMPLETED,NA
A007420,I00229,U0659,U0095,BORROW,2025-11-15,2025-11-15,2025-11-25,COMPLETED,10,650,RETURNED,ON_TIME
A007421,I03055,U0083,U0494,SELL,2025-11-06,2025-11-05,2025-11-06,COMPLETED,0,100,COMPLETED,NA
A007422,I03692,U0758,U0922,SWAP,2026-01-14,2026-01-11,2026-01-14,COMPLETED,0,6550,COMPLETED,NA
A007423,I00892,U0705,U0625,SWAP,2026-05-25,2026-05-21,2026-05-25,COMPLETED,0,1000,COMPLETED,NA
A007424,I01229,U0422,U0776,BORROW,2025-11-09,2025-11-09,2025-11-14,COMPLETED,5,2100,RETURNED,LATE
A007425,I04381,U0577,U0073,BORROW,2026-02-03,2026-02-02,2026-02-10,ACTIVE,7,1450,NOT_RETURNED,PENDING
A007426,I02271,U0017,U0595,BORROW,2026-02-19,2026-02-15,2026-02-22,COMPLETED,3,2100,RETURNED,ON_TIME
A007427,I04987,U0777,U0329,GIVEAWAY,2025-09-30,2025-09-29,2025-09-30,COMPLETED,0,2700,COMPLETED,NA
A007428,I03848,U0738,U0256,SWAP,2026-04-01,2026-03-31,2026-04-01,COMPLETED,0,3200,COMPLETED,NA
A007429,I02025,U0842,U0103,BORROW,2025-10-17,2025-10-17,2025-10-20,COMPLETED,3,950,RETURNED,ON_TIME
A007430,I00235,U0225,U0419,GIVEAWAY,2026-06-19,2026-06-17,2026-06-19,COMPLETED,0,150,COMPLETED,NA
A007431,I03487,U0098,U0457,GIVEAWAY,2026-02-16,2026-02-14,2026-02-16,COMPLETED,0,2050,COMPLETED,NA
A007432,I00442,U0072,U0873,SELL,2025-09-05,2025-09-02,2025-09-05,COMPLETED,0,1150,COMPLETED,NA
A007433,I03059,U0241,U0758,SELL,2026-05-05,2026-05-05,2026-05-05,COMPLETED,0,3250,COMPLETED,NA
A007434,I03261,U0911,U0321,SWAP,2026-07-05,2026-07-01,2026-07-05,COMPLETED,0,700,COMPLETED,NA
A007435,I02327,U0682,U0877,SWAP,2026-05-04,2026-05-03,2026-05-04,COMPLETED,0,800,COMPLETED,NA
A007436,I02542,U0297,U0757,BORROW,2025-09-25,2025-09-23,2025-10-16,ACTIVE,21,3250,NOT_RETURNED,PENDING
A007437,I01810,U0471,U0885,BORROW,2026-02-25,2026-02-21,2026-03-18,OVERDUE,21,1000,NOT_RETURNED,LATE
A007438,I04716,U0471,U0147,GIVEAWAY,2026-04-16,2026-04-16,2026-04-16,COMPLETED,0,1400,COMPLETED,NA
A007439,I00176,U0943,U0045,SELL,2025-12-20,2025-12-20,2025-12-20,COMPLETED,0,2200,COMPLETED,NA
A007440,I04094,U0915,U0482,SWAP,2025-10-04,2025-10-02,2025-10-04,COMPLETED,0,1000,COMPLETED,NA
A007441,I03038,U0764,U0081,BORROW,2025-11-28,2025-11-28,2025-12-08,COMPLETED,10,2550,RETURNED,ON_TIME
A007442,I04306,U0485,U0545,BORROW,2025-11-03,2025-11-03,2025-11-24,COMPLETED,21,600,RETURNED,ON_TIME
A007443,I00665,U0976,U0371,SWAP,2025-10-07,2025-10-07,2025-10-07,COMPLETED,0,1700,COMPLETED,NA
A007444,I00751,U0624,U0892,BORROW,2025-11-22,2025-11-22,2025-11-24,COMPLETED,2,2650,RETURNED,ON_TIME
A007445,I04827,U0292,U0797,SELL,2026-01-12,2026-01-09,2026-01-12,COMPLETED,0,750,COMPLETED,NA
A007446,I02443,U0778,U0161,SWAP,2025-10-09,2025-10-05,2025-10-09,COMPLETED,0,1900,COMPLETED,NA
A007447,I00570,U0630,U0829,SWAP,2025-09-02,2025-08-31,2025-09-02,CANCELLED,0,1150,CANCELLED,NA
A007448,I00854,U0242,U0817,SWAP,2025-09-12,2025-09-08,2025-09-12,COMPLETED,0,900,COMPLETED,NA
A007449,I02565,U0832,U0466,BORROW,2025-12-06,2025-12-03,2025-12-11,COMPLETED,5,1250,RETURNED,ON_TIME
A007450,I03989,U0600,U0089,SELL,2025-09-13,2025-09-09,2025-09-13,COMPLETED,0,5150,COMPLETED,NA
A007451,I04774,U0622,U0181,BORROW,2026-06-23,2026-06-21,2026-07-07,OVERDUE,14,2050,NOT_RETURNED,LATE
A007452,I04090,U0808,U0400,BORROW,2025-12-08,2025-12-05,2025-12-13,COMPLETED,5,400,RETURNED,ON_TIME
A007453,I02569,U0604,U0170,BORROW,2026-04-25,2026-04-24,2026-05-02,COMPLETED,7,700,RETURNED,ON_TIME
A007454,I03342,U0817,U0162,BORROW,2026-05-03,2026-04-30,2026-05-10,COMPLETED,7,600,RETURNED,ON_TIME
A007455,I00294,U0730,U0397,SWAP,2026-03-14,2026-03-11,2026-03-14,COMPLETED,0,950,COMPLETED,NA
A007456,I01887,U0907,U0686,BORROW,2025-11-04,2025-11-03,2025-11-14,COMPLETED,10,1750,RETURNED,LATE
A007457,I02242,U0811,U0568,SWAP,2026-04-06,2026-04-03,2026-04-06,COMPLETED,0,1750,COMPLETED,NA
A007458,I02811,U0072,U0202,GIVEAWAY,2025-09-11,2025-09-07,2025-09-11,COMPLETED,0,900,COMPLETED,NA
A007459,I00262,U0292,U0482,BORROW,2026-04-01,2026-03-31,2026-04-22,COMPLETED,21,1500,RETURNED,LATE
A007460,I01509,U0303,U0462,BORROW,2025-10-14,2025-10-13,2025-10-24,CANCELLED,10,1650,CANCELLED,PENDING
A007461,I04475,U0187,U0909,BORROW,2025-11-30,2025-11-30,2025-12-07,COMPLETED,7,1000,RETURNED,ON_TIME
A007462,I01281,U0356,U0504,GIVEAWAY,2025-10-25,2025-10-23,2025-10-25,COMPLETED,0,1900,COMPLETED,NA
A007463,I02336,U0225,U0627,SELL,2025-11-20,2025-11-19,2025-11-20,COMPLETED,0,1300,COMPLETED,NA
A007464,I00227,U0057,U0280,GIVEAWAY,2026-02-07,2026-02-03,2026-02-07,COMPLETED,0,1000,COMPLETED,NA
A007465,I00473,U0492,U0630,GIVEAWAY,2025-10-19,2025-10-15,2025-10-19,COMPLETED,0,500,COMPLETED,NA
A007466,I00900,U0917,U0041,BORROW,2026-06-15,2026-06-14,2026-06-20,COMPLETED,5,650,RETURNED,ON_TIME
A007467,I02497,U0734,U0917,SELL,2026-04-04,2026-04-03,2026-04-04,COMPLETED,0,1300,COMPLETED,NA
A007468,I04331,U0924,U0586,BORROW,2026-01-05,2026-01-02,2026-01-26,ACTIVE,21,700,NOT_RETURNED,PENDING
A007469,I04778,U0563,U0864,GIVEAWAY,2025-09-25,2025-09-23,2025-09-25,COMPLETED,0,2250,COMPLETED,NA
A007470,I01192,U0839,U0464,SELL,2025-09-05,2025-09-02,2025-09-05,COMPLETED,0,3350,COMPLETED,NA
A007471,I02237,U0662,U0231,BORROW,2026-02-22,2026-02-21,2026-03-15,COMPLETED,21,1700,RETURNED,ON_TIME
A007472,I00447,U0320,U0347,GIVEAWAY,2026-06-30,2026-06-27,2026-06-30,COMPLETED,0,1650,COMPLETED,NA
A007473,I01143,U0505,U0386,BORROW,2026-02-17,2026-02-17,2026-03-03,COMPLETED,14,1500,RETURNED,LATE
A007474,I01227,U0032,U0050,BORROW,2025-11-24,2025-11-21,2025-12-15,COMPLETED,21,1250,RETURNED,ON_TIME
A007475,I01289,U0635,U0450,SELL,2026-04-25,2026-04-23,2026-04-25,COMPLETED,0,5800,COMPLETED,NA
A007476,I02223,U0953,U0122,BORROW,2025-11-01,2025-10-29,2025-11-08,ACTIVE,7,1700,NOT_RETURNED,PENDING
A007477,I04258,U0431,U0859,SWAP,2026-05-01,2026-04-27,2026-05-01,COMPLETED,0,850,COMPLETED,NA
A007478,I02899,U0012,U0721,GIVEAWAY,2026-03-26,2026-03-26,2026-03-26,CANCELLED,0,650,CANCELLED,NA
A007479,I01381,U0623,U0844,GIVEAWAY,2026-02-26,2026-02-23,2026-02-26,COMPLETED,0,1450,COMPLETED,NA
A007480,I01029,U0766,U0611,BORROW,2026-05-19,2026-05-18,2026-05-22,COMPLETED,3,1850,RETURNED,LATE
A007481,I00850,U0421,U0352,GIVEAWAY,2025-10-11,2025-10-10,2025-10-11,COMPLETED,0,850,COMPLETED,NA
A007482,I02469,U0218,U0069,GIVEAWAY,2026-07-07,2026-07-03,2026-07-07,COMPLETED,0,950,COMPLETED,NA
A007483,I04477,U0785,U0023,GIVEAWAY,2026-06-15,2026-06-15,2026-06-15,COMPLETED,0,1300,COMPLETED,NA
A007484,I01086,U0768,U0889,BORROW,2026-05-21,2026-05-21,2026-05-26,COMPLETED,5,850,RETURNED,ON_TIME
A007485,I03711,U0380,U0421,BORROW,2026-01-26,2026-01-24,2026-02-09,COMPLETED,14,1050,RETURNED,ON_TIME
A007486,I04501,U0929,U0904,GIVEAWAY,2026-06-01,2026-05-30,2026-06-01,COMPLETED,0,2300,COMPLETED,NA
A007487,I01597,U0346,U0107,BORROW,2026-01-14,2026-01-10,2026-01-17,CANCELLED,3,1000,CANCELLED,PENDING
A007488,I02570,U0662,U0695,BORROW,2025-10-24,2025-10-21,2025-10-27,COMPLETED,3,600,RETURNED,ON_TIME
A007489,I00119,U0438,U0864,GIVEAWAY,2026-07-20,2026-07-18,2026-07-20,COMPLETED,0,4250,COMPLETED,NA
A007490,I03722,U0152,U0501,SWAP,2026-01-28,2026-01-27,2026-01-28,COMPLETED,0,2850,COMPLETED,NA
A007491,I03436,U0250,U0159,BORROW,2026-01-10,2026-01-09,2026-01-15,COMPLETED,5,200,RETURNED,ON_TIME
A007492,I00527,U0746,U0838,BORROW,2025-10-29,2025-10-29,2025-11-08,COMPLETED,10,550,RETURNED,ON_TIME
A007493,I02187,U0030,U0471,BORROW,2026-02-17,2026-02-16,2026-03-10,COMPLETED,21,1650,RETURNED,ON_TIME
A007494,I03819,U0325,U0154,BORROW,2026-06-04,2026-06-02,2026-06-14,ACTIVE,10,1050,NOT_RETURNED,PENDING
A007495,I00341,U0958,U0407,BORROW,2025-10-08,2025-10-07,2025-10-22,COMPLETED,14,700,RETURNED,ON_TIME
A007496,I00503,U0063,U0925,BORROW,2026-07-07,2026-07-04,2026-07-12,COMPLETED,5,250,RETURNED,ON_TIME
A007497,I01168,U0841,U0451,SELL,2026-02-17,2026-02-13,2026-02-17,COMPLETED,0,1100,COMPLETED,NA
A007498,I02596,U0342,U0469,SWAP,2026-03-10,2026-03-06,2026-03-10,COMPLETED,0,500,COMPLETED,NA
A007499,I00655,U0201,U0189,BORROW,2025-10-01,2025-10-01,2025-10-04,CANCELLED,3,100,CANCELLED,PENDING
A007500,I00129,U0512,U0690,BORROW,2025-12-09,2025-12-07,2025-12-14,COMPLETED,5,1950,RETURNED,LATE
A007501,I00604,U0422,U0715,SWAP,2026-02-04,2026-02-04,2026-02-04,COMPLETED,0,800,COMPLETED,NA
A007502,I04578,U0638,U0676,SELL,2026-02-11,2026-02-07,2026-02-11,COMPLETED,0,400,COMPLETED,NA
A007503,I01706,U0220,U0707,GIVEAWAY,2026-01-20,2026-01-20,2026-01-20,COMPLETED,0,700,COMPLETED,NA
A007504,I00917,U0736,U0991,BORROW,2026-03-06,2026-03-05,2026-03-20,COMPLETED,14,1000,RETURNED,LATE
A007505,I02549,U0045,U0896,SWAP,2026-03-11,2026-03-07,2026-03-11,COMPLETED,0,3200,COMPLETED,NA
A007506,I01647,U0521,U0412,SWAP,2026-01-15,2026-01-14,2026-01-15,COMPLETED,0,1350,COMPLETED,NA
A007507,I02059,U0175,U0992,BORROW,2025-12-04,2025-11-30,2025-12-18,COMPLETED,14,550,RETURNED,ON_TIME
A007508,I02839,U0535,U0775,BORROW,2026-06-26,2026-06-22,2026-07-17,COMPLETED,21,1150,RETURNED,ON_TIME
A007509,I04428,U0159,U0943,BORROW,2026-02-22,2026-02-22,2026-03-01,COMPLETED,7,450,RETURNED,ON_TIME
A007510,I04083,U0202,U0145,BORROW,2026-07-22,2026-07-21,2026-08-05,COMPLETED,14,1350,RETURNED,ON_TIME
A007511,I04149,U0472,U0055,SELL,2026-06-21,2026-06-18,2026-06-21,COMPLETED,0,1600,COMPLETED,NA
A007512,I02425,U0359,U0182,SWAP,2026-01-21,2026-01-17,2026-01-21,COMPLETED,0,200,COMPLETED,NA
A007513,I03377,U0585,U0516,BORROW,2025-12-03,2025-12-03,2025-12-08,COMPLETED,5,1150,RETURNED,ON_TIME
A007514,I02053,U0333,U0445,SWAP,2026-05-23,2026-05-23,2026-05-23,COMPLETED,0,2300,COMPLETED,NA
A007515,I01959,U0498,U0713,GIVEAWAY,2026-04-23,2026-04-19,2026-04-23,COMPLETED,0,500,COMPLETED,NA
A007516,I03161,U0472,U0935,SELL,2025-09-23,2025-09-20,2025-09-23,COMPLETED,0,400,COMPLETED,NA
A007517,I04830,U0609,U0646,BORROW,2025-10-14,2025-10-10,2025-10-16,COMPLETED,2,900,RETURNED,ON_TIME
A007518,I00147,U0930,U0832,SELL,2026-03-03,2026-02-28,2026-03-03,COMPLETED,0,650,COMPLETED,NA
A007519,I03126,U0310,U0839,BORROW,2026-03-16,2026-03-15,2026-03-19,ACTIVE,3,1900,NOT_RETURNED,PENDING
A007520,I01787,U0749,U0055,BORROW,2026-07-26,2026-07-22,2026-07-29,COMPLETED,3,650,RETURNED,ON_TIME
A007521,I02611,U0768,U0367,SWAP,2026-01-19,2026-01-15,2026-01-19,COMPLETED,0,2150,COMPLETED,NA
A007522,I04580,U0583,U0807,BORROW,2026-04-14,2026-04-10,2026-04-17,OVERDUE,3,750,NOT_RETURNED,LATE
A007523,I01456,U0155,U0868,BORROW,2025-12-18,2025-12-18,2025-12-20,COMPLETED,2,200,RETURNED,ON_TIME
A007524,I02016,U0289,U0951,SELL,2025-11-02,2025-10-31,2025-11-02,COMPLETED,0,1950,COMPLETED,NA
A007525,I00447,U0784,U0347,BORROW,2026-02-02,2026-01-29,2026-02-16,ACTIVE,14,1650,NOT_RETURNED,PENDING
A007526,I00163,U0374,U0480,BORROW,2025-12-24,2025-12-20,2025-12-29,COMPLETED,5,2300,RETURNED,ON_TIME
A007527,I00157,U0059,U0149,SWAP,2025-11-20,2025-11-19,2025-11-20,CANCELLED,0,650,CANCELLED,NA
A007528,I04836,U0726,U0783,BORROW,2026-04-02,2026-04-01,2026-04-05,ACTIVE,3,2100,NOT_RETURNED,PENDING
A007529,I02572,U0638,U0445,SWAP,2026-01-08,2026-01-08,2026-01-08,COMPLETED,0,900,COMPLETED,NA
A007530,I00484,U0639,U0417,BORROW,2026-07-07,2026-07-06,2026-07-17,CANCELLED,10,1100,CANCELLED,PENDING
A007531,I00912,U0995,U0604,BORROW,2025-09-24,2025-09-24,2025-09-27,COMPLETED,3,1000,RETURNED,ON_TIME
A007532,I00101,U0629,U0583,BORROW,2025-09-12,2025-09-10,2025-10-03,COMPLETED,21,650,RETURNED,ON_TIME
A007533,I03813,U0734,U0979,SWAP,2025-09-24,2025-09-23,2025-09-24,COMPLETED,0,1900,COMPLETED,NA
A007534,I04589,U0054,U0042,SWAP,2025-12-05,2025-12-01,2025-12-05,COMPLETED,0,2050,COMPLETED,NA
A007535,I02412,U0481,U0190,BORROW,2025-10-27,2025-10-27,2025-11-17,CANCELLED,21,1150,CANCELLED,PENDING
A007536,I03509,U0660,U0838,GIVEAWAY,2026-05-04,2026-05-02,2026-05-04,COMPLETED,0,4750,COMPLETED,NA
A007537,I04036,U0033,U0088,GIVEAWAY,2026-03-24,2026-03-22,2026-03-24,COMPLETED,0,650,COMPLETED,NA
A007538,I04194,U0385,U0089,BORROW,2026-07-21,2026-07-18,2026-07-28,OVERDUE,7,4200,NOT_RETURNED,LATE
A007539,I00574,U0570,U0807,BORROW,2026-05-28,2026-05-26,2026-06-02,ACTIVE,5,1350,NOT_RETURNED,PENDING
A007540,I01301,U0055,U0102,BORROW,2026-02-02,2026-01-31,2026-02-16,COMPLETED,14,900,RETURNED,ON_TIME
A007541,I01270,U0894,U0256,SWAP,2025-11-07,2025-11-07,2025-11-07,COMPLETED,0,1600,COMPLETED,NA
A007542,I00310,U0742,U0689,BORROW,2026-04-16,2026-04-14,2026-04-26,COMPLETED,10,750,RETURNED,ON_TIME
A007543,I04209,U0883,U0901,GIVEAWAY,2025-12-05,2025-12-03,2025-12-05,COMPLETED,0,750,COMPLETED,NA
A007544,I04997,U0380,U0501,SWAP,2025-09-24,2025-09-21,2025-09-24,COMPLETED,0,750,COMPLETED,NA
A007545,I03032,U0871,U0109,GIVEAWAY,2026-03-24,2026-03-24,2026-03-24,COMPLETED,0,3800,COMPLETED,NA
A007546,I02533,U0955,U0476,SWAP,2026-01-27,2026-01-25,2026-01-27,CANCELLED,0,1350,CANCELLED,NA
A007547,I04355,U0030,U0674,BORROW,2025-11-17,2025-11-15,2025-12-08,COMPLETED,21,1800,RETURNED,ON_TIME
A007548,I02011,U0821,U0211,SWAP,2026-05-26,2026-05-23,2026-05-26,CANCELLED,0,1950,CANCELLED,NA
A007549,I00867,U0731,U0327,SWAP,2025-11-05,2025-11-04,2025-11-05,COMPLETED,0,1550,COMPLETED,NA
A007550,I01081,U0013,U0947,SELL,2026-07-04,2026-07-01,2026-07-04,COMPLETED,0,1700,COMPLETED,NA
A007551,I01395,U0824,U0562,BORROW,2026-03-22,2026-03-21,2026-03-24,COMPLETED,2,750,RETURNED,ON_TIME
A007552,I00964,U0944,U0646,BORROW,2025-09-23,2025-09-19,2025-10-14,COMPLETED,21,1450,RETURNED,ON_TIME
A007553,I04273,U0894,U0581,BORROW,2026-05-14,2026-05-10,2026-05-21,COMPLETED,7,2300,RETURNED,ON_TIME
A007554,I00234,U0365,U0321,SWAP,2025-11-09,2025-11-07,2025-11-09,COMPLETED,0,3600,COMPLETED,NA
A007555,I03834,U0811,U0901,GIVEAWAY,2026-06-04,2026-06-03,2026-06-04,COMPLETED,0,1800,COMPLETED,NA
A007556,I02962,U0610,U0805,BORROW,2025-09-22,2025-09-19,2025-09-25,ACTIVE,3,2550,NOT_RETURNED,PENDING
A007557,I04677,U0024,U0036,SELL,2026-01-31,2026-01-27,2026-01-31,COMPLETED,0,1350,COMPLETED,NA
A007558,I04610,U0227,U0427,GIVEAWAY,2025-12-21,2025-12-18,2025-12-21,COMPLETED,0,500,COMPLETED,NA
A007559,I02730,U0890,U0560,SWAP,2026-04-01,2026-03-30,2026-04-01,COMPLETED,0,1750,COMPLETED,NA
A007560,I04106,U0602,U0957,GIVEAWAY,2026-04-19,2026-04-15,2026-04-19,COMPLETED,0,2800,COMPLETED,NA
A007561,I01786,U0565,U0025,BORROW,2026-04-25,2026-04-21,2026-05-02,COMPLETED,7,200,RETURNED,ON_TIME
A007562,I02679,U0396,U0883,BORROW,2025-12-05,2025-12-02,2025-12-12,COMPLETED,7,1200,RETURNED,ON_TIME
A007563,I03681,U0445,U0700,BORROW,2025-10-11,2025-10-07,2025-10-16,COMPLETED,5,1350,RETURNED,ON_TIME
A007564,I02714,U0796,U0260,BORROW,2026-07-17,2026-07-14,2026-07-19,COMPLETED,2,1150,RETURNED,ON_TIME
A007565,I04334,U0944,U0360,BORROW,2026-01-24,2026-01-21,2026-01-27,COMPLETED,3,400,RETURNED,LATE
A007566,I02703,U0006,U0316,SWAP,2025-11-17,2025-11-15,2025-11-17,COMPLETED,0,1700,COMPLETED,NA
A007567,I00228,U0344,U0158,BORROW,2026-02-26,2026-02-24,2026-03-12,COMPLETED,14,450,RETURNED,ON_TIME
A007568,I04915,U0336,U0047,BORROW,2025-10-05,2025-10-04,2025-10-15,COMPLETED,10,150,RETURNED,LATE
A007569,I04109,U0792,U0156,SELL,2026-04-05,2026-04-04,2026-04-05,CANCELLED,0,5650,CANCELLED,NA
A007570,I02931,U0692,U0963,BORROW,2025-12-12,2025-12-09,2026-01-02,COMPLETED,21,1150,RETURNED,ON_TIME
A007571,I04385,U0273,U0285,BORROW,2025-09-21,2025-09-21,2025-10-05,CANCELLED,14,1400,CANCELLED,PENDING
A007572,I00430,U0314,U0839,BORROW,2026-03-24,2026-03-24,2026-03-31,COMPLETED,7,450,RETURNED,ON_TIME
A007573,I01215,U0411,U0640,SWAP,2026-07-13,2026-07-10,2026-07-13,CANCELLED,0,1550,CANCELLED,NA
A007574,I03220,U0450,U0880,BORROW,2026-02-25,2026-02-25,2026-03-04,COMPLETED,7,600,RETURNED,ON_TIME
A007575,I00816,U0678,U0363,BORROW,2026-04-22,2026-04-21,2026-04-27,COMPLETED,5,2200,RETURNED,ON_TIME
A007576,I01880,U0966,U0080,BORROW,2026-02-23,2026-02-22,2026-03-02,COMPLETED,7,450,RETURNED,ON_TIME
A007577,I04798,U0392,U0176,BORROW,2026-03-15,2026-03-15,2026-03-22,COMPLETED,7,1800,RETURNED,ON_TIME
A007578,I04451,U0438,U0268,BORROW,2026-02-27,2026-02-27,2026-03-04,OVERDUE,5,600,NOT_RETURNED,LATE
A007579,I04640,U0150,U0282,BORROW,2026-05-30,2026-05-29,2026-06-04,COMPLETED,5,300,RETURNED,ON_TIME
A007580,I03485,U0109,U0028,SELL,2025-09-18,2025-09-18,2025-09-18,COMPLETED,0,2300,COMPLETED,NA
A007581,I04396,U0285,U0630,SELL,2026-07-07,2026-07-06,2026-07-07,COMPLETED,0,150,COMPLETED,NA
A007582,I04450,U0399,U0672,BORROW,2026-03-11,2026-03-07,2026-03-25,COMPLETED,14,1150,RETURNED,ON_TIME
A007583,I02327,U0539,U0877,BORROW,2026-05-19,2026-05-17,2026-06-09,COMPLETED,21,800,RETURNED,LATE
A007584,I02042,U0574,U0936,SWAP,2025-11-15,2025-11-11,2025-11-15,COMPLETED,0,2500,COMPLETED,NA
A007585,I00757,U0449,U0626,GIVEAWAY,2026-04-17,2026-04-17,2026-04-17,CANCELLED,0,1600,CANCELLED,NA
A007586,I00058,U0461,U0935,SWAP,2026-06-13,2026-06-11,2026-06-13,COMPLETED,0,1250,COMPLETED,NA
A007587,I04757,U0008,U0800,SWAP,2025-11-12,2025-11-12,2025-11-12,COMPLETED,0,950,COMPLETED,NA
A007588,I03272,U0732,U0311,GIVEAWAY,2026-04-20,2026-04-20,2026-04-20,COMPLETED,0,2850,COMPLETED,NA
A007589,I03403,U0304,U0117,SWAP,2026-07-16,2026-07-12,2026-07-16,COMPLETED,0,1800,COMPLETED,NA
A007590,I00940,U0685,U0736,BORROW,2026-05-07,2026-05-06,2026-05-12,OVERDUE,5,550,NOT_RETURNED,LATE
A007591,I02487,U0746,U0340,SWAP,2025-10-03,2025-10-01,2025-10-03,COMPLETED,0,1750,COMPLETED,NA
A007592,I00793,U0288,U0540,SELL,2026-06-11,2026-06-11,2026-06-11,COMPLETED,0,900,COMPLETED,NA
A007593,I00507,U0703,U0919,SWAP,2026-02-28,2026-02-27,2026-02-28,COMPLETED,0,900,COMPLETED,NA
A007594,I02783,U0440,U0510,SELL,2026-04-18,2026-04-16,2026-04-18,COMPLETED,0,450,COMPLETED,NA
A007595,I04149,U0101,U0055,SWAP,2025-10-05,2025-10-03,2025-10-05,COMPLETED,0,1600,COMPLETED,NA
A007596,I03931,U0252,U0774,GIVEAWAY,2025-09-29,2025-09-26,2025-09-29,COMPLETED,0,1750,COMPLETED,NA
A007597,I01073,U0296,U0457,SWAP,2025-09-17,2025-09-17,2025-09-17,CANCELLED,0,300,CANCELLED,NA
A007598,I03490,U0099,U0482,BORROW,2026-04-25,2026-04-21,2026-04-30,COMPLETED,5,850,RETURNED,ON_TIME
A007599,I00473,U0602,U0630,BORROW,2026-05-10,2026-05-08,2026-05-31,ACTIVE,21,500,NOT_RETURNED,PENDING
A007600,I00442,U0364,U0873,BORROW,2026-03-15,2026-03-13,2026-03-29,COMPLETED,14,1150,RETURNED,ON_TIME
A007601,I01788,U0192,U0939,BORROW,2026-07-17,2026-07-17,2026-07-20,COMPLETED,3,550,RETURNED,ON_TIME
A007602,I03789,U0129,U0977,BORROW,2026-07-12,2026-07-11,2026-08-02,COMPLETED,21,750,RETURNED,ON_TIME
A007603,I01664,U0644,U0708,BORROW,2026-04-02,2026-03-30,2026-04-09,COMPLETED,7,1000,RETURNED,ON_TIME
A007604,I00964,U0842,U0646,BORROW,2026-05-04,2026-05-01,2026-05-07,COMPLETED,3,1450,RETURNED,ON_TIME
A007605,I00441,U0328,U0472,SWAP,2025-09-08,2025-09-04,2025-09-08,COMPLETED,0,1100,COMPLETED,NA
A007606,I03751,U0066,U0588,BORROW,2026-05-06,2026-05-02,2026-05-09,COMPLETED,3,2550,RETURNED,ON_TIME
A007607,I03304,U0325,U0258,GIVEAWAY,2025-09-28,2025-09-24,2025-09-28,COMPLETED,0,900,COMPLETED,NA
A007608,I01495,U0905,U0939,SELL,2025-11-06,2025-11-04,2025-11-06,COMPLETED,0,100,COMPLETED,NA
A007609,I04367,U0050,U0731,SWAP,2025-12-04,2025-12-02,2025-12-04,COMPLETED,0,1150,COMPLETED,NA
A007610,I04093,U0007,U0517,BORROW,2025-11-22,2025-11-18,2025-12-02,COMPLETED,10,1350,RETURNED,ON_TIME
A007611,I01170,U0410,U0094,BORROW,2025-12-05,2025-12-02,2025-12-26,COMPLETED,21,1100,RETURNED,ON_TIME
A007612,I00705,U0416,U0476,SWAP,2026-03-01,2026-03-01,2026-03-01,COMPLETED,0,2100,COMPLETED,NA
A007613,I02761,U0123,U0609,SWAP,2026-07-06,2026-07-03,2026-07-06,COMPLETED,0,2700,COMPLETED,NA
A007614,I04849,U0299,U0508,BORROW,2026-04-06,2026-04-06,2026-04-11,COMPLETED,5,1400,RETURNED,LATE
A007615,I02866,U0507,U0785,GIVEAWAY,2025-09-06,2025-09-06,2025-09-06,COMPLETED,0,250,COMPLETED,NA
A007616,I01828,U0349,U0105,BORROW,2026-07-09,2026-07-09,2026-07-12,COMPLETED,3,1050,RETURNED,ON_TIME
A007617,I02113,U0865,U0246,SWAP,2026-06-28,2026-06-28,2026-06-28,COMPLETED,0,2250,COMPLETED,NA
A007618,I04422,U0758,U0233,BORROW,2026-05-08,2026-05-04,2026-05-29,COMPLETED,21,450,RETURNED,ON_TIME
A007619,I04441,U0877,U0285,BORROW,2026-07-19,2026-07-16,2026-07-29,COMPLETED,10,1250,RETURNED,LATE
A007620,I00294,U0118,U0397,BORROW,2025-09-06,2025-09-03,2025-09-09,COMPLETED,3,950,RETURNED,ON_TIME
A007621,I03667,U0614,U0312,GIVEAWAY,2025-10-30,2025-10-26,2025-10-30,COMPLETED,0,500,COMPLETED,NA
A007622,I01942,U0033,U0732,GIVEAWAY,2026-04-15,2026-04-12,2026-04-15,COMPLETED,0,1150,COMPLETED,NA
A007623,I02549,U0347,U0896,BORROW,2025-10-09,2025-10-07,2025-10-30,COMPLETED,21,3200,RETURNED,ON_TIME
A007624,I03568,U0162,U0002,BORROW,2026-01-23,2026-01-20,2026-01-25,COMPLETED,2,950,RETURNED,ON_TIME
A007625,I03880,U0498,U0627,BORROW,2025-10-20,2025-10-20,2025-11-10,COMPLETED,21,700,RETURNED,ON_TIME
A007626,I00975,U0493,U0781,SWAP,2026-05-06,2026-05-03,2026-05-06,COMPLETED,0,1100,COMPLETED,NA
A007627,I00225,U0914,U0965,GIVEAWAY,2026-01-19,2026-01-15,2026-01-19,CANCELLED,0,1600,CANCELLED,NA
A007628,I00274,U0879,U0832,GIVEAWAY,2026-06-18,2026-06-15,2026-06-18,COMPLETED,0,1400,COMPLETED,NA
A007629,I04697,U0822,U0986,SWAP,2026-01-23,2026-01-20,2026-01-23,COMPLETED,0,1050,COMPLETED,NA
A007630,I04608,U0524,U0436,SWAP,2025-11-15,2025-11-14,2025-11-15,COMPLETED,0,250,COMPLETED,NA
A007631,I04888,U0925,U0663,SWAP,2026-02-19,2026-02-15,2026-02-19,COMPLETED,0,1600,COMPLETED,NA
A007632,I01483,U0356,U0020,SELL,2025-10-22,2025-10-19,2025-10-22,COMPLETED,0,900,COMPLETED,NA
A007633,I03814,U0186,U0263,SWAP,2026-06-03,2026-05-31,2026-06-03,COMPLETED,0,1850,COMPLETED,NA
A007634,I01063,U0076,U0757,GIVEAWAY,2026-05-14,2026-05-12,2026-05-14,COMPLETED,0,1050,COMPLETED,NA
A007635,I03812,U0333,U0173,BORROW,2026-02-05,2026-02-04,2026-02-26,COMPLETED,21,5350,RETURNED,ON_TIME
A007636,I01754,U0574,U0157,GIVEAWAY,2025-10-26,2025-10-23,2025-10-26,COMPLETED,0,350,COMPLETED,NA
A007637,I03999,U0449,U0097,BORROW,2025-10-26,2025-10-24,2025-10-31,ACTIVE,5,750,NOT_RETURNED,PENDING
A007638,I04986,U0404,U0786,BORROW,2025-10-08,2025-10-08,2025-10-15,COMPLETED,7,1900,RETURNED,ON_TIME
A007639,I01910,U0026,U0048,BORROW,2025-12-22,2025-12-19,2026-01-01,COMPLETED,10,750,RETURNED,ON_TIME
A007640,I01408,U0134,U0124,BORROW,2026-05-14,2026-05-10,2026-05-24,COMPLETED,10,1100,RETURNED,ON_TIME
A007641,I00037,U0379,U0800,GIVEAWAY,2025-10-03,2025-09-30,2025-10-03,COMPLETED,0,1800,COMPLETED,NA
A007642,I04307,U0747,U0350,BORROW,2026-04-28,2026-04-27,2026-05-12,COMPLETED,14,1700,RETURNED,ON_TIME
A007643,I02392,U0037,U0268,BORROW,2025-12-02,2025-11-29,2025-12-07,COMPLETED,5,1750,RETURNED,LATE
A007644,I04873,U0427,U0273,SWAP,2025-12-14,2025-12-13,2025-12-14,COMPLETED,0,1100,COMPLETED,NA
A007645,I00928,U0815,U0807,GIVEAWAY,2026-05-02,2026-05-02,2026-05-02,COMPLETED,0,1650,COMPLETED,NA
A007646,I02529,U0627,U0983,BORROW,2025-10-20,2025-10-20,2025-10-23,COMPLETED,3,2050,RETURNED,ON_TIME
A007647,I04996,U0283,U0567,BORROW,2026-04-14,2026-04-11,2026-04-19,COMPLETED,5,750,RETURNED,ON_TIME
A007648,I00465,U0263,U0956,BORROW,2026-05-04,2026-04-30,2026-05-06,COMPLETED,2,2000,RETURNED,ON_TIME
A007649,I02195,U0037,U0241,SWAP,2025-12-04,2025-12-04,2025-12-04,COMPLETED,0,550,COMPLETED,NA
A007650,I03723,U0212,U0599,BORROW,2026-03-13,2026-03-09,2026-04-03,OVERDUE,21,750,NOT_RETURNED,LATE
A007651,I02643,U0107,U0117,SWAP,2026-04-01,2026-03-30,2026-04-01,COMPLETED,0,1100,COMPLETED,NA
A007652,I03654,U0993,U0777,SELL,2026-03-14,2026-03-13,2026-03-14,COMPLETED,0,3900,COMPLETED,NA
A007653,I03447,U0724,U0503,GIVEAWAY,2026-05-26,2026-05-23,2026-05-26,COMPLETED,0,300,COMPLETED,NA
A007654,I03222,U0646,U0904,BORROW,2026-04-28,2026-04-25,2026-05-03,ACTIVE,5,300,NOT_RETURNED,PENDING
A007655,I03488,U0136,U0770,SWAP,2026-07-12,2026-07-09,2026-07-12,COMPLETED,0,2000,COMPLETED,NA
A007656,I01157,U0045,U0480,BORROW,2026-03-26,2026-03-25,2026-04-09,CANCELLED,14,1000,CANCELLED,PENDING
A007657,I04966,U0192,U0746,BORROW,2025-09-17,2025-09-16,2025-10-01,COMPLETED,14,300,RETURNED,ON_TIME
A007658,I00883,U0004,U0966,BORROW,2026-07-25,2026-07-24,2026-08-04,COMPLETED,10,1950,RETURNED,ON_TIME
A007659,I01151,U0930,U0255,SWAP,2026-05-09,2026-05-07,2026-05-09,COMPLETED,0,550,COMPLETED,NA
A007660,I00462,U0763,U0224,GIVEAWAY,2026-02-16,2026-02-12,2026-02-16,COMPLETED,0,900,COMPLETED,NA
A007661,I04664,U0957,U0905,SWAP,2025-11-28,2025-11-26,2025-11-28,COMPLETED,0,900,COMPLETED,NA
A007662,I00962,U0823,U0827,GIVEAWAY,2026-03-05,2026-03-04,2026-03-05,COMPLETED,0,4550,COMPLETED,NA
A007663,I02597,U0841,U0266,BORROW,2026-03-10,2026-03-06,2026-03-13,COMPLETED,3,750,RETURNED,ON_TIME
A007664,I03207,U0187,U0975,GIVEAWAY,2026-03-06,2026-03-06,2026-03-06,COMPLETED,0,1450,COMPLETED,NA
A007665,I01828,U0149,U0105,SWAP,2025-09-03,2025-09-01,2025-09-03,COMPLETED,0,1050,COMPLETED,NA
A007666,I01300,U0008,U0949,SWAP,2026-02-15,2026-02-12,2026-02-15,COMPLETED,0,1250,COMPLETED,NA
A007667,I04623,U0430,U0575,BORROW,2026-04-06,2026-04-03,2026-04-13,ACTIVE,7,1000,NOT_RETURNED,PENDING
A007668,I01424,U0236,U0131,BORROW,2025-10-16,2025-10-14,2025-11-06,COMPLETED,21,1000,RETURNED,LATE
A007669,I03361,U0747,U0069,BORROW,2026-04-23,2026-04-19,2026-04-25,COMPLETED,2,3400,RETURNED,ON_TIME
A007670,I04458,U0143,U0424,BORROW,2026-03-20,2026-03-19,2026-03-23,COMPLETED,3,600,RETURNED,ON_TIME
A007671,I00944,U0998,U0899,GIVEAWAY,2025-10-05,2025-10-02,2025-10-05,COMPLETED,0,350,COMPLETED,NA
A007672,I00304,U0282,U0952,SWAP,2026-05-20,2026-05-18,2026-05-20,COMPLETED,0,1750,COMPLETED,NA
A007673,I03970,U0199,U0503,BORROW,2026-03-02,2026-03-01,2026-03-09,COMPLETED,7,1150,RETURNED,ON_TIME
A007674,I02614,U0591,U0382,GIVEAWAY,2026-05-01,2026-04-27,2026-05-01,CANCELLED,0,2450,CANCELLED,NA
A007675,I01566,U0794,U0490,GIVEAWAY,2025-10-13,2025-10-12,2025-10-13,COMPLETED,0,1550,COMPLETED,NA
A007676,I03743,U0164,U0548,BORROW,2025-11-23,2025-11-22,2025-12-07,COMPLETED,14,650,RETURNED,ON_TIME
A007677,I03290,U0134,U0934,SWAP,2026-06-29,2026-06-26,2026-06-29,COMPLETED,0,400,COMPLETED,NA
A007678,I03507,U0666,U0491,BORROW,2026-04-04,2026-03-31,2026-04-07,COMPLETED,3,1500,RETURNED,ON_TIME
A007679,I02312,U0967,U0256,BORROW,2026-03-20,2026-03-16,2026-03-23,COMPLETED,3,5150,RETURNED,ON_TIME
A007680,I04105,U0493,U0428,GIVEAWAY,2025-12-09,2025-12-09,2025-12-09,COMPLETED,0,150,COMPLETED,NA
A007681,I01918,U0980,U0861,GIVEAWAY,2026-03-18,2026-03-14,2026-03-18,COMPLETED,0,1400,COMPLETED,NA
A007682,I02960,U0755,U0484,BORROW,2026-03-13,2026-03-13,2026-04-03,COMPLETED,21,200,RETURNED,ON_TIME
A007683,I00704,U0406,U0716,SWAP,2025-12-06,2025-12-04,2025-12-06,COMPLETED,0,650,COMPLETED,NA
A007684,I01253,U0842,U0814,BORROW,2025-09-02,2025-08-29,2025-09-23,COMPLETED,21,200,RETURNED,ON_TIME
A007685,I04215,U0459,U0575,BORROW,2025-12-26,2025-12-22,2025-12-29,OVERDUE,3,1950,NOT_RETURNED,LATE
A007686,I03988,U0449,U0099,BORROW,2025-09-20,2025-09-19,2025-09-30,OVERDUE,10,1300,NOT_RETURNED,LATE
A007687,I01956,U0993,U0368,BORROW,2025-12-17,2025-12-14,2025-12-22,COMPLETED,5,1900,RETURNED,ON_TIME
A007688,I04009,U0962,U0389,BORROW,2025-10-27,2025-10-27,2025-11-17,COMPLETED,21,1000,RETURNED,ON_TIME
A007689,I02975,U0553,U0271,BORROW,2025-09-14,2025-09-12,2025-09-16,CANCELLED,2,2500,CANCELLED,PENDING
A007690,I00083,U0969,U0184,SWAP,2025-10-08,2025-10-06,2025-10-08,COMPLETED,0,600,COMPLETED,NA
A007691,I02677,U0604,U0643,BORROW,2026-07-13,2026-07-10,2026-07-27,OVERDUE,14,1350,NOT_RETURNED,LATE
A007692,I01751,U0714,U0465,SWAP,2026-07-05,2026-07-05,2026-07-05,CANCELLED,0,700,CANCELLED,NA
A007693,I04015,U0639,U0123,GIVEAWAY,2026-07-04,2026-07-01,2026-07-04,COMPLETED,0,100,COMPLETED,NA
A007694,I01196,U0659,U0927,GIVEAWAY,2025-11-25,2025-11-24,2025-11-25,COMPLETED,0,2200,COMPLETED,NA
A007695,I01587,U0873,U0817,SELL,2025-11-12,2025-11-11,2025-11-12,COMPLETED,0,1400,COMPLETED,NA
A007696,I04971,U0090,U0253,GIVEAWAY,2026-04-20,2026-04-18,2026-04-20,COMPLETED,0,2050,COMPLETED,NA
A007697,I03639,U0442,U0595,BORROW,2025-12-05,2025-12-01,2025-12-26,COMPLETED,21,600,RETURNED,ON_TIME
A007698,I01269,U0665,U0291,BORROW,2025-11-20,2025-11-17,2025-12-11,ACTIVE,21,1550,NOT_RETURNED,PENDING
A007699,I03501,U0954,U0227,SELL,2026-01-01,2026-01-01,2026-01-01,COMPLETED,0,1500,COMPLETED,NA
A007700,I02808,U0266,U0446,BORROW,2025-11-21,2025-11-20,2025-11-26,COMPLETED,5,450,RETURNED,ON_TIME
A007701,I01988,U0381,U0504,SELL,2026-07-13,2026-07-12,2026-07-13,COMPLETED,0,1350,COMPLETED,NA
A007702,I02261,U0557,U0920,BORROW,2026-03-22,2026-03-18,2026-03-24,CANCELLED,2,1000,CANCELLED,PENDING
A007703,I00152,U0630,U0564,BORROW,2026-04-02,2026-03-31,2026-04-16,COMPLETED,14,4700,RETURNED,ON_TIME
A007704,I04862,U0425,U0449,SWAP,2025-10-09,2025-10-09,2025-10-09,COMPLETED,0,4800,COMPLETED,NA
A007705,I01943,U0019,U0150,SELL,2025-09-14,2025-09-11,2025-09-14,COMPLETED,0,350,COMPLETED,NA
A007706,I03861,U0877,U0378,GIVEAWAY,2026-06-14,2026-06-10,2026-06-14,CANCELLED,0,2000,CANCELLED,NA
A007707,I02759,U0232,U0523,SWAP,2026-07-04,2026-06-30,2026-07-04,COMPLETED,0,4700,COMPLETED,NA
A007708,I01550,U0164,U0797,GIVEAWAY,2025-11-18,2025-11-16,2025-11-18,CANCELLED,0,300,CANCELLED,NA
A007709,I03590,U0103,U0816,BORROW,2026-04-24,2026-04-24,2026-05-04,COMPLETED,10,450,RETURNED,LATE
A007710,I01696,U0064,U0099,SELL,2026-06-25,2026-06-21,2026-06-25,COMPLETED,0,650,COMPLETED,NA
A007711,I02385,U0063,U0453,BORROW,2025-11-02,2025-10-31,2025-11-05,ACTIVE,3,950,NOT_RETURNED,PENDING
A007712,I00568,U0330,U0419,GIVEAWAY,2025-10-02,2025-09-29,2025-10-02,COMPLETED,0,450,COMPLETED,NA
A007713,I03656,U0458,U0295,BORROW,2026-03-15,2026-03-15,2026-03-25,OVERDUE,10,2800,NOT_RETURNED,LATE
A007714,I00180,U0091,U0972,SWAP,2025-12-18,2025-12-17,2025-12-18,COMPLETED,0,850,COMPLETED,NA
A007715,I03947,U0512,U0626,BORROW,2026-07-10,2026-07-09,2026-07-15,COMPLETED,5,600,RETURNED,ON_TIME
A007716,I02293,U0394,U0331,SWAP,2026-04-27,2026-04-25,2026-04-27,COMPLETED,0,750,COMPLETED,NA
A007717,I02758,U0354,U0496,BORROW,2026-02-09,2026-02-09,2026-02-16,OVERDUE,7,1000,NOT_RETURNED,LATE
A007718,I02987,U0970,U0896,GIVEAWAY,2026-05-23,2026-05-23,2026-05-23,COMPLETED,0,600,COMPLETED,NA
A007719,I03521,U0744,U0537,BORROW,2025-10-01,2025-09-28,2025-10-08,ACTIVE,7,1050,NOT_RETURNED,PENDING
A007720,I00500,U0095,U0617,BORROW,2026-07-13,2026-07-13,2026-07-20,COMPLETED,7,750,RETURNED,LATE
A007721,I00823,U0275,U0076,BORROW,2026-04-02,2026-03-31,2026-04-05,COMPLETED,3,1600,RETURNED,ON_TIME
A007722,I02855,U0425,U0247,SWAP,2026-03-26,2026-03-25,2026-03-26,COMPLETED,0,1750,COMPLETED,NA
A007723,I03646,U0584,U0621,BORROW,2026-05-10,2026-05-08,2026-05-31,COMPLETED,21,500,RETURNED,ON_TIME
A007724,I02215,U0885,U0940,BORROW,2026-02-21,2026-02-21,2026-03-07,COMPLETED,14,200,RETURNED,ON_TIME
A007725,I03909,U0551,U0355,SWAP,2026-05-07,2026-05-05,2026-05-07,COMPLETED,0,2050,COMPLETED,NA
A007726,I01851,U0213,U0964,BORROW,2025-12-26,2025-12-22,2026-01-09,COMPLETED,14,1700,RETURNED,ON_TIME
A007727,I03189,U0592,U0871,BORROW,2025-09-11,2025-09-08,2025-09-16,COMPLETED,5,2200,RETURNED,ON_TIME
A007728,I01678,U0181,U0270,BORROW,2025-10-16,2025-10-15,2025-10-30,COMPLETED,14,1550,RETURNED,ON_TIME
A007729,I03165,U0562,U0173,BORROW,2026-01-02,2026-01-01,2026-01-12,ACTIVE,10,1150,NOT_RETURNED,PENDING
A007730,I00067,U0062,U0229,GIVEAWAY,2026-06-22,2026-06-19,2026-06-22,COMPLETED,0,2900,COMPLETED,NA
A007731,I02416,U0416,U0092,BORROW,2026-07-06,2026-07-06,2026-07-16,CANCELLED,10,650,CANCELLED,PENDING
A007732,I02543,U0520,U0485,BORROW,2025-11-17,2025-11-15,2025-11-20,CANCELLED,3,350,CANCELLED,PENDING
A007733,I04455,U0482,U0398,BORROW,2025-12-05,2025-12-05,2025-12-26,COMPLETED,21,1500,RETURNED,ON_TIME
A007734,I04979,U0857,U0111,SWAP,2026-05-10,2026-05-07,2026-05-10,COMPLETED,0,2750,COMPLETED,NA
A007735,I01106,U0031,U0492,GIVEAWAY,2026-02-12,2026-02-10,2026-02-12,COMPLETED,0,1600,COMPLETED,NA
A007736,I04536,U0229,U0711,GIVEAWAY,2026-06-11,2026-06-11,2026-06-11,COMPLETED,0,950,COMPLETED,NA
A007737,I02487,U0169,U0340,GIVEAWAY,2026-05-26,2026-05-23,2026-05-26,COMPLETED,0,1750,COMPLETED,NA
A007738,I03786,U0670,U0542,BORROW,2026-04-21,2026-04-21,2026-04-26,ACTIVE,5,1100,NOT_RETURNED,PENDING
A007739,I01028,U0073,U0193,BORROW,2026-02-23,2026-02-21,2026-03-09,COMPLETED,14,1650,RETURNED,ON_TIME
A007740,I02959,U0970,U0839,BORROW,2026-05-26,2026-05-24,2026-05-28,COMPLETED,2,800,RETURNED,ON_TIME
A007741,I00980,U0604,U0596,SELL,2026-01-06,2026-01-05,2026-01-06,COMPLETED,0,450,COMPLETED,NA
A007742,I03778,U0395,U0589,SWAP,2026-04-28,2026-04-24,2026-04-28,COMPLETED,0,1450,COMPLETED,NA
A007743,I04037,U0493,U0982,BORROW,2026-06-08,2026-06-05,2026-06-29,CANCELLED,21,900,CANCELLED,PENDING
A007744,I01782,U0656,U0923,SWAP,2026-07-11,2026-07-07,2026-07-11,COMPLETED,0,350,COMPLETED,NA
A007745,I00585,U0018,U0287,BORROW,2025-10-07,2025-10-03,2025-10-28,COMPLETED,21,750,RETURNED,ON_TIME
A007746,I04745,U0939,U0394,BORROW,2026-05-06,2026-05-05,2026-05-11,COMPLETED,5,1000,RETURNED,LATE
A007747,I03525,U0930,U0048,BORROW,2025-09-13,2025-09-13,2025-09-18,ACTIVE,5,2200,NOT_RETURNED,PENDING
A007748,I04972,U0476,U0688,SWAP,2025-09-12,2025-09-12,2025-09-12,COMPLETED,0,1900,COMPLETED,NA
A007749,I03916,U0516,U0511,BORROW,2025-10-06,2025-10-04,2025-10-11,COMPLETED,5,650,RETURNED,ON_TIME
A007750,I04058,U0197,U0021,SWAP,2026-02-03,2026-02-02,2026-02-03,COMPLETED,0,2450,COMPLETED,NA
A007751,I02473,U0712,U0020,BORROW,2026-01-07,2026-01-03,2026-01-17,COMPLETED,10,1500,RETURNED,ON_TIME
A007752,I02284,U0070,U0671,BORROW,2026-03-20,2026-03-18,2026-03-23,COMPLETED,3,750,RETURNED,ON_TIME
A007753,I01094,U0840,U0085,SWAP,2026-07-08,2026-07-04,2026-07-08,COMPLETED,0,650,COMPLETED,NA
A007754,I04523,U0463,U0620,GIVEAWAY,2026-04-18,2026-04-15,2026-04-18,COMPLETED,0,500,COMPLETED,NA
A007755,I03261,U0902,U0321,BORROW,2026-04-16,2026-04-12,2026-04-21,COMPLETED,5,700,RETURNED,ON_TIME
A007756,I02419,U0798,U0549,BORROW,2026-06-20,2026-06-20,2026-07-04,COMPLETED,14,1050,RETURNED,LATE
A007757,I02470,U0807,U0624,SWAP,2026-04-15,2026-04-14,2026-04-15,CANCELLED,0,1400,CANCELLED,NA
A007758,I02380,U0743,U0881,SWAP,2026-06-07,2026-06-04,2026-06-07,COMPLETED,0,400,COMPLETED,NA
A007759,I03691,U0427,U0945,BORROW,2026-05-02,2026-05-01,2026-05-04,COMPLETED,2,2500,RETURNED,ON_TIME
A007760,I01804,U0587,U0174,BORROW,2026-03-08,2026-03-07,2026-03-22,COMPLETED,14,2050,RETURNED,ON_TIME
A007761,I04362,U0749,U0044,GIVEAWAY,2025-10-22,2025-10-18,2025-10-22,COMPLETED,0,500,COMPLETED,NA
A007762,I02672,U0419,U0760,SWAP,2026-01-24,2026-01-24,2026-01-24,COMPLETED,0,3800,COMPLETED,NA
A007763,I04139,U0895,U0622,SWAP,2026-05-11,2026-05-08,2026-05-11,COMPLETED,0,1450,COMPLETED,NA
A007764,I00944,U0396,U0899,BORROW,2025-12-25,2025-12-25,2026-01-01,COMPLETED,7,350,RETURNED,ON_TIME
A007765,I03289,U0066,U0962,BORROW,2026-01-12,2026-01-10,2026-01-14,COMPLETED,2,850,RETURNED,ON_TIME
A007766,I01687,U0375,U0552,BORROW,2026-02-23,2026-02-23,2026-03-09,COMPLETED,14,2700,RETURNED,ON_TIME
A007767,I03564,U0765,U0361,SWAP,2026-05-20,2026-05-17,2026-05-20,COMPLETED,0,3000,COMPLETED,NA
A007768,I04650,U0889,U0421,SELL,2025-11-23,2025-11-20,2025-11-23,COMPLETED,0,1250,COMPLETED,NA
A007769,I04271,U0240,U0362,BORROW,2025-09-23,2025-09-23,2025-09-28,COMPLETED,5,1000,RETURNED,LATE
A007770,I03130,U0665,U0889,BORROW,2026-06-17,2026-06-15,2026-06-19,COMPLETED,2,1650,RETURNED,ON_TIME
A007771,I01905,U0734,U0021,SWAP,2025-09-10,2025-09-10,2025-09-10,CANCELLED,0,800,CANCELLED,NA
A007772,I02066,U0494,U0824,BORROW,2025-11-09,2025-11-07,2025-11-12,ACTIVE,3,2800,NOT_RETURNED,PENDING
A007773,I02196,U0361,U0699,SWAP,2026-05-31,2026-05-30,2026-05-31,COMPLETED,0,600,COMPLETED,NA
A007774,I01406,U0254,U0611,SWAP,2025-09-08,2025-09-05,2025-09-08,COMPLETED,0,2800,COMPLETED,NA
A007775,I00757,U0201,U0626,SELL,2026-02-01,2026-02-01,2026-02-01,COMPLETED,0,1600,COMPLETED,NA
A007776,I02625,U0158,U0703,BORROW,2026-01-13,2026-01-09,2026-01-15,COMPLETED,2,1450,RETURNED,ON_TIME
A007777,I03749,U0453,U0139,GIVEAWAY,2026-06-19,2026-06-16,2026-06-19,COMPLETED,0,4500,COMPLETED,NA
A007778,I02584,U0093,U0989,SWAP,2025-10-10,2025-10-07,2025-10-10,COMPLETED,0,2350,COMPLETED,NA
A007779,I03251,U0730,U0335,GIVEAWAY,2025-11-01,2025-10-28,2025-11-01,COMPLETED,0,600,COMPLETED,NA
A007780,I01758,U0978,U0426,SELL,2026-07-01,2026-06-28,2026-07-01,COMPLETED,0,550,COMPLETED,NA
A007781,I04154,U0665,U0459,SELL,2026-06-27,2026-06-26,2026-06-27,COMPLETED,0,400,COMPLETED,NA
A007782,I03488,U0952,U0770,BORROW,2026-04-25,2026-04-25,2026-05-05,ACTIVE,10,2000,NOT_RETURNED,PENDING
A007783,I00563,U0151,U0518,SWAP,2025-11-11,2025-11-08,2025-11-11,COMPLETED,0,450,COMPLETED,NA
A007784,I00375,U0971,U0342,BORROW,2026-03-28,2026-03-24,2026-04-18,COMPLETED,21,1200,RETURNED,LATE
A007785,I01416,U0216,U0046,SWAP,2025-10-12,2025-10-08,2025-10-12,COMPLETED,0,1600,COMPLETED,NA
A007786,I04862,U0333,U0449,BORROW,2026-04-17,2026-04-13,2026-04-27,COMPLETED,10,4800,RETURNED,ON_TIME
A007787,I02274,U0158,U0427,GIVEAWAY,2025-10-27,2025-10-26,2025-10-27,COMPLETED,0,4250,COMPLETED,NA
A007788,I02288,U0082,U0548,BORROW,2025-12-23,2025-12-21,2026-01-13,COMPLETED,21,3350,RETURNED,LATE
A007789,I04504,U0641,U0653,SWAP,2026-06-27,2026-06-24,2026-06-27,COMPLETED,0,500,COMPLETED,NA
A007790,I02114,U0551,U0852,SWAP,2026-05-01,2026-04-27,2026-05-01,COMPLETED,0,550,COMPLETED,NA
A007791,I03397,U0086,U0864,BORROW,2025-12-14,2025-12-12,2025-12-24,COMPLETED,10,1400,RETURNED,ON_TIME
A007792,I03721,U0755,U0357,BORROW,2025-11-08,2025-11-07,2025-11-18,ACTIVE,10,1250,NOT_RETURNED,PENDING
A007793,I04420,U0876,U0654,SWAP,2026-02-19,2026-02-19,2026-02-19,COMPLETED,0,750,COMPLETED,NA
A007794,I03892,U0288,U0511,BORROW,2026-06-07,2026-06-04,2026-06-10,COMPLETED,3,3350,RETURNED,ON_TIME
A007795,I03602,U0382,U0123,BORROW,2026-05-09,2026-05-08,2026-05-11,ACTIVE,2,6100,NOT_RETURNED,PENDING
A007796,I00932,U0874,U0608,GIVEAWAY,2026-04-15,2026-04-12,2026-04-15,COMPLETED,0,3900,COMPLETED,NA
A007797,I04120,U0019,U0277,BORROW,2026-02-02,2026-01-30,2026-02-09,ACTIVE,7,650,NOT_RETURNED,PENDING
A007798,I04420,U0423,U0654,SWAP,2025-10-05,2025-10-04,2025-10-05,CANCELLED,0,750,CANCELLED,NA
A007799,I02762,U0729,U0271,SELL,2025-12-14,2025-12-13,2025-12-14,COMPLETED,0,5600,COMPLETED,NA
A007800,I00801,U0868,U0936,GIVEAWAY,2025-09-27,2025-09-23,2025-09-27,COMPLETED,0,600,COMPLETED,NA
A007801,I04928,U0396,U0476,SWAP,2025-10-12,2025-10-10,2025-10-12,COMPLETED,0,1350,COMPLETED,NA
A007802,I00485,U0814,U0684,BORROW,2026-07-07,2026-07-05,2026-07-28,COMPLETED,21,1500,RETURNED,ON_TIME
A007803,I02470,U0326,U0624,SWAP,2025-10-05,2025-10-03,2025-10-05,COMPLETED,0,1400,COMPLETED,NA
A007804,I00587,U0651,U0094,SWAP,2026-06-27,2026-06-25,2026-06-27,COMPLETED,0,600,COMPLETED,NA
A007805,I02910,U0504,U0993,BORROW,2025-10-25,2025-10-23,2025-11-04,OVERDUE,10,1250,NOT_RETURNED,LATE
A007806,I03316,U0929,U0101,BORROW,2026-06-24,2026-06-23,2026-07-08,ACTIVE,14,750,NOT_RETURNED,PENDING
A007807,I04926,U0106,U0178,BORROW,2026-07-26,2026-07-22,2026-08-02,COMPLETED,7,1600,RETURNED,ON_TIME
A007808,I02769,U0567,U0035,SELL,2025-09-01,2025-08-28,2025-09-01,COMPLETED,0,1900,COMPLETED,NA
A007809,I02727,U0749,U0635,BORROW,2026-05-24,2026-05-20,2026-05-26,COMPLETED,2,1350,RETURNED,ON_TIME
A007810,I04962,U0292,U0891,BORROW,2025-12-29,2025-12-29,2026-01-03,COMPLETED,5,250,RETURNED,LATE
A007811,I03877,U0651,U0745,BORROW,2026-05-08,2026-05-06,2026-05-15,COMPLETED,7,500,RETURNED,ON_TIME
A007812,I02760,U0673,U0879,SWAP,2026-01-13,2026-01-09,2026-01-13,COMPLETED,0,1350,COMPLETED,NA
A007813,I02915,U0315,U0299,BORROW,2025-10-06,2025-10-04,2025-10-09,COMPLETED,3,600,RETURNED,LATE
A007814,I00171,U0613,U0174,SWAP,2026-03-07,2026-03-07,2026-03-07,COMPLETED,0,850,COMPLETED,NA
A007815,I04174,U0237,U0756,BORROW,2025-12-11,2025-12-09,2025-12-13,ACTIVE,2,1950,NOT_RETURNED,PENDING
A007816,I01227,U0125,U0050,BORROW,2026-01-21,2026-01-21,2026-01-23,ACTIVE,2,1250,NOT_RETURNED,PENDING
A007817,I00879,U0535,U0531,BORROW,2025-11-14,2025-11-13,2025-11-19,COMPLETED,5,1450,RETURNED,ON_TIME
A007818,I00852,U0442,U0098,GIVEAWAY,2026-02-06,2026-02-04,2026-02-06,COMPLETED,0,1200,COMPLETED,NA
A007819,I00614,U0842,U0829,SWAP,2025-10-30,2025-10-30,2025-10-30,COMPLETED,0,1150,COMPLETED,NA
A007820,I00184,U0876,U0291,BORROW,2026-03-24,2026-03-21,2026-03-26,ACTIVE,2,500,NOT_RETURNED,PENDING
A007821,I02001,U0675,U0421,BORROW,2025-11-22,2025-11-22,2025-12-06,COMPLETED,14,950,RETURNED,ON_TIME
A007822,I04508,U0308,U0137,SWAP,2025-10-28,2025-10-26,2025-10-28,COMPLETED,0,1250,COMPLETED,NA
A007823,I02244,U0117,U0872,BORROW,2026-02-20,2026-02-17,2026-02-25,ACTIVE,5,1600,NOT_RETURNED,PENDING
A007824,I01569,U0948,U0179,BORROW,2025-11-03,2025-10-31,2025-11-10,COMPLETED,7,1300,RETURNED,ON_TIME
A007825,I01445,U0159,U0112,BORROW,2025-12-18,2025-12-15,2026-01-01,COMPLETED,14,1650,RETURNED,ON_TIME
A007826,I04875,U0552,U0127,GIVEAWAY,2026-03-14,2026-03-14,2026-03-14,COMPLETED,0,2000,COMPLETED,NA
A007827,I03135,U0875,U0293,SWAP,2026-04-12,2026-04-08,2026-04-12,COMPLETED,0,1250,COMPLETED,NA
A007828,I04326,U0297,U0550,BORROW,2026-07-27,2026-07-27,2026-08-03,COMPLETED,7,750,RETURNED,ON_TIME
A007829,I01231,U0710,U0541,SWAP,2026-01-16,2026-01-14,2026-01-16,COMPLETED,0,850,COMPLETED,NA
A007830,I00810,U0925,U0555,BORROW,2025-12-10,2025-12-09,2025-12-13,ACTIVE,3,1000,NOT_RETURNED,PENDING
A007831,I01267,U0223,U0473,SELL,2025-11-13,2025-11-09,2025-11-13,COMPLETED,0,1100,COMPLETED,NA
A007832,I00429,U0219,U0187,BORROW,2025-10-11,2025-10-11,2025-10-13,COMPLETED,2,1100,RETURNED,LATE
A007833,I01295,U0949,U0777,BORROW,2026-03-12,2026-03-09,2026-03-19,ACTIVE,7,1300,NOT_RETURNED,PENDING
A007834,I03743,U0474,U0548,SWAP,2026-02-22,2026-02-21,2026-02-22,COMPLETED,0,650,COMPLETED,NA
A007835,I01668,U0858,U0067,BORROW,2025-10-16,2025-10-13,2025-10-26,COMPLETED,10,550,RETURNED,LATE
A007836,I00632,U0525,U0910,GIVEAWAY,2026-06-24,2026-06-23,2026-06-24,CANCELLED,0,6450,CANCELLED,NA
A007837,I03750,U0851,U0743,SWAP,2026-01-22,2026-01-22,2026-01-22,COMPLETED,0,600,COMPLETED,NA
A007838,I01179,U0597,U0467,SELL,2026-06-24,2026-06-21,2026-06-24,COMPLETED,0,2100,COMPLETED,NA
A007839,I00614,U0452,U0829,BORROW,2026-05-29,2026-05-28,2026-05-31,COMPLETED,2,1150,RETURNED,ON_TIME
A007840,I00173,U0877,U0778,BORROW,2025-09-03,2025-09-01,2025-09-05,COMPLETED,2,450,RETURNED,LATE
A007841,I04134,U0381,U0324,GIVEAWAY,2026-04-28,2026-04-26,2026-04-28,COMPLETED,0,3850,COMPLETED,NA
A007842,I03916,U0384,U0511,SWAP,2025-09-06,2025-09-02,2025-09-06,COMPLETED,0,650,COMPLETED,NA
A007843,I02072,U0569,U0002,BORROW,2026-02-20,2026-02-17,2026-03-13,COMPLETED,21,6850,RETURNED,ON_TIME
A007844,I03201,U0376,U0851,SWAP,2025-09-24,2025-09-22,2025-09-24,COMPLETED,0,1950,COMPLETED,NA
A007845,I01547,U0888,U0122,SWAP,2025-11-29,2025-11-26,2025-11-29,COMPLETED,0,1750,COMPLETED,NA
A007846,I02336,U0781,U0627,BORROW,2025-10-06,2025-10-05,2025-10-09,COMPLETED,3,1300,RETURNED,ON_TIME
A007847,I02301,U0736,U0475,SWAP,2026-01-07,2026-01-07,2026-01-07,COMPLETED,0,700,COMPLETED,NA
A007848,I00124,U0865,U0060,SWAP,2026-03-19,2026-03-16,2026-03-19,COMPLETED,0,700,COMPLETED,NA
A007849,I01250,U0300,U0484,BORROW,2026-07-12,2026-07-11,2026-07-26,COMPLETED,14,400,RETURNED,ON_TIME
A007850,I04949,U0362,U0074,GIVEAWAY,2026-06-21,2026-06-21,2026-06-21,COMPLETED,0,3300,COMPLETED,NA
A007851,I03885,U0310,U0957,BORROW,2026-01-05,2026-01-04,2026-01-08,COMPLETED,3,1100,RETURNED,ON_TIME
A007852,I04854,U0127,U0956,SWAP,2025-12-15,2025-12-11,2025-12-15,COMPLETED,0,4150,COMPLETED,NA
A007853,I02245,U0013,U0391,GIVEAWAY,2026-07-12,2026-07-09,2026-07-12,COMPLETED,0,150,COMPLETED,NA
A007854,I01181,U0568,U0026,BORROW,2026-07-05,2026-07-01,2026-07-26,COMPLETED,21,700,RETURNED,ON_TIME
A007855,I03341,U0938,U0066,BORROW,2026-06-11,2026-06-10,2026-06-25,COMPLETED,14,800,RETURNED,ON_TIME
A007856,I03364,U0753,U0746,BORROW,2026-02-13,2026-02-11,2026-02-18,COMPLETED,5,750,RETURNED,ON_TIME
A007857,I04192,U0408,U0805,GIVEAWAY,2026-02-26,2026-02-24,2026-02-26,COMPLETED,0,2650,COMPLETED,NA
A007858,I00247,U0203,U0795,BORROW,2026-04-21,2026-04-20,2026-05-01,COMPLETED,10,2650,RETURNED,LATE
A007859,I04928,U0131,U0476,BORROW,2026-02-25,2026-02-25,2026-03-11,COMPLETED,14,1350,RETURNED,ON_TIME
A007860,I04772,U0037,U0991,SWAP,2025-09-29,2025-09-29,2025-09-29,COMPLETED,0,5700,COMPLETED,NA
A007861,I02050,U0128,U0851,BORROW,2026-04-10,2026-04-06,2026-04-12,OVERDUE,2,600,NOT_RETURNED,LATE
A007862,I00821,U0354,U0041,SWAP,2025-10-13,2025-10-11,2025-10-13,COMPLETED,0,600,COMPLETED,NA
A007863,I01203,U0120,U0451,BORROW,2025-11-09,2025-11-08,2025-11-11,COMPLETED,2,1400,RETURNED,ON_TIME
A007864,I02029,U0742,U0827,BORROW,2026-04-04,2026-04-03,2026-04-09,ACTIVE,5,500,NOT_RETURNED,PENDING
A007865,I02528,U0929,U0014,BORROW,2025-12-25,2025-12-24,2026-01-08,COMPLETED,14,2450,RETURNED,ON_TIME
A007866,I03720,U0850,U0537,SWAP,2025-10-19,2025-10-15,2025-10-19,COMPLETED,0,1000,COMPLETED,NA
A007867,I03501,U0651,U0227,BORROW,2026-03-23,2026-03-21,2026-03-25,COMPLETED,2,1500,RETURNED,ON_TIME
A007868,I00742,U0123,U0333,GIVEAWAY,2025-10-11,2025-10-09,2025-10-11,COMPLETED,0,2550,COMPLETED,NA
A007869,I01016,U0918,U0187,BORROW,2026-07-11,2026-07-11,2026-07-16,COMPLETED,5,1800,RETURNED,ON_TIME
A007870,I00503,U0289,U0925,BORROW,2026-05-08,2026-05-06,2026-05-18,COMPLETED,10,250,RETURNED,ON_TIME
A007871,I00737,U0597,U0211,SELL,2026-01-13,2026-01-10,2026-01-13,COMPLETED,0,1650,COMPLETED,NA
A007872,I02138,U0507,U0730,BORROW,2025-12-17,2025-12-13,2025-12-24,COMPLETED,7,1800,RETURNED,ON_TIME
A007873,I00683,U0204,U0349,GIVEAWAY,2025-12-15,2025-12-13,2025-12-15,CANCELLED,0,450,CANCELLED,NA
A007874,I03541,U0882,U0865,BORROW,2025-12-04,2025-11-30,2025-12-14,COMPLETED,10,1000,RETURNED,ON_TIME
A007875,I04201,U0990,U0446,BORROW,2026-04-04,2026-04-04,2026-04-14,ACTIVE,10,1500,NOT_RETURNED,PENDING
A007876,I01994,U0650,U0732,SELL,2026-05-28,2026-05-25,2026-05-28,COMPLETED,0,700,COMPLETED,NA
A007877,I04509,U0475,U0549,BORROW,2025-12-11,2025-12-07,2025-12-25,ACTIVE,14,2050,NOT_RETURNED,PENDING
A007878,I04713,U0798,U0636,BORROW,2026-03-22,2026-03-18,2026-03-25,OVERDUE,3,2450,NOT_RETURNED,LATE
A007879,I00570,U0701,U0829,SELL,2026-06-27,2026-06-27,2026-06-27,COMPLETED,0,1150,COMPLETED,NA
A007880,I04336,U0949,U0146,BORROW,2026-02-09,2026-02-08,2026-02-19,COMPLETED,10,650,RETURNED,ON_TIME
A007881,I03834,U0022,U0901,BORROW,2026-03-17,2026-03-17,2026-03-20,COMPLETED,3,1800,RETURNED,LATE
A007882,I00914,U0462,U0951,GIVEAWAY,2026-07-11,2026-07-07,2026-07-11,COMPLETED,0,400,COMPLETED,NA
A007883,I03477,U0430,U0294,SELL,2026-03-30,2026-03-26,2026-03-30,COMPLETED,0,400,COMPLETED,NA
A007884,I02729,U0251,U0105,BORROW,2026-05-21,2026-05-21,2026-06-11,COMPLETED,21,2300,RETURNED,LATE
A007885,I01608,U0386,U0463,SWAP,2026-02-18,2026-02-18,2026-02-18,COMPLETED,0,250,COMPLETED,NA
A007886,I04103,U0243,U0368,BORROW,2026-06-11,2026-06-11,2026-06-25,COMPLETED,14,300,RETURNED,ON_TIME
A007887,I02690,U0027,U0620,SWAP,2025-10-08,2025-10-08,2025-10-08,COMPLETED,0,300,COMPLETED,NA
A007888,I00608,U0540,U0289,BORROW,2025-12-29,2025-12-26,2026-01-08,COMPLETED,10,2950,RETURNED,ON_TIME
A007889,I01422,U0977,U0684,BORROW,2025-09-25,2025-09-23,2025-09-30,COMPLETED,5,700,RETURNED,ON_TIME
A007890,I02478,U0504,U0113,BORROW,2025-12-03,2025-12-01,2025-12-13,COMPLETED,10,200,RETURNED,ON_TIME
A007891,I02376,U0229,U0342,GIVEAWAY,2026-04-23,2026-04-19,2026-04-23,CANCELLED,0,750,CANCELLED,NA
A007892,I01628,U0803,U0126,SWAP,2026-05-25,2026-05-25,2026-05-25,COMPLETED,0,3300,COMPLETED,NA
A007893,I04517,U0481,U0442,SELL,2026-05-05,2026-05-04,2026-05-05,COMPLETED,0,600,COMPLETED,NA
A007894,I02716,U0776,U0518,SWAP,2025-11-09,2025-11-08,2025-11-09,COMPLETED,0,450,COMPLETED,NA
A007895,I03072,U0020,U0203,BORROW,2026-05-19,2026-05-15,2026-06-02,ACTIVE,14,650,NOT_RETURNED,PENDING
A007896,I03050,U0730,U0016,GIVEAWAY,2026-01-02,2026-01-01,2026-01-02,COMPLETED,0,750,COMPLETED,NA
A007897,I02312,U0849,U0256,BORROW,2026-05-15,2026-05-14,2026-05-22,COMPLETED,7,5150,RETURNED,ON_TIME
A007898,I00978,U0052,U0006,BORROW,2026-06-09,2026-06-07,2026-06-30,COMPLETED,21,500,RETURNED,ON_TIME
A007899,I02663,U0067,U0702,BORROW,2025-12-08,2025-12-06,2025-12-15,COMPLETED,7,700,RETURNED,ON_TIME
A007900,I04362,U0955,U0044,BORROW,2026-01-23,2026-01-20,2026-01-26,ACTIVE,3,500,NOT_RETURNED,PENDING
A007901,I02464,U0653,U0966,SWAP,2026-04-20,2026-04-17,2026-04-20,COMPLETED,0,2150,COMPLETED,NA
A007902,I00993,U0044,U0890,SWAP,2026-07-16,2026-07-14,2026-07-16,COMPLETED,0,2100,COMPLETED,NA
A007903,I04534,U0219,U0257,SWAP,2026-01-25,2026-01-25,2026-01-25,COMPLETED,0,1500,COMPLETED,NA
A007904,I02309,U0312,U0686,SWAP,2026-02-26,2026-02-23,2026-02-26,COMPLETED,0,3150,COMPLETED,NA
A007905,I03054,U0317,U0531,BORROW,2026-05-23,2026-05-20,2026-06-02,COMPLETED,10,2000,RETURNED,ON_TIME
A007906,I02483,U0376,U0688,SWAP,2026-07-07,2026-07-04,2026-07-07,COMPLETED,0,700,COMPLETED,NA
A007907,I02002,U0505,U0312,BORROW,2026-07-03,2026-07-02,2026-07-10,COMPLETED,7,2200,RETURNED,ON_TIME
A007908,I01220,U0490,U0944,GIVEAWAY,2026-04-04,2026-04-04,2026-04-04,COMPLETED,0,800,COMPLETED,NA
A007909,I00298,U0402,U0042,SWAP,2026-01-08,2026-01-07,2026-01-08,COMPLETED,0,1100,COMPLETED,NA
A007910,I04440,U0905,U0103,BORROW,2026-03-12,2026-03-12,2026-03-15,COMPLETED,3,1500,RETURNED,ON_TIME
A007911,I00583,U0046,U0208,BORROW,2026-01-25,2026-01-22,2026-02-08,COMPLETED,14,2300,RETURNED,ON_TIME
A007912,I02935,U0461,U0182,SWAP,2025-09-30,2025-09-26,2025-09-30,COMPLETED,0,100,COMPLETED,NA
A007913,I04293,U0013,U0597,BORROW,2026-02-14,2026-02-13,2026-02-24,COMPLETED,10,1950,RETURNED,ON_TIME
A007914,I03702,U0547,U0365,BORROW,2026-05-07,2026-05-06,2026-05-14,ACTIVE,7,850,NOT_RETURNED,PENDING
A007915,I03859,U0238,U0539,BORROW,2025-09-18,2025-09-14,2025-09-28,COMPLETED,10,350,RETURNED,ON_TIME
A007916,I04487,U0036,U0745,SELL,2026-03-12,2026-03-09,2026-03-12,COMPLETED,0,1700,COMPLETED,NA
A007917,I00327,U0162,U0673,GIVEAWAY,2025-10-31,2025-10-27,2025-10-31,CANCELLED,0,1400,CANCELLED,NA
A007918,I02368,U0606,U0728,SELL,2025-12-16,2025-12-12,2025-12-16,COMPLETED,0,600,COMPLETED,NA
A007919,I00678,U0759,U0166,BORROW,2026-01-18,2026-01-18,2026-01-28,COMPLETED,10,400,RETURNED,ON_TIME
A007920,I02815,U0917,U0945,GIVEAWAY,2025-11-29,2025-11-26,2025-11-29,COMPLETED,0,100,COMPLETED,NA
A007921,I00299,U0483,U0938,BORROW,2026-01-19,2026-01-15,2026-01-29,ACTIVE,10,2650,NOT_RETURNED,PENDING
A007922,I03787,U0301,U0496,GIVEAWAY,2026-03-12,2026-03-12,2026-03-12,COMPLETED,0,1200,COMPLETED,NA
A007923,I03298,U0525,U0834,BORROW,2026-05-06,2026-05-05,2026-05-27,COMPLETED,21,800,RETURNED,ON_TIME
A007924,I02728,U0097,U0634,BORROW,2026-01-21,2026-01-18,2026-01-31,COMPLETED,10,1550,RETURNED,ON_TIME
A007925,I02569,U0508,U0170,SWAP,2026-03-16,2026-03-16,2026-03-16,COMPLETED,0,700,COMPLETED,NA
A007926,I04389,U0712,U0515,BORROW,2025-11-28,2025-11-26,2025-12-08,OVERDUE,10,1650,NOT_RETURNED,LATE
A007927,I00122,U0338,U0139,GIVEAWAY,2026-01-10,2026-01-06,2026-01-10,COMPLETED,0,5000,COMPLETED,NA
A007928,I01100,U0677,U0926,BORROW,2025-11-08,2025-11-06,2025-11-11,ACTIVE,3,450,NOT_RETURNED,PENDING
A007929,I02113,U0068,U0246,BORROW,2026-07-05,2026-07-05,2026-07-15,COMPLETED,10,2250,RETURNED,ON_TIME
A007930,I04117,U0278,U0376,BORROW,2026-02-15,2026-02-14,2026-03-08,ACTIVE,21,1550,NOT_RETURNED,PENDING
A007931,I04157,U0177,U0165,GIVEAWAY,2026-04-22,2026-04-19,2026-04-22,COMPLETED,0,1700,COMPLETED,NA
A007932,I02816,U0908,U0141,SWAP,2025-09-02,2025-09-02,2025-09-02,COMPLETED,0,3100,COMPLETED,NA
A007933,I00681,U0005,U0648,BORROW,2026-03-04,2026-03-01,2026-03-06,COMPLETED,2,850,RETURNED,ON_TIME
A007934,I03985,U0315,U0700,BORROW,2025-10-25,2025-10-23,2025-11-04,COMPLETED,10,200,RETURNED,LATE
A007935,I02595,U0592,U0671,SELL,2025-12-22,2025-12-22,2025-12-22,COMPLETED,0,1050,COMPLETED,NA
A007936,I04088,U0249,U0163,SWAP,2026-02-22,2026-02-19,2026-02-22,COMPLETED,0,1750,COMPLETED,NA
A007937,I04428,U0416,U0943,BORROW,2026-01-22,2026-01-19,2026-01-29,ACTIVE,7,450,NOT_RETURNED,PENDING
A007938,I04529,U0302,U0654,SWAP,2025-11-14,2025-11-10,2025-11-14,COMPLETED,0,2900,COMPLETED,NA
A007939,I02636,U0976,U0775,GIVEAWAY,2026-03-28,2026-03-24,2026-03-28,COMPLETED,0,1200,COMPLETED,NA
A007940,I01007,U0811,U0405,BORROW,2025-12-15,2025-12-11,2025-12-17,COMPLETED,2,1650,RETURNED,LATE
A007941,I04604,U0031,U0320,BORROW,2026-06-10,2026-06-08,2026-06-15,COMPLETED,5,600,RETURNED,ON_TIME
A007942,I02690,U0581,U0620,BORROW,2025-12-21,2025-12-18,2026-01-04,COMPLETED,14,300,RETURNED,ON_TIME
A007943,I00317,U0623,U0262,SWAP,2026-01-21,2026-01-17,2026-01-21,COMPLETED,0,1450,COMPLETED,NA
A007944,I03473,U0785,U0245,BORROW,2026-03-18,2026-03-18,2026-03-21,ACTIVE,3,650,NOT_RETURNED,PENDING
A007945,I01401,U0068,U0724,GIVEAWAY,2025-11-22,2025-11-22,2025-11-22,CANCELLED,0,1950,CANCELLED,NA
A007946,I00724,U0346,U0475,BORROW,2025-10-13,2025-10-10,2025-11-03,COMPLETED,21,1500,RETURNED,LATE
A007947,I03886,U0566,U0832,GIVEAWAY,2025-11-18,2025-11-15,2025-11-18,COMPLETED,0,400,COMPLETED,NA
A007948,I04244,U0445,U0438,BORROW,2026-03-27,2026-03-27,2026-03-30,COMPLETED,3,500,RETURNED,ON_TIME
A007949,I01936,U0312,U0210,BORROW,2026-07-15,2026-07-15,2026-07-22,ACTIVE,7,550,NOT_RETURNED,PENDING
A007950,I01276,U0300,U0605,SWAP,2026-02-17,2026-02-14,2026-02-17,COMPLETED,0,600,COMPLETED,NA
A007951,I04317,U0691,U0587,GIVEAWAY,2026-06-23,2026-06-23,2026-06-23,COMPLETED,0,750,COMPLETED,NA
A007952,I01807,U0275,U0584,SELL,2026-06-03,2026-05-30,2026-06-03,COMPLETED,0,1500,COMPLETED,NA
A007953,I02621,U0075,U0628,SWAP,2026-05-08,2026-05-04,2026-05-08,CANCELLED,0,1200,CANCELLED,NA
A007954,I03578,U0774,U0828,BORROW,2025-10-06,2025-10-04,2025-10-13,ACTIVE,7,3350,NOT_RETURNED,PENDING
A007955,I02559,U0524,U0154,SWAP,2026-06-21,2026-06-17,2026-06-21,COMPLETED,0,1200,COMPLETED,NA
A007956,I00736,U0489,U0512,BORROW,2025-12-10,2025-12-10,2025-12-17,COMPLETED,7,700,RETURNED,ON_TIME
A007957,I03657,U0547,U0239,BORROW,2025-12-06,2025-12-05,2025-12-16,COMPLETED,10,400,RETURNED,ON_TIME
A007958,I01011,U0172,U0511,SWAP,2025-12-26,2025-12-22,2025-12-26,COMPLETED,0,1800,COMPLETED,NA
A007959,I03384,U0564,U0320,BORROW,2025-11-01,2025-10-31,2025-11-03,CANCELLED,2,3550,CANCELLED,PENDING
A007960,I00572,U0499,U0276,BORROW,2025-12-09,2025-12-09,2025-12-16,CANCELLED,7,6800,CANCELLED,PENDING
A007961,I01812,U0718,U0877,GIVEAWAY,2026-05-30,2026-05-27,2026-05-30,COMPLETED,0,400,COMPLETED,NA
A007962,I03935,U0567,U0146,SWAP,2026-02-09,2026-02-09,2026-02-09,COMPLETED,0,1500,COMPLETED,NA
A007963,I02627,U0668,U0604,GIVEAWAY,2025-12-01,2025-11-27,2025-12-01,COMPLETED,0,1050,COMPLETED,NA
A007964,I00934,U0046,U0513,GIVEAWAY,2026-02-01,2026-02-01,2026-02-01,COMPLETED,0,1950,COMPLETED,NA
A007965,I00647,U0223,U0585,BORROW,2025-09-07,2025-09-04,2025-09-10,COMPLETED,3,1300,RETURNED,ON_TIME
A007966,I00069,U0641,U0460,SELL,2025-12-18,2025-12-17,2025-12-18,COMPLETED,0,2150,COMPLETED,NA
A007967,I04855,U0472,U0297,BORROW,2026-06-12,2026-06-09,2026-07-03,COMPLETED,21,200,RETURNED,ON_TIME
A007968,I04465,U0117,U0549,GIVEAWAY,2026-02-25,2026-02-23,2026-02-25,COMPLETED,0,50,COMPLETED,NA
A007969,I00063,U0139,U0656,BORROW,2025-10-18,2025-10-17,2025-10-28,ACTIVE,10,1250,NOT_RETURNED,PENDING
A007970,I03843,U0324,U0819,SWAP,2026-03-27,2026-03-26,2026-03-27,COMPLETED,0,950,COMPLETED,NA
A007971,I01646,U0708,U0867,BORROW,2025-12-18,2025-12-17,2026-01-01,COMPLETED,14,1850,RETURNED,ON_TIME
A007972,I01565,U0638,U0068,BORROW,2026-06-16,2026-06-12,2026-07-07,OVERDUE,21,2100,NOT_RETURNED,LATE
A007973,I02832,U0403,U0787,SELL,2026-03-30,2026-03-28,2026-03-30,COMPLETED,0,1050,COMPLETED,NA
A007974,I02633,U0884,U0924,SWAP,2026-02-07,2026-02-03,2026-02-07,COMPLETED,0,250,COMPLETED,NA
A007975,I01886,U0120,U0531,BORROW,2026-04-20,2026-04-18,2026-04-27,COMPLETED,7,3300,RETURNED,ON_TIME
A007976,I00543,U0038,U0144,BORROW,2026-06-06,2026-06-03,2026-06-09,OVERDUE,3,1050,NOT_RETURNED,LATE
A007977,I04758,U0602,U1000,SELL,2025-09-18,2025-09-17,2025-09-18,COMPLETED,0,450,COMPLETED,NA
A007978,I00281,U0809,U0944,GIVEAWAY,2026-05-25,2026-05-22,2026-05-25,CANCELLED,0,1050,CANCELLED,NA
A007979,I04343,U0565,U0115,BORROW,2026-02-18,2026-02-16,2026-03-11,CANCELLED,21,450,CANCELLED,PENDING
A007980,I00713,U0080,U0691,SELL,2026-06-14,2026-06-11,2026-06-14,COMPLETED,0,650,COMPLETED,NA
A007981,I02790,U0641,U0494,BORROW,2026-03-24,2026-03-23,2026-04-07,COMPLETED,14,400,RETURNED,LATE
A007982,I02544,U0617,U0082,SELL,2026-02-09,2026-02-08,2026-02-09,COMPLETED,0,4050,COMPLETED,NA
A007983,I02414,U0762,U0246,BORROW,2025-09-25,2025-09-23,2025-10-09,COMPLETED,14,500,RETURNED,ON_TIME
A007984,I00732,U0971,U0300,GIVEAWAY,2026-03-06,2026-03-03,2026-03-06,COMPLETED,0,500,COMPLETED,NA
A007985,I01139,U0177,U0168,GIVEAWAY,2026-04-22,2026-04-22,2026-04-22,COMPLETED,0,2200,COMPLETED,NA
A007986,I00109,U0378,U0036,SWAP,2025-11-24,2025-11-22,2025-11-24,COMPLETED,0,950,COMPLETED,NA
A007987,I01219,U0619,U0091,GIVEAWAY,2025-11-01,2025-10-31,2025-11-01,COMPLETED,0,1100,COMPLETED,NA
A007988,I04825,U0933,U0790,SWAP,2025-12-16,2025-12-13,2025-12-16,COMPLETED,0,50,COMPLETED,NA
A007989,I02950,U0805,U0380,BORROW,2025-10-23,2025-10-21,2025-10-30,COMPLETED,7,1050,RETURNED,ON_TIME
A007990,I01035,U0819,U0101,GIVEAWAY,2026-05-05,2026-05-01,2026-05-05,COMPLETED,0,1150,COMPLETED,NA
A007991,I01399,U0778,U0878,BORROW,2025-12-07,2025-12-03,2025-12-09,COMPLETED,2,1100,RETURNED,ON_TIME
A007992,I02454,U0270,U0914,BORROW,2026-03-03,2026-02-28,2026-03-17,COMPLETED,14,3750,RETURNED,ON_TIME
A007993,I00593,U0567,U0942,BORROW,2025-12-02,2025-12-01,2025-12-09,COMPLETED,7,350,RETURNED,ON_TIME
A007994,I04288,U0135,U0656,SWAP,2025-11-13,2025-11-13,2025-11-13,COMPLETED,0,1050,COMPLETED,NA
A007995,I02448,U0061,U0065,BORROW,2025-12-17,2025-12-14,2025-12-24,ACTIVE,7,150,NOT_RETURNED,PENDING
A007996,I04808,U0171,U0291,BORROW,2026-05-15,2026-05-15,2026-05-17,COMPLETED,2,1750,RETURNED,ON_TIME
A007997,I03029,U0871,U0472,GIVEAWAY,2025-12-15,2025-12-11,2025-12-15,COMPLETED,0,3100,COMPLETED,NA
A007998,I02320,U0131,U0135,BORROW,2026-03-09,2026-03-05,2026-03-12,COMPLETED,3,1700,RETURNED,ON_TIME
A007999,I01205,U0343,U0740,BORROW,2025-11-05,2025-11-01,2025-11-08,COMPLETED,3,2000,RETURNED,ON_TIME
A008000,I00917,U0176,U0991,SWAP,2026-06-29,2026-06-29,2026-06-29,COMPLETED,0,1000,COMPLETED,NA
